2023-12-28 01:37:37,351 [ERROR] LogOutputStream:75 - [STDERR_REDIRECT] 
2023-12-28 17:52:25,438 [INFO] Activator:176 - 


2023-12-28 17:52:25,441 [INFO] Activator:177 - !SESSION log4j initialized
2023-12-28 17:52:35,396 [INFO] LogOutputStream:77 - [STDOUT_REDIRECT] 
2023-12-28 17:52:39,133 [INFO] ApplicationProperties:184 - Using Application install path: C:\ST\STM32CubeIDE_1.13.2\STM32CubeIDE\plugins\com.st.stm32cube.common.mx_6.10.0.202311202037
2023-12-28 17:52:39,180 [INFO] DbMcusXml:78 - Set database path to: C:\ST\STM32CubeIDE_1.13.2\STM32CubeIDE\plugins\com.st.stm32cube.common.mx_6.10.0.202311202037\\db\/mcu/
2023-12-28 17:52:39,180 [INFO] ApiDb:274 - Set plugin database path to: C:\ST\STM32CubeIDE_1.13.2\STM32CubeIDE\plugins\com.st.stm32cube.common.mx_6.10.0.202311202037\\db\/plugins/boardmanager/
2023-12-28 17:52:39,181 [WARN] ApiDb:259 - Overriding images path with different value:  => C:\ST\STM32CubeIDE_1.13.2\STM32CubeIDE\plugins\com.st.stm32cube.common.mx_6.10.0.202311202037\\db\/plugins/mcufinder/images/
2023-12-28 17:52:39,204 [INFO] ApiDb:250 - Set database path to: C:\Users\aleja\.stmcufinder\plugins\mcufinder//mcu/
2023-12-28 17:52:39,207 [INFO] DbMcusAds:125 - Set database path to: C:\Users\aleja\.stmcufinder\plugins\mcufinder//mcu/
2023-12-28 17:52:39,211 [INFO] CrossReferenceDbSqlite:203 - Set database path to: C:\Users\aleja\.stmcufinder\plugins\mcufinder//mcu/cs/
2023-12-28 17:52:39,488 [INFO] RulesReader:64 - Compatibility file has been processed (297 Rules)
2023-12-28 17:52:39,678 [INFO] DbMcusXml:78 - Set database path to: C:\ST\STM32CubeIDE_1.13.2\STM32CubeIDE\plugins\com.st.stm32cube.common.mx_6.10.0.202311202037\\db\/mcu/
2023-12-28 17:52:39,678 [INFO] ApiDb:274 - Set plugin database path to: C:\ST\STM32CubeIDE_1.13.2\STM32CubeIDE\plugins\com.st.stm32cube.common.mx_6.10.0.202311202037\\db\/plugins/boardmanager/
2023-12-28 17:52:39,678 [INFO] ApiDb:261 - Set plugin images path to: C:\ST\STM32CubeIDE_1.13.2\STM32CubeIDE\plugins\com.st.stm32cube.common.mx_6.10.0.202311202037\\db\/plugins/mcufinder/images/
2023-12-28 17:52:39,679 [WARN] DbFile:41 - Overriding database path with different value: C:\Users\aleja\.stmcufinder\plugins\mcufinder/ => C:\Users\aleja\.stmcufinder\plugins\mcufinder
2023-12-28 17:52:39,679 [INFO] ApiDb:250 - Set database path to: C:\Users\aleja\.stmcufinder\plugins\mcufinder//mcu/
2023-12-28 17:52:39,679 [WARN] DbFile:41 - Overriding database path with different value: C:\Users\aleja\.stmcufinder\plugins\mcufinder/ => C:\Users\aleja\.stmcufinder\plugins\mcufinder
2023-12-28 17:52:39,679 [INFO] DbMcusAds:125 - Set database path to: C:\Users\aleja\.stmcufinder\plugins\mcufinder//mcu/
2023-12-28 17:52:39,679 [WARN] DbFile:41 - Overriding database path with different value: C:\Users\aleja\.stmcufinder\plugins\mcufinder/ => C:\Users\aleja\.stmcufinder\plugins\mcufinder
2023-12-28 17:52:39,679 [WARN] DbFile:41 - Overriding database path with different value: C:\Users\aleja\.stmcufinder\plugins\mcufinder/ => C:\Users\aleja\.stmcufinder\plugins\mcufinder
2023-12-28 17:52:39,680 [INFO] CrossReferenceDbSqlite:203 - Set database path to: C:\Users\aleja\.stmcufinder\plugins\mcufinder//mcu/cs/
2023-12-28 17:52:39,881 [INFO] MainPanel:264 - HeapMemory: 268435456
2023-12-28 17:52:40,146 [INFO] DbMcusXml:78 - Set database path to: C:\ST\STM32CubeIDE_1.13.2\STM32CubeIDE\plugins\com.st.stm32cube.common.mx_6.10.0.202311202037\\db\/mcu/
2023-12-28 17:52:40,146 [INFO] ApiDb:274 - Set plugin database path to: C:\ST\STM32CubeIDE_1.13.2\STM32CubeIDE\plugins\com.st.stm32cube.common.mx_6.10.0.202311202037\\db\/plugins/boardmanager/
2023-12-28 17:52:40,146 [INFO] ApiDb:261 - Set plugin images path to: C:\ST\STM32CubeIDE_1.13.2\STM32CubeIDE\plugins\com.st.stm32cube.common.mx_6.10.0.202311202037\\db\/plugins/mcufinder/images/
2023-12-28 17:52:40,147 [WARN] DbFile:41 - Overriding database path with different value: C:\Users\aleja\.stmcufinder\plugins\mcufinder/ => C:\Users\aleja\.stmcufinder\plugins\mcufinder
2023-12-28 17:52:40,148 [INFO] ApiDb:250 - Set database path to: C:\Users\aleja\.stmcufinder\plugins\mcufinder//mcu/
2023-12-28 17:52:40,148 [WARN] DbFile:41 - Overriding database path with different value: C:\Users\aleja\.stmcufinder\plugins\mcufinder/ => C:\Users\aleja\.stmcufinder\plugins\mcufinder
2023-12-28 17:52:40,148 [INFO] DbMcusAds:125 - Set database path to: C:\Users\aleja\.stmcufinder\plugins\mcufinder//mcu/
2023-12-28 17:52:40,148 [WARN] DbFile:41 - Overriding database path with different value: C:\Users\aleja\.stmcufinder\plugins\mcufinder/ => C:\Users\aleja\.stmcufinder\plugins\mcufinder
2023-12-28 17:52:40,148 [WARN] DbFile:41 - Overriding database path with different value: C:\Users\aleja\.stmcufinder\plugins\mcufinder/ => C:\Users\aleja\.stmcufinder\plugins\mcufinder
2023-12-28 17:52:40,148 [INFO] CrossReferenceDbSqlite:203 - Set database path to: C:\Users\aleja\.stmcufinder\plugins\mcufinder//mcu/cs/
2023-12-28 17:52:40,186 [INFO] ApplicationProperties:184 - Using Application install path: C:\ST\STM32CubeIDE_1.13.2\STM32CubeIDE\plugins\com.st.stm32cube.common.mx_6.10.0.202311202037
2023-12-28 17:52:40,191 [INFO] PluginManage:196 - Search for loadable plugins [exclusion list=, ]
2023-12-28 17:52:40,194 [INFO] PluginManage:310 - Check plugin analytics
2023-12-28 17:52:40,639 [INFO] AnalyticsPlugin:253 - Accepted Software Licenses: 
2023-12-28 17:52:40,639 [INFO] AnalyticsPlugin:255 - Accepted CMSIS Pack Licenses: 
2023-12-28 17:52:40,639 [INFO] AnalyticsPlugin:257 - Accepted Firmware Licenses: 
2023-12-28 17:52:40,645 [INFO] PluginManage:359 - Loaded plugin analytics (category:tool,tabindex:-1)
2023-12-28 17:52:40,646 [INFO] PluginManage:310 - Check plugin cadmodel
2023-12-28 17:52:40,672 [INFO] CADModel:105 - Init CAD model plugin
2023-12-28 17:52:40,672 [INFO] PluginManage:359 - Loaded plugin cadmodel (category:power,tabindex:5)
2023-12-28 17:52:40,673 [INFO] PluginManage:310 - Check plugin clock
2023-12-28 17:52:40,721 [INFO] PluginManage:359 - Loaded plugin clock (category:base,tabindex:2)
2023-12-28 17:52:40,721 [INFO] PluginManage:310 - Check plugin ddr
2023-12-28 17:52:40,728 [INFO] PluginManage:359 - Loaded plugin ddr (category:tool,tabindex:6)
2023-12-28 17:52:40,728 [INFO] PluginManage:310 - Check plugin filemanager
2023-12-28 17:52:41,035 [INFO] PluginManage:359 - Loaded plugin filemanager (category:base,tabindex:10)
2023-12-28 17:52:41,035 [INFO] PluginManage:310 - Check plugin ipmanager
2023-12-28 17:52:41,056 [INFO] PluginManage:359 - Loaded plugin ipmanager (category:base,tabindex:5)
2023-12-28 17:52:41,056 [INFO] PluginManage:310 - Check plugin lpbam
2023-12-28 17:52:41,091 [INFO] PluginManage:359 - Loaded plugin lpbam (category:base,tabindex:0)
2023-12-28 17:52:41,092 [INFO] PluginManage:310 - Check plugin memorymap
2023-12-28 17:52:41,144 [INFO] PluginManage:359 - Loaded plugin memorymap (category:base,tabindex:4)
2023-12-28 17:52:41,145 [INFO] PluginManage:310 - Check plugin pinoutandconfiguration
2023-12-28 17:52:41,176 [INFO] PluginManage:359 - Loaded plugin pinoutandconfiguration (category:base,tabindex:1)
2023-12-28 17:52:41,177 [INFO] PluginManage:310 - Check plugin pinoutconfig
2023-12-28 17:52:41,423 [WARN] SupportedApi:132 - Cannot load RTOS API schema: s4s-elt-must-match.1: The content of 'definitions' must match (annotation?, (simpleType | complexType)?, (unique | key | keyref)*)). A problem was found starting at: attribute.
2023-12-28 17:52:41,780 [INFO] PluginManage:359 - Loaded plugin pinoutconfig (category:base,tabindex:0)
2023-12-28 17:52:41,780 [INFO] PluginManage:310 - Check plugin power
2023-12-28 17:52:41,819 [INFO] PluginManage:359 - Loaded plugin power (category:power,tabindex:4)
2023-12-28 17:52:41,819 [INFO] PluginManage:310 - Check plugin projectmanager
2023-12-28 17:52:41,851 [INFO] PluginManage:359 - Loaded plugin projectmanager (category:projectmanager,tabindex:3)
2023-12-28 17:52:41,852 [INFO] PluginManage:310 - Check plugin thirdparty
2023-12-28 17:52:42,346 [WARN] IntegrityCheckThread:84 - waiting for thirdparty lock release [integrity check]
2023-12-28 17:52:42,347 [INFO] IntegrityCheckThread:86 - entering critical section [integrity check]
2023-12-28 17:52:42,349 [INFO] ThirdPartyUpdaterWithRetryManager:70 - Updater plugin not ready yet. [1/15]
2023-12-28 17:52:42,349 [INFO] PluginManage:359 - Loaded plugin thirdparty (category:base,tabindex:-1)
2023-12-28 17:52:42,349 [INFO] PluginManage:310 - Check plugin tools
2023-12-28 17:52:42,408 [INFO] PluginManage:359 - Loaded plugin tools (category:base,tabindex:7)
2023-12-28 17:52:42,408 [INFO] PluginManage:310 - Check plugin tutovideos
2023-12-28 17:52:42,982 [INFO] PluginManage:359 - Loaded plugin tutovideos (category:base,tabindex:-1)
2023-12-28 17:52:42,983 [INFO] PluginManage:310 - Check plugin updater
2023-12-28 17:52:43,005 [INFO] PluginManage:359 - Loaded plugin updater (category:base,tabindex:12)
2023-12-28 17:52:43,006 [INFO] PluginManage:310 - Check plugin userauth
2023-12-28 17:52:43,015 [INFO] UserAuth:114 - Init User Auth plugin
2023-12-28 17:52:43,015 [INFO] PluginManage:359 - Loaded plugin userauth (category:base,tabindex:14)
2023-12-28 17:52:43,016 [INFO] PluginManage:283 - PluginManage : Loaded plugins [17]
2023-12-28 17:52:43,429 [INFO] PinOutPanel:1499 - setPackage(No Configuration,No Configuration)
2023-12-28 17:52:43,523 [INFO] CADModel:165 - CPN selected for project level
2023-12-28 17:52:43,524 [INFO] CADModel:114 - Register for checkConnection events
2023-12-28 17:52:43,565 [INFO] IPUIPlugin:80 - create IPUIPlugin
2023-12-28 17:52:43,566 [INFO] PluginManager:220 - loadIPPluginJar : add adc
2023-12-28 17:52:43,607 [INFO] IPUIPlugin:80 - create IPUIPlugin
2023-12-28 17:52:43,608 [INFO] PluginManager:220 - loadIPPluginJar : add aes
2023-12-28 17:52:43,651 [INFO] IPUIPlugin:80 - create IPUIPlugin
2023-12-28 17:52:43,652 [INFO] PluginManager:220 - loadIPPluginJar : add can
2023-12-28 17:52:43,676 [INFO] IPUIPlugin:80 - create IPUIPlugin
2023-12-28 17:52:43,676 [INFO] PluginManager:220 - loadIPPluginJar : add comp
2023-12-28 17:52:43,713 [INFO] IPUIPlugin:80 - create IPUIPlugin
2023-12-28 17:52:43,714 [INFO] PluginManager:220 - loadIPPluginJar : add cryp
2023-12-28 17:52:43,746 [INFO] IPUIPlugin:80 - create IPUIPlugin
2023-12-28 17:52:43,747 [INFO] PluginManager:220 - loadIPPluginJar : add dfsdm
2023-12-28 17:52:43,763 [INFO] IPUIPlugin:80 - create IPUIPlugin
2023-12-28 17:52:43,764 [INFO] PluginManager:220 - loadIPPluginJar : add dma
2023-12-28 17:52:43,809 [INFO] IPUIPlugin:80 - create IPUIPlugin
2023-12-28 17:52:43,809 [INFO] PluginManager:220 - loadIPPluginJar : add dma3
2023-12-28 17:52:43,832 [INFO] IPUIPlugin:80 - create IPUIPlugin
2023-12-28 17:52:43,832 [INFO] PluginManager:220 - loadIPPluginJar : add fatfs
2023-12-28 17:52:43,891 [INFO] IPUIPlugin:80 - create IPUIPlugin
2023-12-28 17:52:43,891 [INFO] PluginManager:220 - loadIPPluginJar : add fmc
2023-12-28 17:52:43,908 [INFO] IPUIPlugin:80 - create IPUIPlugin
2023-12-28 17:52:43,908 [INFO] PluginManager:220 - loadIPPluginJar : add freertos
2023-12-28 17:52:43,930 [INFO] IPUIPlugin:80 - create IPUIPlugin
2023-12-28 17:52:43,930 [INFO] PluginManager:220 - loadIPPluginJar : add genericplugin
2023-12-28 17:52:44,043 [INFO] IPUIPlugin:80 - create IPUIPlugin
2023-12-28 17:52:44,043 [INFO] PluginManager:220 - loadIPPluginJar : add gfxmmu
2023-12-28 17:52:44,227 [INFO] IPUIPlugin:80 - create IPUIPlugin
2023-12-28 17:52:44,228 [INFO] PluginManager:220 - loadIPPluginJar : add gic
2023-12-28 17:52:44,246 [INFO] IPUIPlugin:80 - create IPUIPlugin
2023-12-28 17:52:44,246 [INFO] PluginManager:220 - loadIPPluginJar : add gpio
2023-12-28 17:52:44,384 [INFO] IPUIPlugin:80 - create IPUIPlugin
2023-12-28 17:52:44,384 [INFO] PluginManager:220 - loadIPPluginJar : add gtzc
2023-12-28 17:52:44,446 [INFO] IPUIPlugin:80 - create IPUIPlugin
2023-12-28 17:52:44,446 [INFO] PluginManager:220 - loadIPPluginJar : add hash
2023-12-28 17:52:44,557 [INFO] IPUIPlugin:80 - create IPUIPlugin
2023-12-28 17:52:44,557 [INFO] PluginManager:220 - loadIPPluginJar : add i2c
2023-12-28 17:52:44,631 [INFO] IPUIPlugin:80 - create IPUIPlugin
2023-12-28 17:52:44,631 [INFO] PluginManager:220 - loadIPPluginJar : add i2s
2023-12-28 17:52:44,716 [INFO] IPUIPlugin:80 - create IPUIPlugin
2023-12-28 17:52:44,716 [INFO] PluginManager:220 - loadIPPluginJar : add i3c
2023-12-28 17:52:44,924 [INFO] IPUIPlugin:80 - create IPUIPlugin
2023-12-28 17:52:44,924 [INFO] PluginManager:220 - loadIPPluginJar : add ipddr
2023-12-28 17:52:45,092 [INFO] IPUIPlugin:80 - create IPUIPlugin
2023-12-28 17:52:45,092 [INFO] PluginManager:220 - loadIPPluginJar : add linkedlist
2023-12-28 17:52:45,143 [INFO] IPUIPlugin:80 - create IPUIPlugin
2023-12-28 17:52:45,143 [INFO] PluginManager:220 - loadIPPluginJar : add lorawan
2023-12-28 17:52:45,193 [INFO] IPUIPlugin:80 - create IPUIPlugin
2023-12-28 17:52:45,193 [INFO] PluginManager:220 - loadIPPluginJar : add ltdc
2023-12-28 17:52:45,211 [INFO] IPUIPlugin:80 - create IPUIPlugin
2023-12-28 17:52:45,212 [INFO] PluginManager:220 - loadIPPluginJar : add mdma
2023-12-28 17:52:45,227 [INFO] IPUIPlugin:80 - create IPUIPlugin
2023-12-28 17:52:45,227 [INFO] PluginManager:220 - loadIPPluginJar : add nvic
2023-12-28 17:52:45,273 [INFO] IPUIPlugin:80 - create IPUIPlugin
2023-12-28 17:52:45,273 [INFO] PluginManager:220 - loadIPPluginJar : add opamp
2023-12-28 17:52:45,351 [INFO] ThirdPartyUpdaterWithRetryManager:70 - Updater plugin not ready yet. [2/15]
2023-12-28 17:52:45,366 [INFO] IPUIPlugin:80 - create IPUIPlugin
2023-12-28 17:52:45,367 [INFO] PluginManager:220 - loadIPPluginJar : add openamp
2023-12-28 17:52:45,423 [INFO] IPUIPlugin:80 - create IPUIPlugin
2023-12-28 17:52:45,423 [INFO] PluginManager:220 - loadIPPluginJar : add pdm2pcm
2023-12-28 17:52:45,441 [INFO] IPUIPlugin:80 - create IPUIPlugin
2023-12-28 17:52:45,444 [INFO] PluginManager:220 - loadIPPluginJar : add plateformsettings
2023-12-28 17:52:45,468 [INFO] IPUIPlugin:80 - create IPUIPlugin
2023-12-28 17:52:45,469 [INFO] PluginManager:220 - loadIPPluginJar : add quadspi
2023-12-28 17:52:45,482 [INFO] IPUIPlugin:80 - create IPUIPlugin
2023-12-28 17:52:45,483 [INFO] PluginManager:220 - loadIPPluginJar : add resmgrutility
2023-12-28 17:52:45,540 [INFO] IPUIPlugin:80 - create IPUIPlugin
2023-12-28 17:52:45,540 [INFO] PluginManager:220 - loadIPPluginJar : add sai
2023-12-28 17:52:45,589 [INFO] IPUIPlugin:80 - create IPUIPlugin
2023-12-28 17:52:45,589 [INFO] PluginManager:220 - loadIPPluginJar : add spi
2023-12-28 17:52:45,678 [INFO] IPUIPlugin:80 - create IPUIPlugin
2023-12-28 17:52:45,679 [INFO] PluginManager:220 - loadIPPluginJar : add stm32_wpan
2023-12-28 17:52:45,705 [INFO] IPUIPlugin:80 - create IPUIPlugin
2023-12-28 17:52:45,706 [INFO] PluginManager:220 - loadIPPluginJar : add tim
2023-12-28 17:52:45,775 [INFO] IPUIPlugin:80 - create IPUIPlugin
2023-12-28 17:52:45,775 [INFO] PluginManager:220 - loadIPPluginJar : add touchsensing
2023-12-28 17:52:45,802 [INFO] IPUIPlugin:80 - create IPUIPlugin
2023-12-28 17:52:45,803 [INFO] PluginManager:220 - loadIPPluginJar : add tracer_emb
2023-12-28 17:52:45,829 [INFO] IPUIPlugin:80 - create IPUIPlugin
2023-12-28 17:52:45,829 [INFO] PluginManager:220 - loadIPPluginJar : add ts
2023-12-28 17:52:45,855 [INFO] IPUIPlugin:80 - create IPUIPlugin
2023-12-28 17:52:45,855 [INFO] PluginManager:220 - loadIPPluginJar : add tsc
2023-12-28 17:52:45,879 [INFO] IPUIPlugin:80 - create IPUIPlugin
2023-12-28 17:52:45,880 [INFO] PluginManager:220 - loadIPPluginJar : add ucpd
2023-12-28 17:52:45,931 [INFO] IPUIPlugin:80 - create IPUIPlugin
2023-12-28 17:52:45,931 [INFO] PluginManager:220 - loadIPPluginJar : add usart
2023-12-28 17:52:45,987 [INFO] IPUIPlugin:80 - create IPUIPlugin
2023-12-28 17:52:45,987 [INFO] PluginManager:220 - loadIPPluginJar : add usbx
2023-12-28 17:52:46,152 [INFO] CADModel:165 - CPN selected for project level
2023-12-28 17:52:46,152 [INFO] CADModel:114 - Register for checkConnection events
2023-12-28 17:52:46,153 [FATAL] Updater:308 - Updater called before beeing initialized
2023-12-28 17:52:46,153 [ERROR] CADModel:125 - Updater not yet initialized, retry later 
2023-12-28 17:52:46,327 [INFO] CADModel:165 - CPN selected for project level
2023-12-28 17:52:46,327 [INFO] CADModel:114 - Register for checkConnection events
2023-12-28 17:52:46,327 [FATAL] Updater:308 - Updater called before beeing initialized
2023-12-28 17:52:46,327 [ERROR] CADModel:125 - Updater not yet initialized, retry later 
2023-12-28 17:52:46,331 [FATAL] Updater:308 - Updater called before beeing initialized
2023-12-28 17:52:46,471 [FATAL] Updater:308 - Updater called before beeing initialized
2023-12-28 17:52:46,483 [INFO] DbMcusAds:53 - JSON generation date=Wed Nov 29 11:52:27 CET 2023 (1701255147349)
2023-12-28 17:52:46,484 [FATAL] Updater:308 - Updater called before beeing initialized
2023-12-28 17:52:46,561 [WARN] DetailPanel:346 - Failed to get advertising image, set to default
2023-12-28 17:52:46,656 [FATAL] Updater:308 - Updater called before beeing initialized
2023-12-28 17:52:46,659 [FATAL] Updater:308 - Updater called before beeing initialized
2023-12-28 17:52:46,659 [FATAL] Updater:308 - Updater called before beeing initialized
2023-12-28 17:52:46,659 [WARN] DetailPanel:346 - Failed to get advertising image, set to default
2023-12-28 17:52:46,659 [FATAL] Updater:308 - Updater called before beeing initialized
2023-12-28 17:52:46,751 [ERROR] Updater:1120 - MainUpdater not yet initialized. External WinMGr cannot be set.
2023-12-28 17:52:46,771 [INFO] Updater:1056 - Updater Version found : 6.10.0
2023-12-28 17:52:46,800 [INFO] ApplicationProperties:184 - Using Application install path: C:\ST\STM32CubeIDE_1.13.2\STM32CubeIDE\plugins\com.st.stm32cube.common.mx_6.10.0.202311202037
2023-12-28 17:52:48,352 [INFO] ThirdPartyUpdaterWithRetryManager:70 - Updater plugin not ready yet. [3/15]
2023-12-28 17:52:48,393 [ERROR] LogOutputStream:75 - [STDERR_REDIRECT] Dec 28, 2023 5:52:48 PM java.util.prefs.WindowsPreferences <init>
2023-12-28 17:52:48,396 [ERROR] LogOutputStream:75 - [STDERR_REDIRECT] WARNING: Could not open/create prefs root node Software\JavaSoft\Prefs at root 0xffffffff80000002. Windows RegCreateKeyEx(...) returned error code 5.
2023-12-28 17:52:48,397 [ERROR] LogOutputStream:75 - [STDERR_REDIRECT] 
2023-12-28 17:52:48,985 [INFO] MainUpdater:2873 - connection check result : 10
2023-12-28 17:52:48,986 [INFO] MainUpdater:290 - Updater Check For Update Now.
2023-12-28 17:52:48,986 [INFO] MicroXplorer:498 - Change Database Version : DB.6.0.100
2023-12-28 17:52:49,013 [INFO] McuFinderGlobals:63 - Set McuFinder mode to 2 (CubeIDE integrated)
2023-12-28 17:52:49,037 [INFO] UserAuth:404 - Internet connection configuration mode: 1
2023-12-28 17:52:49,084 [INFO] JxBrowserEngine:152 - Initiate JxBrowser Engine with user profile folder
2023-12-28 17:52:49,262 [INFO] CheckServerUpdateThread:120 - End of CheckServer Thread
2023-12-28 17:52:51,573 [WARN] PackLoader:240 - Cannot read IP mode file for STMicroelectronics.X-CUBE-SMBUS.2.1.0
2023-12-28 17:52:51,599 [WARN] PackLoader:240 - Cannot read IP mode file for STMicroelectronics.X-CUBE-TOUCHGFX.4.23.0
2023-12-28 17:52:51,658 [WARN] PackLoader:240 - Cannot read IP mode file for STMicroelectronics.X-CUBE-AZRTOS-F7.1.1.0
2023-12-28 17:52:51,683 [WARN] PackLoader:240 - Cannot read IP mode file for STMicroelectronics.FP-SNS-MOTENV1.4.3.2
2023-12-28 17:52:51,708 [WARN] PackLoader:240 - Cannot read IP mode file for STMicroelectronics.FP-SNS-FLIGHT1.5.0.2
2023-12-28 17:52:51,733 [WARN] PackLoader:240 - Cannot read IP mode file for STMicroelectronics.X-CUBE-DISPLAY.3.0.0
2023-12-28 17:52:51,764 [WARN] PackLoader:240 - Cannot read IP mode file for STMicroelectronics.X-CUBE-BLE1.7.0.0
2023-12-28 17:52:51,783 [WARN] PackLoader:240 - Cannot read IP mode file for emotas.I-CUBE-CANOPEN.1.3.0
2023-12-28 17:52:51,799 [WARN] PackLoader:240 - Cannot read IP mode file for STMicroelectronics.X-CUBE-TOUCHGFX.4.22.1
2023-12-28 17:52:51,816 [WARN] PackLoader:240 - Cannot read IP mode file for STMicroelectronics.FP-SNS-SMARTAG2.1.2.0
2023-12-28 17:52:51,853 [INFO] LogOutputStream:77 - [STDOUT_REDIRECT] 1 : Invalid condition id : UX_CORESTACK_Condition cause : null
2023-12-28 17:52:51,854 [INFO] LogOutputStream:77 - [STDOUT_REDIRECT] 1 : Invalid condition id : UX_CORESTACK_Condition cause : null
2023-12-28 17:52:51,856 [INFO] LogOutputStream:77 - [STDOUT_REDIRECT] 1 : Invalid condition id : UX_CORESTACK_Condition cause : null
2023-12-28 17:52:51,857 [INFO] LogOutputStream:77 - [STDOUT_REDIRECT] 1 : Invalid condition id : UX_CORESTACK_Condition cause : null
2023-12-28 17:52:51,859 [INFO] LogOutputStream:77 - [STDOUT_REDIRECT] 1 : Invalid condition id : UX_CORESTACK_Condition cause : null
2023-12-28 17:52:51,863 [WARN] PackLoader:240 - Cannot read IP mode file for STMicroelectronics.X-CUBE-AZRTOS-WL.2.0.0
2023-12-28 17:52:51,886 [WARN] PackLoader:240 - Cannot read IP mode file for WES.I-CUBE-Cesium.1.3.0
2023-12-28 17:52:51,904 [WARN] PackLoader:240 - Cannot read IP mode file for STMicroelectronics.X-CUBE-BLE2.3.3.0
2023-12-28 17:52:51,923 [WARN] PackLoader:240 - Cannot read IP mode file for STMicroelectronics.X-CUBE-ALGOBUILD.1.3.0
2023-12-28 17:52:51,964 [WARN] PackLoader:240 - Cannot read IP mode file for STMicroelectronics.X-CUBE-AZRTOS-G0.1.1.0
2023-12-28 17:52:51,986 [WARN] PackLoader:240 - Cannot read IP mode file for STMicroelectronics.X-CUBE-NFC4.3.0.0
2023-12-28 17:52:52,014 [WARN] PackLoader:240 - Cannot read IP mode file for STMicroelectronics.X-CUBE-BLEMGR.3.0.0
2023-12-28 17:52:52,035 [WARN] PackLoader:240 - Cannot read IP mode file for STMicroelectronics.FP-ATR-SIGFOX1.3.2.0
2023-12-28 17:52:52,054 [WARN] PackLoader:240 - Cannot read IP mode file for STMicroelectronics.X-CUBE-GNSS1.6.0.0
2023-12-28 17:52:52,099 [WARN] PackLoader:240 - Cannot read IP mode file for STMicroelectronics.X-CUBE-AZRTOS-F4.1.1.0
2023-12-28 17:52:52,120 [WARN] PackLoader:240 - Cannot read IP mode file for wolfSSL.I-CUBE-wolfSSL.5.6.4
2023-12-28 17:52:52,160 [WARN] PackLoader:240 - Cannot read IP mode file for STMicroelectronics.X-CUBE-AZRTOS-L5.2.0.0
2023-12-28 17:52:52,185 [WARN] PackLoader:240 - Cannot read IP mode file for STMicroelectronics.X-CUBE-EEPRMA1.4.2.0
2023-12-28 17:52:52,202 [WARN] PackLoader:240 - Cannot read IP mode file for ITTIA_DB.I-CUBE-ITTIADB.8.8.0
2023-12-28 17:52:52,233 [WARN] ConditionMgr:438 - getConditionDescription Invalid condition id : UX DEVICE CLASS RTOS Condition cause : null
2023-12-28 17:52:52,234 [WARN] ConditionMgr:438 - getConditionDescription Invalid condition id : UX DEVICE CLASS RTOS Condition cause : null
2023-12-28 17:52:52,237 [WARN] PackLoader:240 - Cannot read IP mode file for STMicroelectronics.X-CUBE-AZRTOS-H7.3.1.0
2023-12-28 17:52:52,238 [WARN] ConditionMgr:1039 - genDependencies : Invalid condition id : UX DEVICE CLASS RTOS Condition cause : null
2023-12-28 17:52:52,238 [WARN] ConditionMgr:1039 - genDependencies : Invalid condition id : UX DEVICE CLASS RTOS Condition cause : null
2023-12-28 17:52:52,239 [WARN] ConditionMgr:1039 - genDependencies : Invalid condition id : UX DEVICE CLASS RTOS Condition cause : null
2023-12-28 17:52:52,239 [WARN] ConditionMgr:1039 - genDependencies : Invalid condition id : UX DEVICE CLASS RTOS Condition cause : null
2023-12-28 17:52:52,239 [WARN] ConditionMgr:1039 - genDependencies : Invalid condition id : UX DEVICE CLASS RTOS Condition cause : null
2023-12-28 17:52:52,260 [WARN] PackLoader:240 - Cannot read IP mode file for STMicroelectronics.X-CUBE-NFC7.1.0.1
2023-12-28 17:52:52,283 [WARN] PackLoader:240 - Cannot read IP mode file for STMicroelectronics.X-CUBE-NFC6.3.0.0
2023-12-28 17:52:52,306 [WARN] PackLoader:240 - Cannot read IP mode file for STMicroelectronics.X-CUBE-AI.8.1.0
2023-12-28 17:52:52,348 [WARN] ConditionMgr:438 - getConditionDescription Invalid condition id : LAN8742 Phy interface Condition cause : null
2023-12-28 17:52:52,349 [WARN] PackLoader:240 - Cannot read IP mode file for STMicroelectronics.X-CUBE-AZRTOS-L4.2.0.0
2023-12-28 17:52:52,351 [WARN] ConditionMgr:1039 - genDependencies : Invalid condition id : LAN8742 Phy interface Condition cause : null
2023-12-28 17:52:52,352 [WARN] ConditionMgr:1039 - genDependencies : Invalid condition id : LAN8742 Phy interface Condition cause : null
2023-12-28 17:52:52,353 [WARN] ConditionMgr:1039 - genDependencies : Invalid condition id : LAN8742 Phy interface Condition cause : null
2023-12-28 17:52:52,375 [WARN] PackLoader:240 - Cannot read IP mode file for STMicroelectronics.X-CUBE-SFXS2LP1.4.0.0
2023-12-28 17:52:52,395 [WARN] PackLoader:240 - Cannot read IP mode file for STMicroelectronics.X-CUBE-ISPU.1.1.0
2023-12-28 17:52:52,430 [WARN] ConditionMgr:438 - getConditionDescription Invalid condition id : UX DEVICE CLASS RTOS Condition cause : null
2023-12-28 17:52:52,431 [WARN] ConditionMgr:438 - getConditionDescription Invalid condition id : UX DEVICE CLASS RTOS Condition cause : null
2023-12-28 17:52:52,433 [WARN] PackLoader:240 - Cannot read IP mode file for STMicroelectronics.X-CUBE-AZRTOS-WB.2.0.0
2023-12-28 17:52:52,434 [WARN] ConditionMgr:1039 - genDependencies : Invalid condition id : UX DEVICE CLASS RTOS Condition cause : null
2023-12-28 17:52:52,435 [WARN] ConditionMgr:1039 - genDependencies : Invalid condition id : UX DEVICE CLASS RTOS Condition cause : null
2023-12-28 17:52:52,435 [WARN] ConditionMgr:1039 - genDependencies : Invalid condition id : UX DEVICE CLASS RTOS Condition cause : null
2023-12-28 17:52:52,435 [WARN] ConditionMgr:1039 - genDependencies : Invalid condition id : UX DEVICE CLASS RTOS Condition cause : null
2023-12-28 17:52:52,435 [WARN] ConditionMgr:1039 - genDependencies : Invalid condition id : UX DEVICE CLASS RTOS Condition cause : null
2023-12-28 17:52:52,462 [WARN] PackLoader:240 - Cannot read IP mode file for STMicroelectronics.X-CUBE-SUBG2.5.0.0
2023-12-28 17:52:52,492 [WARN] PackLoader:240 - Cannot read IP mode file for STMicroelectronics.X-CUBE-AZRTOS-G4.2.0.0
2023-12-28 17:52:52,526 [WARN] PackLoader:240 - Cannot read IP mode file for Infineon.AIROC-Wi-Fi-Bluetooth-STM32.1.5.1
2023-12-28 17:52:52,546 [WARN] PackLoader:240 - Cannot read IP mode file for STMicroelectronics.FP-SNS-MOTENVWB1.1.3.1
2023-12-28 17:52:52,561 [WARN] PackLoader:240 - Cannot read IP mode file for STMicroelectronics.X-CUBE-ISPU.2.0.0
2023-12-28 17:52:52,639 [WARN] PackLoader:240 - Cannot read IP mode file for STMicroelectronics.X-CUBE-MEMS1.10.0.0
2023-12-28 17:52:52,818 [WARN] PackLoader:240 - Cannot read IP mode file for STMicroelectronics.X-CUBE-FREERTOS.1.1.0
2023-12-28 17:52:52,839 [WARN] PackLoader:240 - Cannot read IP mode file for portGmbH.I-Cube-SoM-uGOAL.1.1.0
2023-12-28 17:52:52,858 [WARN] PackLoader:240 - Cannot read IP mode file for STMicroelectronics.X-CUBE-ALS.1.0.1
2023-12-28 17:52:52,877 [WARN] PackLoader:240 - Cannot read IP mode file for STMicroelectronics.FP-ATR-ASTRA1.2.0.0
2023-12-28 17:52:52,907 [WARN] PackLoader:240 - Cannot read IP mode file for STMicroelectronics.X-CUBE-TOF1.3.4.0
2023-12-28 17:52:52,962 [WARN] PackLoader:240 - Cannot read IP mode file for STMicroelectronics.X-CUBE-AZRTOS-H7.3.2.0
2023-12-28 17:52:52,966 [INFO] ThirdParty:978 - Integrity check success = true
2023-12-28 17:52:52,967 [INFO] IntegrityCheckThread:100 - exiting critical section [integrity check]
2023-12-28 17:52:52,967 [INFO] IntegrityCheckThread:103 - End integrity checks thread
2023-12-28 17:52:53,823 [INFO] WebApp:161 - Instantiating new browser for Auth
2023-12-28 17:52:54,726 [INFO] WebApp:780 - Register for checkConnection events
2023-12-28 17:52:54,726 [INFO] WebApp:414 - Apply proxy settings
2023-12-28 17:52:54,727 [INFO] WebApp:499 - Chromium requires no authentication
2023-12-28 17:52:54,740 [INFO] WebApp:442 - Direct internet connection detected
2023-12-28 17:52:54,994 [INFO] WebApp:192 - Starting web application
2023-12-28 17:52:54,994 [INFO] WebApp:544 - Web application path used C:\ST\STM32CubeIDE_1.13.2\STM32CubeIDE\plugins\com.st.stm32cube.common.mx_6.10.0.202311202037\db\plugins\mcufinder\reactClient1\index.html
2023-12-28 17:53:16,473 [ERROR] LogOutputStream:75 - [STDERR_REDIRECT] SLF4J: Failed to load class "org.slf4j.impl.StaticLoggerBinder".
2023-12-28 17:53:16,476 [ERROR] LogOutputStream:75 - [STDERR_REDIRECT] SLF4J: Defaulting to no-operation (NOP) logger implementation
2023-12-28 17:53:16,479 [ERROR] LogOutputStream:75 - [STDERR_REDIRECT] SLF4J: See http://www.slf4j.org/codes.html#StaticLoggerBinder for further details.
2023-12-28 17:58:44,576 [INFO] McuFinderGlobals:63 - Set McuFinder mode to 2 (CubeIDE integrated)
2023-12-28 17:58:44,606 [INFO] MainUpdater:2873 - connection check result : 10
2023-12-28 17:58:44,614 [INFO] MainUpdater:2873 - connection check result : 10
2023-12-28 17:58:44,976 [INFO] MicroXplorer:468 - Change Database Path : 
2023-12-28 17:58:44,976 [INFO] MicroXplorer:498 - Change Database Version : DB.6.0.100
2023-12-28 17:58:44,983 [WARN] ThirdParty:871 - waiting for thirdparty lock release [close project]
2023-12-28 17:58:44,983 [INFO] ThirdParty:873 - entering critical section [close project]
2023-12-28 17:58:44,984 [INFO] ThirdParty:883 - exiting critical section [close project]
2023-12-28 17:58:44,986 [INFO] PinOutPanel:1499 - setPackage(No Configuration,No Configuration)
2023-12-28 17:58:44,990 [INFO] UtilMem:75 - Begin LoadConfig() Used Memory: 537853080 Bytes (886046720)
2023-12-28 17:58:44,992 [INFO] MicroXplorer:468 - Change Database Path : 
2023-12-28 17:58:44,992 [INFO] MicroXplorer:498 - Change Database Version : DB.6.0.100
2023-12-28 17:58:44,993 [INFO] OpenFileManager:312 - Change cursor
2023-12-28 17:58:45,062 [INFO] Mcu:2016 - Initializing MCU STM32F042F4Px STM32F042F4Px STM32F042F4P6
2023-12-28 17:58:46,646 [INFO] Context:659 - Trying to add GPIOservice into a context  which must be forbidden
2023-12-28 17:58:47,287 [INFO] RtosManager:555 - Registered RTOS mode: class=CMSIS, group=RTOS, mode=CMSIS_V1, owner=FREERTOS
2023-12-28 17:58:47,287 [INFO] RtosManager:555 - Registered RTOS mode: class=CMSIS, group=RTOS2, mode=CMSIS_V2, owner=FREERTOS
2023-12-28 17:58:47,287 [INFO] RtosManager:555 - Registered RTOS mode: class=RTOS, group=Core, mode=CMSIS_V1, owner=FREERTOS
2023-12-28 17:58:47,287 [INFO] RtosManager:555 - Registered RTOS mode: class=RTOS, group=Core, mode=CMSIS_V2, owner=FREERTOS
2023-12-28 17:58:47,288 [WARN] ModelIntegratedComponent:184 - Missing modes for component STMicroelectronics:FreeRTOS:0.0.1:STMicroelectronics:RTOS:FreeRTOS:Core:::10.2.0:
2023-12-28 17:58:47,312 [WARN] ModelIntegratedComponent:63 - No mode defined for component null
2023-12-28 17:58:47,312 [WARN] ModelIntegratedComponent:63 - No mode defined for component null
2023-12-28 17:58:47,312 [WARN] ModelIntegratedComponent:63 - No mode defined for component null
2023-12-28 17:58:47,312 [WARN] ModelIntegratedComponent:63 - No mode defined for component null
2023-12-28 17:58:47,312 [WARN] ModelIntegratedComponent:63 - No mode defined for component null
2023-12-28 17:58:47,313 [WARN] ModelIntegratedComponent:63 - No mode defined for component null
2023-12-28 17:58:47,313 [WARN] ModelIntegratedComponent:63 - No mode defined for component null
2023-12-28 17:58:47,313 [WARN] ModelIntegratedComponent:63 - No mode defined for component null
2023-12-28 17:58:47,313 [WARN] ModelIntegratedComponent:63 - No mode defined for component null
2023-12-28 17:58:47,313 [WARN] ModelIntegratedComponent:63 - No mode defined for component null
2023-12-28 17:58:47,313 [WARN] ModelIntegratedComponent:63 - No mode defined for component null
2023-12-28 17:58:47,313 [WARN] ModelIntegratedComponent:63 - No mode defined for component null
2023-12-28 17:58:47,313 [WARN] ModelIntegratedComponent:63 - No mode defined for component null
2023-12-28 17:58:47,313 [WARN] ModelIntegratedComponent:63 - No mode defined for component null
2023-12-28 17:58:47,313 [WARN] ModelIntegratedComponent:63 - No mode defined for component null
2023-12-28 17:58:47,313 [WARN] ModelIntegratedComponent:63 - No mode defined for component null
2023-12-28 17:58:47,313 [WARN] ModelIntegratedComponent:63 - No mode defined for component null
2023-12-28 17:58:47,313 [WARN] ModelIntegratedComponent:63 - No mode defined for component null
2023-12-28 17:58:47,313 [WARN] ModelIntegratedComponent:63 - No mode defined for component null
2023-12-28 17:58:47,313 [WARN] ModelIntegratedComponent:63 - No mode defined for component null
2023-12-28 17:58:47,313 [WARN] ModelIntegratedComponent:63 - No mode defined for component null
2023-12-28 17:58:47,313 [WARN] ModelIntegratedComponent:63 - No mode defined for component null
2023-12-28 17:58:47,314 [WARN] ModelIntegratedComponent:63 - No mode defined for component null
2023-12-28 17:58:47,314 [WARN] ModelIntegratedComponent:63 - No mode defined for component null
2023-12-28 17:58:47,314 [WARN] ModelIntegratedComponent:63 - No mode defined for component null
2023-12-28 17:58:47,314 [WARN] ModelIntegratedComponent:63 - No mode defined for component null
2023-12-28 17:58:47,314 [WARN] ModelIntegratedComponent:63 - No mode defined for component null
2023-12-28 17:58:47,314 [WARN] ModelIntegratedComponent:63 - No mode defined for component null
2023-12-28 17:58:47,314 [WARN] ModelIntegratedComponent:63 - No mode defined for component null
2023-12-28 17:58:47,314 [WARN] ModelIntegratedComponent:63 - No mode defined for component null
2023-12-28 17:58:47,314 [WARN] ModelIntegratedComponent:63 - No mode defined for component null
2023-12-28 17:58:47,314 [WARN] ModelIntegratedComponent:63 - No mode defined for component null
2023-12-28 17:58:47,314 [WARN] ModelIntegratedComponent:63 - No mode defined for component null
2023-12-28 17:58:47,434 [INFO] ThirdPartyModel:298 - Start build external matchings
2023-12-28 17:58:47,648 [INFO] ThirdPartyModel:316 - End build external matchings
2023-12-28 17:58:47,670 [INFO] ImportTextPane:194 - (OptionalMessage_ERROR) IP (DMA) : Parameter (Instance) has Id (ADC) currently not set
2023-12-28 17:58:47,670 [INFO] ImportTextPane:194 - (OptionalMessage_ERROR) IP (DMA) : Parameter (Direction) has Id (ADC) currently not set
2023-12-28 17:58:47,670 [INFO] ImportTextPane:194 - (OptionalMessage_ERROR) IP (DMA) : Parameter (PeriphInc) has Id (ADC) currently not set
2023-12-28 17:58:47,671 [INFO] ImportTextPane:194 - (OptionalMessage_ERROR) IP (DMA) : Parameter (MemInc) has Id (ADC) currently not set
2023-12-28 17:58:47,671 [INFO] ImportTextPane:194 - (OptionalMessage_ERROR) IP (DMA) : Parameter (PeriphDataAlignment) has Id (ADC) currently not set
2023-12-28 17:58:47,671 [INFO] ImportTextPane:194 - (OptionalMessage_ERROR) IP (DMA) : Parameter (MemDataAlignment) has Id (ADC) currently not set
2023-12-28 17:58:47,671 [INFO] ImportTextPane:194 - (OptionalMessage_ERROR) IP (DMA) : Parameter (Mode) has Id (ADC) currently not set
2023-12-28 17:58:47,671 [INFO] ImportTextPane:194 - (OptionalMessage_ERROR) IP (DMA) : Parameter (Priority) has Id (ADC) currently not set
2023-12-28 17:58:47,673 [INFO] ImportTextPane:194 - (OptionalMessage_ERROR) IP (RCC) : Invalid parameter (FamilyName)
2023-12-28 17:58:47,673 [INFO] ImportTextPane:194 - (OptionalMessage_ERROR) IP (RCC) : Invalid parameter (HSICECFreq_Value)
2023-12-28 17:58:47,962 [INFO] UtilMem:75 - End LoadConfig() Used Memory: 558780432 Bytes (1073741824)
2023-12-28 17:58:48,201 [INFO] ApiDb:581 - Connected to CubeFinder SQLite database (C:\Users\aleja\.stmcufinder\plugins\mcufinder\mcu\cube-finder-db.db)
2023-12-28 17:58:48,284 [INFO] ApiDb:668 - CubeFinder database Data Model version=2.1
2023-12-28 17:58:48,284 [INFO] ApiDb:669 - CubeFinder database Configuration version=3.0.39
2023-12-28 17:58:48,285 [INFO] ApiDb:670 - CubeFinder database generation date=2023-12-08 (1702028721)
2023-12-28 17:58:48,285 [INFO] ApiDb:671 - CubeFinder database FW Pack versions=[FP-ATR-ASTRA1_V2.0.0, FP-SNS-FLIGHT1_V5.0.1, FP-SNS-FLIGHT1_V5.0.2, FP-SNS-MOTENV1_V4.3.1, FP-SNS-MOTENV1_V4.3.2, FP-SNS-MOTENVWB1_V1.3.1, FP-SNS-SMARTAG2_V1.2.0, STM32Cube_FW_C0_V1.1.0, STM32Cube_FW_F4_V1.28.0, STM32Cube_FW_F7_V1.17.0, STM32Cube_FW_G0_V1.6.1, STM32Cube_FW_G4_V1.5.1, STM32Cube_FW_H5_V0.5.1, STM32Cube_FW_H5_V1.1.1, STM32Cube_FW_H5_V1.2.0RC2, STM32Cube_FW_H7_V1.11.0, STM32Cube_FW_L0_V1.12.2, STM32Cube_FW_L5_V1.5.0, STM32Cube_FW_U5_V1.3.0RC4, STM32Cube_FW_U5_V1.4.0, STM32Cube_FW_WBA_V1.0.0RC1, STM32Cube_FW_WBA_V1.1.0RC1, STM32Cube_FW_WBA_V1.2.0, STM32Cube_FW_WBA_V1.2.0RC2, STM32Cube_FW_WB_V1.15.0RC1, STM32Cube_FW_WB_V1.16.0, STM32Cube_FW_WB_V1.16.0RC2, STM32Cube_FW_WB_V1.18.0, STM32Cube_FW_WL_V1.3.0, X-CUBE-ALGOBUILD_V1.3.0, X-CUBE-ALS_V1.0.1, X-CUBE-AZRTOS-F4_V1.1.0, X-CUBE-AZRTOS-F7_V1.1.0, X-CUBE-AZRTOS-G0_V1.1.0, X-CUBE-AZRTOS-G4_V2.0.0, X-CUBE-AZRTOS-H7_V3.1.0, X-CUBE-AZRTOS-L4_V1.0.0, X-CUBE-AZRTOS-L4_V2.0.0, X-CUBE-AZRTOS-L5_V1.1.0, X-CUBE-AZRTOS-WB_V2.0.0, X-CUBE-AZRTOS-WL_V2.0.0, X-CUBE-BLE1_V7.0.0, X-CUBE-BLE2_V3.3.0, X-CUBE-BLEMGR_V3.0.0, X-CUBE-EEPRMA1_V4.1.0, X-CUBE-EEPRMA1_V4.2.0, X-CUBE-FREERTOS_V1.1.0, X-CUBE-GNSS1_V6.0.0, X-CUBE-MEMS1_V10.0.0, X-CUBE-MEMS1_V9.1.0, X-CUBE-MEMS1_V9.4.0, X-CUBE-MEMS1_V9.6.0, X-CUBE-NFC4_V3.0.0, X-CUBE-NFC7_V1.0.1, X-CUBE-SFXS2LP1_V4.0.0, X-CUBE-SUBG2_V5.0.0, X-CUBE-TOF1_V3.4.0]
2023-12-28 17:58:50,937 [INFO] ApiDb:240 - Found 371 in-development CPN: [B-G473E-ZEST1S, B-WB1M-WPAN1, B-WL5M-SUBG1, NUCLEO-C031C6, NUCLEO-H503RB, NUCLEO-H563ZI, NUCLEO-U545RE-Q, NUCLEO-U5A5ZJ-Q, NUCLEO-WBA52CG, NUCLEO-WBA55CG, STEVAL-MKBOXPRO, STEVAL-PROTEUS1, STEVAL-STWINBX1, STM320518-EVAL, STM32C0116-DK, STM32C011D6Y3TR, STM32C011D6Y6TR, STM32C011F4P3, STM32C011F4P6, STM32C011F4U3, STM32C011F4U6TR, STM32C011F6P3, STM32C011F6P6, STM32C011F6U3, STM32C011F6U6TR, STM32C011J4M3, STM32C011J4M6, STM32C011J6M3, STM32C011J6M6, STM32C0316-DK, STM32C031C4T3, STM32C031C4T6, STM32C031C4U3, STM32C031C4U6, STM32C031C6T3, STM32C031C6T6, STM32C031C6U3, STM32C031C6U6, STM32C031F4P3, STM32C031F4P6, STM32C031F6P3, STM32C031F6P6, STM32C031G4U3, STM32C031G4U6, STM32C031G6U3, STM32C031G6U6, STM32C031K4T3, STM32C031K4T6, STM32C031K4U3, STM32C031K4U6, STM32C031K6T3, STM32C031K6T6, STM32C031K6U3, STM32C031K6U6, STM32G071K8TXN, STM32G071K8UXN, STM32G081GBU6N, STM32G081KBT6N, STM32G081KBUXN, STM32G0B1CCT6N, STM32G0B1KCT6, STM32G0B1NEY6TR, STM32G0B1RCT6N, STM32G0C1CCT6, STM32G0C1CCT6N, STM32G0C1CCU6N, STM32G0C1CET6N, STM32G0C1CEU6N, STM32G0C1KCT6, STM32G0C1NEY6TR, STM32G0C1RCI6N, STM32G0C1RCT6N, STM32G0C1REI6N, STM32G0C1RET6N, STM32G0C1VCI6, STM32G0C1VEI6, STM32G471CCT6, STM32G471CCU6, STM32G471CET3, STM32G471CET6, STM32G471CEU3, STM32G471CEU6, STM32G471MCT6, STM32G471MET3, STM32G471MET6, STM32G471MEY6TR, STM32G471QCT6, STM32G471QET3, STM32G471RCT6, STM32G471RET3, STM32G471RET6, STM32G471VCH6, STM32G471VCI6, STM32G471VCT6, STM32G471VEH3, STM32G471VEH6, STM32G471VEI3, STM32G471VEI6, STM32G471VET3, STM32G471VET6, STM32G474CCT6, STM32H503CBT6, STM32H503CBU6, STM32H503EBY6TR, STM32H503KBU6, STM32H503RBT6, STM32H562AGI6, STM32H562AII6, STM32H562IGK6, STM32H562IGT6, STM32H562IIK6, STM32H562IIT6, STM32H562RGT6, STM32H562RGV6, STM32H562RIT6, STM32H562RIV6, STM32H562VGT6, STM32H562VIT6, STM32H562ZGT6, STM32H562ZIT6, STM32H563AGI6, STM32H563AII3Q, STM32H563AII6, STM32H563IGK6, STM32H563IGT6, STM32H563IIK3Q, STM32H563IIK6, STM32H563IIT3Q, STM32H563IIT6, STM32H563MIY3QTR, STM32H563RGT6, STM32H563RGV6, STM32H563RIT6, STM32H563RIV6, STM32H563VGT6, STM32H563VIT3Q, STM32H563VIT6, STM32H563ZGT6, STM32H563ZIT3Q, STM32H563ZIT6, STM32H573AII3Q, STM32H573AII6, STM32H573I-DK, STM32H573IIK3Q, STM32H573IIK6, STM32H573IIT3Q, STM32H573IIT6, STM32H573MIY3QTR, STM32H573RIT6, STM32H573RIV6, STM32H573VIT3Q, STM32H573VIT6, STM32H573ZIT3Q, STM32H573ZIT6, STM32L4R5QGI6STR, STM32MP131AAE3, STM32MP131AAF3, STM32MP131AAG3, STM32MP131CAE3, STM32MP131CAF3, STM32MP131CAG3, STM32MP131DAE7, STM32MP131DAF7, STM32MP131DAG7, STM32MP131FAE7, STM32MP131FAF7, STM32MP131FAG7, STM32MP133AAE3, STM32MP133AAF3, STM32MP133AAG3, STM32MP133CAE3, STM32MP133CAF3, STM32MP133CAG3, STM32MP133DAE7, STM32MP133DAF7, STM32MP133DAG7, STM32MP133FAE7, STM32MP133FAF7, STM32MP133FAG7, STM32MP135AAE3, STM32MP135AAF3, STM32MP135AAG3, STM32MP135CAE3, STM32MP135CAF3, STM32MP135CAG3, STM32MP135DAE7, STM32MP135DAF7, STM32MP135DAG7, STM32MP135F-DK, STM32MP135FAE7, STM32MP135FAF7, STM32MP135FAF7T, STM32MP135FAF7U, STM32MP135FAG7, STM32U535CBT6, STM32U535CBT6Q, STM32U535CBU6, STM32U535CBU6Q, STM32U535CCT6, STM32U535CCT6Q, STM32U535CCU6, STM32U535CCU6Q, STM32U535CET6, STM32U535CET6Q, STM32U535CEU6, STM32U535CEU6Q, STM32U535JEY6QTR, STM32U535NCY6QTR, STM32U535NEY6QTR, STM32U535RBI6, STM32U535RBI6Q, STM32U535RBT6, STM32U535RBT6Q, STM32U535RCI6, STM32U535RCI6Q, STM32U535RCT6, STM32U535RCT6Q, STM32U535REI6, STM32U535REI6Q, STM32U535RET6, STM32U535RET6Q, STM32U535VCI6, STM32U535VCI6Q, STM32U535VCT6, STM32U535VCT6Q, STM32U535VEI6, STM32U535VEI6Q, STM32U535VET6, STM32U535VET6Q, STM32U545CET6, STM32U545CET6Q, STM32U545CEU6, STM32U545CEU6Q, STM32U545JEY6QTR, STM32U545NEY6QTR, STM32U545REI6, STM32U545REI6Q, STM32U545RET6, STM32U545RET6Q, STM32U545VEI6, STM32U545VEI6Q, STM32U545VET6, STM32U545VET6Q, STM32U595AIH6, STM32U595AIH6Q, STM32U595AJH6, STM32U595AJH6Q, STM32U595QII6, STM32U595QII6Q, STM32U595QJI6, STM32U595QJI6Q, STM32U595RIT6, STM32U595RIT6Q, STM32U595RJT6, STM32U595RJT6Q, STM32U595VIT6, STM32U595VIT6Q, STM32U595VJT6, STM32U595VJT6Q, STM32U595ZIT6, STM32U595ZIT6Q, STM32U595ZIY6QTR, STM32U595ZJT6, STM32U595ZJT6Q, STM32U595ZJY6QTR, STM32U599BJY6QTR, STM32U599NIH6Q, STM32U599NJH6Q, STM32U599VIT6Q, STM32U599VJT6, STM32U599VJT6Q, STM32U599ZIT6Q, STM32U599ZIY6QTR, STM32U599ZJT6Q, STM32U599ZJY6QTR, STM32U5A5AJH6, STM32U5A5AJH6Q, STM32U5A5QJI6, STM32U5A5QJI6Q, STM32U5A5RJT6, STM32U5A5RJT6Q, STM32U5A5VJT6, STM32U5A5VJT6Q, STM32U5A5ZJT6, STM32U5A5ZJT6Q, STM32U5A5ZJY6QTR, STM32U5A9BJY6QTR, STM32U5A9J-DK, STM32U5A9NJH6Q, STM32U5A9VJT6Q, STM32U5A9ZJT6Q, STM32U5A9ZJY6QTR, STM32U5F7VIT6, STM32U5F7VIT6Q, STM32U5F7VJT6, STM32U5F7VJT6Q, STM32U5F9BJY6QTR, STM32U5F9NJH6Q, STM32U5F9VIT6Q, STM32U5F9VJT6Q, STM32U5F9ZIJ6QTR, STM32U5F9ZIT6Q, STM32U5F9ZJJ6QTR, STM32U5F9ZJT6Q, STM32U5G7VJT6, STM32U5G7VJT6Q, STM32U5G9BJY6QTR, STM32U5G9J-DK1, STM32U5G9J-DK2, STM32U5G9NJH6Q, STM32U5G9VJT6Q, STM32U5G9ZJJ6QTR, STM32U5G9ZJT6Q, STM32WB1MMCH6, STM32WBA50KEU6, STM32WBA50KEU6TR, STM32WBA50KGU6, STM32WBA50KGU6TR, STM32WBA52CEU6, STM32WBA52CEU6TR, STM32WBA52CEU7, STM32WBA52CEU7TR, STM32WBA52CGU6, STM32WBA52CGU6TR, STM32WBA52CGU6U, STM32WBA52CGU7, STM32WBA52CGU7TR, STM32WBA52KEU6, STM32WBA52KEU6TR, STM32WBA52KGU6, STM32WBA52KGU6TR, STM32WBA54CEU6, STM32WBA54CEU6TR, STM32WBA54CEU7, STM32WBA54CEU7TR, STM32WBA54CGU6, STM32WBA54CGU6TR, STM32WBA54CGU7, STM32WBA54CGU7TR, STM32WBA54KEU6, STM32WBA54KEU6TR, STM32WBA54KEU7, STM32WBA54KEU7TR, STM32WBA54KGU6, STM32WBA54KGU6TR, STM32WBA54KGU7, STM32WBA54KGU7TR, STM32WBA55CEU6, STM32WBA55CEU6TR, STM32WBA55CEU7, STM32WBA55CEU7TR, STM32WBA55CGU6, STM32WBA55CGU6TR, STM32WBA55CGU6U, STM32WBA55CGU7, STM32WBA55CGU7TR, STM32WBA55G-DK1, STM32WBA55HEF6, STM32WBA55HEF7, STM32WBA55HGF6, STM32WBA55HGF7, STM32WBA55UEI6, STM32WBA55UEI6TR, STM32WBA55UEI7, STM32WBA55UEI7TR, STM32WBA55UGI6, STM32WBA55UGI6TR, STM32WBA55UGI7, STM32WBA55UGI7TR, STM32WL5MOCH6, STM32WL5MOCH6TR]
2023-12-28 17:58:50,941 [INFO] DbMcus:218 - Found 3930 MCUs, 3930 are supported
2023-12-28 17:58:50,951 [INFO] ApiDb:423 - Load user favorites file C:\Users\aleja/.stm32cubeide/favorites.mcus.txt: 1 item(s)
2023-12-28 17:58:50,951 [INFO] ApiDb:427 - User favorites MCUs=[STM32F042F4P6]
2023-12-28 17:58:50,951 [INFO] DbMcus:224 - Set 1 / 1 favorites MCUs
2023-12-28 17:58:51,481 [INFO] MicroXplorer:468 - Change Database Path : 
2023-12-28 17:58:51,482 [INFO] MicroXplorer:498 - Change Database Version : DB.6.0.100
2023-12-28 17:58:51,482 [WARN] ThirdParty:833 - waiting for thirdparty lock release [change project]
2023-12-28 17:58:51,482 [INFO] ThirdParty:835 - entering critical section [change project]
2023-12-28 17:58:51,482 [INFO] ThirdParty:1030 - CMSIS Pack Vendor :STMicroelectronics X-CUBE-ISPU 1.1.0
2023-12-28 17:58:51,482 [INFO] ThirdParty:1030 - CMSIS Pack Vendor :STMicroelectronics USBPD 4.1
2023-12-28 17:58:51,482 [INFO] ThirdParty:1030 - CMSIS Pack Vendor :STMicroelectronics X-CUBE-GNSS1 6.0.0
2023-12-28 17:58:51,482 [INFO] ThirdParty:1030 - CMSIS Pack Vendor :STMicroelectronics USB_HOST 2.0.0
2023-12-28 17:58:51,482 [INFO] ThirdParty:1030 - CMSIS Pack Vendor :STMicroelectronics X-CUBE-AZRTOS-F4 1.1.0
2023-12-28 17:58:51,482 [INFO] ThirdParty:1030 - CMSIS Pack Vendor :STMicroelectronics LIBJPEG 8.0.0
2023-12-28 17:58:51,482 [INFO] ThirdParty:1030 - CMSIS Pack Vendor :wolfSSL I-CUBE-wolfSSL 5.6.4
2023-12-28 17:58:51,482 [INFO] ThirdParty:1030 - CMSIS Pack Vendor :STMicroelectronics X-CUBE-SMBUS 2.1.0
2023-12-28 17:58:51,482 [INFO] ThirdParty:1030 - CMSIS Pack Vendor :STMicroelectronics USB_DEVICE 3.0.0
2023-12-28 17:58:51,482 [INFO] ThirdParty:1030 - CMSIS Pack Vendor :STMicroelectronics X-CUBE-AZRTOS-WB 2.0.0
2023-12-28 17:58:51,483 [INFO] ThirdParty:1030 - CMSIS Pack Vendor :STMicroelectronics X-CUBE-TOUCHGFX 4.23.0
2023-12-28 17:58:51,483 [INFO] ThirdParty:1030 - CMSIS Pack Vendor :STMicroelectronics X-CUBE-AZRTOS-F7 1.1.0
2023-12-28 17:58:51,483 [INFO] ThirdParty:1030 - CMSIS Pack Vendor :STMicroelectronics X-CUBE-AZRTOS-L5 2.0.0
2023-12-28 17:58:51,483 [INFO] ThirdParty:1030 - CMSIS Pack Vendor :STMicroelectronics USB_DEVICE 2.0.0
2023-12-28 17:58:51,483 [INFO] ThirdParty:1030 - CMSIS Pack Vendor :STMicroelectronics X-CUBE-EEPRMA1 4.2.0
2023-12-28 17:58:51,483 [INFO] ThirdParty:1030 - CMSIS Pack Vendor :ITTIA_DB I-CUBE-ITTIADB 8.8.0
2023-12-28 17:58:51,483 [INFO] ThirdParty:1030 - CMSIS Pack Vendor :STMicroelectronics FP-SNS-MOTENV1 4.3.2
2023-12-28 17:58:51,483 [INFO] ThirdParty:1030 - CMSIS Pack Vendor :STMicroelectronics X-CUBE-ALGOBUILD 1.3.0
2023-12-28 17:58:51,483 [INFO] ThirdParty:1030 - CMSIS Pack Vendor :STMicroelectronics FreeRTOS 0.0.1
2023-12-28 17:58:51,483 [INFO] ThirdParty:1030 - CMSIS Pack Vendor :STMicroelectronics X-CUBE-AZRTOS-G0 1.1.0
2023-12-28 17:58:51,483 [INFO] ThirdParty:1030 - CMSIS Pack Vendor :STMicroelectronics X-CUBE-NFC4 3.0.0
2023-12-28 17:58:51,483 [INFO] ThirdParty:1030 - CMSIS Pack Vendor :STMicroelectronics X-CUBE-SUBG2 5.0.0
2023-12-28 17:58:51,483 [INFO] ThirdParty:1030 - CMSIS Pack Vendor :STMicroelectronics STM32_WPAN 1.0.0
2023-12-28 17:58:51,483 [INFO] ThirdParty:1030 - CMSIS Pack Vendor :STMicroelectronics lwIP 2.0.3
2023-12-28 17:58:51,483 [INFO] ThirdParty:1030 - CMSIS Pack Vendor :STMicroelectronics FP-SNS-FLIGHT1 5.0.2
2023-12-28 17:58:51,483 [INFO] ThirdParty:1030 - CMSIS Pack Vendor :STMicroelectronics USB_HOST 1.0.0
2023-12-28 17:58:51,483 [INFO] ThirdParty:1030 - CMSIS Pack Vendor :STMicroelectronics X-CUBE-AZRTOS-G4 2.0.0
2023-12-28 17:58:51,483 [INFO] ThirdParty:1030 - CMSIS Pack Vendor :STMicroelectronics PDM2PCM 3.1.0
2023-12-28 17:58:51,483 [INFO] ThirdParty:1030 - CMSIS Pack Vendor :STMicroelectronics X-CUBE-AZRTOS-H7 3.1.0
2023-12-28 17:58:51,483 [INFO] ThirdParty:1030 - CMSIS Pack Vendor :Infineon AIROC-Wi-Fi-Bluetooth-STM32 1.5.1
2023-12-28 17:58:51,483 [INFO] ThirdParty:1030 - CMSIS Pack Vendor :STMicroelectronics X-CUBE-BLEMGR 3.0.0
2023-12-28 17:58:51,483 [INFO] ThirdParty:1030 - CMSIS Pack Vendor :STMicroelectronics PDM2PCM 3.3.0
2023-12-28 17:58:51,483 [INFO] ThirdParty:1030 - CMSIS Pack Vendor :STMicroelectronics X-CUBE-DISPLAY 3.0.0
2023-12-28 17:58:51,483 [INFO] ThirdParty:1030 - CMSIS Pack Vendor :STMicroelectronics FP-SNS-MOTENVWB1 1.3.1
2023-12-28 17:58:51,483 [INFO] ThirdParty:1030 - CMSIS Pack Vendor :STMicroelectronics X-CUBE-BLE1 7.0.0
2023-12-28 17:58:51,483 [INFO] ThirdParty:1030 - CMSIS Pack Vendor :STMicroelectronics FP-ATR-SIGFOX1 3.2.0
2023-12-28 17:58:51,483 [INFO] ThirdParty:1030 - CMSIS Pack Vendor :STMicroelectronics X-CUBE-ISPU 2.0.0
2023-12-28 17:58:51,483 [INFO] ThirdParty:1030 - CMSIS Pack Vendor :STMicroelectronics HAL Drivers 0.0.0
2023-12-28 17:58:51,483 [INFO] ThirdParty:1030 - CMSIS Pack Vendor :STMicroelectronics MBEDTLS 2.16.2
2023-12-28 17:58:51,484 [INFO] ThirdParty:1030 - CMSIS Pack Vendor :emotas I-CUBE-CANOPEN 1.3.0
2023-12-28 17:58:51,484 [INFO] ThirdParty:1030 - CMSIS Pack Vendor :STMicroelectronics X-CUBE-MEMS1 10.0.0
2023-12-28 17:58:51,484 [INFO] ThirdParty:1030 - CMSIS Pack Vendor :STMicroelectronics X-CUBE-FREERTOS 1.1.0
2023-12-28 17:58:51,484 [INFO] ThirdParty:1030 - CMSIS Pack Vendor :STMicroelectronics X-CUBE-NFC7 1.0.1
2023-12-28 17:58:51,484 [INFO] ThirdParty:1030 - CMSIS Pack Vendor :STMicroelectronics MBEDTLS 2.14.1
2023-12-28 17:58:51,484 [INFO] ThirdParty:1030 - CMSIS Pack Vendor :STMicroelectronics X-CUBE-TOUCHGFX 4.22.1
2023-12-28 17:58:51,484 [INFO] ThirdParty:1030 - CMSIS Pack Vendor :STMicroelectronics X-CUBE-NFC6 3.0.0
2023-12-28 17:58:51,484 [INFO] ThirdParty:1030 - CMSIS Pack Vendor :portGmbH I-Cube-SoM-uGOAL 1.1.0
2023-12-28 17:58:51,484 [INFO] ThirdParty:1030 - CMSIS Pack Vendor :STMicroelectronics X-CUBE-ALS 1.0.1
2023-12-28 17:58:51,484 [INFO] ThirdParty:1030 - CMSIS Pack Vendor :STMicroelectronics ThreadX 1.0.0
2023-12-28 17:58:51,484 [INFO] ThirdParty:1030 - CMSIS Pack Vendor :STMicroelectronics FP-SNS-SMARTAG2 1.2.0
2023-12-28 17:58:51,484 [INFO] ThirdParty:1030 - CMSIS Pack Vendor :STMicroelectronics X-CUBE-AZRTOS-WL 2.0.0
2023-12-28 17:58:51,484 [INFO] ThirdParty:1030 - CMSIS Pack Vendor :STMicroelectronics USB_DEVICE 1.0.0
2023-12-28 17:58:51,484 [INFO] ThirdParty:1030 - CMSIS Pack Vendor :STMicroelectronics X-CUBE-AI 8.1.0
2023-12-28 17:58:51,484 [INFO] ThirdParty:1030 - CMSIS Pack Vendor :STMicroelectronics X-CUBE-AZRTOS-L4 2.0.0
2023-12-28 17:58:51,484 [INFO] ThirdParty:1030 - CMSIS Pack Vendor :STMicroelectronics ThreadX 0.0.2
2023-12-28 17:58:51,484 [INFO] ThirdParty:1030 - CMSIS Pack Vendor :WES I-CUBE-Cesium 1.3.0
2023-12-28 17:58:51,484 [INFO] ThirdParty:1030 - CMSIS Pack Vendor :STMicroelectronics FP-ATR-ASTRA1 2.0.0
2023-12-28 17:58:51,484 [INFO] ThirdParty:1030 - CMSIS Pack Vendor :STMicroelectronics lwIP 2.1.2
2023-12-28 17:58:51,484 [INFO] ThirdParty:1030 - CMSIS Pack Vendor :STMicroelectronics X-CUBE-SFXS2LP1 4.0.0
2023-12-28 17:58:51,484 [INFO] ThirdParty:1030 - CMSIS Pack Vendor :STMicroelectronics X-CUBE-BLE2 3.3.0
2023-12-28 17:58:51,484 [INFO] ThirdParty:1030 - CMSIS Pack Vendor :STMicroelectronics X-CUBE-TOF1 3.4.0
2023-12-28 17:58:51,484 [INFO] ThirdParty:1030 - CMSIS Pack Vendor :STMicroelectronics X-CUBE-AZRTOS-H7 3.2.0
2023-12-28 17:58:51,484 [INFO] ThirdParty:1030 - CMSIS Pack Vendor :STMicroelectronics PDM2PCM 3.2.0
2023-12-28 17:58:51,484 [INFO] ThirdParty:841 - exiting critical section [change project]
2023-12-28 17:58:51,888 [INFO] PinOutPanel:1499 - setPackage(No Configuration,No Configuration)
2023-12-28 17:58:51,891 [INFO] PinOutPanel:1499 - setPackage(STM32F042F4Px,TSSOP20)
2023-12-28 17:58:53,380 [INFO] UtilMem:75 - Before build in PCC Used Memory: 815739968 Bytes (1073741824)
2023-12-28 17:58:54,476 [INFO] UtilMem:75 - After build in PCC Used Memory: 886516800 Bytes (1073741824)
2023-12-28 17:58:54,515 [INFO] IPUIPlugin:80 - create IPUIPlugin
2023-12-28 17:58:54,515 [INFO] IPUIPlugin:80 - create IPUIPlugin
2023-12-28 17:58:54,515 [INFO] IPUIPlugin:80 - create IPUIPlugin
2023-12-28 17:58:54,515 [INFO] IPUIPlugin:80 - create IPUIPlugin
2023-12-28 17:58:54,516 [INFO] IPUIPlugin:80 - create IPUIPlugin
2023-12-28 17:58:54,516 [INFO] IPUIPlugin:80 - create IPUIPlugin
2023-12-28 17:58:54,516 [INFO] IPUIPlugin:80 - create IPUIPlugin
2023-12-28 17:58:54,516 [INFO] IPUIPlugin:80 - create IPUIPlugin
2023-12-28 17:58:54,516 [INFO] IPUIPlugin:80 - create IPUIPlugin
2023-12-28 17:58:54,516 [INFO] IPUIPlugin:80 - create IPUIPlugin
2023-12-28 17:58:54,516 [INFO] IPUIPlugin:80 - create IPUIPlugin
2023-12-28 17:58:54,517 [INFO] IPUIPlugin:80 - create IPUIPlugin
2023-12-28 17:58:54,517 [INFO] IPUIPlugin:80 - create IPUIPlugin
2023-12-28 17:58:54,517 [INFO] IPUIPlugin:80 - create IPUIPlugin
2023-12-28 17:58:54,517 [INFO] IPUIPlugin:80 - create IPUIPlugin
2023-12-28 17:58:54,518 [INFO] IPUIPlugin:80 - create IPUIPlugin
2023-12-28 17:58:54,518 [INFO] IPUIPlugin:80 - create IPUIPlugin
2023-12-28 17:58:54,518 [INFO] IPUIPlugin:80 - create IPUIPlugin
2023-12-28 17:58:54,518 [INFO] IPUIPlugin:80 - create IPUIPlugin
2023-12-28 17:58:54,519 [INFO] IPUIPlugin:80 - create IPUIPlugin
2023-12-28 17:58:54,519 [INFO] IPUIPlugin:80 - create IPUIPlugin
2023-12-28 17:58:54,519 [INFO] IPUIPlugin:80 - create IPUIPlugin
2023-12-28 17:58:54,520 [INFO] IPUIPlugin:80 - create IPUIPlugin
2023-12-28 17:58:54,520 [INFO] IPUIPlugin:80 - create IPUIPlugin
2023-12-28 17:58:54,520 [INFO] IPUIPlugin:80 - create IPUIPlugin
2023-12-28 17:58:54,521 [INFO] IPUIPlugin:80 - create IPUIPlugin
2023-12-28 17:58:54,521 [INFO] IPUIPlugin:80 - create IPUIPlugin
2023-12-28 17:58:54,521 [INFO] IPUIPlugin:80 - create IPUIPlugin
2023-12-28 17:58:54,521 [INFO] IPUIPlugin:80 - create IPUIPlugin
2023-12-28 17:58:54,522 [INFO] IPUIPlugin:80 - create IPUIPlugin
2023-12-28 17:58:54,554 [INFO] Can:71 - Can Add PropertyChangeListener com.st.microxplorer.plugins.ip.can.Can@16304ceb
2023-12-28 17:58:54,852 [INFO] CADModel:165 - CPN selected for project levelSTM32F042F4P6
2023-12-28 17:58:54,852 [INFO] CADModel:114 - Register for checkConnection events
2023-12-28 17:58:54,934 [INFO] OpenFileManager:343 - Restore cursor
2023-12-28 18:01:05,527 [INFO] NvicIntPanel:101 - NVIC parent = com.st.microxplorer.plugins.ip.nvic.MultiNvicIntPanel[,0,0,450x98,layout=javax.swing.BoxLayout,alignmentX=0.0,alignmentY=0.0,border=,flags=9,maximumSize=,minimumSize=,preferredSize=]
2023-12-28 18:02:41,444 [INFO] NvicIntPanel:101 - NVIC parent = com.st.microxplorer.plugins.ip.nvic.MultiNvicIntPanel[,0,0,450x255,layout=javax.swing.BoxLayout,alignmentX=0.0,alignmentY=0.0,border=,flags=9,maximumSize=,minimumSize=,preferredSize=]
2023-12-28 18:02:53,909 [INFO] NvicIntPanel:101 - NVIC parent = com.st.microxplorer.plugins.ip.nvic.MultiNvicIntPanel[,0,0,0x0,invalid,layout=javax.swing.BoxLayout,alignmentX=0.0,alignmentY=0.0,border=,flags=9,maximumSize=,minimumSize=,preferredSize=]
2023-12-28 19:33:29,460 [INFO] NvicIntPanel:101 - NVIC parent = com.st.microxplorer.plugins.ip.nvic.MultiNvicIntPanel[,0,0,0x0,invalid,layout=javax.swing.BoxLayout,alignmentX=0.0,alignmentY=0.0,border=,flags=9,maximumSize=,minimumSize=,preferredSize=]
2023-12-28 19:37:17,579 [INFO] NvicIntPanel:101 - NVIC parent = com.st.microxplorer.plugins.ip.nvic.MultiNvicIntPanel[,0,0,0x0,invalid,layout=javax.swing.BoxLayout,alignmentX=0.0,alignmentY=0.0,border=,flags=9,maximumSize=,minimumSize=,preferredSize=]
2023-12-28 19:45:10,546 [ERROR] LogOutputStream:75 - [STDERR_REDIRECT] 
2023-12-28 19:45:10,546 [ERROR] LogOutputStream:75 - [STDERR_REDIRECT] 
2023-12-28 19:46:26,884 [INFO] Activator:176 - 


2023-12-28 19:46:26,887 [INFO] Activator:177 - !SESSION log4j initialized
2023-12-28 19:46:33,986 [INFO] LogOutputStream:77 - [STDOUT_REDIRECT] 
2023-12-28 19:46:35,653 [INFO] ApplicationProperties:184 - Using Application install path: C:\ST\STM32CubeIDE_1.13.2\STM32CubeIDE\plugins\com.st.stm32cube.common.mx_6.10.0.202311202037
2023-12-28 19:46:35,681 [INFO] DbMcusXml:78 - Set database path to: C:\ST\STM32CubeIDE_1.13.2\STM32CubeIDE\plugins\com.st.stm32cube.common.mx_6.10.0.202311202037\\db\/mcu/
2023-12-28 19:46:35,681 [INFO] ApiDb:274 - Set plugin database path to: C:\ST\STM32CubeIDE_1.13.2\STM32CubeIDE\plugins\com.st.stm32cube.common.mx_6.10.0.202311202037\\db\/plugins/boardmanager/
2023-12-28 19:46:35,681 [WARN] ApiDb:259 - Overriding images path with different value:  => C:\ST\STM32CubeIDE_1.13.2\STM32CubeIDE\plugins\com.st.stm32cube.common.mx_6.10.0.202311202037\\db\/plugins/mcufinder/images/
2023-12-28 19:46:35,692 [INFO] ApiDb:250 - Set database path to: C:\Users\aleja\.stmcufinder\plugins\mcufinder//mcu/
2023-12-28 19:46:35,694 [INFO] DbMcusAds:125 - Set database path to: C:\Users\aleja\.stmcufinder\plugins\mcufinder//mcu/
2023-12-28 19:46:35,696 [INFO] CrossReferenceDbSqlite:203 - Set database path to: C:\Users\aleja\.stmcufinder\plugins\mcufinder//mcu/cs/
2023-12-28 19:46:35,871 [INFO] RulesReader:64 - Compatibility file has been processed (297 Rules)
2023-12-28 19:46:35,979 [INFO] DbMcusXml:78 - Set database path to: C:\ST\STM32CubeIDE_1.13.2\STM32CubeIDE\plugins\com.st.stm32cube.common.mx_6.10.0.202311202037\\db\/mcu/
2023-12-28 19:46:35,979 [INFO] ApiDb:274 - Set plugin database path to: C:\ST\STM32CubeIDE_1.13.2\STM32CubeIDE\plugins\com.st.stm32cube.common.mx_6.10.0.202311202037\\db\/plugins/boardmanager/
2023-12-28 19:46:35,980 [INFO] ApiDb:261 - Set plugin images path to: C:\ST\STM32CubeIDE_1.13.2\STM32CubeIDE\plugins\com.st.stm32cube.common.mx_6.10.0.202311202037\\db\/plugins/mcufinder/images/
2023-12-28 19:46:35,980 [WARN] DbFile:41 - Overriding database path with different value: C:\Users\aleja\.stmcufinder\plugins\mcufinder/ => C:\Users\aleja\.stmcufinder\plugins\mcufinder
2023-12-28 19:46:35,980 [INFO] ApiDb:250 - Set database path to: C:\Users\aleja\.stmcufinder\plugins\mcufinder//mcu/
2023-12-28 19:46:35,980 [WARN] DbFile:41 - Overriding database path with different value: C:\Users\aleja\.stmcufinder\plugins\mcufinder/ => C:\Users\aleja\.stmcufinder\plugins\mcufinder
2023-12-28 19:46:35,980 [INFO] DbMcusAds:125 - Set database path to: C:\Users\aleja\.stmcufinder\plugins\mcufinder//mcu/
2023-12-28 19:46:35,980 [WARN] DbFile:41 - Overriding database path with different value: C:\Users\aleja\.stmcufinder\plugins\mcufinder/ => C:\Users\aleja\.stmcufinder\plugins\mcufinder
2023-12-28 19:46:35,980 [WARN] DbFile:41 - Overriding database path with different value: C:\Users\aleja\.stmcufinder\plugins\mcufinder/ => C:\Users\aleja\.stmcufinder\plugins\mcufinder
2023-12-28 19:46:35,981 [INFO] CrossReferenceDbSqlite:203 - Set database path to: C:\Users\aleja\.stmcufinder\plugins\mcufinder//mcu/cs/
2023-12-28 19:46:36,101 [INFO] MainPanel:264 - HeapMemory: 268435456
2023-12-28 19:46:36,246 [INFO] DbMcusXml:78 - Set database path to: C:\ST\STM32CubeIDE_1.13.2\STM32CubeIDE\plugins\com.st.stm32cube.common.mx_6.10.0.202311202037\\db\/mcu/
2023-12-28 19:46:36,246 [INFO] ApiDb:274 - Set plugin database path to: C:\ST\STM32CubeIDE_1.13.2\STM32CubeIDE\plugins\com.st.stm32cube.common.mx_6.10.0.202311202037\\db\/plugins/boardmanager/
2023-12-28 19:46:36,247 [INFO] ApiDb:261 - Set plugin images path to: C:\ST\STM32CubeIDE_1.13.2\STM32CubeIDE\plugins\com.st.stm32cube.common.mx_6.10.0.202311202037\\db\/plugins/mcufinder/images/
2023-12-28 19:46:36,248 [WARN] DbFile:41 - Overriding database path with different value: C:\Users\aleja\.stmcufinder\plugins\mcufinder/ => C:\Users\aleja\.stmcufinder\plugins\mcufinder
2023-12-28 19:46:36,248 [INFO] ApiDb:250 - Set database path to: C:\Users\aleja\.stmcufinder\plugins\mcufinder//mcu/
2023-12-28 19:46:36,248 [WARN] DbFile:41 - Overriding database path with different value: C:\Users\aleja\.stmcufinder\plugins\mcufinder/ => C:\Users\aleja\.stmcufinder\plugins\mcufinder
2023-12-28 19:46:36,248 [INFO] DbMcusAds:125 - Set database path to: C:\Users\aleja\.stmcufinder\plugins\mcufinder//mcu/
2023-12-28 19:46:36,248 [WARN] DbFile:41 - Overriding database path with different value: C:\Users\aleja\.stmcufinder\plugins\mcufinder/ => C:\Users\aleja\.stmcufinder\plugins\mcufinder
2023-12-28 19:46:36,248 [WARN] DbFile:41 - Overriding database path with different value: C:\Users\aleja\.stmcufinder\plugins\mcufinder/ => C:\Users\aleja\.stmcufinder\plugins\mcufinder
2023-12-28 19:46:36,248 [INFO] CrossReferenceDbSqlite:203 - Set database path to: C:\Users\aleja\.stmcufinder\plugins\mcufinder//mcu/cs/
2023-12-28 19:46:36,273 [INFO] ApplicationProperties:184 - Using Application install path: C:\ST\STM32CubeIDE_1.13.2\STM32CubeIDE\plugins\com.st.stm32cube.common.mx_6.10.0.202311202037
2023-12-28 19:46:36,274 [INFO] PluginManage:196 - Search for loadable plugins [exclusion list=, ]
2023-12-28 19:46:36,276 [INFO] PluginManage:310 - Check plugin analytics
2023-12-28 19:46:36,565 [INFO] AnalyticsPlugin:253 - Accepted Software Licenses: 
2023-12-28 19:46:36,565 [INFO] AnalyticsPlugin:255 - Accepted CMSIS Pack Licenses: 
2023-12-28 19:46:36,565 [INFO] AnalyticsPlugin:257 - Accepted Firmware Licenses: 
2023-12-28 19:46:36,582 [INFO] PluginManage:359 - Loaded plugin analytics (category:tool,tabindex:-1)
2023-12-28 19:46:36,582 [INFO] PluginManage:310 - Check plugin cadmodel
2023-12-28 19:46:36,592 [INFO] CADModel:105 - Init CAD model plugin
2023-12-28 19:46:36,592 [INFO] PluginManage:359 - Loaded plugin cadmodel (category:power,tabindex:5)
2023-12-28 19:46:36,592 [INFO] PluginManage:310 - Check plugin clock
2023-12-28 19:46:36,605 [INFO] PluginManage:359 - Loaded plugin clock (category:base,tabindex:2)
2023-12-28 19:46:36,605 [INFO] PluginManage:310 - Check plugin ddr
2023-12-28 19:46:36,608 [INFO] PluginManage:359 - Loaded plugin ddr (category:tool,tabindex:6)
2023-12-28 19:46:36,609 [INFO] PluginManage:310 - Check plugin filemanager
2023-12-28 19:46:36,799 [INFO] PluginManage:359 - Loaded plugin filemanager (category:base,tabindex:10)
2023-12-28 19:46:36,800 [INFO] PluginManage:310 - Check plugin ipmanager
2023-12-28 19:46:36,811 [INFO] PluginManage:359 - Loaded plugin ipmanager (category:base,tabindex:5)
2023-12-28 19:46:36,812 [INFO] PluginManage:310 - Check plugin lpbam
2023-12-28 19:46:36,829 [INFO] PluginManage:359 - Loaded plugin lpbam (category:base,tabindex:0)
2023-12-28 19:46:36,829 [INFO] PluginManage:310 - Check plugin memorymap
2023-12-28 19:46:36,857 [INFO] PluginManage:359 - Loaded plugin memorymap (category:base,tabindex:4)
2023-12-28 19:46:36,858 [INFO] PluginManage:310 - Check plugin pinoutandconfiguration
2023-12-28 19:46:36,867 [INFO] PluginManage:359 - Loaded plugin pinoutandconfiguration (category:base,tabindex:1)
2023-12-28 19:46:36,867 [INFO] PluginManage:310 - Check plugin pinoutconfig
2023-12-28 19:46:36,997 [WARN] SupportedApi:132 - Cannot load RTOS API schema: s4s-elt-must-match.1: The content of 'definitions' must match (annotation?, (simpleType | complexType)?, (unique | key | keyref)*)). A problem was found starting at: attribute.
2023-12-28 19:46:37,218 [INFO] PluginManage:359 - Loaded plugin pinoutconfig (category:base,tabindex:0)
2023-12-28 19:46:37,218 [INFO] PluginManage:310 - Check plugin power
2023-12-28 19:46:37,256 [INFO] PluginManage:359 - Loaded plugin power (category:power,tabindex:4)
2023-12-28 19:46:37,256 [INFO] PluginManage:310 - Check plugin projectmanager
2023-12-28 19:46:37,279 [INFO] PluginManage:359 - Loaded plugin projectmanager (category:projectmanager,tabindex:3)
2023-12-28 19:46:37,279 [INFO] PluginManage:310 - Check plugin thirdparty
2023-12-28 19:46:37,447 [INFO] PluginManage:359 - Loaded plugin thirdparty (category:base,tabindex:-1)
2023-12-28 19:46:37,447 [INFO] PluginManage:310 - Check plugin tools
2023-12-28 19:46:37,449 [WARN] IntegrityCheckThread:84 - waiting for thirdparty lock release [integrity check]
2023-12-28 19:46:37,450 [INFO] IntegrityCheckThread:86 - entering critical section [integrity check]
2023-12-28 19:46:37,451 [INFO] ThirdPartyUpdaterWithRetryManager:70 - Updater plugin not ready yet. [1/15]
2023-12-28 19:46:37,456 [INFO] PluginManage:359 - Loaded plugin tools (category:base,tabindex:7)
2023-12-28 19:46:37,456 [INFO] PluginManage:310 - Check plugin tutovideos
2023-12-28 19:46:37,695 [INFO] PluginManage:359 - Loaded plugin tutovideos (category:base,tabindex:-1)
2023-12-28 19:46:37,695 [INFO] PluginManage:310 - Check plugin updater
2023-12-28 19:46:37,717 [INFO] PluginManage:359 - Loaded plugin updater (category:base,tabindex:12)
2023-12-28 19:46:37,718 [INFO] PluginManage:310 - Check plugin userauth
2023-12-28 19:46:37,726 [INFO] UserAuth:114 - Init User Auth plugin
2023-12-28 19:46:37,726 [INFO] PluginManage:359 - Loaded plugin userauth (category:base,tabindex:14)
2023-12-28 19:46:37,726 [INFO] PluginManage:283 - PluginManage : Loaded plugins [17]
2023-12-28 19:46:37,991 [INFO] PinOutPanel:1499 - setPackage(No Configuration,No Configuration)
2023-12-28 19:46:38,101 [INFO] CADModel:165 - CPN selected for project level
2023-12-28 19:46:38,101 [INFO] CADModel:114 - Register for checkConnection events
2023-12-28 19:46:38,135 [INFO] IPUIPlugin:80 - create IPUIPlugin
2023-12-28 19:46:38,136 [INFO] PluginManager:220 - loadIPPluginJar : add adc
2023-12-28 19:46:38,140 [INFO] IPUIPlugin:80 - create IPUIPlugin
2023-12-28 19:46:38,140 [INFO] PluginManager:220 - loadIPPluginJar : add aes
2023-12-28 19:46:38,144 [INFO] IPUIPlugin:80 - create IPUIPlugin
2023-12-28 19:46:38,144 [INFO] PluginManager:220 - loadIPPluginJar : add can
2023-12-28 19:46:38,147 [INFO] IPUIPlugin:80 - create IPUIPlugin
2023-12-28 19:46:38,147 [INFO] PluginManager:220 - loadIPPluginJar : add comp
2023-12-28 19:46:38,151 [INFO] IPUIPlugin:80 - create IPUIPlugin
2023-12-28 19:46:38,151 [INFO] PluginManager:220 - loadIPPluginJar : add cryp
2023-12-28 19:46:38,154 [INFO] IPUIPlugin:80 - create IPUIPlugin
2023-12-28 19:46:38,154 [INFO] PluginManager:220 - loadIPPluginJar : add dfsdm
2023-12-28 19:46:38,163 [INFO] IPUIPlugin:80 - create IPUIPlugin
2023-12-28 19:46:38,163 [INFO] PluginManager:220 - loadIPPluginJar : add dma
2023-12-28 19:46:38,168 [INFO] IPUIPlugin:80 - create IPUIPlugin
2023-12-28 19:46:38,168 [INFO] PluginManager:220 - loadIPPluginJar : add dma3
2023-12-28 19:46:38,170 [INFO] IPUIPlugin:80 - create IPUIPlugin
2023-12-28 19:46:38,170 [INFO] PluginManager:220 - loadIPPluginJar : add fatfs
2023-12-28 19:46:38,176 [INFO] IPUIPlugin:80 - create IPUIPlugin
2023-12-28 19:46:38,176 [INFO] PluginManager:220 - loadIPPluginJar : add fmc
2023-12-28 19:46:38,184 [INFO] IPUIPlugin:80 - create IPUIPlugin
2023-12-28 19:46:38,184 [INFO] PluginManager:220 - loadIPPluginJar : add freertos
2023-12-28 19:46:38,187 [INFO] IPUIPlugin:80 - create IPUIPlugin
2023-12-28 19:46:38,188 [INFO] PluginManager:220 - loadIPPluginJar : add genericplugin
2023-12-28 19:46:38,192 [INFO] IPUIPlugin:80 - create IPUIPlugin
2023-12-28 19:46:38,192 [INFO] PluginManager:220 - loadIPPluginJar : add gfxmmu
2023-12-28 19:46:38,200 [INFO] IPUIPlugin:80 - create IPUIPlugin
2023-12-28 19:46:38,200 [INFO] PluginManager:220 - loadIPPluginJar : add gic
2023-12-28 19:46:38,205 [INFO] IPUIPlugin:80 - create IPUIPlugin
2023-12-28 19:46:38,205 [INFO] PluginManager:220 - loadIPPluginJar : add gpio
2023-12-28 19:46:38,209 [INFO] IPUIPlugin:80 - create IPUIPlugin
2023-12-28 19:46:38,209 [INFO] PluginManager:220 - loadIPPluginJar : add gtzc
2023-12-28 19:46:38,212 [INFO] IPUIPlugin:80 - create IPUIPlugin
2023-12-28 19:46:38,212 [INFO] PluginManager:220 - loadIPPluginJar : add hash
2023-12-28 19:46:38,215 [INFO] IPUIPlugin:80 - create IPUIPlugin
2023-12-28 19:46:38,216 [INFO] PluginManager:220 - loadIPPluginJar : add i2c
2023-12-28 19:46:38,218 [INFO] IPUIPlugin:80 - create IPUIPlugin
2023-12-28 19:46:38,218 [INFO] PluginManager:220 - loadIPPluginJar : add i2s
2023-12-28 19:46:38,221 [INFO] IPUIPlugin:80 - create IPUIPlugin
2023-12-28 19:46:38,221 [INFO] PluginManager:220 - loadIPPluginJar : add i3c
2023-12-28 19:46:38,225 [INFO] IPUIPlugin:80 - create IPUIPlugin
2023-12-28 19:46:38,225 [INFO] PluginManager:220 - loadIPPluginJar : add ipddr
2023-12-28 19:46:38,235 [INFO] IPUIPlugin:80 - create IPUIPlugin
2023-12-28 19:46:38,235 [INFO] PluginManager:220 - loadIPPluginJar : add linkedlist
2023-12-28 19:46:38,238 [INFO] IPUIPlugin:80 - create IPUIPlugin
2023-12-28 19:46:38,239 [INFO] PluginManager:220 - loadIPPluginJar : add lorawan
2023-12-28 19:46:38,241 [INFO] IPUIPlugin:80 - create IPUIPlugin
2023-12-28 19:46:38,241 [INFO] PluginManager:220 - loadIPPluginJar : add ltdc
2023-12-28 19:46:38,249 [INFO] IPUIPlugin:80 - create IPUIPlugin
2023-12-28 19:46:38,249 [INFO] PluginManager:220 - loadIPPluginJar : add mdma
2023-12-28 19:46:38,253 [INFO] IPUIPlugin:80 - create IPUIPlugin
2023-12-28 19:46:38,253 [INFO] PluginManager:220 - loadIPPluginJar : add nvic
2023-12-28 19:46:38,256 [INFO] IPUIPlugin:80 - create IPUIPlugin
2023-12-28 19:46:38,257 [INFO] PluginManager:220 - loadIPPluginJar : add opamp
2023-12-28 19:46:38,260 [INFO] IPUIPlugin:80 - create IPUIPlugin
2023-12-28 19:46:38,260 [INFO] PluginManager:220 - loadIPPluginJar : add openamp
2023-12-28 19:46:38,264 [INFO] IPUIPlugin:80 - create IPUIPlugin
2023-12-28 19:46:38,264 [INFO] PluginManager:220 - loadIPPluginJar : add pdm2pcm
2023-12-28 19:46:38,270 [INFO] IPUIPlugin:80 - create IPUIPlugin
2023-12-28 19:46:38,273 [INFO] PluginManager:220 - loadIPPluginJar : add plateformsettings
2023-12-28 19:46:38,275 [INFO] IPUIPlugin:80 - create IPUIPlugin
2023-12-28 19:46:38,275 [INFO] PluginManager:220 - loadIPPluginJar : add quadspi
2023-12-28 19:46:38,280 [INFO] IPUIPlugin:80 - create IPUIPlugin
2023-12-28 19:46:38,281 [INFO] PluginManager:220 - loadIPPluginJar : add resmgrutility
2023-12-28 19:46:38,284 [INFO] IPUIPlugin:80 - create IPUIPlugin
2023-12-28 19:46:38,284 [INFO] PluginManager:220 - loadIPPluginJar : add sai
2023-12-28 19:46:38,287 [INFO] IPUIPlugin:80 - create IPUIPlugin
2023-12-28 19:46:38,287 [INFO] PluginManager:220 - loadIPPluginJar : add spi
2023-12-28 19:46:38,294 [INFO] IPUIPlugin:80 - create IPUIPlugin
2023-12-28 19:46:38,294 [INFO] PluginManager:220 - loadIPPluginJar : add stm32_wpan
2023-12-28 19:46:38,296 [INFO] IPUIPlugin:80 - create IPUIPlugin
2023-12-28 19:46:38,296 [INFO] PluginManager:220 - loadIPPluginJar : add tim
2023-12-28 19:46:38,299 [INFO] IPUIPlugin:80 - create IPUIPlugin
2023-12-28 19:46:38,299 [INFO] PluginManager:220 - loadIPPluginJar : add touchsensing
2023-12-28 19:46:38,302 [INFO] IPUIPlugin:80 - create IPUIPlugin
2023-12-28 19:46:38,302 [INFO] PluginManager:220 - loadIPPluginJar : add tracer_emb
2023-12-28 19:46:38,304 [INFO] IPUIPlugin:80 - create IPUIPlugin
2023-12-28 19:46:38,304 [INFO] PluginManager:220 - loadIPPluginJar : add ts
2023-12-28 19:46:38,306 [INFO] IPUIPlugin:80 - create IPUIPlugin
2023-12-28 19:46:38,306 [INFO] PluginManager:220 - loadIPPluginJar : add tsc
2023-12-28 19:46:38,308 [INFO] IPUIPlugin:80 - create IPUIPlugin
2023-12-28 19:46:38,308 [INFO] PluginManager:220 - loadIPPluginJar : add ucpd
2023-12-28 19:46:38,312 [INFO] IPUIPlugin:80 - create IPUIPlugin
2023-12-28 19:46:38,312 [INFO] PluginManager:220 - loadIPPluginJar : add usart
2023-12-28 19:46:38,315 [INFO] IPUIPlugin:80 - create IPUIPlugin
2023-12-28 19:46:38,315 [INFO] PluginManager:220 - loadIPPluginJar : add usbx
2023-12-28 19:46:38,459 [INFO] CADModel:165 - CPN selected for project level
2023-12-28 19:46:38,460 [INFO] CADModel:114 - Register for checkConnection events
2023-12-28 19:46:38,460 [FATAL] Updater:308 - Updater called before beeing initialized
2023-12-28 19:46:38,460 [ERROR] CADModel:125 - Updater not yet initialized, retry later 
2023-12-28 19:46:38,691 [INFO] CADModel:165 - CPN selected for project level
2023-12-28 19:46:38,691 [INFO] CADModel:114 - Register for checkConnection events
2023-12-28 19:46:38,691 [FATAL] Updater:308 - Updater called before beeing initialized
2023-12-28 19:46:38,691 [ERROR] CADModel:125 - Updater not yet initialized, retry later 
2023-12-28 19:46:38,695 [FATAL] Updater:308 - Updater called before beeing initialized
2023-12-28 19:46:38,850 [FATAL] Updater:308 - Updater called before beeing initialized
2023-12-28 19:46:38,855 [INFO] DbMcusAds:53 - JSON generation date=Wed Nov 29 11:52:27 CET 2023 (1701255147349)
2023-12-28 19:46:38,855 [FATAL] Updater:308 - Updater called before beeing initialized
2023-12-28 19:46:38,903 [WARN] DetailPanel:346 - Failed to get advertising image, set to default
2023-12-28 19:46:39,000 [FATAL] Updater:308 - Updater called before beeing initialized
2023-12-28 19:46:39,002 [FATAL] Updater:308 - Updater called before beeing initialized
2023-12-28 19:46:39,002 [FATAL] Updater:308 - Updater called before beeing initialized
2023-12-28 19:46:39,002 [WARN] DetailPanel:346 - Failed to get advertising image, set to default
2023-12-28 19:46:39,003 [FATAL] Updater:308 - Updater called before beeing initialized
2023-12-28 19:46:39,069 [ERROR] Updater:1120 - MainUpdater not yet initialized. External WinMGr cannot be set.
2023-12-28 19:46:39,073 [INFO] Updater:1056 - Updater Version found : 6.10.0
2023-12-28 19:46:39,099 [INFO] ApplicationProperties:184 - Using Application install path: C:\ST\STM32CubeIDE_1.13.2\STM32CubeIDE\plugins\com.st.stm32cube.common.mx_6.10.0.202311202037
2023-12-28 19:46:40,453 [INFO] ThirdPartyUpdaterWithRetryManager:70 - Updater plugin not ready yet. [2/15]
2023-12-28 19:46:40,689 [ERROR] LogOutputStream:75 - [STDERR_REDIRECT] Dec 28, 2023 7:46:40 PM java.util.prefs.WindowsPreferences <init>
2023-12-28 19:46:40,692 [ERROR] LogOutputStream:75 - [STDERR_REDIRECT] WARNING: Could not open/create prefs root node Software\JavaSoft\Prefs at root 0xffffffff80000002. Windows RegCreateKeyEx(...) returned error code 5.
2023-12-28 19:46:40,692 [ERROR] LogOutputStream:75 - [STDERR_REDIRECT] 
2023-12-28 19:46:41,231 [INFO] MainUpdater:2873 - connection check result : 10
2023-12-28 19:46:41,232 [INFO] MainUpdater:290 - Updater Check For Update Now.
2023-12-28 19:46:41,232 [INFO] MicroXplorer:498 - Change Database Version : DB.6.0.100
2023-12-28 19:46:41,241 [INFO] McuFinderGlobals:63 - Set McuFinder mode to 2 (CubeIDE integrated)
2023-12-28 19:46:41,270 [INFO] UserAuth:404 - Internet connection configuration mode: 1
2023-12-28 19:46:41,354 [INFO] JxBrowserEngine:152 - Initiate JxBrowser Engine with user profile folder
2023-12-28 19:46:41,495 [INFO] CheckServerUpdateThread:120 - End of CheckServer Thread
2023-12-28 19:46:42,359 [INFO] WebApp:161 - Instantiating new browser for Auth
2023-12-28 19:46:43,240 [INFO] WebApp:780 - Register for checkConnection events
2023-12-28 19:46:43,240 [INFO] WebApp:414 - Apply proxy settings
2023-12-28 19:46:43,240 [INFO] WebApp:499 - Chromium requires no authentication
2023-12-28 19:46:43,250 [INFO] WebApp:442 - Direct internet connection detected
2023-12-28 19:46:43,489 [INFO] WebApp:192 - Starting web application
2023-12-28 19:46:43,489 [INFO] WebApp:544 - Web application path used C:\ST\STM32CubeIDE_1.13.2\STM32CubeIDE\plugins\com.st.stm32cube.common.mx_6.10.0.202311202037\db\plugins\mcufinder\reactClient1\index.html
2023-12-28 19:46:43,713 [WARN] PackLoader:240 - Cannot read IP mode file for STMicroelectronics.X-CUBE-SMBUS.2.1.0
2023-12-28 19:46:43,723 [WARN] PackLoader:240 - Cannot read IP mode file for STMicroelectronics.X-CUBE-TOUCHGFX.4.23.0
2023-12-28 19:46:43,757 [WARN] PackLoader:240 - Cannot read IP mode file for STMicroelectronics.X-CUBE-AZRTOS-F7.1.1.0
2023-12-28 19:46:43,768 [WARN] PackLoader:240 - Cannot read IP mode file for STMicroelectronics.FP-SNS-MOTENV1.4.3.2
2023-12-28 19:46:43,777 [WARN] PackLoader:240 - Cannot read IP mode file for STMicroelectronics.FP-SNS-FLIGHT1.5.0.2
2023-12-28 19:46:43,786 [WARN] PackLoader:240 - Cannot read IP mode file for STMicroelectronics.X-CUBE-DISPLAY.3.0.0
2023-12-28 19:46:43,802 [WARN] PackLoader:240 - Cannot read IP mode file for STMicroelectronics.X-CUBE-BLE1.7.0.0
2023-12-28 19:46:43,809 [WARN] PackLoader:240 - Cannot read IP mode file for emotas.I-CUBE-CANOPEN.1.3.0
2023-12-28 19:46:43,814 [WARN] PackLoader:240 - Cannot read IP mode file for STMicroelectronics.X-CUBE-TOUCHGFX.4.22.1
2023-12-28 19:46:43,820 [WARN] PackLoader:240 - Cannot read IP mode file for STMicroelectronics.FP-SNS-SMARTAG2.1.2.0
2023-12-28 19:46:43,842 [INFO] LogOutputStream:77 - [STDOUT_REDIRECT] 1 : Invalid condition id : UX_CORESTACK_Condition cause : null
2023-12-28 19:46:43,843 [INFO] LogOutputStream:77 - [STDOUT_REDIRECT] 1 : Invalid condition id : UX_CORESTACK_Condition cause : null
2023-12-28 19:46:43,845 [INFO] LogOutputStream:77 - [STDOUT_REDIRECT] 1 : Invalid condition id : UX_CORESTACK_Condition cause : null
2023-12-28 19:46:43,847 [INFO] LogOutputStream:77 - [STDOUT_REDIRECT] 1 : Invalid condition id : UX_CORESTACK_Condition cause : null
2023-12-28 19:46:43,850 [INFO] LogOutputStream:77 - [STDOUT_REDIRECT] 1 : Invalid condition id : UX_CORESTACK_Condition cause : null
2023-12-28 19:46:43,856 [WARN] PackLoader:240 - Cannot read IP mode file for STMicroelectronics.X-CUBE-AZRTOS-WL.2.0.0
2023-12-28 19:46:43,867 [WARN] PackLoader:240 - Cannot read IP mode file for WES.I-CUBE-Cesium.1.3.0
2023-12-28 19:46:43,875 [WARN] PackLoader:240 - Cannot read IP mode file for STMicroelectronics.X-CUBE-BLE2.3.3.0
2023-12-28 19:46:43,884 [WARN] PackLoader:240 - Cannot read IP mode file for STMicroelectronics.X-CUBE-ALGOBUILD.1.3.0
2023-12-28 19:46:43,914 [WARN] PackLoader:240 - Cannot read IP mode file for STMicroelectronics.X-CUBE-AZRTOS-G0.1.1.0
2023-12-28 19:46:43,925 [WARN] PackLoader:240 - Cannot read IP mode file for STMicroelectronics.X-CUBE-NFC4.3.0.0
2023-12-28 19:46:43,939 [WARN] PackLoader:240 - Cannot read IP mode file for STMicroelectronics.X-CUBE-BLEMGR.3.0.0
2023-12-28 19:46:43,948 [WARN] PackLoader:240 - Cannot read IP mode file for STMicroelectronics.FP-ATR-SIGFOX1.3.2.0
2023-12-28 19:46:43,958 [WARN] PackLoader:240 - Cannot read IP mode file for STMicroelectronics.X-CUBE-GNSS1.6.0.0
2023-12-28 19:46:43,976 [WARN] PackLoader:240 - Cannot read IP mode file for STMicroelectronics.X-CUBE-AZRTOS-F4.1.1.0
2023-12-28 19:46:43,982 [WARN] PackLoader:240 - Cannot read IP mode file for wolfSSL.I-CUBE-wolfSSL.5.6.4
2023-12-28 19:46:44,001 [WARN] PackLoader:240 - Cannot read IP mode file for STMicroelectronics.X-CUBE-AZRTOS-L5.2.0.0
2023-12-28 19:46:44,010 [WARN] PackLoader:240 - Cannot read IP mode file for STMicroelectronics.X-CUBE-EEPRMA1.4.2.0
2023-12-28 19:46:44,016 [WARN] PackLoader:240 - Cannot read IP mode file for ITTIA_DB.I-CUBE-ITTIADB.8.8.0
2023-12-28 19:46:44,030 [WARN] ConditionMgr:438 - getConditionDescription Invalid condition id : UX DEVICE CLASS RTOS Condition cause : null
2023-12-28 19:46:44,030 [WARN] ConditionMgr:438 - getConditionDescription Invalid condition id : UX DEVICE CLASS RTOS Condition cause : null
2023-12-28 19:46:44,032 [WARN] PackLoader:240 - Cannot read IP mode file for STMicroelectronics.X-CUBE-AZRTOS-H7.3.1.0
2023-12-28 19:46:44,033 [WARN] ConditionMgr:1039 - genDependencies : Invalid condition id : UX DEVICE CLASS RTOS Condition cause : null
2023-12-28 19:46:44,033 [WARN] ConditionMgr:1039 - genDependencies : Invalid condition id : UX DEVICE CLASS RTOS Condition cause : null
2023-12-28 19:46:44,034 [WARN] ConditionMgr:1039 - genDependencies : Invalid condition id : UX DEVICE CLASS RTOS Condition cause : null
2023-12-28 19:46:44,034 [WARN] ConditionMgr:1039 - genDependencies : Invalid condition id : UX DEVICE CLASS RTOS Condition cause : null
2023-12-28 19:46:44,034 [WARN] ConditionMgr:1039 - genDependencies : Invalid condition id : UX DEVICE CLASS RTOS Condition cause : null
2023-12-28 19:46:44,042 [WARN] PackLoader:240 - Cannot read IP mode file for STMicroelectronics.X-CUBE-NFC7.1.0.1
2023-12-28 19:46:44,051 [WARN] PackLoader:240 - Cannot read IP mode file for STMicroelectronics.X-CUBE-NFC6.3.0.0
2023-12-28 19:46:44,059 [WARN] PackLoader:240 - Cannot read IP mode file for STMicroelectronics.X-CUBE-AI.8.1.0
2023-12-28 19:46:44,075 [WARN] ConditionMgr:438 - getConditionDescription Invalid condition id : LAN8742 Phy interface Condition cause : null
2023-12-28 19:46:44,076 [WARN] PackLoader:240 - Cannot read IP mode file for STMicroelectronics.X-CUBE-AZRTOS-L4.2.0.0
2023-12-28 19:46:44,077 [WARN] ConditionMgr:1039 - genDependencies : Invalid condition id : LAN8742 Phy interface Condition cause : null
2023-12-28 19:46:44,077 [WARN] ConditionMgr:1039 - genDependencies : Invalid condition id : LAN8742 Phy interface Condition cause : null
2023-12-28 19:46:44,077 [WARN] ConditionMgr:1039 - genDependencies : Invalid condition id : LAN8742 Phy interface Condition cause : null
2023-12-28 19:46:44,084 [WARN] PackLoader:240 - Cannot read IP mode file for STMicroelectronics.X-CUBE-SFXS2LP1.4.0.0
2023-12-28 19:46:44,091 [WARN] PackLoader:240 - Cannot read IP mode file for STMicroelectronics.X-CUBE-ISPU.1.1.0
2023-12-28 19:46:44,106 [WARN] ConditionMgr:438 - getConditionDescription Invalid condition id : UX DEVICE CLASS RTOS Condition cause : null
2023-12-28 19:46:44,107 [WARN] ConditionMgr:438 - getConditionDescription Invalid condition id : UX DEVICE CLASS RTOS Condition cause : null
2023-12-28 19:46:44,109 [WARN] PackLoader:240 - Cannot read IP mode file for STMicroelectronics.X-CUBE-AZRTOS-WB.2.0.0
2023-12-28 19:46:44,110 [WARN] ConditionMgr:1039 - genDependencies : Invalid condition id : UX DEVICE CLASS RTOS Condition cause : null
2023-12-28 19:46:44,110 [WARN] ConditionMgr:1039 - genDependencies : Invalid condition id : UX DEVICE CLASS RTOS Condition cause : null
2023-12-28 19:46:44,110 [WARN] ConditionMgr:1039 - genDependencies : Invalid condition id : UX DEVICE CLASS RTOS Condition cause : null
2023-12-28 19:46:44,111 [WARN] ConditionMgr:1039 - genDependencies : Invalid condition id : UX DEVICE CLASS RTOS Condition cause : null
2023-12-28 19:46:44,111 [WARN] ConditionMgr:1039 - genDependencies : Invalid condition id : UX DEVICE CLASS RTOS Condition cause : null
2023-12-28 19:46:44,126 [WARN] PackLoader:240 - Cannot read IP mode file for STMicroelectronics.X-CUBE-SUBG2.5.0.0
2023-12-28 19:46:44,178 [WARN] PackLoader:240 - Cannot read IP mode file for STMicroelectronics.X-CUBE-AZRTOS-G4.2.0.0
2023-12-28 19:46:44,208 [WARN] PackLoader:240 - Cannot read IP mode file for Infineon.AIROC-Wi-Fi-Bluetooth-STM32.1.5.1
2023-12-28 19:46:44,251 [WARN] PackLoader:240 - Cannot read IP mode file for STMicroelectronics.FP-SNS-MOTENVWB1.1.3.1
2023-12-28 19:46:44,259 [WARN] PackLoader:240 - Cannot read IP mode file for STMicroelectronics.X-CUBE-ISPU.2.0.0
2023-12-28 19:46:44,317 [WARN] PackLoader:240 - Cannot read IP mode file for STMicroelectronics.X-CUBE-MEMS1.10.0.0
2023-12-28 19:46:44,471 [WARN] PackLoader:240 - Cannot read IP mode file for STMicroelectronics.X-CUBE-FREERTOS.1.1.0
2023-12-28 19:46:44,478 [WARN] PackLoader:240 - Cannot read IP mode file for portGmbH.I-Cube-SoM-uGOAL.1.1.0
2023-12-28 19:46:44,484 [WARN] PackLoader:240 - Cannot read IP mode file for STMicroelectronics.X-CUBE-ALS.1.0.1
2023-12-28 19:46:44,490 [WARN] PackLoader:240 - Cannot read IP mode file for STMicroelectronics.FP-ATR-ASTRA1.2.0.0
2023-12-28 19:46:44,502 [WARN] PackLoader:240 - Cannot read IP mode file for STMicroelectronics.X-CUBE-TOF1.3.4.0
2023-12-28 19:46:44,532 [WARN] PackLoader:240 - Cannot read IP mode file for STMicroelectronics.X-CUBE-AZRTOS-H7.3.2.0
2023-12-28 19:46:44,535 [INFO] ThirdParty:978 - Integrity check success = true
2023-12-28 19:46:44,535 [INFO] IntegrityCheckThread:100 - exiting critical section [integrity check]
2023-12-28 19:46:44,535 [INFO] IntegrityCheckThread:103 - End integrity checks thread
2023-12-28 19:47:04,365 [ERROR] LogOutputStream:75 - [STDERR_REDIRECT] SLF4J: Failed to load class "org.slf4j.impl.StaticLoggerBinder".
2023-12-28 19:47:04,366 [ERROR] LogOutputStream:75 - [STDERR_REDIRECT] SLF4J: Defaulting to no-operation (NOP) logger implementation
2023-12-28 19:47:04,367 [ERROR] LogOutputStream:75 - [STDERR_REDIRECT] SLF4J: See http://www.slf4j.org/codes.html#StaticLoggerBinder for further details.
2023-12-28 21:47:14,986 [INFO] McuFinderGlobals:63 - Set McuFinder mode to 2 (CubeIDE integrated)
2023-12-28 21:47:14,993 [INFO] MainUpdater:2873 - connection check result : 10
2023-12-28 21:47:15,631 [INFO] ApiDb:581 - Connected to CubeFinder SQLite database (C:\Users\aleja\.stmcufinder\plugins\mcufinder\mcu\cube-finder-db.db)
2023-12-28 21:47:15,743 [INFO] ApiDb:668 - CubeFinder database Data Model version=2.1
2023-12-28 21:47:15,743 [INFO] ApiDb:669 - CubeFinder database Configuration version=3.0.39
2023-12-28 21:47:15,746 [INFO] ApiDb:670 - CubeFinder database generation date=2023-12-08 (1702028721)
2023-12-28 21:47:15,746 [INFO] ApiDb:671 - CubeFinder database FW Pack versions=[FP-ATR-ASTRA1_V2.0.0, FP-SNS-FLIGHT1_V5.0.1, FP-SNS-FLIGHT1_V5.0.2, FP-SNS-MOTENV1_V4.3.1, FP-SNS-MOTENV1_V4.3.2, FP-SNS-MOTENVWB1_V1.3.1, FP-SNS-SMARTAG2_V1.2.0, STM32Cube_FW_C0_V1.1.0, STM32Cube_FW_F4_V1.28.0, STM32Cube_FW_F7_V1.17.0, STM32Cube_FW_G0_V1.6.1, STM32Cube_FW_G4_V1.5.1, STM32Cube_FW_H5_V0.5.1, STM32Cube_FW_H5_V1.1.1, STM32Cube_FW_H5_V1.2.0RC2, STM32Cube_FW_H7_V1.11.0, STM32Cube_FW_L0_V1.12.2, STM32Cube_FW_L5_V1.5.0, STM32Cube_FW_U5_V1.3.0RC4, STM32Cube_FW_U5_V1.4.0, STM32Cube_FW_WBA_V1.0.0RC1, STM32Cube_FW_WBA_V1.1.0RC1, STM32Cube_FW_WBA_V1.2.0, STM32Cube_FW_WBA_V1.2.0RC2, STM32Cube_FW_WB_V1.15.0RC1, STM32Cube_FW_WB_V1.16.0, STM32Cube_FW_WB_V1.16.0RC2, STM32Cube_FW_WB_V1.18.0, STM32Cube_FW_WL_V1.3.0, X-CUBE-ALGOBUILD_V1.3.0, X-CUBE-ALS_V1.0.1, X-CUBE-AZRTOS-F4_V1.1.0, X-CUBE-AZRTOS-F7_V1.1.0, X-CUBE-AZRTOS-G0_V1.1.0, X-CUBE-AZRTOS-G4_V2.0.0, X-CUBE-AZRTOS-H7_V3.1.0, X-CUBE-AZRTOS-L4_V1.0.0, X-CUBE-AZRTOS-L4_V2.0.0, X-CUBE-AZRTOS-L5_V1.1.0, X-CUBE-AZRTOS-WB_V2.0.0, X-CUBE-AZRTOS-WL_V2.0.0, X-CUBE-BLE1_V7.0.0, X-CUBE-BLE2_V3.3.0, X-CUBE-BLEMGR_V3.0.0, X-CUBE-EEPRMA1_V4.1.0, X-CUBE-EEPRMA1_V4.2.0, X-CUBE-FREERTOS_V1.1.0, X-CUBE-GNSS1_V6.0.0, X-CUBE-MEMS1_V10.0.0, X-CUBE-MEMS1_V9.1.0, X-CUBE-MEMS1_V9.4.0, X-CUBE-MEMS1_V9.6.0, X-CUBE-NFC4_V3.0.0, X-CUBE-NFC7_V1.0.1, X-CUBE-SFXS2LP1_V4.0.0, X-CUBE-SUBG2_V5.0.0, X-CUBE-TOF1_V3.4.0]
2023-12-28 21:47:15,965 [INFO] DbBoardsSqlite:226 - include board P-NUCLEO-WB55-NUCLEO as a kit item of type 'Nucleo-64'
2023-12-28 21:47:15,965 [INFO] DbBoardsSqlite:226 - include board P-NUCLEO-WB55-USBDONGLE as a kit item of type 'Nucleo USB Dongle'
2023-12-28 21:47:15,967 [INFO] DbBoardsSqlite:226 - include board STEVAL-IDP005V1 as a kit item of type 'Evaluation Board'
2023-12-28 21:47:15,968 [INFO] DbBoardsSqlite:226 - include board STEVAL-IDP005V2 as a kit item of type 'Evaluation Board'
2023-12-28 21:47:16,742 [INFO] ApiDb:240 - Found 371 in-development CPN: [B-G473E-ZEST1S, B-WB1M-WPAN1, B-WL5M-SUBG1, NUCLEO-C031C6, NUCLEO-H503RB, NUCLEO-H563ZI, NUCLEO-U545RE-Q, NUCLEO-U5A5ZJ-Q, NUCLEO-WBA52CG, NUCLEO-WBA55CG, STEVAL-MKBOXPRO, STEVAL-PROTEUS1, STEVAL-STWINBX1, STM320518-EVAL, STM32C0116-DK, STM32C011D6Y3TR, STM32C011D6Y6TR, STM32C011F4P3, STM32C011F4P6, STM32C011F4U3, STM32C011F4U6TR, STM32C011F6P3, STM32C011F6P6, STM32C011F6U3, STM32C011F6U6TR, STM32C011J4M3, STM32C011J4M6, STM32C011J6M3, STM32C011J6M6, STM32C0316-DK, STM32C031C4T3, STM32C031C4T6, STM32C031C4U3, STM32C031C4U6, STM32C031C6T3, STM32C031C6T6, STM32C031C6U3, STM32C031C6U6, STM32C031F4P3, STM32C031F4P6, STM32C031F6P3, STM32C031F6P6, STM32C031G4U3, STM32C031G4U6, STM32C031G6U3, STM32C031G6U6, STM32C031K4T3, STM32C031K4T6, STM32C031K4U3, STM32C031K4U6, STM32C031K6T3, STM32C031K6T6, STM32C031K6U3, STM32C031K6U6, STM32G071K8TXN, STM32G071K8UXN, STM32G081GBU6N, STM32G081KBT6N, STM32G081KBUXN, STM32G0B1CCT6N, STM32G0B1KCT6, STM32G0B1NEY6TR, STM32G0B1RCT6N, STM32G0C1CCT6, STM32G0C1CCT6N, STM32G0C1CCU6N, STM32G0C1CET6N, STM32G0C1CEU6N, STM32G0C1KCT6, STM32G0C1NEY6TR, STM32G0C1RCI6N, STM32G0C1RCT6N, STM32G0C1REI6N, STM32G0C1RET6N, STM32G0C1VCI6, STM32G0C1VEI6, STM32G471CCT6, STM32G471CCU6, STM32G471CET3, STM32G471CET6, STM32G471CEU3, STM32G471CEU6, STM32G471MCT6, STM32G471MET3, STM32G471MET6, STM32G471MEY6TR, STM32G471QCT6, STM32G471QET3, STM32G471RCT6, STM32G471RET3, STM32G471RET6, STM32G471VCH6, STM32G471VCI6, STM32G471VCT6, STM32G471VEH3, STM32G471VEH6, STM32G471VEI3, STM32G471VEI6, STM32G471VET3, STM32G471VET6, STM32G474CCT6, STM32H503CBT6, STM32H503CBU6, STM32H503EBY6TR, STM32H503KBU6, STM32H503RBT6, STM32H562AGI6, STM32H562AII6, STM32H562IGK6, STM32H562IGT6, STM32H562IIK6, STM32H562IIT6, STM32H562RGT6, STM32H562RGV6, STM32H562RIT6, STM32H562RIV6, STM32H562VGT6, STM32H562VIT6, STM32H562ZGT6, STM32H562ZIT6, STM32H563AGI6, STM32H563AII3Q, STM32H563AII6, STM32H563IGK6, STM32H563IGT6, STM32H563IIK3Q, STM32H563IIK6, STM32H563IIT3Q, STM32H563IIT6, STM32H563MIY3QTR, STM32H563RGT6, STM32H563RGV6, STM32H563RIT6, STM32H563RIV6, STM32H563VGT6, STM32H563VIT3Q, STM32H563VIT6, STM32H563ZGT6, STM32H563ZIT3Q, STM32H563ZIT6, STM32H573AII3Q, STM32H573AII6, STM32H573I-DK, STM32H573IIK3Q, STM32H573IIK6, STM32H573IIT3Q, STM32H573IIT6, STM32H573MIY3QTR, STM32H573RIT6, STM32H573RIV6, STM32H573VIT3Q, STM32H573VIT6, STM32H573ZIT3Q, STM32H573ZIT6, STM32L4R5QGI6STR, STM32MP131AAE3, STM32MP131AAF3, STM32MP131AAG3, STM32MP131CAE3, STM32MP131CAF3, STM32MP131CAG3, STM32MP131DAE7, STM32MP131DAF7, STM32MP131DAG7, STM32MP131FAE7, STM32MP131FAF7, STM32MP131FAG7, STM32MP133AAE3, STM32MP133AAF3, STM32MP133AAG3, STM32MP133CAE3, STM32MP133CAF3, STM32MP133CAG3, STM32MP133DAE7, STM32MP133DAF7, STM32MP133DAG7, STM32MP133FAE7, STM32MP133FAF7, STM32MP133FAG7, STM32MP135AAE3, STM32MP135AAF3, STM32MP135AAG3, STM32MP135CAE3, STM32MP135CAF3, STM32MP135CAG3, STM32MP135DAE7, STM32MP135DAF7, STM32MP135DAG7, STM32MP135F-DK, STM32MP135FAE7, STM32MP135FAF7, STM32MP135FAF7T, STM32MP135FAF7U, STM32MP135FAG7, STM32U535CBT6, STM32U535CBT6Q, STM32U535CBU6, STM32U535CBU6Q, STM32U535CCT6, STM32U535CCT6Q, STM32U535CCU6, STM32U535CCU6Q, STM32U535CET6, STM32U535CET6Q, STM32U535CEU6, STM32U535CEU6Q, STM32U535JEY6QTR, STM32U535NCY6QTR, STM32U535NEY6QTR, STM32U535RBI6, STM32U535RBI6Q, STM32U535RBT6, STM32U535RBT6Q, STM32U535RCI6, STM32U535RCI6Q, STM32U535RCT6, STM32U535RCT6Q, STM32U535REI6, STM32U535REI6Q, STM32U535RET6, STM32U535RET6Q, STM32U535VCI6, STM32U535VCI6Q, STM32U535VCT6, STM32U535VCT6Q, STM32U535VEI6, STM32U535VEI6Q, STM32U535VET6, STM32U535VET6Q, STM32U545CET6, STM32U545CET6Q, STM32U545CEU6, STM32U545CEU6Q, STM32U545JEY6QTR, STM32U545NEY6QTR, STM32U545REI6, STM32U545REI6Q, STM32U545RET6, STM32U545RET6Q, STM32U545VEI6, STM32U545VEI6Q, STM32U545VET6, STM32U545VET6Q, STM32U595AIH6, STM32U595AIH6Q, STM32U595AJH6, STM32U595AJH6Q, STM32U595QII6, STM32U595QII6Q, STM32U595QJI6, STM32U595QJI6Q, STM32U595RIT6, STM32U595RIT6Q, STM32U595RJT6, STM32U595RJT6Q, STM32U595VIT6, STM32U595VIT6Q, STM32U595VJT6, STM32U595VJT6Q, STM32U595ZIT6, STM32U595ZIT6Q, STM32U595ZIY6QTR, STM32U595ZJT6, STM32U595ZJT6Q, STM32U595ZJY6QTR, STM32U599BJY6QTR, STM32U599NIH6Q, STM32U599NJH6Q, STM32U599VIT6Q, STM32U599VJT6, STM32U599VJT6Q, STM32U599ZIT6Q, STM32U599ZIY6QTR, STM32U599ZJT6Q, STM32U599ZJY6QTR, STM32U5A5AJH6, STM32U5A5AJH6Q, STM32U5A5QJI6, STM32U5A5QJI6Q, STM32U5A5RJT6, STM32U5A5RJT6Q, STM32U5A5VJT6, STM32U5A5VJT6Q, STM32U5A5ZJT6, STM32U5A5ZJT6Q, STM32U5A5ZJY6QTR, STM32U5A9BJY6QTR, STM32U5A9J-DK, STM32U5A9NJH6Q, STM32U5A9VJT6Q, STM32U5A9ZJT6Q, STM32U5A9ZJY6QTR, STM32U5F7VIT6, STM32U5F7VIT6Q, STM32U5F7VJT6, STM32U5F7VJT6Q, STM32U5F9BJY6QTR, STM32U5F9NJH6Q, STM32U5F9VIT6Q, STM32U5F9VJT6Q, STM32U5F9ZIJ6QTR, STM32U5F9ZIT6Q, STM32U5F9ZJJ6QTR, STM32U5F9ZJT6Q, STM32U5G7VJT6, STM32U5G7VJT6Q, STM32U5G9BJY6QTR, STM32U5G9J-DK1, STM32U5G9J-DK2, STM32U5G9NJH6Q, STM32U5G9VJT6Q, STM32U5G9ZJJ6QTR, STM32U5G9ZJT6Q, STM32WB1MMCH6, STM32WBA50KEU6, STM32WBA50KEU6TR, STM32WBA50KGU6, STM32WBA50KGU6TR, STM32WBA52CEU6, STM32WBA52CEU6TR, STM32WBA52CEU7, STM32WBA52CEU7TR, STM32WBA52CGU6, STM32WBA52CGU6TR, STM32WBA52CGU6U, STM32WBA52CGU7, STM32WBA52CGU7TR, STM32WBA52KEU6, STM32WBA52KEU6TR, STM32WBA52KGU6, STM32WBA52KGU6TR, STM32WBA54CEU6, STM32WBA54CEU6TR, STM32WBA54CEU7, STM32WBA54CEU7TR, STM32WBA54CGU6, STM32WBA54CGU6TR, STM32WBA54CGU7, STM32WBA54CGU7TR, STM32WBA54KEU6, STM32WBA54KEU6TR, STM32WBA54KEU7, STM32WBA54KEU7TR, STM32WBA54KGU6, STM32WBA54KGU6TR, STM32WBA54KGU7, STM32WBA54KGU7TR, STM32WBA55CEU6, STM32WBA55CEU6TR, STM32WBA55CEU7, STM32WBA55CEU7TR, STM32WBA55CGU6, STM32WBA55CGU6TR, STM32WBA55CGU6U, STM32WBA55CGU7, STM32WBA55CGU7TR, STM32WBA55G-DK1, STM32WBA55HEF6, STM32WBA55HEF7, STM32WBA55HGF6, STM32WBA55HGF7, STM32WBA55UEI6, STM32WBA55UEI6TR, STM32WBA55UEI7, STM32WBA55UEI7TR, STM32WBA55UGI6, STM32WBA55UGI6TR, STM32WBA55UGI7, STM32WBA55UGI7TR, STM32WL5MOCH6, STM32WL5MOCH6TR]
2023-12-28 21:47:16,928 [INFO] BoardInfo:889 - No configuration file found for board P-NUCLEO-WB55
2023-12-28 21:47:16,929 [INFO] DbBoards:161 - Kit is not supported: P-NUCLEO-WB55
2023-12-28 21:47:16,934 [INFO] BoardInfo:889 - No configuration file found for board STEVAL-BFA001V1B
2023-12-28 21:47:16,934 [INFO] DbBoards:161 - Kit is not supported: STEVAL-BFA001V1B
2023-12-28 21:47:16,936 [INFO] BoardInfo:889 - No configuration file found for board STEVAL-BFA001V2B
2023-12-28 21:47:16,936 [INFO] DbBoards:161 - Kit is not supported: STEVAL-BFA001V2B
2023-12-28 21:47:17,156 [INFO] DbBoards:168 - Found 193 boards, 190 are supported
2023-12-28 21:47:17,157 [INFO] DbBoards:169 - Found 193 boards, 3 of them is supported for  Bsp
2023-12-28 21:47:17,161 [INFO] ApiDb:668 - CubeFinder database Data Model version=2.1
2023-12-28 21:47:17,161 [INFO] ApiDb:669 - CubeFinder database Configuration version=3.0.39
2023-12-28 21:47:17,161 [INFO] ApiDb:670 - CubeFinder database generation date=2023-12-08 (1702028721)
2023-12-28 21:47:17,161 [INFO] ApiDb:671 - CubeFinder database FW Pack versions=[FP-ATR-ASTRA1_V2.0.0, FP-SNS-FLIGHT1_V5.0.1, FP-SNS-FLIGHT1_V5.0.2, FP-SNS-MOTENV1_V4.3.1, FP-SNS-MOTENV1_V4.3.2, FP-SNS-MOTENVWB1_V1.3.1, FP-SNS-SMARTAG2_V1.2.0, STM32Cube_FW_C0_V1.1.0, STM32Cube_FW_F4_V1.28.0, STM32Cube_FW_F7_V1.17.0, STM32Cube_FW_G0_V1.6.1, STM32Cube_FW_G4_V1.5.1, STM32Cube_FW_H5_V0.5.1, STM32Cube_FW_H5_V1.1.1, STM32Cube_FW_H5_V1.2.0RC2, STM32Cube_FW_H7_V1.11.0, STM32Cube_FW_L0_V1.12.2, STM32Cube_FW_L5_V1.5.0, STM32Cube_FW_U5_V1.3.0RC4, STM32Cube_FW_U5_V1.4.0, STM32Cube_FW_WBA_V1.0.0RC1, STM32Cube_FW_WBA_V1.1.0RC1, STM32Cube_FW_WBA_V1.2.0, STM32Cube_FW_WBA_V1.2.0RC2, STM32Cube_FW_WB_V1.15.0RC1, STM32Cube_FW_WB_V1.16.0, STM32Cube_FW_WB_V1.16.0RC2, STM32Cube_FW_WB_V1.18.0, STM32Cube_FW_WL_V1.3.0, X-CUBE-ALGOBUILD_V1.3.0, X-CUBE-ALS_V1.0.1, X-CUBE-AZRTOS-F4_V1.1.0, X-CUBE-AZRTOS-F7_V1.1.0, X-CUBE-AZRTOS-G0_V1.1.0, X-CUBE-AZRTOS-G4_V2.0.0, X-CUBE-AZRTOS-H7_V3.1.0, X-CUBE-AZRTOS-L4_V1.0.0, X-CUBE-AZRTOS-L4_V2.0.0, X-CUBE-AZRTOS-L5_V1.1.0, X-CUBE-AZRTOS-WB_V2.0.0, X-CUBE-AZRTOS-WL_V2.0.0, X-CUBE-BLE1_V7.0.0, X-CUBE-BLE2_V3.3.0, X-CUBE-BLEMGR_V3.0.0, X-CUBE-EEPRMA1_V4.1.0, X-CUBE-EEPRMA1_V4.2.0, X-CUBE-FREERTOS_V1.1.0, X-CUBE-GNSS1_V6.0.0, X-CUBE-MEMS1_V10.0.0, X-CUBE-MEMS1_V9.1.0, X-CUBE-MEMS1_V9.4.0, X-CUBE-MEMS1_V9.6.0, X-CUBE-NFC4_V3.0.0, X-CUBE-NFC7_V1.0.1, X-CUBE-SFXS2LP1_V4.0.0, X-CUBE-SUBG2_V5.0.0, X-CUBE-TOF1_V3.4.0]
2023-12-28 21:47:19,441 [INFO] ApiDb:240 - Found 371 in-development CPN: [B-G473E-ZEST1S, B-WB1M-WPAN1, B-WL5M-SUBG1, NUCLEO-C031C6, NUCLEO-H503RB, NUCLEO-H563ZI, NUCLEO-U545RE-Q, NUCLEO-U5A5ZJ-Q, NUCLEO-WBA52CG, NUCLEO-WBA55CG, STEVAL-MKBOXPRO, STEVAL-PROTEUS1, STEVAL-STWINBX1, STM320518-EVAL, STM32C0116-DK, STM32C011D6Y3TR, STM32C011D6Y6TR, STM32C011F4P3, STM32C011F4P6, STM32C011F4U3, STM32C011F4U6TR, STM32C011F6P3, STM32C011F6P6, STM32C011F6U3, STM32C011F6U6TR, STM32C011J4M3, STM32C011J4M6, STM32C011J6M3, STM32C011J6M6, STM32C0316-DK, STM32C031C4T3, STM32C031C4T6, STM32C031C4U3, STM32C031C4U6, STM32C031C6T3, STM32C031C6T6, STM32C031C6U3, STM32C031C6U6, STM32C031F4P3, STM32C031F4P6, STM32C031F6P3, STM32C031F6P6, STM32C031G4U3, STM32C031G4U6, STM32C031G6U3, STM32C031G6U6, STM32C031K4T3, STM32C031K4T6, STM32C031K4U3, STM32C031K4U6, STM32C031K6T3, STM32C031K6T6, STM32C031K6U3, STM32C031K6U6, STM32G071K8TXN, STM32G071K8UXN, STM32G081GBU6N, STM32G081KBT6N, STM32G081KBUXN, STM32G0B1CCT6N, STM32G0B1KCT6, STM32G0B1NEY6TR, STM32G0B1RCT6N, STM32G0C1CCT6, STM32G0C1CCT6N, STM32G0C1CCU6N, STM32G0C1CET6N, STM32G0C1CEU6N, STM32G0C1KCT6, STM32G0C1NEY6TR, STM32G0C1RCI6N, STM32G0C1RCT6N, STM32G0C1REI6N, STM32G0C1RET6N, STM32G0C1VCI6, STM32G0C1VEI6, STM32G471CCT6, STM32G471CCU6, STM32G471CET3, STM32G471CET6, STM32G471CEU3, STM32G471CEU6, STM32G471MCT6, STM32G471MET3, STM32G471MET6, STM32G471MEY6TR, STM32G471QCT6, STM32G471QET3, STM32G471RCT6, STM32G471RET3, STM32G471RET6, STM32G471VCH6, STM32G471VCI6, STM32G471VCT6, STM32G471VEH3, STM32G471VEH6, STM32G471VEI3, STM32G471VEI6, STM32G471VET3, STM32G471VET6, STM32G474CCT6, STM32H503CBT6, STM32H503CBU6, STM32H503EBY6TR, STM32H503KBU6, STM32H503RBT6, STM32H562AGI6, STM32H562AII6, STM32H562IGK6, STM32H562IGT6, STM32H562IIK6, STM32H562IIT6, STM32H562RGT6, STM32H562RGV6, STM32H562RIT6, STM32H562RIV6, STM32H562VGT6, STM32H562VIT6, STM32H562ZGT6, STM32H562ZIT6, STM32H563AGI6, STM32H563AII3Q, STM32H563AII6, STM32H563IGK6, STM32H563IGT6, STM32H563IIK3Q, STM32H563IIK6, STM32H563IIT3Q, STM32H563IIT6, STM32H563MIY3QTR, STM32H563RGT6, STM32H563RGV6, STM32H563RIT6, STM32H563RIV6, STM32H563VGT6, STM32H563VIT3Q, STM32H563VIT6, STM32H563ZGT6, STM32H563ZIT3Q, STM32H563ZIT6, STM32H573AII3Q, STM32H573AII6, STM32H573I-DK, STM32H573IIK3Q, STM32H573IIK6, STM32H573IIT3Q, STM32H573IIT6, STM32H573MIY3QTR, STM32H573RIT6, STM32H573RIV6, STM32H573VIT3Q, STM32H573VIT6, STM32H573ZIT3Q, STM32H573ZIT6, STM32L4R5QGI6STR, STM32MP131AAE3, STM32MP131AAF3, STM32MP131AAG3, STM32MP131CAE3, STM32MP131CAF3, STM32MP131CAG3, STM32MP131DAE7, STM32MP131DAF7, STM32MP131DAG7, STM32MP131FAE7, STM32MP131FAF7, STM32MP131FAG7, STM32MP133AAE3, STM32MP133AAF3, STM32MP133AAG3, STM32MP133CAE3, STM32MP133CAF3, STM32MP133CAG3, STM32MP133DAE7, STM32MP133DAF7, STM32MP133DAG7, STM32MP133FAE7, STM32MP133FAF7, STM32MP133FAG7, STM32MP135AAE3, STM32MP135AAF3, STM32MP135AAG3, STM32MP135CAE3, STM32MP135CAF3, STM32MP135CAG3, STM32MP135DAE7, STM32MP135DAF7, STM32MP135DAG7, STM32MP135F-DK, STM32MP135FAE7, STM32MP135FAF7, STM32MP135FAF7T, STM32MP135FAF7U, STM32MP135FAG7, STM32U535CBT6, STM32U535CBT6Q, STM32U535CBU6, STM32U535CBU6Q, STM32U535CCT6, STM32U535CCT6Q, STM32U535CCU6, STM32U535CCU6Q, STM32U535CET6, STM32U535CET6Q, STM32U535CEU6, STM32U535CEU6Q, STM32U535JEY6QTR, STM32U535NCY6QTR, STM32U535NEY6QTR, STM32U535RBI6, STM32U535RBI6Q, STM32U535RBT6, STM32U535RBT6Q, STM32U535RCI6, STM32U535RCI6Q, STM32U535RCT6, STM32U535RCT6Q, STM32U535REI6, STM32U535REI6Q, STM32U535RET6, STM32U535RET6Q, STM32U535VCI6, STM32U535VCI6Q, STM32U535VCT6, STM32U535VCT6Q, STM32U535VEI6, STM32U535VEI6Q, STM32U535VET6, STM32U535VET6Q, STM32U545CET6, STM32U545CET6Q, STM32U545CEU6, STM32U545CEU6Q, STM32U545JEY6QTR, STM32U545NEY6QTR, STM32U545REI6, STM32U545REI6Q, STM32U545RET6, STM32U545RET6Q, STM32U545VEI6, STM32U545VEI6Q, STM32U545VET6, STM32U545VET6Q, STM32U595AIH6, STM32U595AIH6Q, STM32U595AJH6, STM32U595AJH6Q, STM32U595QII6, STM32U595QII6Q, STM32U595QJI6, STM32U595QJI6Q, STM32U595RIT6, STM32U595RIT6Q, STM32U595RJT6, STM32U595RJT6Q, STM32U595VIT6, STM32U595VIT6Q, STM32U595VJT6, STM32U595VJT6Q, STM32U595ZIT6, STM32U595ZIT6Q, STM32U595ZIY6QTR, STM32U595ZJT6, STM32U595ZJT6Q, STM32U595ZJY6QTR, STM32U599BJY6QTR, STM32U599NIH6Q, STM32U599NJH6Q, STM32U599VIT6Q, STM32U599VJT6, STM32U599VJT6Q, STM32U599ZIT6Q, STM32U599ZIY6QTR, STM32U599ZJT6Q, STM32U599ZJY6QTR, STM32U5A5AJH6, STM32U5A5AJH6Q, STM32U5A5QJI6, STM32U5A5QJI6Q, STM32U5A5RJT6, STM32U5A5RJT6Q, STM32U5A5VJT6, STM32U5A5VJT6Q, STM32U5A5ZJT6, STM32U5A5ZJT6Q, STM32U5A5ZJY6QTR, STM32U5A9BJY6QTR, STM32U5A9J-DK, STM32U5A9NJH6Q, STM32U5A9VJT6Q, STM32U5A9ZJT6Q, STM32U5A9ZJY6QTR, STM32U5F7VIT6, STM32U5F7VIT6Q, STM32U5F7VJT6, STM32U5F7VJT6Q, STM32U5F9BJY6QTR, STM32U5F9NJH6Q, STM32U5F9VIT6Q, STM32U5F9VJT6Q, STM32U5F9ZIJ6QTR, STM32U5F9ZIT6Q, STM32U5F9ZJJ6QTR, STM32U5F9ZJT6Q, STM32U5G7VJT6, STM32U5G7VJT6Q, STM32U5G9BJY6QTR, STM32U5G9J-DK1, STM32U5G9J-DK2, STM32U5G9NJH6Q, STM32U5G9VJT6Q, STM32U5G9ZJJ6QTR, STM32U5G9ZJT6Q, STM32WB1MMCH6, STM32WBA50KEU6, STM32WBA50KEU6TR, STM32WBA50KGU6, STM32WBA50KGU6TR, STM32WBA52CEU6, STM32WBA52CEU6TR, STM32WBA52CEU7, STM32WBA52CEU7TR, STM32WBA52CGU6, STM32WBA52CGU6TR, STM32WBA52CGU6U, STM32WBA52CGU7, STM32WBA52CGU7TR, STM32WBA52KEU6, STM32WBA52KEU6TR, STM32WBA52KGU6, STM32WBA52KGU6TR, STM32WBA54CEU6, STM32WBA54CEU6TR, STM32WBA54CEU7, STM32WBA54CEU7TR, STM32WBA54CGU6, STM32WBA54CGU6TR, STM32WBA54CGU7, STM32WBA54CGU7TR, STM32WBA54KEU6, STM32WBA54KEU6TR, STM32WBA54KEU7, STM32WBA54KEU7TR, STM32WBA54KGU6, STM32WBA54KGU6TR, STM32WBA54KGU7, STM32WBA54KGU7TR, STM32WBA55CEU6, STM32WBA55CEU6TR, STM32WBA55CEU7, STM32WBA55CEU7TR, STM32WBA55CGU6, STM32WBA55CGU6TR, STM32WBA55CGU6U, STM32WBA55CGU7, STM32WBA55CGU7TR, STM32WBA55G-DK1, STM32WBA55HEF6, STM32WBA55HEF7, STM32WBA55HGF6, STM32WBA55HGF7, STM32WBA55UEI6, STM32WBA55UEI6TR, STM32WBA55UEI7, STM32WBA55UEI7TR, STM32WBA55UGI6, STM32WBA55UGI6TR, STM32WBA55UGI7, STM32WBA55UGI7TR, STM32WL5MOCH6, STM32WL5MOCH6TR]
2023-12-28 21:47:19,445 [INFO] DbMcus:218 - Found 3930 MCUs, 3930 are supported
2023-12-28 21:47:19,446 [INFO] ApiDb:423 - Load user favorites file C:\Users\aleja/.stm32cubeide/favorites.mcus.txt: 1 item(s)
2023-12-28 21:47:19,446 [INFO] ApiDb:427 - User favorites MCUs=[STM32F042F4P6]
2023-12-28 21:47:19,447 [INFO] DbMcus:224 - Set 1 / 1 favorites MCUs
2023-12-28 21:47:19,765 [INFO] ApiDb:423 - Load user favorites file C:\Users\aleja/.stm32cubeide/favorites.boards.txt: 0 item(s)
2023-12-28 21:47:19,765 [INFO] ApiDb:427 - User favorites Boards=[]
2023-12-28 21:47:19,765 [INFO] DbBoards:198 - Set 0 / 0 favorites Boards
2023-12-28 21:47:19,766 [INFO] McuFinderGlobals:76 - Set McuFinderConnectedMode to true
2023-12-28 21:47:19,789 [INFO] MultiScanPanel:200 - Auto-refresh data requested => check proxy status ongoing
2023-12-28 21:47:19,793 [INFO] FinderPluginLoader:95 - Searching for filters in installed packs
2023-12-28 21:47:21,247 [INFO] LoadUrlFilesThread:185 - End of LoadServerUrlFiles without Thread
2023-12-28 21:47:21,319 [INFO] DetailPanel:341 - Set advertising image to C:/Users/aleja/STM32Cube/Repository/\en.prom-stm32wl3-mcu-finder.jpg
2023-12-28 21:49:04,654 [INFO] MainUpdater:2873 - connection check result : 10
2023-12-28 21:49:04,654 [INFO] MainUpdater:2873 - connection check result : 10
2023-12-28 21:49:04,684 [INFO] MicroXplorer:468 - Change Database Path : 
2023-12-28 21:49:04,684 [INFO] MicroXplorer:498 - Change Database Version : DB.6.0.100
2023-12-28 21:49:04,691 [WARN] ThirdParty:871 - waiting for thirdparty lock release [close project]
2023-12-28 21:49:04,691 [INFO] ThirdParty:873 - entering critical section [close project]
2023-12-28 21:49:04,698 [INFO] ThirdParty:883 - exiting critical section [close project]
2023-12-28 21:49:04,701 [INFO] PinOutPanel:1499 - setPackage(No Configuration,No Configuration)
2023-12-28 21:49:04,710 [INFO] UtilMem:75 - Begin LoadConfig() Used Memory: 433746648 Bytes (713031680)
2023-12-28 21:49:04,715 [INFO] MicroXplorer:468 - Change Database Path : 
2023-12-28 21:49:04,715 [INFO] MicroXplorer:498 - Change Database Version : DB.6.0.100
2023-12-28 21:49:04,716 [INFO] OpenFileManager:312 - Change cursor
2023-12-28 21:49:04,769 [INFO] Mcu:2016 - Initializing MCU STM32F042F4Px STM32F042F4Px STM32F042F4P6
2023-12-28 21:49:06,157 [INFO] Context:659 - Trying to add GPIOservice into a context  which must be forbidden
2023-12-28 21:49:06,495 [INFO] ImportTextPane:194 - (OptionalMessage_ERROR) Unable to find key (Mcu.ThirdPartyNb) in loaded IOC file
2023-12-28 21:49:06,495 [INFO] ImportTextPane:194 - (OptionalMessage_ERROR) Unable to find key (Mcu.PinsNb) in loaded IOC file
2023-12-28 21:49:06,495 [INFO] ImportTextPane:194 - (OptionalMessage_ERROR) Unable to find key (Mcu.IPNb) in loaded IOC file
2023-12-28 21:49:06,595 [INFO] RtosManager:555 - Registered RTOS mode: class=CMSIS, group=RTOS, mode=CMSIS_V1, owner=FREERTOS
2023-12-28 21:49:06,596 [INFO] RtosManager:555 - Registered RTOS mode: class=CMSIS, group=RTOS2, mode=CMSIS_V2, owner=FREERTOS
2023-12-28 21:49:06,596 [INFO] RtosManager:555 - Registered RTOS mode: class=RTOS, group=Core, mode=CMSIS_V1, owner=FREERTOS
2023-12-28 21:49:06,596 [INFO] RtosManager:555 - Registered RTOS mode: class=RTOS, group=Core, mode=CMSIS_V2, owner=FREERTOS
2023-12-28 21:49:06,596 [WARN] ModelIntegratedComponent:184 - Missing modes for component STMicroelectronics:FreeRTOS:0.0.1:STMicroelectronics:RTOS:FreeRTOS:Core:::10.2.0:
2023-12-28 21:49:06,628 [WARN] ModelIntegratedComponent:63 - No mode defined for component null
2023-12-28 21:49:06,628 [WARN] ModelIntegratedComponent:63 - No mode defined for component null
2023-12-28 21:49:06,628 [WARN] ModelIntegratedComponent:63 - No mode defined for component null
2023-12-28 21:49:06,628 [WARN] ModelIntegratedComponent:63 - No mode defined for component null
2023-12-28 21:49:06,628 [WARN] ModelIntegratedComponent:63 - No mode defined for component null
2023-12-28 21:49:06,628 [WARN] ModelIntegratedComponent:63 - No mode defined for component null
2023-12-28 21:49:06,629 [WARN] ModelIntegratedComponent:63 - No mode defined for component null
2023-12-28 21:49:06,629 [WARN] ModelIntegratedComponent:63 - No mode defined for component null
2023-12-28 21:49:06,629 [WARN] ModelIntegratedComponent:63 - No mode defined for component null
2023-12-28 21:49:06,629 [WARN] ModelIntegratedComponent:63 - No mode defined for component null
2023-12-28 21:49:06,629 [WARN] ModelIntegratedComponent:63 - No mode defined for component null
2023-12-28 21:49:06,629 [WARN] ModelIntegratedComponent:63 - No mode defined for component null
2023-12-28 21:49:06,629 [WARN] ModelIntegratedComponent:63 - No mode defined for component null
2023-12-28 21:49:06,629 [WARN] ModelIntegratedComponent:63 - No mode defined for component null
2023-12-28 21:49:06,629 [WARN] ModelIntegratedComponent:63 - No mode defined for component null
2023-12-28 21:49:06,630 [WARN] ModelIntegratedComponent:63 - No mode defined for component null
2023-12-28 21:49:06,630 [WARN] ModelIntegratedComponent:63 - No mode defined for component null
2023-12-28 21:49:06,630 [WARN] ModelIntegratedComponent:63 - No mode defined for component null
2023-12-28 21:49:06,630 [WARN] ModelIntegratedComponent:63 - No mode defined for component null
2023-12-28 21:49:06,630 [WARN] ModelIntegratedComponent:63 - No mode defined for component null
2023-12-28 21:49:06,631 [WARN] ModelIntegratedComponent:63 - No mode defined for component null
2023-12-28 21:49:06,631 [WARN] ModelIntegratedComponent:63 - No mode defined for component null
2023-12-28 21:49:06,631 [WARN] ModelIntegratedComponent:63 - No mode defined for component null
2023-12-28 21:49:06,631 [WARN] ModelIntegratedComponent:63 - No mode defined for component null
2023-12-28 21:49:06,631 [WARN] ModelIntegratedComponent:63 - No mode defined for component null
2023-12-28 21:49:06,631 [WARN] ModelIntegratedComponent:63 - No mode defined for component null
2023-12-28 21:49:06,631 [WARN] ModelIntegratedComponent:63 - No mode defined for component null
2023-12-28 21:49:06,631 [WARN] ModelIntegratedComponent:63 - No mode defined for component null
2023-12-28 21:49:06,632 [WARN] ModelIntegratedComponent:63 - No mode defined for component null
2023-12-28 21:49:06,632 [WARN] ModelIntegratedComponent:63 - No mode defined for component null
2023-12-28 21:49:06,632 [WARN] ModelIntegratedComponent:63 - No mode defined for component null
2023-12-28 21:49:06,632 [WARN] ModelIntegratedComponent:63 - No mode defined for component null
2023-12-28 21:49:06,632 [WARN] ModelIntegratedComponent:63 - No mode defined for component null
2023-12-28 21:49:06,798 [INFO] ThirdPartyModel:298 - Start build external matchings
2023-12-28 21:49:07,112 [INFO] ThirdPartyModel:316 - End build external matchings
2023-12-28 21:49:07,360 [INFO] UtilMem:75 - End LoadConfig() Used Memory: 282891360 Bytes (713031680)
2023-12-28 21:49:07,419 [INFO] MicroXplorer:468 - Change Database Path : 
2023-12-28 21:49:07,420 [INFO] MicroXplorer:498 - Change Database Version : DB.6.0.100
2023-12-28 21:49:07,422 [WARN] ThirdParty:833 - waiting for thirdparty lock release [change project]
2023-12-28 21:49:07,423 [INFO] ThirdParty:835 - entering critical section [change project]
2023-12-28 21:49:07,423 [INFO] ThirdParty:1030 - CMSIS Pack Vendor :STMicroelectronics X-CUBE-ISPU 1.1.0
2023-12-28 21:49:07,423 [INFO] ThirdParty:1030 - CMSIS Pack Vendor :STMicroelectronics USBPD 4.1
2023-12-28 21:49:07,423 [INFO] ThirdParty:1030 - CMSIS Pack Vendor :STMicroelectronics X-CUBE-GNSS1 6.0.0
2023-12-28 21:49:07,424 [INFO] ThirdParty:1030 - CMSIS Pack Vendor :STMicroelectronics USB_HOST 2.0.0
2023-12-28 21:49:07,424 [INFO] ThirdParty:1030 - CMSIS Pack Vendor :STMicroelectronics X-CUBE-AZRTOS-F4 1.1.0
2023-12-28 21:49:07,424 [INFO] ThirdParty:1030 - CMSIS Pack Vendor :STMicroelectronics LIBJPEG 8.0.0
2023-12-28 21:49:07,424 [INFO] ThirdParty:1030 - CMSIS Pack Vendor :wolfSSL I-CUBE-wolfSSL 5.6.4
2023-12-28 21:49:07,424 [INFO] ThirdParty:1030 - CMSIS Pack Vendor :STMicroelectronics X-CUBE-SMBUS 2.1.0
2023-12-28 21:49:07,424 [INFO] ThirdParty:1030 - CMSIS Pack Vendor :STMicroelectronics USB_DEVICE 3.0.0
2023-12-28 21:49:07,424 [INFO] ThirdParty:1030 - CMSIS Pack Vendor :STMicroelectronics X-CUBE-AZRTOS-WB 2.0.0
2023-12-28 21:49:07,424 [INFO] ThirdParty:1030 - CMSIS Pack Vendor :STMicroelectronics X-CUBE-TOUCHGFX 4.23.0
2023-12-28 21:49:07,424 [INFO] ThirdParty:1030 - CMSIS Pack Vendor :STMicroelectronics X-CUBE-AZRTOS-F7 1.1.0
2023-12-28 21:49:07,424 [INFO] ThirdParty:1030 - CMSIS Pack Vendor :STMicroelectronics X-CUBE-AZRTOS-L5 2.0.0
2023-12-28 21:49:07,424 [INFO] ThirdParty:1030 - CMSIS Pack Vendor :STMicroelectronics USB_DEVICE 2.0.0
2023-12-28 21:49:07,424 [INFO] ThirdParty:1030 - CMSIS Pack Vendor :STMicroelectronics X-CUBE-EEPRMA1 4.2.0
2023-12-28 21:49:07,424 [INFO] ThirdParty:1030 - CMSIS Pack Vendor :ITTIA_DB I-CUBE-ITTIADB 8.8.0
2023-12-28 21:49:07,425 [INFO] ThirdParty:1030 - CMSIS Pack Vendor :STMicroelectronics FP-SNS-MOTENV1 4.3.2
2023-12-28 21:49:07,425 [INFO] ThirdParty:1030 - CMSIS Pack Vendor :STMicroelectronics X-CUBE-ALGOBUILD 1.3.0
2023-12-28 21:49:07,425 [INFO] ThirdParty:1030 - CMSIS Pack Vendor :STMicroelectronics FreeRTOS 0.0.1
2023-12-28 21:49:07,425 [INFO] ThirdParty:1030 - CMSIS Pack Vendor :STMicroelectronics X-CUBE-AZRTOS-G0 1.1.0
2023-12-28 21:49:07,425 [INFO] ThirdParty:1030 - CMSIS Pack Vendor :STMicroelectronics X-CUBE-NFC4 3.0.0
2023-12-28 21:49:07,425 [INFO] ThirdParty:1030 - CMSIS Pack Vendor :STMicroelectronics X-CUBE-SUBG2 5.0.0
2023-12-28 21:49:07,425 [INFO] ThirdParty:1030 - CMSIS Pack Vendor :STMicroelectronics STM32_WPAN 1.0.0
2023-12-28 21:49:07,426 [INFO] ThirdParty:1030 - CMSIS Pack Vendor :STMicroelectronics lwIP 2.0.3
2023-12-28 21:49:07,426 [INFO] ThirdParty:1030 - CMSIS Pack Vendor :STMicroelectronics FP-SNS-FLIGHT1 5.0.2
2023-12-28 21:49:07,426 [INFO] ThirdParty:1030 - CMSIS Pack Vendor :STMicroelectronics USB_HOST 1.0.0
2023-12-28 21:49:07,426 [INFO] ThirdParty:1030 - CMSIS Pack Vendor :STMicroelectronics X-CUBE-AZRTOS-G4 2.0.0
2023-12-28 21:49:07,426 [INFO] ThirdParty:1030 - CMSIS Pack Vendor :STMicroelectronics PDM2PCM 3.1.0
2023-12-28 21:49:07,426 [INFO] ThirdParty:1030 - CMSIS Pack Vendor :STMicroelectronics X-CUBE-AZRTOS-H7 3.1.0
2023-12-28 21:49:07,426 [INFO] ThirdParty:1030 - CMSIS Pack Vendor :Infineon AIROC-Wi-Fi-Bluetooth-STM32 1.5.1
2023-12-28 21:49:07,426 [INFO] ThirdParty:1030 - CMSIS Pack Vendor :STMicroelectronics X-CUBE-BLEMGR 3.0.0
2023-12-28 21:49:07,426 [INFO] ThirdParty:1030 - CMSIS Pack Vendor :STMicroelectronics PDM2PCM 3.3.0
2023-12-28 21:49:07,426 [INFO] ThirdParty:1030 - CMSIS Pack Vendor :STMicroelectronics X-CUBE-DISPLAY 3.0.0
2023-12-28 21:49:07,427 [INFO] ThirdParty:1030 - CMSIS Pack Vendor :STMicroelectronics FP-SNS-MOTENVWB1 1.3.1
2023-12-28 21:49:07,427 [INFO] ThirdParty:1030 - CMSIS Pack Vendor :STMicroelectronics X-CUBE-BLE1 7.0.0
2023-12-28 21:49:07,427 [INFO] ThirdParty:1030 - CMSIS Pack Vendor :STMicroelectronics FP-ATR-SIGFOX1 3.2.0
2023-12-28 21:49:07,427 [INFO] ThirdParty:1030 - CMSIS Pack Vendor :STMicroelectronics X-CUBE-ISPU 2.0.0
2023-12-28 21:49:07,427 [INFO] ThirdParty:1030 - CMSIS Pack Vendor :STMicroelectronics HAL Drivers 0.0.0
2023-12-28 21:49:07,427 [INFO] ThirdParty:1030 - CMSIS Pack Vendor :STMicroelectronics MBEDTLS 2.16.2
2023-12-28 21:49:07,427 [INFO] ThirdParty:1030 - CMSIS Pack Vendor :emotas I-CUBE-CANOPEN 1.3.0
2023-12-28 21:49:07,427 [INFO] ThirdParty:1030 - CMSIS Pack Vendor :STMicroelectronics X-CUBE-MEMS1 10.0.0
2023-12-28 21:49:07,427 [INFO] ThirdParty:1030 - CMSIS Pack Vendor :STMicroelectronics X-CUBE-FREERTOS 1.1.0
2023-12-28 21:49:07,427 [INFO] ThirdParty:1030 - CMSIS Pack Vendor :STMicroelectronics X-CUBE-NFC7 1.0.1
2023-12-28 21:49:07,427 [INFO] ThirdParty:1030 - CMSIS Pack Vendor :STMicroelectronics MBEDTLS 2.14.1
2023-12-28 21:49:07,427 [INFO] ThirdParty:1030 - CMSIS Pack Vendor :STMicroelectronics X-CUBE-TOUCHGFX 4.22.1
2023-12-28 21:49:07,427 [INFO] ThirdParty:1030 - CMSIS Pack Vendor :STMicroelectronics X-CUBE-NFC6 3.0.0
2023-12-28 21:49:07,428 [INFO] ThirdParty:1030 - CMSIS Pack Vendor :portGmbH I-Cube-SoM-uGOAL 1.1.0
2023-12-28 21:49:07,428 [INFO] ThirdParty:1030 - CMSIS Pack Vendor :STMicroelectronics X-CUBE-ALS 1.0.1
2023-12-28 21:49:07,428 [INFO] ThirdParty:1030 - CMSIS Pack Vendor :STMicroelectronics ThreadX 1.0.0
2023-12-28 21:49:07,428 [INFO] ThirdParty:1030 - CMSIS Pack Vendor :STMicroelectronics FP-SNS-SMARTAG2 1.2.0
2023-12-28 21:49:07,428 [INFO] ThirdParty:1030 - CMSIS Pack Vendor :STMicroelectronics X-CUBE-AZRTOS-WL 2.0.0
2023-12-28 21:49:07,428 [INFO] ThirdParty:1030 - CMSIS Pack Vendor :STMicroelectronics USB_DEVICE 1.0.0
2023-12-28 21:49:07,428 [INFO] ThirdParty:1030 - CMSIS Pack Vendor :STMicroelectronics X-CUBE-AI 8.1.0
2023-12-28 21:49:07,428 [INFO] ThirdParty:1030 - CMSIS Pack Vendor :STMicroelectronics X-CUBE-AZRTOS-L4 2.0.0
2023-12-28 21:49:07,428 [INFO] ThirdParty:1030 - CMSIS Pack Vendor :STMicroelectronics ThreadX 0.0.2
2023-12-28 21:49:07,428 [INFO] ThirdParty:1030 - CMSIS Pack Vendor :WES I-CUBE-Cesium 1.3.0
2023-12-28 21:49:07,428 [INFO] ThirdParty:1030 - CMSIS Pack Vendor :STMicroelectronics FP-ATR-ASTRA1 2.0.0
2023-12-28 21:49:07,428 [INFO] ThirdParty:1030 - CMSIS Pack Vendor :STMicroelectronics lwIP 2.1.2
2023-12-28 21:49:07,429 [INFO] ThirdParty:1030 - CMSIS Pack Vendor :STMicroelectronics X-CUBE-SFXS2LP1 4.0.0
2023-12-28 21:49:07,429 [INFO] ThirdParty:1030 - CMSIS Pack Vendor :STMicroelectronics X-CUBE-BLE2 3.3.0
2023-12-28 21:49:07,429 [INFO] ThirdParty:1030 - CMSIS Pack Vendor :STMicroelectronics X-CUBE-TOF1 3.4.0
2023-12-28 21:49:07,429 [INFO] ThirdParty:1030 - CMSIS Pack Vendor :STMicroelectronics X-CUBE-AZRTOS-H7 3.2.0
2023-12-28 21:49:07,429 [INFO] ThirdParty:1030 - CMSIS Pack Vendor :STMicroelectronics PDM2PCM 3.2.0
2023-12-28 21:49:07,429 [INFO] ThirdParty:841 - exiting critical section [change project]
2023-12-28 21:49:07,829 [INFO] PinOutPanel:1499 - setPackage(No Configuration,No Configuration)
2023-12-28 21:49:07,832 [INFO] PinOutPanel:1499 - setPackage(STM32F042F4Px,TSSOP20)
2023-12-28 21:49:09,043 [INFO] UtilMem:75 - Before build in PCC Used Memory: 266812320 Bytes (667942912)
2023-12-28 21:49:10,113 [INFO] UtilMem:75 - After build in PCC Used Memory: 336608104 Bytes (667942912)
2023-12-28 21:49:10,148 [INFO] IPUIPlugin:80 - create IPUIPlugin
2023-12-28 21:49:10,148 [INFO] IPUIPlugin:80 - create IPUIPlugin
2023-12-28 21:49:10,149 [INFO] IPUIPlugin:80 - create IPUIPlugin
2023-12-28 21:49:10,149 [INFO] IPUIPlugin:80 - create IPUIPlugin
2023-12-28 21:49:10,149 [INFO] IPUIPlugin:80 - create IPUIPlugin
2023-12-28 21:49:10,149 [INFO] IPUIPlugin:80 - create IPUIPlugin
2023-12-28 21:49:10,149 [INFO] IPUIPlugin:80 - create IPUIPlugin
2023-12-28 21:49:10,149 [INFO] IPUIPlugin:80 - create IPUIPlugin
2023-12-28 21:49:10,149 [INFO] IPUIPlugin:80 - create IPUIPlugin
2023-12-28 21:49:10,149 [INFO] IPUIPlugin:80 - create IPUIPlugin
2023-12-28 21:49:10,150 [INFO] IPUIPlugin:80 - create IPUIPlugin
2023-12-28 21:49:10,150 [INFO] IPUIPlugin:80 - create IPUIPlugin
2023-12-28 21:49:10,150 [INFO] IPUIPlugin:80 - create IPUIPlugin
2023-12-28 21:49:10,150 [INFO] IPUIPlugin:80 - create IPUIPlugin
2023-12-28 21:49:10,150 [INFO] IPUIPlugin:80 - create IPUIPlugin
2023-12-28 21:49:10,150 [INFO] IPUIPlugin:80 - create IPUIPlugin
2023-12-28 21:49:10,150 [INFO] IPUIPlugin:80 - create IPUIPlugin
2023-12-28 21:49:10,151 [INFO] IPUIPlugin:80 - create IPUIPlugin
2023-12-28 21:49:10,151 [INFO] IPUIPlugin:80 - create IPUIPlugin
2023-12-28 21:49:10,151 [INFO] IPUIPlugin:80 - create IPUIPlugin
2023-12-28 21:49:10,151 [INFO] IPUIPlugin:80 - create IPUIPlugin
2023-12-28 21:49:10,151 [INFO] IPUIPlugin:80 - create IPUIPlugin
2023-12-28 21:49:10,151 [INFO] IPUIPlugin:80 - create IPUIPlugin
2023-12-28 21:49:10,151 [INFO] IPUIPlugin:80 - create IPUIPlugin
2023-12-28 21:49:10,152 [INFO] IPUIPlugin:80 - create IPUIPlugin
2023-12-28 21:49:10,152 [INFO] IPUIPlugin:80 - create IPUIPlugin
2023-12-28 21:49:10,152 [INFO] IPUIPlugin:80 - create IPUIPlugin
2023-12-28 21:49:10,152 [INFO] IPUIPlugin:80 - create IPUIPlugin
2023-12-28 21:49:10,152 [INFO] IPUIPlugin:80 - create IPUIPlugin
2023-12-28 21:49:10,153 [INFO] IPUIPlugin:80 - create IPUIPlugin
2023-12-28 21:49:10,428 [INFO] CADModel:165 - CPN selected for project levelSTM32F042F4P6
2023-12-28 21:49:10,428 [INFO] CADModel:114 - Register for checkConnection events
2023-12-28 21:49:10,489 [INFO] OpenFileManager:343 - Restore cursor
2023-12-28 21:49:11,735 [INFO] UtilMem:75 - End SaveConfig() Used Memory: 417935776 Bytes (667942912)
2023-12-28 21:49:11,815 [INFO] UtilMem:75 - End SaveConfig() Used Memory: 428421536 Bytes (667942912)
2023-12-28 21:49:12,225 [INFO] BlockDiagram:2759 - set Specific Code input for plugin: NVIC
2023-12-28 21:49:12,227 [INFO] BlockDiagram:2759 - set Specific Code input for plugin: RCC
2023-12-28 21:49:12,229 [INFO] CodeGenerator:807 - code generatio: config db path: C:\ST\STM32CubeIDE_1.13.2\STM32CubeIDE\plugins\com.st.stm32cube.common.mx_6.10.0.202311202037\\db\
2023-12-28 21:49:12,523 [INFO] CodeEngine:255 - oldGeneratedFile, C:\Users\aleja\OneDrive\Escritorio\gettingStartedSTM\newFrontNode_v0\MXTmpFiles\license.tmp_save
2023-12-28 21:49:13,115 [INFO] CodeEngine:279 - Generated code: C:\Users\aleja\OneDrive\Escritorio\gettingStartedSTM\newFrontNode_v0\MXTmpFiles\license.tmp
2023-12-28 21:49:13,163 [INFO] CodeEngine:255 - oldGeneratedFile, C:\Users\aleja\OneDrive\Escritorio\gettingStartedSTM\newFrontNode_v0\Core\Src\stm32f0xx_it.c_save
2023-12-28 21:49:13,385 [INFO] CodeEngine:279 - Generated code: C:\Users\aleja\OneDrive\Escritorio\gettingStartedSTM\newFrontNode_v0\Core\Src\stm32f0xx_it.c
2023-12-28 21:49:13,399 [INFO] CodeEngine:255 - oldGeneratedFile, C:\Users\aleja\OneDrive\Escritorio\gettingStartedSTM\newFrontNode_v0\Core\Inc\stm32f0xx_it.h_save
2023-12-28 21:49:13,531 [INFO] CodeEngine:279 - Generated code: C:\Users\aleja\OneDrive\Escritorio\gettingStartedSTM\newFrontNode_v0\Core\Inc\stm32f0xx_it.h
2023-12-28 21:49:13,757 [INFO] CodeEngine:255 - oldGeneratedFile, C:\Users\aleja\OneDrive\Escritorio\gettingStartedSTM\newFrontNode_v0\Core\Src\stm32f0xx_hal_msp.c_save
2023-12-28 21:49:13,945 [INFO] CodeEngine:279 - Generated code: C:\Users\aleja\OneDrive\Escritorio\gettingStartedSTM\newFrontNode_v0\Core\Src\stm32f0xx_hal_msp.c
2023-12-28 21:49:13,974 [INFO] CodeEngine:255 - oldGeneratedFile, C:\Users\aleja\OneDrive\Escritorio\gettingStartedSTM\newFrontNode_v0\MXTmpFiles\system.tmp_save
2023-12-28 21:49:14,074 [INFO] CodeEngine:279 - Generated code: C:\Users\aleja\OneDrive\Escritorio\gettingStartedSTM\newFrontNode_v0\MXTmpFiles\system.tmp
2023-12-28 21:49:14,100 [INFO] CodeEngine:311 - oldGeneratedFile, C:\Users\aleja\OneDrive\Escritorio\gettingStartedSTM\newFrontNode_v0\Core\Inc\stm32f0xx_hal_conf.h_save
2023-12-28 21:49:14,253 [INFO] CodeEngine:335 - Generated code: C:\Users\aleja\OneDrive\Escritorio\gettingStartedSTM\newFrontNode_v0\Core\Inc\stm32f0xx_hal_conf.h
2023-12-28 21:49:14,358 [INFO] CodeEngine:255 - oldGeneratedFile, C:\Users\aleja\OneDrive\Escritorio\gettingStartedSTM\newFrontNode_v0\Core\Inc\main.h_save
2023-12-28 21:49:14,521 [INFO] CodeEngine:279 - Generated code: C:\Users\aleja\OneDrive\Escritorio\gettingStartedSTM\newFrontNode_v0\Core\Inc\main.h
2023-12-28 21:49:14,548 [INFO] CodeEngine:255 - oldGeneratedFile, C:\Users\aleja\OneDrive\Escritorio\gettingStartedSTM\newFrontNode_v0\Core\Src\main.c_save
2023-12-28 21:49:14,771 [INFO] CodeEngine:279 - Generated code: C:\Users\aleja\OneDrive\Escritorio\gettingStartedSTM\newFrontNode_v0\Core\Src\main.c
2023-12-28 21:49:15,448 [INFO] ProjectBuilder:3076 - Time for Copy HAL[1] : 215mS.
2023-12-28 21:49:15,457 [INFO] ProjectBuilder:4485 - Project Generator version: 4.2.0-B44
2023-12-28 21:49:15,856 [INFO] ConfigFileManager:1495 - The Die is : DIE445
2023-12-28 21:49:15,902 [INFO] ApiDbMcu:508 - Load IP Config File for FATFS
2023-12-28 21:49:15,932 [INFO] ApiDbMcu:508 - Load IP Config File for FREERTOS
2023-12-28 21:49:15,980 [INFO] ApiDbMcu:508 - Load IP Config File for TOUCHSENSING
2023-12-28 21:49:16,002 [INFO] ApiDbMcu:508 - Load IP Config File for USB_DEVICE
2023-12-28 21:49:17,331 [INFO] LogOutputStream:77 - [STDOUT_REDIRECT] 
2023-12-28 21:49:20,977 [INFO] ProjectBuilder:4747 - Time for Generating toolchain IDE Files: 5518mS.
2023-12-28 21:49:20,978 [INFO] ProjectBuilder:2947 - Time for Copy CMSIS : 1mS.
2023-12-28 21:49:20,983 [INFO] ProjectBuilder:2947 - Time for Copy CMSIS : 1mS.
2023-12-28 21:49:21,584 [INFO] McuFinderGlobals:76 - Set McuFinderConnectedMode to true
2023-12-28 21:49:21,594 [INFO] ApiDb:448 - Save user favorites file C:\Users\aleja/.stm32cubeide/favorites.mcus.txt: 1 item(s)
2023-12-28 21:49:21,594 [INFO] ApiDb:452 - User favorites MCUs=[STM32F042F4P6]
2023-12-28 21:49:45,559 [INFO] DmaTabbedPanel:205 - Cannot restore the selected Tab for DMA
2023-12-28 21:52:46,117 [INFO] UtilMem:75 - End SaveConfig() Used Memory: 425640984 Bytes (765460480)
2023-12-28 21:52:47,129 [INFO] UtilMem:75 - End SaveConfig() Used Memory: 514871352 Bytes (765460480)
2023-12-28 21:52:47,543 [INFO] BlockDiagram:2759 - set Specific Code input for plugin: NVIC
2023-12-28 21:52:47,543 [INFO] BlockDiagram:2759 - set Specific Code input for plugin: SYS
2023-12-28 21:52:47,544 [INFO] BlockDiagram:2759 - set Specific Code input for plugin: GPIO
2023-12-28 21:52:47,544 [INFO] BlockDiagram:2759 - set Specific Code input for plugin: RCC
2023-12-28 21:52:47,547 [INFO] CodeGenerator:807 - code generatio: config db path: C:\ST\STM32CubeIDE_1.13.2\STM32CubeIDE\plugins\com.st.stm32cube.common.mx_6.10.0.202311202037\\db\
2023-12-28 21:52:47,707 [INFO] CodeEngine:255 - oldGeneratedFile, C:\Users\aleja\OneDrive\Escritorio\gettingStartedSTM\newFrontNode_v0\MXTmpFiles\license.tmp_save
2023-12-28 21:52:47,856 [INFO] CodeEngine:279 - Generated code: C:\Users\aleja\OneDrive\Escritorio\gettingStartedSTM\newFrontNode_v0\MXTmpFiles\license.tmp
2023-12-28 21:52:47,884 [INFO] CodeEngine:255 - oldGeneratedFile, C:\Users\aleja\OneDrive\Escritorio\gettingStartedSTM\newFrontNode_v0\MXTmpFiles\gpio.tmp_save
2023-12-28 21:52:48,022 [INFO] CodeEngine:279 - Generated code: C:\Users\aleja\OneDrive\Escritorio\gettingStartedSTM\newFrontNode_v0\MXTmpFiles\gpio.tmp
2023-12-28 21:52:48,057 [INFO] CodeEngine:255 - oldGeneratedFile, C:\Users\aleja\OneDrive\Escritorio\gettingStartedSTM\newFrontNode_v0\Core\Src\stm32f0xx_it.c_save
2023-12-28 21:52:48,173 [INFO] CodeEngine:279 - Generated code: C:\Users\aleja\OneDrive\Escritorio\gettingStartedSTM\newFrontNode_v0\Core\Src\stm32f0xx_it.c
2023-12-28 21:52:48,194 [INFO] CodeEngine:255 - oldGeneratedFile, C:\Users\aleja\OneDrive\Escritorio\gettingStartedSTM\newFrontNode_v0\Core\Inc\stm32f0xx_it.h_save
2023-12-28 21:52:48,260 [INFO] CodeEngine:279 - Generated code: C:\Users\aleja\OneDrive\Escritorio\gettingStartedSTM\newFrontNode_v0\Core\Inc\stm32f0xx_it.h
2023-12-28 21:52:48,292 [INFO] CodeEngine:255 - oldGeneratedFile, C:\Users\aleja\OneDrive\Escritorio\gettingStartedSTM\newFrontNode_v0\Core\Src\stm32f0xx_hal_msp.c_save
2023-12-28 21:52:48,409 [INFO] CodeEngine:279 - Generated code: C:\Users\aleja\OneDrive\Escritorio\gettingStartedSTM\newFrontNode_v0\Core\Src\stm32f0xx_hal_msp.c
2023-12-28 21:52:48,414 [INFO] CodeEngine:255 - oldGeneratedFile, C:\Users\aleja\OneDrive\Escritorio\gettingStartedSTM\newFrontNode_v0\MXTmpFiles\system.tmp_save
2023-12-28 21:52:48,498 [INFO] CodeEngine:279 - Generated code: C:\Users\aleja\OneDrive\Escritorio\gettingStartedSTM\newFrontNode_v0\MXTmpFiles\system.tmp
2023-12-28 21:52:48,540 [INFO] CodeEngine:311 - oldGeneratedFile, C:\Users\aleja\OneDrive\Escritorio\gettingStartedSTM\newFrontNode_v0\Core\Inc\stm32f0xx_hal_conf.h_save
2023-12-28 21:52:48,703 [INFO] CodeEngine:335 - Generated code: C:\Users\aleja\OneDrive\Escritorio\gettingStartedSTM\newFrontNode_v0\Core\Inc\stm32f0xx_hal_conf.h
2023-12-28 21:52:48,761 [INFO] CodeEngine:255 - oldGeneratedFile, C:\Users\aleja\OneDrive\Escritorio\gettingStartedSTM\newFrontNode_v0\Core\Inc\main.h_save
2023-12-28 21:52:48,879 [INFO] CodeEngine:279 - Generated code: C:\Users\aleja\OneDrive\Escritorio\gettingStartedSTM\newFrontNode_v0\Core\Inc\main.h
2023-12-28 21:52:48,903 [INFO] CodeEngine:255 - oldGeneratedFile, C:\Users\aleja\OneDrive\Escritorio\gettingStartedSTM\newFrontNode_v0\Core\Src\main.c_save
2023-12-28 21:52:49,041 [INFO] CodeEngine:279 - Generated code: C:\Users\aleja\OneDrive\Escritorio\gettingStartedSTM\newFrontNode_v0\Core\Src\main.c
2023-12-28 21:52:49,663 [INFO] ProjectBuilder:3076 - Time for Copy HAL[1] : 176mS.
2023-12-28 21:52:49,668 [INFO] ProjectBuilder:4485 - Project Generator version: 4.2.0-B44
2023-12-28 21:52:50,000 [INFO] ConfigFileManager:1495 - The Die is : DIE445
2023-12-28 21:52:51,957 [INFO] ProjectBuilder:4747 - Time for Generating toolchain IDE Files: 2290mS.
2023-12-28 21:52:51,959 [INFO] ProjectBuilder:2947 - Time for Copy CMSIS : 0mS.
2023-12-28 21:52:51,963 [INFO] ProjectBuilder:2947 - Time for Copy CMSIS : 0mS.
2023-12-28 21:52:59,016 [INFO] MainUpdater:2873 - connection check result : 10
2023-12-28 21:52:59,016 [INFO] MainUpdater:2873 - connection check result : 10
2023-12-28 21:52:59,035 [INFO] MicroXplorer:468 - Change Database Path : 
2023-12-28 21:52:59,035 [INFO] MicroXplorer:498 - Change Database Version : DB.6.0.100
2023-12-28 21:52:59,053 [ERROR] ProjectManagerView:394 - 
java.lang.NullPointerException: Cannot invoke "javax.swing.JTextField.getText()" because the return value of "java.util.List.get(int)" is null
	at com.st.microxplorer.plugins.projectmanager.gui.ProjectChoiceTab$10.caretUpdate(ProjectChoiceTab.java:2493) ~[filemanager.jar:?]
	at javax.swing.text.JTextComponent.fireCaretUpdate(JTextComponent.java:412) ~[?:?]
	at javax.swing.text.JTextComponent$MutableCaretEvent.fire(JTextComponent.java:4491) ~[?:?]
	at javax.swing.text.JTextComponent$MutableCaretEvent.stateChanged(JTextComponent.java:4513) ~[?:?]
	at javax.swing.text.DefaultCaret.fireStateChanged(DefaultCaret.java:842) ~[?:?]
	at javax.swing.text.DefaultCaret.changeCaretPosition(DefaultCaret.java:1313) ~[?:?]
	at javax.swing.text.DefaultCaret.handleSetDot(DefaultCaret.java:1212) ~[?:?]
	at javax.swing.text.DefaultCaret.setDot(DefaultCaret.java:1193) ~[?:?]
	at javax.swing.text.DefaultCaret$Handler.insertUpdate(DefaultCaret.java:1789) ~[?:?]
	at javax.swing.text.AbstractDocument.fireInsertUpdate(AbstractDocument.java:226) ~[?:?]
	at javax.swing.text.AbstractDocument.handleInsertString(AbstractDocument.java:780) ~[?:?]
	at javax.swing.text.AbstractDocument.insertString(AbstractDocument.java:739) ~[?:?]
	at javax.swing.text.PlainDocument.insertString(PlainDocument.java:131) ~[?:?]
	at javax.swing.text.AbstractDocument.replace(AbstractDocument.java:698) ~[?:?]
	at javax.swing.text.JTextComponent.setText(JTextComponent.java:1729) ~[?:?]
	at com.st.microxplorer.plugins.projectmanager.gui.ProjectChoiceTab.createHeapStackFields(ProjectChoiceTab.java:933) ~[filemanager.jar:?]
	at com.st.microxplorer.plugins.projectmanager.gui.ProjectChoiceTab.buildLinkSettingsPanel(ProjectChoiceTab.java:3426) ~[filemanager.jar:?]
	at com.st.microxplorer.plugins.projectmanager.gui.ProjectChoiceTab.defineWindowsFields(ProjectChoiceTab.java:1813) ~[filemanager.jar:?]
	at com.st.microxplorer.plugins.projectmanager.gui.ProjectChoiceTab.updateSettings(ProjectChoiceTab.java:533) ~[filemanager.jar:?]
	at com.st.microxplorer.plugins.projectmanager.gui.ProjectSettingsPanel.UpdateDialog(ProjectSettingsPanel.java:244) ~[filemanager.jar:?]
	at com.st.microxplorer.plugins.projectmanager.ProjectManagerView.propertyChange(ProjectManagerView.java:391) ~[filemanager.jar:?]
	at java.beans.PropertyChangeSupport.fire(PropertyChangeSupport.java:343) ~[?:?]
	at java.beans.PropertyChangeSupport.firePropertyChange(PropertyChangeSupport.java:335) ~[?:?]
	at java.beans.PropertyChangeSupport.firePropertyChange(PropertyChangeSupport.java:268) ~[?:?]
	at com.st.microxplorer.util.MXPropertyChangeSupport.firePropertyChange(MXPropertyChangeSupport.java:54) ~[STM32CubeMX.jar:?]
	at com.st.microxplorer.mxsystem.MxSystem.closeConfig(MxSystem.java:900) ~[STM32CubeMX.jar:?]
	at com.st.microxplorer.maingui.MainPanel.closeConfig(MainPanel.java:776) ~[STM32CubeMX.jar:?]
	at com.st.microxplorer.plugins.filemanager.engine.OpenFileManager.loadConfigurationFile(OpenFileManager.java:245) ~[filemanager.jar:?]
	at com.st.microxplorer.plugins.filemanager.engine.MainFileManager.userLoadConfig(MainFileManager.java:290) ~[filemanager.jar:?]
	at com.st.microxplorer.plugins.filemanager.FileManagerView.getSpecificTask(FileManagerView.java:247) ~[filemanager.jar:?]
	at com.st.stm32cube.common.mx.editor.CubeMxEditor.getMxTabbedPaneInstance(CubeMxEditor.java:1184) ~[com.st.stm32cube.common.mx_6.10.0.202311202037/:?]
	at com.st.stm32cube.common.mx.editor.CubeMxEditor$12$1.createSwingComponent(CubeMxEditor.java:1065) ~[com.st.stm32cube.common.mx_6.10.0.202311202037/:?]
	at com.st.stm32cube.common.mx.oss.core.awtswtbridge.EmbeddedSwingComposite.doComponentCreation(EmbeddedSwingComposite.java:492) ~[com.st.stm32cube.common.mx.oss_6.10.0.202311202037/:?]
	at com.st.stm32cube.common.mx.oss.core.awtswtbridge.EmbeddedSwingComposite$4.run(EmbeddedSwingComposite.java:291) ~[com.st.stm32cube.common.mx.oss_6.10.0.202311202037/:?]
	at com.st.stm32cube.common.mx.oss.core.awtswtbridge.AwtEnvironment$2.run(AwtEnvironment.java:166) ~[com.st.stm32cube.common.mx.oss_6.10.0.202311202037/:?]
	at java.awt.event.InvocationEvent.dispatch(InvocationEvent.java:318) ~[?:?]
	at java.awt.EventQueue.dispatchEventImpl(EventQueue.java:773) ~[?:?]
	at java.awt.EventQueue$4.run(EventQueue.java:720) ~[?:?]
	at java.awt.EventQueue$4.run(EventQueue.java:714) ~[?:?]
	at java.security.AccessController.doPrivileged(AccessController.java:399) ~[?:?]
	at java.security.ProtectionDomain$JavaSecurityAccessImpl.doIntersectionPrivilege(ProtectionDomain.java:86) ~[?:?]
	at java.awt.EventQueue.dispatchEvent(EventQueue.java:742) ~[?:?]
	at java.awt.EventDispatchThread.pumpOneEventForFilters(EventDispatchThread.java:203) ~[?:?]
	at java.awt.EventDispatchThread.pumpEventsForFilter(EventDispatchThread.java:124) ~[?:?]
	at java.awt.EventDispatchThread.pumpEventsForHierarchy(EventDispatchThread.java:113) ~[?:?]
	at java.awt.EventDispatchThread.pumpEvents(EventDispatchThread.java:109) ~[?:?]
	at java.awt.EventDispatchThread.pumpEvents(EventDispatchThread.java:101) ~[?:?]
	at java.awt.EventDispatchThread.run(EventDispatchThread.java:90) ~[?:?]
2023-12-28 21:52:59,069 [WARN] ThirdParty:871 - waiting for thirdparty lock release [close project]
2023-12-28 21:52:59,069 [INFO] ThirdParty:873 - entering critical section [close project]
2023-12-28 21:52:59,069 [INFO] ThirdParty:883 - exiting critical section [close project]
2023-12-28 21:52:59,072 [INFO] PinOutPanel:1499 - setPackage(No Configuration,No Configuration)
2023-12-28 21:52:59,084 [INFO] UtilMem:75 - Begin LoadConfig() Used Memory: 432858672 Bytes (963641344)
2023-12-28 21:52:59,084 [INFO] MicroXplorer:468 - Change Database Path : 
2023-12-28 21:52:59,085 [INFO] MicroXplorer:498 - Change Database Version : DB.6.0.100
2023-12-28 21:52:59,085 [INFO] OpenFileManager:312 - Change cursor
2023-12-28 21:52:59,102 [INFO] RulesReader:64 - Compatibility file has been processed (297 Rules)
2023-12-28 21:52:59,106 [INFO] Mcu:2016 - Initializing MCU STM32F042F4Px STM32F042F4Px STM32F042F4P6
2023-12-28 21:53:00,087 [INFO] Context:659 - Trying to add GPIOservice into a context  which must be forbidden
2023-12-28 21:53:00,279 [INFO] RtosManager:555 - Registered RTOS mode: class=CMSIS, group=RTOS, mode=CMSIS_V1, owner=FREERTOS
2023-12-28 21:53:00,280 [INFO] RtosManager:555 - Registered RTOS mode: class=CMSIS, group=RTOS2, mode=CMSIS_V2, owner=FREERTOS
2023-12-28 21:53:00,280 [INFO] RtosManager:555 - Registered RTOS mode: class=RTOS, group=Core, mode=CMSIS_V1, owner=FREERTOS
2023-12-28 21:53:00,280 [INFO] RtosManager:555 - Registered RTOS mode: class=RTOS, group=Core, mode=CMSIS_V2, owner=FREERTOS
2023-12-28 21:53:00,280 [WARN] ModelIntegratedComponent:184 - Missing modes for component STMicroelectronics:FreeRTOS:0.0.1:STMicroelectronics:RTOS:FreeRTOS:Core:::10.2.0:
2023-12-28 21:53:00,288 [WARN] ModelIntegratedComponent:63 - No mode defined for component null
2023-12-28 21:53:00,289 [WARN] ModelIntegratedComponent:63 - No mode defined for component null
2023-12-28 21:53:00,289 [WARN] ModelIntegratedComponent:63 - No mode defined for component null
2023-12-28 21:53:00,289 [WARN] ModelIntegratedComponent:63 - No mode defined for component null
2023-12-28 21:53:00,289 [WARN] ModelIntegratedComponent:63 - No mode defined for component null
2023-12-28 21:53:00,289 [WARN] ModelIntegratedComponent:63 - No mode defined for component null
2023-12-28 21:53:00,289 [WARN] ModelIntegratedComponent:63 - No mode defined for component null
2023-12-28 21:53:00,289 [WARN] ModelIntegratedComponent:63 - No mode defined for component null
2023-12-28 21:53:00,289 [WARN] ModelIntegratedComponent:63 - No mode defined for component null
2023-12-28 21:53:00,289 [WARN] ModelIntegratedComponent:63 - No mode defined for component null
2023-12-28 21:53:00,289 [WARN] ModelIntegratedComponent:63 - No mode defined for component null
2023-12-28 21:53:00,289 [WARN] ModelIntegratedComponent:63 - No mode defined for component null
2023-12-28 21:53:00,289 [WARN] ModelIntegratedComponent:63 - No mode defined for component null
2023-12-28 21:53:00,289 [WARN] ModelIntegratedComponent:63 - No mode defined for component null
2023-12-28 21:53:00,289 [WARN] ModelIntegratedComponent:63 - No mode defined for component null
2023-12-28 21:53:00,289 [WARN] ModelIntegratedComponent:63 - No mode defined for component null
2023-12-28 21:53:00,289 [WARN] ModelIntegratedComponent:63 - No mode defined for component null
2023-12-28 21:53:00,289 [WARN] ModelIntegratedComponent:63 - No mode defined for component null
2023-12-28 21:53:00,289 [WARN] ModelIntegratedComponent:63 - No mode defined for component null
2023-12-28 21:53:00,289 [WARN] ModelIntegratedComponent:63 - No mode defined for component null
2023-12-28 21:53:00,289 [WARN] ModelIntegratedComponent:63 - No mode defined for component null
2023-12-28 21:53:00,289 [WARN] ModelIntegratedComponent:63 - No mode defined for component null
2023-12-28 21:53:00,289 [WARN] ModelIntegratedComponent:63 - No mode defined for component null
2023-12-28 21:53:00,289 [WARN] ModelIntegratedComponent:63 - No mode defined for component null
2023-12-28 21:53:00,289 [WARN] ModelIntegratedComponent:63 - No mode defined for component null
2023-12-28 21:53:00,289 [WARN] ModelIntegratedComponent:63 - No mode defined for component null
2023-12-28 21:53:00,289 [WARN] ModelIntegratedComponent:63 - No mode defined for component null
2023-12-28 21:53:00,289 [WARN] ModelIntegratedComponent:63 - No mode defined for component null
2023-12-28 21:53:00,289 [WARN] ModelIntegratedComponent:63 - No mode defined for component null
2023-12-28 21:53:00,289 [WARN] ModelIntegratedComponent:63 - No mode defined for component null
2023-12-28 21:53:00,289 [WARN] ModelIntegratedComponent:63 - No mode defined for component null
2023-12-28 21:53:00,289 [WARN] ModelIntegratedComponent:63 - No mode defined for component null
2023-12-28 21:53:00,289 [WARN] ModelIntegratedComponent:63 - No mode defined for component null
2023-12-28 21:53:00,372 [INFO] ThirdPartyModel:298 - Start build external matchings
2023-12-28 21:53:00,739 [INFO] ThirdPartyModel:316 - End build external matchings
2023-12-28 21:53:00,929 [INFO] UtilMem:75 - End LoadConfig() Used Memory: 542590536 Bytes (963641344)
2023-12-28 21:53:00,987 [INFO] MicroXplorer:468 - Change Database Path : 
2023-12-28 21:53:00,988 [INFO] MicroXplorer:498 - Change Database Version : DB.6.0.100
2023-12-28 21:53:00,988 [WARN] ThirdParty:833 - waiting for thirdparty lock release [change project]
2023-12-28 21:53:00,988 [INFO] ThirdParty:835 - entering critical section [change project]
2023-12-28 21:53:00,988 [INFO] ThirdParty:1030 - CMSIS Pack Vendor :STMicroelectronics X-CUBE-ISPU 1.1.0
2023-12-28 21:53:00,988 [INFO] ThirdParty:1030 - CMSIS Pack Vendor :STMicroelectronics USBPD 4.1
2023-12-28 21:53:00,988 [INFO] ThirdParty:1030 - CMSIS Pack Vendor :STMicroelectronics X-CUBE-GNSS1 6.0.0
2023-12-28 21:53:00,989 [INFO] ThirdParty:1030 - CMSIS Pack Vendor :STMicroelectronics USB_HOST 2.0.0
2023-12-28 21:53:00,989 [INFO] ThirdParty:1030 - CMSIS Pack Vendor :STMicroelectronics X-CUBE-AZRTOS-F4 1.1.0
2023-12-28 21:53:00,989 [INFO] ThirdParty:1030 - CMSIS Pack Vendor :STMicroelectronics LIBJPEG 8.0.0
2023-12-28 21:53:00,989 [INFO] ThirdParty:1030 - CMSIS Pack Vendor :wolfSSL I-CUBE-wolfSSL 5.6.4
2023-12-28 21:53:00,989 [INFO] ThirdParty:1030 - CMSIS Pack Vendor :STMicroelectronics X-CUBE-SMBUS 2.1.0
2023-12-28 21:53:00,989 [INFO] ThirdParty:1030 - CMSIS Pack Vendor :STMicroelectronics USB_DEVICE 3.0.0
2023-12-28 21:53:00,989 [INFO] ThirdParty:1030 - CMSIS Pack Vendor :STMicroelectronics X-CUBE-AZRTOS-WB 2.0.0
2023-12-28 21:53:00,989 [INFO] ThirdParty:1030 - CMSIS Pack Vendor :STMicroelectronics X-CUBE-TOUCHGFX 4.23.0
2023-12-28 21:53:00,989 [INFO] ThirdParty:1030 - CMSIS Pack Vendor :STMicroelectronics X-CUBE-AZRTOS-F7 1.1.0
2023-12-28 21:53:00,989 [INFO] ThirdParty:1030 - CMSIS Pack Vendor :STMicroelectronics X-CUBE-AZRTOS-L5 2.0.0
2023-12-28 21:53:00,989 [INFO] ThirdParty:1030 - CMSIS Pack Vendor :STMicroelectronics USB_DEVICE 2.0.0
2023-12-28 21:53:00,989 [INFO] ThirdParty:1030 - CMSIS Pack Vendor :STMicroelectronics X-CUBE-EEPRMA1 4.2.0
2023-12-28 21:53:00,989 [INFO] ThirdParty:1030 - CMSIS Pack Vendor :ITTIA_DB I-CUBE-ITTIADB 8.8.0
2023-12-28 21:53:00,989 [INFO] ThirdParty:1030 - CMSIS Pack Vendor :STMicroelectronics FP-SNS-MOTENV1 4.3.2
2023-12-28 21:53:00,989 [INFO] ThirdParty:1030 - CMSIS Pack Vendor :STMicroelectronics X-CUBE-ALGOBUILD 1.3.0
2023-12-28 21:53:00,989 [INFO] ThirdParty:1030 - CMSIS Pack Vendor :STMicroelectronics FreeRTOS 0.0.1
2023-12-28 21:53:00,989 [INFO] ThirdParty:1030 - CMSIS Pack Vendor :STMicroelectronics X-CUBE-AZRTOS-G0 1.1.0
2023-12-28 21:53:00,989 [INFO] ThirdParty:1030 - CMSIS Pack Vendor :STMicroelectronics X-CUBE-NFC4 3.0.0
2023-12-28 21:53:00,989 [INFO] ThirdParty:1030 - CMSIS Pack Vendor :STMicroelectronics X-CUBE-SUBG2 5.0.0
2023-12-28 21:53:00,989 [INFO] ThirdParty:1030 - CMSIS Pack Vendor :STMicroelectronics STM32_WPAN 1.0.0
2023-12-28 21:53:00,989 [INFO] ThirdParty:1030 - CMSIS Pack Vendor :STMicroelectronics lwIP 2.0.3
2023-12-28 21:53:00,989 [INFO] ThirdParty:1030 - CMSIS Pack Vendor :STMicroelectronics FP-SNS-FLIGHT1 5.0.2
2023-12-28 21:53:00,989 [INFO] ThirdParty:1030 - CMSIS Pack Vendor :STMicroelectronics USB_HOST 1.0.0
2023-12-28 21:53:00,989 [INFO] ThirdParty:1030 - CMSIS Pack Vendor :STMicroelectronics X-CUBE-AZRTOS-G4 2.0.0
2023-12-28 21:53:00,989 [INFO] ThirdParty:1030 - CMSIS Pack Vendor :STMicroelectronics PDM2PCM 3.1.0
2023-12-28 21:53:00,989 [INFO] ThirdParty:1030 - CMSIS Pack Vendor :STMicroelectronics X-CUBE-AZRTOS-H7 3.1.0
2023-12-28 21:53:00,989 [INFO] ThirdParty:1030 - CMSIS Pack Vendor :Infineon AIROC-Wi-Fi-Bluetooth-STM32 1.5.1
2023-12-28 21:53:00,989 [INFO] ThirdParty:1030 - CMSIS Pack Vendor :STMicroelectronics X-CUBE-BLEMGR 3.0.0
2023-12-28 21:53:00,989 [INFO] ThirdParty:1030 - CMSIS Pack Vendor :STMicroelectronics PDM2PCM 3.3.0
2023-12-28 21:53:00,989 [INFO] ThirdParty:1030 - CMSIS Pack Vendor :STMicroelectronics X-CUBE-DISPLAY 3.0.0
2023-12-28 21:53:00,989 [INFO] ThirdParty:1030 - CMSIS Pack Vendor :STMicroelectronics FP-SNS-MOTENVWB1 1.3.1
2023-12-28 21:53:00,990 [INFO] ThirdParty:1030 - CMSIS Pack Vendor :STMicroelectronics X-CUBE-BLE1 7.0.0
2023-12-28 21:53:00,990 [INFO] ThirdParty:1030 - CMSIS Pack Vendor :STMicroelectronics FP-ATR-SIGFOX1 3.2.0
2023-12-28 21:53:00,990 [INFO] ThirdParty:1030 - CMSIS Pack Vendor :STMicroelectronics X-CUBE-ISPU 2.0.0
2023-12-28 21:53:00,990 [INFO] ThirdParty:1030 - CMSIS Pack Vendor :STMicroelectronics HAL Drivers 0.0.0
2023-12-28 21:53:00,990 [INFO] ThirdParty:1030 - CMSIS Pack Vendor :STMicroelectronics MBEDTLS 2.16.2
2023-12-28 21:53:00,990 [INFO] ThirdParty:1030 - CMSIS Pack Vendor :emotas I-CUBE-CANOPEN 1.3.0
2023-12-28 21:53:00,990 [INFO] ThirdParty:1030 - CMSIS Pack Vendor :STMicroelectronics X-CUBE-MEMS1 10.0.0
2023-12-28 21:53:00,990 [INFO] ThirdParty:1030 - CMSIS Pack Vendor :STMicroelectronics X-CUBE-FREERTOS 1.1.0
2023-12-28 21:53:00,990 [INFO] ThirdParty:1030 - CMSIS Pack Vendor :STMicroelectronics X-CUBE-NFC7 1.0.1
2023-12-28 21:53:00,990 [INFO] ThirdParty:1030 - CMSIS Pack Vendor :STMicroelectronics MBEDTLS 2.14.1
2023-12-28 21:53:00,990 [INFO] ThirdParty:1030 - CMSIS Pack Vendor :STMicroelectronics X-CUBE-TOUCHGFX 4.22.1
2023-12-28 21:53:00,990 [INFO] ThirdParty:1030 - CMSIS Pack Vendor :STMicroelectronics X-CUBE-NFC6 3.0.0
2023-12-28 21:53:00,990 [INFO] ThirdParty:1030 - CMSIS Pack Vendor :portGmbH I-Cube-SoM-uGOAL 1.1.0
2023-12-28 21:53:00,990 [INFO] ThirdParty:1030 - CMSIS Pack Vendor :STMicroelectronics X-CUBE-ALS 1.0.1
2023-12-28 21:53:00,990 [INFO] ThirdParty:1030 - CMSIS Pack Vendor :STMicroelectronics ThreadX 1.0.0
2023-12-28 21:53:00,990 [INFO] ThirdParty:1030 - CMSIS Pack Vendor :STMicroelectronics FP-SNS-SMARTAG2 1.2.0
2023-12-28 21:53:00,990 [INFO] ThirdParty:1030 - CMSIS Pack Vendor :STMicroelectronics X-CUBE-AZRTOS-WL 2.0.0
2023-12-28 21:53:00,990 [INFO] ThirdParty:1030 - CMSIS Pack Vendor :STMicroelectronics USB_DEVICE 1.0.0
2023-12-28 21:53:00,990 [INFO] ThirdParty:1030 - CMSIS Pack Vendor :STMicroelectronics X-CUBE-AI 8.1.0
2023-12-28 21:53:00,990 [INFO] ThirdParty:1030 - CMSIS Pack Vendor :STMicroelectronics X-CUBE-AZRTOS-L4 2.0.0
2023-12-28 21:53:00,990 [INFO] ThirdParty:1030 - CMSIS Pack Vendor :STMicroelectronics ThreadX 0.0.2
2023-12-28 21:53:00,991 [INFO] ThirdParty:1030 - CMSIS Pack Vendor :WES I-CUBE-Cesium 1.3.0
2023-12-28 21:53:00,991 [INFO] ThirdParty:1030 - CMSIS Pack Vendor :STMicroelectronics FP-ATR-ASTRA1 2.0.0
2023-12-28 21:53:00,991 [INFO] ThirdParty:1030 - CMSIS Pack Vendor :STMicroelectronics lwIP 2.1.2
2023-12-28 21:53:00,991 [INFO] ThirdParty:1030 - CMSIS Pack Vendor :STMicroelectronics X-CUBE-SFXS2LP1 4.0.0
2023-12-28 21:53:00,991 [INFO] ThirdParty:1030 - CMSIS Pack Vendor :STMicroelectronics X-CUBE-BLE2 3.3.0
2023-12-28 21:53:00,991 [INFO] ThirdParty:1030 - CMSIS Pack Vendor :STMicroelectronics X-CUBE-TOF1 3.4.0
2023-12-28 21:53:00,991 [INFO] ThirdParty:1030 - CMSIS Pack Vendor :STMicroelectronics X-CUBE-AZRTOS-H7 3.2.0
2023-12-28 21:53:00,991 [INFO] ThirdParty:1030 - CMSIS Pack Vendor :STMicroelectronics PDM2PCM 3.2.0
2023-12-28 21:53:00,991 [INFO] ThirdParty:841 - exiting critical section [change project]
2023-12-28 21:53:01,086 [INFO] PinOutPanel:1499 - setPackage(No Configuration,No Configuration)
2023-12-28 21:53:01,087 [INFO] PinOutPanel:1499 - setPackage(STM32F042F4Px,TSSOP20)
2023-12-28 21:53:01,844 [INFO] UtilMem:75 - Before build in PCC Used Memory: 294144160 Bytes (963641344)
2023-12-28 21:53:02,141 [INFO] UtilMem:75 - After build in PCC Used Memory: 284846816 Bytes (963641344)
2023-12-28 21:53:02,163 [INFO] IPUIPlugin:80 - create IPUIPlugin
2023-12-28 21:53:02,163 [INFO] IPUIPlugin:80 - create IPUIPlugin
2023-12-28 21:53:02,164 [INFO] IPUIPlugin:80 - create IPUIPlugin
2023-12-28 21:53:02,164 [INFO] IPUIPlugin:80 - create IPUIPlugin
2023-12-28 21:53:02,164 [INFO] IPUIPlugin:80 - create IPUIPlugin
2023-12-28 21:53:02,164 [INFO] IPUIPlugin:80 - create IPUIPlugin
2023-12-28 21:53:02,165 [INFO] IPUIPlugin:80 - create IPUIPlugin
2023-12-28 21:53:02,165 [INFO] IPUIPlugin:80 - create IPUIPlugin
2023-12-28 21:53:02,165 [INFO] IPUIPlugin:80 - create IPUIPlugin
2023-12-28 21:53:02,165 [INFO] IPUIPlugin:80 - create IPUIPlugin
2023-12-28 21:53:02,166 [INFO] IPUIPlugin:80 - create IPUIPlugin
2023-12-28 21:53:02,166 [INFO] IPUIPlugin:80 - create IPUIPlugin
2023-12-28 21:53:02,166 [INFO] IPUIPlugin:80 - create IPUIPlugin
2023-12-28 21:53:02,166 [INFO] IPUIPlugin:80 - create IPUIPlugin
2023-12-28 21:53:02,167 [INFO] IPUIPlugin:80 - create IPUIPlugin
2023-12-28 21:53:02,167 [INFO] IPUIPlugin:80 - create IPUIPlugin
2023-12-28 21:53:02,167 [INFO] IPUIPlugin:80 - create IPUIPlugin
2023-12-28 21:53:02,168 [INFO] IPUIPlugin:80 - create IPUIPlugin
2023-12-28 21:53:02,168 [INFO] IPUIPlugin:80 - create IPUIPlugin
2023-12-28 21:53:02,168 [INFO] IPUIPlugin:80 - create IPUIPlugin
2023-12-28 21:53:02,168 [INFO] IPUIPlugin:80 - create IPUIPlugin
2023-12-28 21:53:02,168 [INFO] IPUIPlugin:80 - create IPUIPlugin
2023-12-28 21:53:02,168 [INFO] IPUIPlugin:80 - create IPUIPlugin
2023-12-28 21:53:02,168 [INFO] IPUIPlugin:80 - create IPUIPlugin
2023-12-28 21:53:02,168 [INFO] IPUIPlugin:80 - create IPUIPlugin
2023-12-28 21:53:02,169 [INFO] IPUIPlugin:80 - create IPUIPlugin
2023-12-28 21:53:02,169 [INFO] IPUIPlugin:80 - create IPUIPlugin
2023-12-28 21:53:02,169 [INFO] IPUIPlugin:80 - create IPUIPlugin
2023-12-28 21:53:02,169 [INFO] IPUIPlugin:80 - create IPUIPlugin
2023-12-28 21:53:02,169 [INFO] IPUIPlugin:80 - create IPUIPlugin
2023-12-28 21:53:02,226 [INFO] CADModel:165 - CPN selected for project levelSTM32F042F4P6
2023-12-28 21:53:02,226 [INFO] CADModel:114 - Register for checkConnection events
2023-12-28 21:53:02,306 [INFO] OpenFileManager:343 - Restore cursor
2023-12-28 21:54:31,951 [INFO] MainUpdater:2873 - connection check result : 10
2023-12-28 21:54:31,952 [INFO] MainUpdater:2873 - connection check result : 10
2023-12-28 21:54:31,981 [INFO] MicroXplorer:468 - Change Database Path : 
2023-12-28 21:54:31,981 [INFO] MicroXplorer:498 - Change Database Version : DB.6.0.100
2023-12-28 21:54:31,992 [ERROR] ProjectManagerView:394 - 
java.lang.NullPointerException: Cannot invoke "javax.swing.JTextField.getText()" because the return value of "java.util.List.get(int)" is null
	at com.st.microxplorer.plugins.projectmanager.gui.ProjectChoiceTab$10.caretUpdate(ProjectChoiceTab.java:2493) ~[filemanager.jar:?]
	at javax.swing.text.JTextComponent.fireCaretUpdate(JTextComponent.java:412) ~[?:?]
	at javax.swing.text.JTextComponent$MutableCaretEvent.fire(JTextComponent.java:4491) ~[?:?]
	at javax.swing.text.JTextComponent$MutableCaretEvent.stateChanged(JTextComponent.java:4513) ~[?:?]
	at javax.swing.text.DefaultCaret.fireStateChanged(DefaultCaret.java:842) ~[?:?]
	at javax.swing.text.DefaultCaret.changeCaretPosition(DefaultCaret.java:1313) ~[?:?]
	at javax.swing.text.DefaultCaret.handleSetDot(DefaultCaret.java:1212) ~[?:?]
	at javax.swing.text.DefaultCaret.setDot(DefaultCaret.java:1193) ~[?:?]
	at javax.swing.text.DefaultCaret$Handler.insertUpdate(DefaultCaret.java:1789) ~[?:?]
	at javax.swing.text.AbstractDocument.fireInsertUpdate(AbstractDocument.java:226) ~[?:?]
	at javax.swing.text.AbstractDocument.handleInsertString(AbstractDocument.java:780) ~[?:?]
	at javax.swing.text.AbstractDocument.insertString(AbstractDocument.java:739) ~[?:?]
	at javax.swing.text.PlainDocument.insertString(PlainDocument.java:131) ~[?:?]
	at javax.swing.text.AbstractDocument.replace(AbstractDocument.java:698) ~[?:?]
	at javax.swing.text.JTextComponent.setText(JTextComponent.java:1729) ~[?:?]
	at com.st.microxplorer.plugins.projectmanager.gui.ProjectChoiceTab.createHeapStackFields(ProjectChoiceTab.java:933) ~[filemanager.jar:?]
	at com.st.microxplorer.plugins.projectmanager.gui.ProjectChoiceTab.buildLinkSettingsPanel(ProjectChoiceTab.java:3426) ~[filemanager.jar:?]
	at com.st.microxplorer.plugins.projectmanager.gui.ProjectChoiceTab.defineWindowsFields(ProjectChoiceTab.java:1813) ~[filemanager.jar:?]
	at com.st.microxplorer.plugins.projectmanager.gui.ProjectChoiceTab.updateSettings(ProjectChoiceTab.java:533) ~[filemanager.jar:?]
	at com.st.microxplorer.plugins.projectmanager.gui.ProjectSettingsPanel.UpdateDialog(ProjectSettingsPanel.java:244) ~[filemanager.jar:?]
	at com.st.microxplorer.plugins.projectmanager.ProjectManagerView.propertyChange(ProjectManagerView.java:391) ~[filemanager.jar:?]
	at java.beans.PropertyChangeSupport.fire(PropertyChangeSupport.java:343) ~[?:?]
	at java.beans.PropertyChangeSupport.firePropertyChange(PropertyChangeSupport.java:335) ~[?:?]
	at java.beans.PropertyChangeSupport.firePropertyChange(PropertyChangeSupport.java:268) ~[?:?]
	at com.st.microxplorer.util.MXPropertyChangeSupport.firePropertyChange(MXPropertyChangeSupport.java:54) ~[STM32CubeMX.jar:?]
	at com.st.microxplorer.mxsystem.MxSystem.closeConfig(MxSystem.java:900) ~[STM32CubeMX.jar:?]
	at com.st.microxplorer.maingui.MainPanel.closeConfig(MainPanel.java:776) ~[STM32CubeMX.jar:?]
	at com.st.microxplorer.plugins.filemanager.engine.OpenFileManager.loadConfigurationFile(OpenFileManager.java:245) ~[filemanager.jar:?]
	at com.st.microxplorer.plugins.filemanager.engine.MainFileManager.userLoadConfig(MainFileManager.java:290) ~[filemanager.jar:?]
	at com.st.microxplorer.plugins.filemanager.FileManagerView.getSpecificTask(FileManagerView.java:247) ~[filemanager.jar:?]
	at com.st.stm32cube.common.mx.editor.CubeMxEditor.getMxTabbedPaneInstance(CubeMxEditor.java:1184) ~[com.st.stm32cube.common.mx_6.10.0.202311202037/:?]
	at com.st.stm32cube.common.mx.editor.CubeMxEditor$12$1.createSwingComponent(CubeMxEditor.java:1065) ~[com.st.stm32cube.common.mx_6.10.0.202311202037/:?]
	at com.st.stm32cube.common.mx.oss.core.awtswtbridge.EmbeddedSwingComposite.doComponentCreation(EmbeddedSwingComposite.java:492) ~[com.st.stm32cube.common.mx.oss_6.10.0.202311202037/:?]
	at com.st.stm32cube.common.mx.oss.core.awtswtbridge.EmbeddedSwingComposite$4.run(EmbeddedSwingComposite.java:291) ~[com.st.stm32cube.common.mx.oss_6.10.0.202311202037/:?]
	at com.st.stm32cube.common.mx.oss.core.awtswtbridge.AwtEnvironment$2.run(AwtEnvironment.java:166) ~[com.st.stm32cube.common.mx.oss_6.10.0.202311202037/:?]
	at java.awt.event.InvocationEvent.dispatch(InvocationEvent.java:318) ~[?:?]
	at java.awt.EventQueue.dispatchEventImpl(EventQueue.java:773) ~[?:?]
	at java.awt.EventQueue$4.run(EventQueue.java:720) ~[?:?]
	at java.awt.EventQueue$4.run(EventQueue.java:714) ~[?:?]
	at java.security.AccessController.doPrivileged(AccessController.java:399) ~[?:?]
	at java.security.ProtectionDomain$JavaSecurityAccessImpl.doIntersectionPrivilege(ProtectionDomain.java:86) ~[?:?]
	at java.awt.EventQueue.dispatchEvent(EventQueue.java:742) ~[?:?]
	at java.awt.EventDispatchThread.pumpOneEventForFilters(EventDispatchThread.java:203) ~[?:?]
	at java.awt.EventDispatchThread.pumpEventsForFilter(EventDispatchThread.java:124) ~[?:?]
	at java.awt.EventDispatchThread.pumpEventsForHierarchy(EventDispatchThread.java:113) ~[?:?]
	at java.awt.EventDispatchThread.pumpEvents(EventDispatchThread.java:109) ~[?:?]
	at java.awt.EventDispatchThread.pumpEvents(EventDispatchThread.java:101) ~[?:?]
	at java.awt.EventDispatchThread.run(EventDispatchThread.java:90) ~[?:?]
2023-12-28 21:54:31,994 [WARN] ThirdParty:871 - waiting for thirdparty lock release [close project]
2023-12-28 21:54:31,994 [INFO] ThirdParty:873 - entering critical section [close project]
2023-12-28 21:54:31,994 [INFO] ThirdParty:883 - exiting critical section [close project]
2023-12-28 21:54:31,995 [INFO] PinOutPanel:1499 - setPackage(No Configuration,No Configuration)
2023-12-28 21:54:31,998 [INFO] UtilMem:75 - Begin LoadConfig() Used Memory: 691852328 Bytes (963641344)
2023-12-28 21:54:37,002 [INFO] ServerAccessManage:473 - Download File stm32cube_db_v6092.zip
2023-12-28 21:54:38,256 [INFO] FileExtend:240 - Unzip File : stm32cube_db_v6092.zip
2023-12-28 21:54:38,256 [INFO] FileExtend:255 - Standard Zip Deflate
2023-12-28 21:54:49,355 [INFO] LoadServerPackagesThread:196 - End of LoadServerPackages Thread
2023-12-28 21:54:49,557 [INFO] CheckServerUpdateThread:120 - End of CheckServer Thread
2023-12-28 21:54:49,574 [INFO] MicroXplorer:468 - Change Database Path : C:/Users/aleja/.stm32cubemx/databases/DB.6.0.92/db/
2023-12-28 21:54:49,574 [INFO] MicroXplorer:498 - Change Database Version : DB.6.0.92
2023-12-28 21:54:49,574 [INFO] OpenFileManager:312 - Change cursor
2023-12-28 21:54:49,584 [INFO] Mcu:2016 - Initializing MCU STM32F042F4Px STM32F042F4Px STM32F042F4P6
2023-12-28 21:54:50,525 [INFO] Context:659 - Trying to add GPIOservice into a context  which must be forbidden
2023-12-28 21:54:50,699 [INFO] RtosManager:555 - Registered RTOS mode: class=CMSIS, group=RTOS, mode=CMSIS_V1, owner=FREERTOS
2023-12-28 21:54:50,699 [INFO] RtosManager:555 - Registered RTOS mode: class=CMSIS, group=RTOS2, mode=CMSIS_V2, owner=FREERTOS
2023-12-28 21:54:50,699 [INFO] RtosManager:555 - Registered RTOS mode: class=RTOS, group=Core, mode=CMSIS_V1, owner=FREERTOS
2023-12-28 21:54:50,699 [INFO] RtosManager:555 - Registered RTOS mode: class=RTOS, group=Core, mode=CMSIS_V2, owner=FREERTOS
2023-12-28 21:54:50,699 [WARN] ModelIntegratedComponent:184 - Missing modes for component STMicroelectronics:FreeRTOS:0.0.1:STMicroelectronics:RTOS:FreeRTOS:Core:::10.2.0:
2023-12-28 21:54:50,707 [WARN] ModelIntegratedComponent:63 - No mode defined for component null
2023-12-28 21:54:50,708 [WARN] ModelIntegratedComponent:63 - No mode defined for component null
2023-12-28 21:54:50,708 [WARN] ModelIntegratedComponent:63 - No mode defined for component null
2023-12-28 21:54:50,708 [WARN] ModelIntegratedComponent:63 - No mode defined for component null
2023-12-28 21:54:50,708 [WARN] ModelIntegratedComponent:63 - No mode defined for component null
2023-12-28 21:54:50,708 [WARN] ModelIntegratedComponent:63 - No mode defined for component null
2023-12-28 21:54:50,708 [WARN] ModelIntegratedComponent:63 - No mode defined for component null
2023-12-28 21:54:50,708 [WARN] ModelIntegratedComponent:63 - No mode defined for component null
2023-12-28 21:54:50,708 [WARN] ModelIntegratedComponent:63 - No mode defined for component null
2023-12-28 21:54:50,708 [WARN] ModelIntegratedComponent:63 - No mode defined for component null
2023-12-28 21:54:50,708 [WARN] ModelIntegratedComponent:63 - No mode defined for component null
2023-12-28 21:54:50,708 [WARN] ModelIntegratedComponent:63 - No mode defined for component null
2023-12-28 21:54:50,708 [WARN] ModelIntegratedComponent:63 - No mode defined for component null
2023-12-28 21:54:50,708 [WARN] ModelIntegratedComponent:63 - No mode defined for component null
2023-12-28 21:54:50,708 [WARN] ModelIntegratedComponent:63 - No mode defined for component null
2023-12-28 21:54:50,708 [WARN] ModelIntegratedComponent:63 - No mode defined for component null
2023-12-28 21:54:50,708 [WARN] ModelIntegratedComponent:63 - No mode defined for component null
2023-12-28 21:54:50,708 [WARN] ModelIntegratedComponent:63 - No mode defined for component null
2023-12-28 21:54:50,708 [WARN] ModelIntegratedComponent:63 - No mode defined for component null
2023-12-28 21:54:50,708 [WARN] ModelIntegratedComponent:63 - No mode defined for component null
2023-12-28 21:54:50,708 [WARN] ModelIntegratedComponent:63 - No mode defined for component null
2023-12-28 21:54:50,709 [WARN] ModelIntegratedComponent:63 - No mode defined for component null
2023-12-28 21:54:50,709 [WARN] ModelIntegratedComponent:63 - No mode defined for component null
2023-12-28 21:54:50,709 [WARN] ModelIntegratedComponent:63 - No mode defined for component null
2023-12-28 21:54:50,709 [WARN] ModelIntegratedComponent:63 - No mode defined for component null
2023-12-28 21:54:50,709 [WARN] ModelIntegratedComponent:63 - No mode defined for component null
2023-12-28 21:54:50,709 [WARN] ModelIntegratedComponent:63 - No mode defined for component null
2023-12-28 21:54:50,709 [WARN] ModelIntegratedComponent:63 - No mode defined for component null
2023-12-28 21:54:50,709 [WARN] ModelIntegratedComponent:63 - No mode defined for component null
2023-12-28 21:54:50,709 [WARN] ModelIntegratedComponent:63 - No mode defined for component null
2023-12-28 21:54:50,709 [WARN] ModelIntegratedComponent:63 - No mode defined for component null
2023-12-28 21:54:50,709 [WARN] ModelIntegratedComponent:63 - No mode defined for component null
2023-12-28 21:54:50,709 [WARN] ModelIntegratedComponent:63 - No mode defined for component null
2023-12-28 21:54:50,786 [INFO] ThirdPartyModel:298 - Start build external matchings
2023-12-28 21:54:51,153 [INFO] ThirdPartyModel:316 - End build external matchings
2023-12-28 21:54:51,166 [INFO] ImportTextPane:194 - (OptionalMessage_ERROR) IP (DMA) : Parameter (Instance) has Id (ADC) currently not set
2023-12-28 21:54:51,166 [INFO] ImportTextPane:194 - (OptionalMessage_ERROR) IP (DMA) : Parameter (Direction) has Id (ADC) currently not set
2023-12-28 21:54:51,166 [INFO] ImportTextPane:194 - (OptionalMessage_ERROR) IP (DMA) : Parameter (PeriphInc) has Id (ADC) currently not set
2023-12-28 21:54:51,167 [INFO] ImportTextPane:194 - (OptionalMessage_ERROR) IP (DMA) : Parameter (MemInc) has Id (ADC) currently not set
2023-12-28 21:54:51,167 [INFO] ImportTextPane:194 - (OptionalMessage_ERROR) IP (DMA) : Parameter (PeriphDataAlignment) has Id (ADC) currently not set
2023-12-28 21:54:51,167 [INFO] ImportTextPane:194 - (OptionalMessage_ERROR) IP (DMA) : Parameter (MemDataAlignment) has Id (ADC) currently not set
2023-12-28 21:54:51,167 [INFO] ImportTextPane:194 - (OptionalMessage_ERROR) IP (DMA) : Parameter (Mode) has Id (ADC) currently not set
2023-12-28 21:54:51,167 [INFO] ImportTextPane:194 - (OptionalMessage_ERROR) IP (DMA) : Parameter (Priority) has Id (ADC) currently not set
2023-12-28 21:54:51,167 [INFO] ImportTextPane:194 - (OptionalMessage_ERROR) IP (RCC) : Invalid parameter (FamilyName)
2023-12-28 21:54:51,167 [INFO] ImportTextPane:194 - (OptionalMessage_ERROR) IP (RCC) : Invalid parameter (HSICECFreq_Value)
2023-12-28 21:54:51,330 [INFO] UtilMem:75 - End LoadConfig() Used Memory: 595501720 Bytes (981467136)
2023-12-28 21:54:51,397 [INFO] MicroXplorer:468 - Change Database Path : 
2023-12-28 21:54:51,397 [INFO] MicroXplorer:498 - Change Database Version : DB.6.0.100
2023-12-28 21:54:51,398 [WARN] ThirdParty:833 - waiting for thirdparty lock release [change project]
2023-12-28 21:54:51,398 [INFO] ThirdParty:835 - entering critical section [change project]
2023-12-28 21:54:51,398 [INFO] ThirdParty:1030 - CMSIS Pack Vendor :STMicroelectronics X-CUBE-ISPU 1.1.0
2023-12-28 21:54:51,398 [INFO] ThirdParty:1030 - CMSIS Pack Vendor :STMicroelectronics USBPD 4.1
2023-12-28 21:54:51,398 [INFO] ThirdParty:1030 - CMSIS Pack Vendor :STMicroelectronics X-CUBE-GNSS1 6.0.0
2023-12-28 21:54:51,398 [INFO] ThirdParty:1030 - CMSIS Pack Vendor :STMicroelectronics USB_HOST 2.0.0
2023-12-28 21:54:51,398 [INFO] ThirdParty:1030 - CMSIS Pack Vendor :STMicroelectronics X-CUBE-AZRTOS-F4 1.1.0
2023-12-28 21:54:51,398 [INFO] ThirdParty:1030 - CMSIS Pack Vendor :STMicroelectronics LIBJPEG 8.0.0
2023-12-28 21:54:51,398 [INFO] ThirdParty:1030 - CMSIS Pack Vendor :wolfSSL I-CUBE-wolfSSL 5.6.4
2023-12-28 21:54:51,398 [INFO] ThirdParty:1030 - CMSIS Pack Vendor :STMicroelectronics X-CUBE-SMBUS 2.1.0
2023-12-28 21:54:51,398 [INFO] ThirdParty:1030 - CMSIS Pack Vendor :STMicroelectronics USB_DEVICE 3.0.0
2023-12-28 21:54:51,398 [INFO] ThirdParty:1030 - CMSIS Pack Vendor :STMicroelectronics X-CUBE-AZRTOS-WB 2.0.0
2023-12-28 21:54:51,398 [INFO] ThirdParty:1030 - CMSIS Pack Vendor :STMicroelectronics X-CUBE-TOUCHGFX 4.23.0
2023-12-28 21:54:51,398 [INFO] ThirdParty:1030 - CMSIS Pack Vendor :STMicroelectronics X-CUBE-AZRTOS-F7 1.1.0
2023-12-28 21:54:51,398 [INFO] ThirdParty:1030 - CMSIS Pack Vendor :STMicroelectronics X-CUBE-AZRTOS-L5 2.0.0
2023-12-28 21:54:51,398 [INFO] ThirdParty:1030 - CMSIS Pack Vendor :STMicroelectronics USB_DEVICE 2.0.0
2023-12-28 21:54:51,399 [INFO] ThirdParty:1030 - CMSIS Pack Vendor :STMicroelectronics X-CUBE-EEPRMA1 4.2.0
2023-12-28 21:54:51,399 [INFO] ThirdParty:1030 - CMSIS Pack Vendor :ITTIA_DB I-CUBE-ITTIADB 8.8.0
2023-12-28 21:54:51,399 [INFO] ThirdParty:1030 - CMSIS Pack Vendor :STMicroelectronics FP-SNS-MOTENV1 4.3.2
2023-12-28 21:54:51,399 [INFO] ThirdParty:1030 - CMSIS Pack Vendor :STMicroelectronics X-CUBE-ALGOBUILD 1.3.0
2023-12-28 21:54:51,399 [INFO] ThirdParty:1030 - CMSIS Pack Vendor :STMicroelectronics FreeRTOS 0.0.1
2023-12-28 21:54:51,399 [INFO] ThirdParty:1030 - CMSIS Pack Vendor :STMicroelectronics X-CUBE-AZRTOS-G0 1.1.0
2023-12-28 21:54:51,399 [INFO] ThirdParty:1030 - CMSIS Pack Vendor :STMicroelectronics X-CUBE-NFC4 3.0.0
2023-12-28 21:54:51,399 [INFO] ThirdParty:1030 - CMSIS Pack Vendor :STMicroelectronics X-CUBE-SUBG2 5.0.0
2023-12-28 21:54:51,399 [INFO] ThirdParty:1030 - CMSIS Pack Vendor :STMicroelectronics STM32_WPAN 1.0.0
2023-12-28 21:54:51,399 [INFO] ThirdParty:1030 - CMSIS Pack Vendor :STMicroelectronics lwIP 2.0.3
2023-12-28 21:54:51,399 [INFO] ThirdParty:1030 - CMSIS Pack Vendor :STMicroelectronics FP-SNS-FLIGHT1 5.0.2
2023-12-28 21:54:51,399 [INFO] ThirdParty:1030 - CMSIS Pack Vendor :STMicroelectronics USB_HOST 1.0.0
2023-12-28 21:54:51,399 [INFO] ThirdParty:1030 - CMSIS Pack Vendor :STMicroelectronics X-CUBE-AZRTOS-G4 2.0.0
2023-12-28 21:54:51,399 [INFO] ThirdParty:1030 - CMSIS Pack Vendor :STMicroelectronics PDM2PCM 3.1.0
2023-12-28 21:54:51,399 [INFO] ThirdParty:1030 - CMSIS Pack Vendor :STMicroelectronics X-CUBE-AZRTOS-H7 3.1.0
2023-12-28 21:54:51,399 [INFO] ThirdParty:1030 - CMSIS Pack Vendor :Infineon AIROC-Wi-Fi-Bluetooth-STM32 1.5.1
2023-12-28 21:54:51,399 [INFO] ThirdParty:1030 - CMSIS Pack Vendor :STMicroelectronics X-CUBE-BLEMGR 3.0.0
2023-12-28 21:54:51,399 [INFO] ThirdParty:1030 - CMSIS Pack Vendor :STMicroelectronics PDM2PCM 3.3.0
2023-12-28 21:54:51,399 [INFO] ThirdParty:1030 - CMSIS Pack Vendor :STMicroelectronics X-CUBE-DISPLAY 3.0.0
2023-12-28 21:54:51,399 [INFO] ThirdParty:1030 - CMSIS Pack Vendor :STMicroelectronics FP-SNS-MOTENVWB1 1.3.1
2023-12-28 21:54:51,399 [INFO] ThirdParty:1030 - CMSIS Pack Vendor :STMicroelectronics X-CUBE-BLE1 7.0.0
2023-12-28 21:54:51,399 [INFO] ThirdParty:1030 - CMSIS Pack Vendor :STMicroelectronics FP-ATR-SIGFOX1 3.2.0
2023-12-28 21:54:51,399 [INFO] ThirdParty:1030 - CMSIS Pack Vendor :STMicroelectronics X-CUBE-ISPU 2.0.0
2023-12-28 21:54:51,399 [INFO] ThirdParty:1030 - CMSIS Pack Vendor :STMicroelectronics HAL Drivers 0.0.0
2023-12-28 21:54:51,399 [INFO] ThirdParty:1030 - CMSIS Pack Vendor :STMicroelectronics MBEDTLS 2.16.2
2023-12-28 21:54:51,399 [INFO] ThirdParty:1030 - CMSIS Pack Vendor :emotas I-CUBE-CANOPEN 1.3.0
2023-12-28 21:54:51,399 [INFO] ThirdParty:1030 - CMSIS Pack Vendor :STMicroelectronics X-CUBE-MEMS1 10.0.0
2023-12-28 21:54:51,399 [INFO] ThirdParty:1030 - CMSIS Pack Vendor :STMicroelectronics X-CUBE-FREERTOS 1.1.0
2023-12-28 21:54:51,399 [INFO] ThirdParty:1030 - CMSIS Pack Vendor :STMicroelectronics X-CUBE-NFC7 1.0.1
2023-12-28 21:54:51,399 [INFO] ThirdParty:1030 - CMSIS Pack Vendor :STMicroelectronics MBEDTLS 2.14.1
2023-12-28 21:54:51,400 [INFO] ThirdParty:1030 - CMSIS Pack Vendor :STMicroelectronics X-CUBE-TOUCHGFX 4.22.1
2023-12-28 21:54:51,400 [INFO] ThirdParty:1030 - CMSIS Pack Vendor :STMicroelectronics X-CUBE-NFC6 3.0.0
2023-12-28 21:54:51,400 [INFO] ThirdParty:1030 - CMSIS Pack Vendor :portGmbH I-Cube-SoM-uGOAL 1.1.0
2023-12-28 21:54:51,400 [INFO] ThirdParty:1030 - CMSIS Pack Vendor :STMicroelectronics X-CUBE-ALS 1.0.1
2023-12-28 21:54:51,400 [INFO] ThirdParty:1030 - CMSIS Pack Vendor :STMicroelectronics ThreadX 1.0.0
2023-12-28 21:54:51,400 [INFO] ThirdParty:1030 - CMSIS Pack Vendor :STMicroelectronics FP-SNS-SMARTAG2 1.2.0
2023-12-28 21:54:51,400 [INFO] ThirdParty:1030 - CMSIS Pack Vendor :STMicroelectronics X-CUBE-AZRTOS-WL 2.0.0
2023-12-28 21:54:51,400 [INFO] ThirdParty:1030 - CMSIS Pack Vendor :STMicroelectronics USB_DEVICE 1.0.0
2023-12-28 21:54:51,400 [INFO] ThirdParty:1030 - CMSIS Pack Vendor :STMicroelectronics X-CUBE-AI 8.1.0
2023-12-28 21:54:51,400 [INFO] ThirdParty:1030 - CMSIS Pack Vendor :STMicroelectronics X-CUBE-AZRTOS-L4 2.0.0
2023-12-28 21:54:51,400 [INFO] ThirdParty:1030 - CMSIS Pack Vendor :STMicroelectronics ThreadX 0.0.2
2023-12-28 21:54:51,400 [INFO] ThirdParty:1030 - CMSIS Pack Vendor :WES I-CUBE-Cesium 1.3.0
2023-12-28 21:54:51,400 [INFO] ThirdParty:1030 - CMSIS Pack Vendor :STMicroelectronics FP-ATR-ASTRA1 2.0.0
2023-12-28 21:54:51,400 [INFO] ThirdParty:1030 - CMSIS Pack Vendor :STMicroelectronics lwIP 2.1.2
2023-12-28 21:54:51,400 [INFO] ThirdParty:1030 - CMSIS Pack Vendor :STMicroelectronics X-CUBE-SFXS2LP1 4.0.0
2023-12-28 21:54:51,400 [INFO] ThirdParty:1030 - CMSIS Pack Vendor :STMicroelectronics X-CUBE-BLE2 3.3.0
2023-12-28 21:54:51,400 [INFO] ThirdParty:1030 - CMSIS Pack Vendor :STMicroelectronics X-CUBE-TOF1 3.4.0
2023-12-28 21:54:51,400 [INFO] ThirdParty:1030 - CMSIS Pack Vendor :STMicroelectronics X-CUBE-AZRTOS-H7 3.2.0
2023-12-28 21:54:51,400 [INFO] ThirdParty:1030 - CMSIS Pack Vendor :STMicroelectronics PDM2PCM 3.2.0
2023-12-28 21:54:51,400 [INFO] ThirdParty:841 - exiting critical section [change project]
2023-12-28 21:54:51,515 [INFO] PinOutPanel:1499 - setPackage(No Configuration,No Configuration)
2023-12-28 21:54:51,516 [INFO] PinOutPanel:1499 - setPackage(STM32F042F4Px,TSSOP20)
2023-12-28 21:54:52,313 [INFO] UtilMem:75 - Before build in PCC Used Memory: 727614352 Bytes (981467136)
2023-12-28 21:54:52,552 [INFO] UtilMem:75 - After build in PCC Used Memory: 770605968 Bytes (981467136)
2023-12-28 21:54:52,572 [INFO] IPUIPlugin:80 - create IPUIPlugin
2023-12-28 21:54:52,572 [INFO] IPUIPlugin:80 - create IPUIPlugin
2023-12-28 21:54:52,572 [INFO] IPUIPlugin:80 - create IPUIPlugin
2023-12-28 21:54:52,572 [INFO] IPUIPlugin:80 - create IPUIPlugin
2023-12-28 21:54:52,572 [INFO] IPUIPlugin:80 - create IPUIPlugin
2023-12-28 21:54:52,572 [INFO] IPUIPlugin:80 - create IPUIPlugin
2023-12-28 21:54:52,572 [INFO] IPUIPlugin:80 - create IPUIPlugin
2023-12-28 21:54:52,572 [INFO] IPUIPlugin:80 - create IPUIPlugin
2023-12-28 21:54:52,572 [INFO] IPUIPlugin:80 - create IPUIPlugin
2023-12-28 21:54:52,572 [INFO] IPUIPlugin:80 - create IPUIPlugin
2023-12-28 21:54:52,573 [INFO] IPUIPlugin:80 - create IPUIPlugin
2023-12-28 21:54:52,573 [INFO] IPUIPlugin:80 - create IPUIPlugin
2023-12-28 21:54:52,573 [INFO] IPUIPlugin:80 - create IPUIPlugin
2023-12-28 21:54:52,573 [INFO] IPUIPlugin:80 - create IPUIPlugin
2023-12-28 21:54:52,573 [INFO] IPUIPlugin:80 - create IPUIPlugin
2023-12-28 21:54:52,573 [INFO] IPUIPlugin:80 - create IPUIPlugin
2023-12-28 21:54:52,573 [INFO] IPUIPlugin:80 - create IPUIPlugin
2023-12-28 21:54:52,573 [INFO] IPUIPlugin:80 - create IPUIPlugin
2023-12-28 21:54:52,573 [INFO] IPUIPlugin:80 - create IPUIPlugin
2023-12-28 21:54:52,573 [INFO] IPUIPlugin:80 - create IPUIPlugin
2023-12-28 21:54:52,574 [INFO] IPUIPlugin:80 - create IPUIPlugin
2023-12-28 21:54:52,574 [INFO] IPUIPlugin:80 - create IPUIPlugin
2023-12-28 21:54:52,574 [INFO] IPUIPlugin:80 - create IPUIPlugin
2023-12-28 21:54:52,574 [INFO] IPUIPlugin:80 - create IPUIPlugin
2023-12-28 21:54:52,575 [INFO] IPUIPlugin:80 - create IPUIPlugin
2023-12-28 21:54:52,575 [INFO] IPUIPlugin:80 - create IPUIPlugin
2023-12-28 21:54:52,575 [INFO] IPUIPlugin:80 - create IPUIPlugin
2023-12-28 21:54:52,575 [INFO] IPUIPlugin:80 - create IPUIPlugin
2023-12-28 21:54:52,575 [INFO] IPUIPlugin:80 - create IPUIPlugin
2023-12-28 21:54:52,575 [INFO] IPUIPlugin:80 - create IPUIPlugin
2023-12-28 21:54:52,581 [INFO] Can:71 - Can Add PropertyChangeListener com.st.microxplorer.plugins.ip.can.Can@5dd9e391
2023-12-28 21:54:52,628 [INFO] CADModel:165 - CPN selected for project levelSTM32F042F4P6
2023-12-28 21:54:52,629 [INFO] CADModel:114 - Register for checkConnection events
2023-12-28 21:54:52,700 [INFO] OpenFileManager:343 - Restore cursor
2023-12-28 21:55:34,333 [INFO] MainUpdater:2873 - connection check result : 10
2023-12-28 21:55:34,333 [INFO] MainUpdater:2873 - connection check result : 10
2023-12-28 21:55:34,351 [INFO] MicroXplorer:468 - Change Database Path : 
2023-12-28 21:55:34,352 [INFO] MicroXplorer:498 - Change Database Version : DB.6.0.100
2023-12-28 21:55:34,360 [ERROR] ProjectManagerView:394 - 
java.lang.NullPointerException: Cannot invoke "javax.swing.JTextField.getText()" because the return value of "java.util.List.get(int)" is null
	at com.st.microxplorer.plugins.projectmanager.gui.ProjectChoiceTab$10.caretUpdate(ProjectChoiceTab.java:2493) ~[filemanager.jar:?]
	at javax.swing.text.JTextComponent.fireCaretUpdate(JTextComponent.java:412) ~[?:?]
	at javax.swing.text.JTextComponent$MutableCaretEvent.fire(JTextComponent.java:4491) ~[?:?]
	at javax.swing.text.JTextComponent$MutableCaretEvent.stateChanged(JTextComponent.java:4513) ~[?:?]
	at javax.swing.text.DefaultCaret.fireStateChanged(DefaultCaret.java:842) ~[?:?]
	at javax.swing.text.DefaultCaret.changeCaretPosition(DefaultCaret.java:1313) ~[?:?]
	at javax.swing.text.DefaultCaret.handleSetDot(DefaultCaret.java:1212) ~[?:?]
	at javax.swing.text.DefaultCaret.setDot(DefaultCaret.java:1193) ~[?:?]
	at javax.swing.text.DefaultCaret$Handler.insertUpdate(DefaultCaret.java:1789) ~[?:?]
	at javax.swing.text.AbstractDocument.fireInsertUpdate(AbstractDocument.java:226) ~[?:?]
	at javax.swing.text.AbstractDocument.handleInsertString(AbstractDocument.java:780) ~[?:?]
	at javax.swing.text.AbstractDocument.insertString(AbstractDocument.java:739) ~[?:?]
	at javax.swing.text.PlainDocument.insertString(PlainDocument.java:131) ~[?:?]
	at javax.swing.text.AbstractDocument.replace(AbstractDocument.java:698) ~[?:?]
	at javax.swing.text.JTextComponent.setText(JTextComponent.java:1729) ~[?:?]
	at com.st.microxplorer.plugins.projectmanager.gui.ProjectChoiceTab.createHeapStackFields(ProjectChoiceTab.java:933) ~[filemanager.jar:?]
	at com.st.microxplorer.plugins.projectmanager.gui.ProjectChoiceTab.buildLinkSettingsPanel(ProjectChoiceTab.java:3426) ~[filemanager.jar:?]
	at com.st.microxplorer.plugins.projectmanager.gui.ProjectChoiceTab.defineWindowsFields(ProjectChoiceTab.java:1813) ~[filemanager.jar:?]
	at com.st.microxplorer.plugins.projectmanager.gui.ProjectChoiceTab.updateSettings(ProjectChoiceTab.java:533) ~[filemanager.jar:?]
	at com.st.microxplorer.plugins.projectmanager.gui.ProjectSettingsPanel.UpdateDialog(ProjectSettingsPanel.java:244) ~[filemanager.jar:?]
	at com.st.microxplorer.plugins.projectmanager.ProjectManagerView.propertyChange(ProjectManagerView.java:391) ~[filemanager.jar:?]
	at java.beans.PropertyChangeSupport.fire(PropertyChangeSupport.java:343) ~[?:?]
	at java.beans.PropertyChangeSupport.firePropertyChange(PropertyChangeSupport.java:335) ~[?:?]
	at java.beans.PropertyChangeSupport.firePropertyChange(PropertyChangeSupport.java:268) ~[?:?]
	at com.st.microxplorer.util.MXPropertyChangeSupport.firePropertyChange(MXPropertyChangeSupport.java:54) ~[STM32CubeMX.jar:?]
	at com.st.microxplorer.mxsystem.MxSystem.closeConfig(MxSystem.java:900) ~[STM32CubeMX.jar:?]
	at com.st.microxplorer.maingui.MainPanel.closeConfig(MainPanel.java:776) ~[STM32CubeMX.jar:?]
	at com.st.microxplorer.plugins.filemanager.engine.OpenFileManager.loadConfigurationFile(OpenFileManager.java:245) ~[filemanager.jar:?]
	at com.st.microxplorer.plugins.filemanager.engine.MainFileManager.userLoadConfig(MainFileManager.java:290) ~[filemanager.jar:?]
	at com.st.microxplorer.plugins.filemanager.FileManagerView.getSpecificTask(FileManagerView.java:247) ~[filemanager.jar:?]
	at com.st.stm32cube.common.mx.editor.CubeMxEditor.getMxTabbedPaneInstance(CubeMxEditor.java:1184) ~[com.st.stm32cube.common.mx_6.10.0.202311202037/:?]
	at com.st.stm32cube.common.mx.editor.CubeMxEditor$12$1.createSwingComponent(CubeMxEditor.java:1065) ~[com.st.stm32cube.common.mx_6.10.0.202311202037/:?]
	at com.st.stm32cube.common.mx.oss.core.awtswtbridge.EmbeddedSwingComposite.doComponentCreation(EmbeddedSwingComposite.java:492) ~[com.st.stm32cube.common.mx.oss_6.10.0.202311202037/:?]
	at com.st.stm32cube.common.mx.oss.core.awtswtbridge.EmbeddedSwingComposite$4.run(EmbeddedSwingComposite.java:291) ~[com.st.stm32cube.common.mx.oss_6.10.0.202311202037/:?]
	at com.st.stm32cube.common.mx.oss.core.awtswtbridge.AwtEnvironment$2.run(AwtEnvironment.java:166) ~[com.st.stm32cube.common.mx.oss_6.10.0.202311202037/:?]
	at java.awt.event.InvocationEvent.dispatch(InvocationEvent.java:318) ~[?:?]
	at java.awt.EventQueue.dispatchEventImpl(EventQueue.java:773) ~[?:?]
	at java.awt.EventQueue$4.run(EventQueue.java:720) ~[?:?]
	at java.awt.EventQueue$4.run(EventQueue.java:714) ~[?:?]
	at java.security.AccessController.doPrivileged(AccessController.java:399) ~[?:?]
	at java.security.ProtectionDomain$JavaSecurityAccessImpl.doIntersectionPrivilege(ProtectionDomain.java:86) ~[?:?]
	at java.awt.EventQueue.dispatchEvent(EventQueue.java:742) ~[?:?]
	at java.awt.EventDispatchThread.pumpOneEventForFilters(EventDispatchThread.java:203) ~[?:?]
	at java.awt.EventDispatchThread.pumpEventsForFilter(EventDispatchThread.java:124) ~[?:?]
	at java.awt.EventDispatchThread.pumpEventsForHierarchy(EventDispatchThread.java:113) ~[?:?]
	at java.awt.EventDispatchThread.pumpEvents(EventDispatchThread.java:109) ~[?:?]
	at java.awt.EventDispatchThread.pumpEvents(EventDispatchThread.java:101) ~[?:?]
	at java.awt.EventDispatchThread.run(EventDispatchThread.java:90) ~[?:?]
2023-12-28 21:55:34,362 [WARN] ThirdParty:871 - waiting for thirdparty lock release [close project]
2023-12-28 21:55:34,362 [INFO] ThirdParty:873 - entering critical section [close project]
2023-12-28 21:55:34,362 [INFO] ThirdParty:883 - exiting critical section [close project]
2023-12-28 21:55:34,363 [INFO] PinOutPanel:1499 - setPackage(No Configuration,No Configuration)
2023-12-28 21:55:34,365 [INFO] UtilMem:75 - Begin LoadConfig() Used Memory: 778553032 Bytes (981467136)
2023-12-28 21:55:34,366 [INFO] MicroXplorer:468 - Change Database Path : 
2023-12-28 21:55:34,366 [INFO] MicroXplorer:498 - Change Database Version : DB.6.0.100
2023-12-28 21:55:34,366 [INFO] OpenFileManager:312 - Change cursor
2023-12-28 21:55:34,379 [INFO] Mcu:2016 - Initializing MCU STM32F042F4Px STM32F042F4Px STM32F042F4P6
2023-12-28 21:55:35,133 [INFO] Context:659 - Trying to add GPIOservice into a context  which must be forbidden
2023-12-28 21:55:35,292 [INFO] RtosManager:555 - Registered RTOS mode: class=CMSIS, group=RTOS, mode=CMSIS_V1, owner=FREERTOS
2023-12-28 21:55:35,292 [INFO] RtosManager:555 - Registered RTOS mode: class=CMSIS, group=RTOS2, mode=CMSIS_V2, owner=FREERTOS
2023-12-28 21:55:35,292 [INFO] RtosManager:555 - Registered RTOS mode: class=RTOS, group=Core, mode=CMSIS_V1, owner=FREERTOS
2023-12-28 21:55:35,294 [INFO] RtosManager:555 - Registered RTOS mode: class=RTOS, group=Core, mode=CMSIS_V2, owner=FREERTOS
2023-12-28 21:55:35,294 [WARN] ModelIntegratedComponent:184 - Missing modes for component STMicroelectronics:FreeRTOS:0.0.1:STMicroelectronics:RTOS:FreeRTOS:Core:::10.2.0:
2023-12-28 21:55:35,303 [WARN] ModelIntegratedComponent:63 - No mode defined for component null
2023-12-28 21:55:35,304 [WARN] ModelIntegratedComponent:63 - No mode defined for component null
2023-12-28 21:55:35,304 [WARN] ModelIntegratedComponent:63 - No mode defined for component null
2023-12-28 21:55:35,304 [WARN] ModelIntegratedComponent:63 - No mode defined for component null
2023-12-28 21:55:35,304 [WARN] ModelIntegratedComponent:63 - No mode defined for component null
2023-12-28 21:55:35,304 [WARN] ModelIntegratedComponent:63 - No mode defined for component null
2023-12-28 21:55:35,304 [WARN] ModelIntegratedComponent:63 - No mode defined for component null
2023-12-28 21:55:35,304 [WARN] ModelIntegratedComponent:63 - No mode defined for component null
2023-12-28 21:55:35,304 [WARN] ModelIntegratedComponent:63 - No mode defined for component null
2023-12-28 21:55:35,304 [WARN] ModelIntegratedComponent:63 - No mode defined for component null
2023-12-28 21:55:35,305 [WARN] ModelIntegratedComponent:63 - No mode defined for component null
2023-12-28 21:55:35,305 [WARN] ModelIntegratedComponent:63 - No mode defined for component null
2023-12-28 21:55:35,305 [WARN] ModelIntegratedComponent:63 - No mode defined for component null
2023-12-28 21:55:35,305 [WARN] ModelIntegratedComponent:63 - No mode defined for component null
2023-12-28 21:55:35,305 [WARN] ModelIntegratedComponent:63 - No mode defined for component null
2023-12-28 21:55:35,305 [WARN] ModelIntegratedComponent:63 - No mode defined for component null
2023-12-28 21:55:35,305 [WARN] ModelIntegratedComponent:63 - No mode defined for component null
2023-12-28 21:55:35,305 [WARN] ModelIntegratedComponent:63 - No mode defined for component null
2023-12-28 21:55:35,305 [WARN] ModelIntegratedComponent:63 - No mode defined for component null
2023-12-28 21:55:35,305 [WARN] ModelIntegratedComponent:63 - No mode defined for component null
2023-12-28 21:55:35,305 [WARN] ModelIntegratedComponent:63 - No mode defined for component null
2023-12-28 21:55:35,305 [WARN] ModelIntegratedComponent:63 - No mode defined for component null
2023-12-28 21:55:35,305 [WARN] ModelIntegratedComponent:63 - No mode defined for component null
2023-12-28 21:55:35,305 [WARN] ModelIntegratedComponent:63 - No mode defined for component null
2023-12-28 21:55:35,305 [WARN] ModelIntegratedComponent:63 - No mode defined for component null
2023-12-28 21:55:35,305 [WARN] ModelIntegratedComponent:63 - No mode defined for component null
2023-12-28 21:55:35,305 [WARN] ModelIntegratedComponent:63 - No mode defined for component null
2023-12-28 21:55:35,305 [WARN] ModelIntegratedComponent:63 - No mode defined for component null
2023-12-28 21:55:35,305 [WARN] ModelIntegratedComponent:63 - No mode defined for component null
2023-12-28 21:55:35,305 [WARN] ModelIntegratedComponent:63 - No mode defined for component null
2023-12-28 21:55:35,305 [WARN] ModelIntegratedComponent:63 - No mode defined for component null
2023-12-28 21:55:35,305 [WARN] ModelIntegratedComponent:63 - No mode defined for component null
2023-12-28 21:55:35,305 [WARN] ModelIntegratedComponent:63 - No mode defined for component null
2023-12-28 21:55:35,407 [INFO] ThirdPartyModel:298 - Start build external matchings
2023-12-28 21:55:35,845 [INFO] ThirdPartyModel:316 - End build external matchings
2023-12-28 21:55:36,084 [INFO] UtilMem:75 - End LoadConfig() Used Memory: 648866584 Bytes (981467136)
2023-12-28 21:55:36,189 [INFO] MicroXplorer:468 - Change Database Path : 
2023-12-28 21:55:36,189 [INFO] MicroXplorer:498 - Change Database Version : DB.6.0.100
2023-12-28 21:55:36,189 [WARN] ThirdParty:833 - waiting for thirdparty lock release [change project]
2023-12-28 21:55:36,189 [INFO] ThirdParty:835 - entering critical section [change project]
2023-12-28 21:55:36,189 [INFO] ThirdParty:1030 - CMSIS Pack Vendor :STMicroelectronics X-CUBE-ISPU 1.1.0
2023-12-28 21:55:36,189 [INFO] ThirdParty:1030 - CMSIS Pack Vendor :STMicroelectronics USBPD 4.1
2023-12-28 21:55:36,189 [INFO] ThirdParty:1030 - CMSIS Pack Vendor :STMicroelectronics X-CUBE-GNSS1 6.0.0
2023-12-28 21:55:36,189 [INFO] ThirdParty:1030 - CMSIS Pack Vendor :STMicroelectronics USB_HOST 2.0.0
2023-12-28 21:55:36,189 [INFO] ThirdParty:1030 - CMSIS Pack Vendor :STMicroelectronics X-CUBE-AZRTOS-F4 1.1.0
2023-12-28 21:55:36,190 [INFO] ThirdParty:1030 - CMSIS Pack Vendor :STMicroelectronics LIBJPEG 8.0.0
2023-12-28 21:55:36,190 [INFO] ThirdParty:1030 - CMSIS Pack Vendor :wolfSSL I-CUBE-wolfSSL 5.6.4
2023-12-28 21:55:36,190 [INFO] ThirdParty:1030 - CMSIS Pack Vendor :STMicroelectronics X-CUBE-SMBUS 2.1.0
2023-12-28 21:55:36,190 [INFO] ThirdParty:1030 - CMSIS Pack Vendor :STMicroelectronics USB_DEVICE 3.0.0
2023-12-28 21:55:36,190 [INFO] ThirdParty:1030 - CMSIS Pack Vendor :STMicroelectronics X-CUBE-AZRTOS-WB 2.0.0
2023-12-28 21:55:36,190 [INFO] ThirdParty:1030 - CMSIS Pack Vendor :STMicroelectronics X-CUBE-TOUCHGFX 4.23.0
2023-12-28 21:55:36,190 [INFO] ThirdParty:1030 - CMSIS Pack Vendor :STMicroelectronics X-CUBE-AZRTOS-F7 1.1.0
2023-12-28 21:55:36,190 [INFO] ThirdParty:1030 - CMSIS Pack Vendor :STMicroelectronics X-CUBE-AZRTOS-L5 2.0.0
2023-12-28 21:55:36,190 [INFO] ThirdParty:1030 - CMSIS Pack Vendor :STMicroelectronics USB_DEVICE 2.0.0
2023-12-28 21:55:36,190 [INFO] ThirdParty:1030 - CMSIS Pack Vendor :STMicroelectronics X-CUBE-EEPRMA1 4.2.0
2023-12-28 21:55:36,190 [INFO] ThirdParty:1030 - CMSIS Pack Vendor :ITTIA_DB I-CUBE-ITTIADB 8.8.0
2023-12-28 21:55:36,190 [INFO] ThirdParty:1030 - CMSIS Pack Vendor :STMicroelectronics FP-SNS-MOTENV1 4.3.2
2023-12-28 21:55:36,190 [INFO] ThirdParty:1030 - CMSIS Pack Vendor :STMicroelectronics X-CUBE-ALGOBUILD 1.3.0
2023-12-28 21:55:36,190 [INFO] ThirdParty:1030 - CMSIS Pack Vendor :STMicroelectronics FreeRTOS 0.0.1
2023-12-28 21:55:36,190 [INFO] ThirdParty:1030 - CMSIS Pack Vendor :STMicroelectronics X-CUBE-AZRTOS-G0 1.1.0
2023-12-28 21:55:36,190 [INFO] ThirdParty:1030 - CMSIS Pack Vendor :STMicroelectronics X-CUBE-NFC4 3.0.0
2023-12-28 21:55:36,190 [INFO] ThirdParty:1030 - CMSIS Pack Vendor :STMicroelectronics X-CUBE-SUBG2 5.0.0
2023-12-28 21:55:36,190 [INFO] ThirdParty:1030 - CMSIS Pack Vendor :STMicroelectronics STM32_WPAN 1.0.0
2023-12-28 21:55:36,190 [INFO] ThirdParty:1030 - CMSIS Pack Vendor :STMicroelectronics lwIP 2.0.3
2023-12-28 21:55:36,190 [INFO] ThirdParty:1030 - CMSIS Pack Vendor :STMicroelectronics FP-SNS-FLIGHT1 5.0.2
2023-12-28 21:55:36,190 [INFO] ThirdParty:1030 - CMSIS Pack Vendor :STMicroelectronics USB_HOST 1.0.0
2023-12-28 21:55:36,190 [INFO] ThirdParty:1030 - CMSIS Pack Vendor :STMicroelectronics X-CUBE-AZRTOS-G4 2.0.0
2023-12-28 21:55:36,190 [INFO] ThirdParty:1030 - CMSIS Pack Vendor :STMicroelectronics PDM2PCM 3.1.0
2023-12-28 21:55:36,190 [INFO] ThirdParty:1030 - CMSIS Pack Vendor :STMicroelectronics X-CUBE-AZRTOS-H7 3.1.0
2023-12-28 21:55:36,190 [INFO] ThirdParty:1030 - CMSIS Pack Vendor :Infineon AIROC-Wi-Fi-Bluetooth-STM32 1.5.1
2023-12-28 21:55:36,190 [INFO] ThirdParty:1030 - CMSIS Pack Vendor :STMicroelectronics X-CUBE-BLEMGR 3.0.0
2023-12-28 21:55:36,190 [INFO] ThirdParty:1030 - CMSIS Pack Vendor :STMicroelectronics PDM2PCM 3.3.0
2023-12-28 21:55:36,190 [INFO] ThirdParty:1030 - CMSIS Pack Vendor :STMicroelectronics X-CUBE-DISPLAY 3.0.0
2023-12-28 21:55:36,190 [INFO] ThirdParty:1030 - CMSIS Pack Vendor :STMicroelectronics FP-SNS-MOTENVWB1 1.3.1
2023-12-28 21:55:36,190 [INFO] ThirdParty:1030 - CMSIS Pack Vendor :STMicroelectronics X-CUBE-BLE1 7.0.0
2023-12-28 21:55:36,190 [INFO] ThirdParty:1030 - CMSIS Pack Vendor :STMicroelectronics FP-ATR-SIGFOX1 3.2.0
2023-12-28 21:55:36,190 [INFO] ThirdParty:1030 - CMSIS Pack Vendor :STMicroelectronics X-CUBE-ISPU 2.0.0
2023-12-28 21:55:36,190 [INFO] ThirdParty:1030 - CMSIS Pack Vendor :STMicroelectronics HAL Drivers 0.0.0
2023-12-28 21:55:36,190 [INFO] ThirdParty:1030 - CMSIS Pack Vendor :STMicroelectronics MBEDTLS 2.16.2
2023-12-28 21:55:36,190 [INFO] ThirdParty:1030 - CMSIS Pack Vendor :emotas I-CUBE-CANOPEN 1.3.0
2023-12-28 21:55:36,190 [INFO] ThirdParty:1030 - CMSIS Pack Vendor :STMicroelectronics X-CUBE-MEMS1 10.0.0
2023-12-28 21:55:36,190 [INFO] ThirdParty:1030 - CMSIS Pack Vendor :STMicroelectronics X-CUBE-FREERTOS 1.1.0
2023-12-28 21:55:36,190 [INFO] ThirdParty:1030 - CMSIS Pack Vendor :STMicroelectronics X-CUBE-NFC7 1.0.1
2023-12-28 21:55:36,190 [INFO] ThirdParty:1030 - CMSIS Pack Vendor :STMicroelectronics MBEDTLS 2.14.1
2023-12-28 21:55:36,190 [INFO] ThirdParty:1030 - CMSIS Pack Vendor :STMicroelectronics X-CUBE-TOUCHGFX 4.22.1
2023-12-28 21:55:36,190 [INFO] ThirdParty:1030 - CMSIS Pack Vendor :STMicroelectronics X-CUBE-NFC6 3.0.0
2023-12-28 21:55:36,190 [INFO] ThirdParty:1030 - CMSIS Pack Vendor :portGmbH I-Cube-SoM-uGOAL 1.1.0
2023-12-28 21:55:36,190 [INFO] ThirdParty:1030 - CMSIS Pack Vendor :STMicroelectronics X-CUBE-ALS 1.0.1
2023-12-28 21:55:36,190 [INFO] ThirdParty:1030 - CMSIS Pack Vendor :STMicroelectronics ThreadX 1.0.0
2023-12-28 21:55:36,190 [INFO] ThirdParty:1030 - CMSIS Pack Vendor :STMicroelectronics FP-SNS-SMARTAG2 1.2.0
2023-12-28 21:55:36,191 [INFO] ThirdParty:1030 - CMSIS Pack Vendor :STMicroelectronics X-CUBE-AZRTOS-WL 2.0.0
2023-12-28 21:55:36,191 [INFO] ThirdParty:1030 - CMSIS Pack Vendor :STMicroelectronics USB_DEVICE 1.0.0
2023-12-28 21:55:36,191 [INFO] ThirdParty:1030 - CMSIS Pack Vendor :STMicroelectronics X-CUBE-AI 8.1.0
2023-12-28 21:55:36,191 [INFO] ThirdParty:1030 - CMSIS Pack Vendor :STMicroelectronics X-CUBE-AZRTOS-L4 2.0.0
2023-12-28 21:55:36,191 [INFO] ThirdParty:1030 - CMSIS Pack Vendor :STMicroelectronics ThreadX 0.0.2
2023-12-28 21:55:36,191 [INFO] ThirdParty:1030 - CMSIS Pack Vendor :WES I-CUBE-Cesium 1.3.0
2023-12-28 21:55:36,191 [INFO] ThirdParty:1030 - CMSIS Pack Vendor :STMicroelectronics FP-ATR-ASTRA1 2.0.0
2023-12-28 21:55:36,191 [INFO] ThirdParty:1030 - CMSIS Pack Vendor :STMicroelectronics lwIP 2.1.2
2023-12-28 21:55:36,191 [INFO] ThirdParty:1030 - CMSIS Pack Vendor :STMicroelectronics X-CUBE-SFXS2LP1 4.0.0
2023-12-28 21:55:36,191 [INFO] ThirdParty:1030 - CMSIS Pack Vendor :STMicroelectronics X-CUBE-BLE2 3.3.0
2023-12-28 21:55:36,191 [INFO] ThirdParty:1030 - CMSIS Pack Vendor :STMicroelectronics X-CUBE-TOF1 3.4.0
2023-12-28 21:55:36,191 [INFO] ThirdParty:1030 - CMSIS Pack Vendor :STMicroelectronics X-CUBE-AZRTOS-H7 3.2.0
2023-12-28 21:55:36,191 [INFO] ThirdParty:1030 - CMSIS Pack Vendor :STMicroelectronics PDM2PCM 3.2.0
2023-12-28 21:55:36,191 [INFO] ThirdParty:841 - exiting critical section [change project]
2023-12-28 21:55:36,271 [INFO] PinOutPanel:1499 - setPackage(No Configuration,No Configuration)
2023-12-28 21:55:36,272 [INFO] PinOutPanel:1499 - setPackage(STM32F042F4Px,TSSOP20)
2023-12-28 21:55:37,038 [INFO] UtilMem:75 - Before build in PCC Used Memory: 299125368 Bytes (884998144)
2023-12-28 21:55:37,211 [INFO] UtilMem:75 - After build in PCC Used Memory: 342116984 Bytes (884998144)
2023-12-28 21:55:37,228 [INFO] IPUIPlugin:80 - create IPUIPlugin
2023-12-28 21:55:37,228 [INFO] IPUIPlugin:80 - create IPUIPlugin
2023-12-28 21:55:37,229 [INFO] IPUIPlugin:80 - create IPUIPlugin
2023-12-28 21:55:37,229 [INFO] IPUIPlugin:80 - create IPUIPlugin
2023-12-28 21:55:37,229 [INFO] IPUIPlugin:80 - create IPUIPlugin
2023-12-28 21:55:37,229 [INFO] IPUIPlugin:80 - create IPUIPlugin
2023-12-28 21:55:37,229 [INFO] IPUIPlugin:80 - create IPUIPlugin
2023-12-28 21:55:37,229 [INFO] IPUIPlugin:80 - create IPUIPlugin
2023-12-28 21:55:37,229 [INFO] IPUIPlugin:80 - create IPUIPlugin
2023-12-28 21:55:37,229 [INFO] IPUIPlugin:80 - create IPUIPlugin
2023-12-28 21:55:37,230 [INFO] IPUIPlugin:80 - create IPUIPlugin
2023-12-28 21:55:37,230 [INFO] IPUIPlugin:80 - create IPUIPlugin
2023-12-28 21:55:37,230 [INFO] IPUIPlugin:80 - create IPUIPlugin
2023-12-28 21:55:37,230 [INFO] IPUIPlugin:80 - create IPUIPlugin
2023-12-28 21:55:37,230 [INFO] IPUIPlugin:80 - create IPUIPlugin
2023-12-28 21:55:37,232 [INFO] IPUIPlugin:80 - create IPUIPlugin
2023-12-28 21:55:37,232 [INFO] IPUIPlugin:80 - create IPUIPlugin
2023-12-28 21:55:37,232 [INFO] IPUIPlugin:80 - create IPUIPlugin
2023-12-28 21:55:37,233 [INFO] IPUIPlugin:80 - create IPUIPlugin
2023-12-28 21:55:37,233 [INFO] IPUIPlugin:80 - create IPUIPlugin
2023-12-28 21:55:37,233 [INFO] IPUIPlugin:80 - create IPUIPlugin
2023-12-28 21:55:37,233 [INFO] IPUIPlugin:80 - create IPUIPlugin
2023-12-28 21:55:37,233 [INFO] IPUIPlugin:80 - create IPUIPlugin
2023-12-28 21:55:37,234 [INFO] IPUIPlugin:80 - create IPUIPlugin
2023-12-28 21:55:37,234 [INFO] IPUIPlugin:80 - create IPUIPlugin
2023-12-28 21:55:37,234 [INFO] IPUIPlugin:80 - create IPUIPlugin
2023-12-28 21:55:37,235 [INFO] IPUIPlugin:80 - create IPUIPlugin
2023-12-28 21:55:37,235 [INFO] IPUIPlugin:80 - create IPUIPlugin
2023-12-28 21:55:37,235 [INFO] IPUIPlugin:80 - create IPUIPlugin
2023-12-28 21:55:37,235 [INFO] IPUIPlugin:80 - create IPUIPlugin
2023-12-28 21:55:37,262 [INFO] CADModel:165 - CPN selected for project levelSTM32F042F4P6
2023-12-28 21:55:37,262 [INFO] CADModel:114 - Register for checkConnection events
2023-12-28 21:55:37,342 [INFO] OpenFileManager:343 - Restore cursor
2023-12-28 21:55:51,595 [INFO] MainUpdater:2873 - connection check result : 10
2023-12-28 21:55:51,595 [INFO] MainUpdater:2873 - connection check result : 10
2023-12-28 21:55:51,608 [INFO] MicroXplorer:468 - Change Database Path : 
2023-12-28 21:55:51,608 [INFO] MicroXplorer:498 - Change Database Version : DB.6.0.100
2023-12-28 21:55:51,617 [ERROR] ProjectManagerView:394 - 
java.lang.NullPointerException: Cannot invoke "javax.swing.JTextField.getText()" because the return value of "java.util.List.get(int)" is null
	at com.st.microxplorer.plugins.projectmanager.gui.ProjectChoiceTab$10.caretUpdate(ProjectChoiceTab.java:2493) ~[filemanager.jar:?]
	at javax.swing.text.JTextComponent.fireCaretUpdate(JTextComponent.java:412) ~[?:?]
	at javax.swing.text.JTextComponent$MutableCaretEvent.fire(JTextComponent.java:4491) ~[?:?]
	at javax.swing.text.JTextComponent$MutableCaretEvent.stateChanged(JTextComponent.java:4513) ~[?:?]
	at javax.swing.text.DefaultCaret.fireStateChanged(DefaultCaret.java:842) ~[?:?]
	at javax.swing.text.DefaultCaret.changeCaretPosition(DefaultCaret.java:1313) ~[?:?]
	at javax.swing.text.DefaultCaret.handleSetDot(DefaultCaret.java:1212) ~[?:?]
	at javax.swing.text.DefaultCaret.setDot(DefaultCaret.java:1193) ~[?:?]
	at javax.swing.text.DefaultCaret$Handler.insertUpdate(DefaultCaret.java:1789) ~[?:?]
	at javax.swing.text.AbstractDocument.fireInsertUpdate(AbstractDocument.java:226) ~[?:?]
	at javax.swing.text.AbstractDocument.handleInsertString(AbstractDocument.java:780) ~[?:?]
	at javax.swing.text.AbstractDocument.insertString(AbstractDocument.java:739) ~[?:?]
	at javax.swing.text.PlainDocument.insertString(PlainDocument.java:131) ~[?:?]
	at javax.swing.text.AbstractDocument.replace(AbstractDocument.java:698) ~[?:?]
	at javax.swing.text.JTextComponent.setText(JTextComponent.java:1729) ~[?:?]
	at com.st.microxplorer.plugins.projectmanager.gui.ProjectChoiceTab.createHeapStackFields(ProjectChoiceTab.java:933) ~[filemanager.jar:?]
	at com.st.microxplorer.plugins.projectmanager.gui.ProjectChoiceTab.buildLinkSettingsPanel(ProjectChoiceTab.java:3426) ~[filemanager.jar:?]
	at com.st.microxplorer.plugins.projectmanager.gui.ProjectChoiceTab.defineWindowsFields(ProjectChoiceTab.java:1813) ~[filemanager.jar:?]
	at com.st.microxplorer.plugins.projectmanager.gui.ProjectChoiceTab.updateSettings(ProjectChoiceTab.java:533) ~[filemanager.jar:?]
	at com.st.microxplorer.plugins.projectmanager.gui.ProjectSettingsPanel.UpdateDialog(ProjectSettingsPanel.java:244) ~[filemanager.jar:?]
	at com.st.microxplorer.plugins.projectmanager.ProjectManagerView.propertyChange(ProjectManagerView.java:391) ~[filemanager.jar:?]
	at java.beans.PropertyChangeSupport.fire(PropertyChangeSupport.java:343) ~[?:?]
	at java.beans.PropertyChangeSupport.firePropertyChange(PropertyChangeSupport.java:335) ~[?:?]
	at java.beans.PropertyChangeSupport.firePropertyChange(PropertyChangeSupport.java:268) ~[?:?]
	at com.st.microxplorer.util.MXPropertyChangeSupport.firePropertyChange(MXPropertyChangeSupport.java:54) ~[STM32CubeMX.jar:?]
	at com.st.microxplorer.mxsystem.MxSystem.closeConfig(MxSystem.java:900) ~[STM32CubeMX.jar:?]
	at com.st.microxplorer.maingui.MainPanel.closeConfig(MainPanel.java:776) ~[STM32CubeMX.jar:?]
	at com.st.microxplorer.plugins.filemanager.engine.OpenFileManager.loadConfigurationFile(OpenFileManager.java:245) ~[filemanager.jar:?]
	at com.st.microxplorer.plugins.filemanager.engine.MainFileManager.userLoadConfig(MainFileManager.java:290) ~[filemanager.jar:?]
	at com.st.microxplorer.plugins.filemanager.FileManagerView.getSpecificTask(FileManagerView.java:247) ~[filemanager.jar:?]
	at com.st.stm32cube.common.mx.editor.CubeMxEditor.getMxTabbedPaneInstance(CubeMxEditor.java:1184) ~[com.st.stm32cube.common.mx_6.10.0.202311202037/:?]
	at com.st.stm32cube.common.mx.editor.CubeMxEditor$12$1.createSwingComponent(CubeMxEditor.java:1065) ~[com.st.stm32cube.common.mx_6.10.0.202311202037/:?]
	at com.st.stm32cube.common.mx.oss.core.awtswtbridge.EmbeddedSwingComposite.doComponentCreation(EmbeddedSwingComposite.java:492) ~[com.st.stm32cube.common.mx.oss_6.10.0.202311202037/:?]
	at com.st.stm32cube.common.mx.oss.core.awtswtbridge.EmbeddedSwingComposite$4.run(EmbeddedSwingComposite.java:291) ~[com.st.stm32cube.common.mx.oss_6.10.0.202311202037/:?]
	at com.st.stm32cube.common.mx.oss.core.awtswtbridge.AwtEnvironment$2.run(AwtEnvironment.java:166) ~[com.st.stm32cube.common.mx.oss_6.10.0.202311202037/:?]
	at java.awt.event.InvocationEvent.dispatch(InvocationEvent.java:318) ~[?:?]
	at java.awt.EventQueue.dispatchEventImpl(EventQueue.java:773) ~[?:?]
	at java.awt.EventQueue$4.run(EventQueue.java:720) ~[?:?]
	at java.awt.EventQueue$4.run(EventQueue.java:714) ~[?:?]
	at java.security.AccessController.doPrivileged(AccessController.java:399) ~[?:?]
	at java.security.ProtectionDomain$JavaSecurityAccessImpl.doIntersectionPrivilege(ProtectionDomain.java:86) ~[?:?]
	at java.awt.EventQueue.dispatchEvent(EventQueue.java:742) ~[?:?]
	at java.awt.EventDispatchThread.pumpOneEventForFilters(EventDispatchThread.java:203) ~[?:?]
	at java.awt.EventDispatchThread.pumpEventsForFilter(EventDispatchThread.java:124) ~[?:?]
	at java.awt.EventDispatchThread.pumpEventsForHierarchy(EventDispatchThread.java:113) ~[?:?]
	at java.awt.EventDispatchThread.pumpEvents(EventDispatchThread.java:109) ~[?:?]
	at java.awt.EventDispatchThread.pumpEvents(EventDispatchThread.java:101) ~[?:?]
	at java.awt.EventDispatchThread.run(EventDispatchThread.java:90) ~[?:?]
2023-12-28 21:55:51,619 [WARN] ThirdParty:871 - waiting for thirdparty lock release [close project]
2023-12-28 21:55:51,619 [INFO] ThirdParty:873 - entering critical section [close project]
2023-12-28 21:55:51,619 [INFO] ThirdParty:883 - exiting critical section [close project]
2023-12-28 21:55:51,620 [INFO] PinOutPanel:1499 - setPackage(No Configuration,No Configuration)
2023-12-28 21:55:51,621 [INFO] UtilMem:75 - Begin LoadConfig() Used Memory: 424165632 Bytes (884998144)
2023-12-28 21:55:51,624 [INFO] MicroXplorer:468 - Change Database Path : C:/Users/aleja/.stm32cubemx/databases/DB.6.0.92/db/
2023-12-28 21:55:51,624 [INFO] MicroXplorer:498 - Change Database Version : DB.6.0.92
2023-12-28 21:55:54,191 [INFO] OpenFileManager:312 - Change cursor
2023-12-28 21:55:54,213 [INFO] Mcu:2016 - Initializing MCU STM32F042F4Px STM32F042F4Px STM32F042F4P6
2023-12-28 21:55:54,872 [INFO] Context:659 - Trying to add GPIOservice into a context  which must be forbidden
2023-12-28 21:55:54,983 [INFO] RtosManager:555 - Registered RTOS mode: class=CMSIS, group=RTOS, mode=CMSIS_V1, owner=FREERTOS
2023-12-28 21:55:54,983 [INFO] RtosManager:555 - Registered RTOS mode: class=CMSIS, group=RTOS2, mode=CMSIS_V2, owner=FREERTOS
2023-12-28 21:55:54,983 [INFO] RtosManager:555 - Registered RTOS mode: class=RTOS, group=Core, mode=CMSIS_V1, owner=FREERTOS
2023-12-28 21:55:54,983 [INFO] RtosManager:555 - Registered RTOS mode: class=RTOS, group=Core, mode=CMSIS_V2, owner=FREERTOS
2023-12-28 21:55:54,983 [WARN] ModelIntegratedComponent:184 - Missing modes for component STMicroelectronics:FreeRTOS:0.0.1:STMicroelectronics:RTOS:FreeRTOS:Core:::10.2.0:
2023-12-28 21:55:54,988 [WARN] ModelIntegratedComponent:63 - No mode defined for component null
2023-12-28 21:55:54,988 [WARN] ModelIntegratedComponent:63 - No mode defined for component null
2023-12-28 21:55:54,988 [WARN] ModelIntegratedComponent:63 - No mode defined for component null
2023-12-28 21:55:54,988 [WARN] ModelIntegratedComponent:63 - No mode defined for component null
2023-12-28 21:55:54,989 [WARN] ModelIntegratedComponent:63 - No mode defined for component null
2023-12-28 21:55:54,989 [WARN] ModelIntegratedComponent:63 - No mode defined for component null
2023-12-28 21:55:54,989 [WARN] ModelIntegratedComponent:63 - No mode defined for component null
2023-12-28 21:55:54,989 [WARN] ModelIntegratedComponent:63 - No mode defined for component null
2023-12-28 21:55:54,989 [WARN] ModelIntegratedComponent:63 - No mode defined for component null
2023-12-28 21:55:54,989 [WARN] ModelIntegratedComponent:63 - No mode defined for component null
2023-12-28 21:55:54,989 [WARN] ModelIntegratedComponent:63 - No mode defined for component null
2023-12-28 21:55:54,989 [WARN] ModelIntegratedComponent:63 - No mode defined for component null
2023-12-28 21:55:54,989 [WARN] ModelIntegratedComponent:63 - No mode defined for component null
2023-12-28 21:55:54,989 [WARN] ModelIntegratedComponent:63 - No mode defined for component null
2023-12-28 21:55:54,989 [WARN] ModelIntegratedComponent:63 - No mode defined for component null
2023-12-28 21:55:54,989 [WARN] ModelIntegratedComponent:63 - No mode defined for component null
2023-12-28 21:55:54,989 [WARN] ModelIntegratedComponent:63 - No mode defined for component null
2023-12-28 21:55:54,989 [WARN] ModelIntegratedComponent:63 - No mode defined for component null
2023-12-28 21:55:54,989 [WARN] ModelIntegratedComponent:63 - No mode defined for component null
2023-12-28 21:55:54,989 [WARN] ModelIntegratedComponent:63 - No mode defined for component null
2023-12-28 21:55:54,989 [WARN] ModelIntegratedComponent:63 - No mode defined for component null
2023-12-28 21:55:54,989 [WARN] ModelIntegratedComponent:63 - No mode defined for component null
2023-12-28 21:55:54,989 [WARN] ModelIntegratedComponent:63 - No mode defined for component null
2023-12-28 21:55:54,989 [WARN] ModelIntegratedComponent:63 - No mode defined for component null
2023-12-28 21:55:54,989 [WARN] ModelIntegratedComponent:63 - No mode defined for component null
2023-12-28 21:55:54,989 [WARN] ModelIntegratedComponent:63 - No mode defined for component null
2023-12-28 21:55:54,989 [WARN] ModelIntegratedComponent:63 - No mode defined for component null
2023-12-28 21:55:54,989 [WARN] ModelIntegratedComponent:63 - No mode defined for component null
2023-12-28 21:55:54,989 [WARN] ModelIntegratedComponent:63 - No mode defined for component null
2023-12-28 21:55:54,989 [WARN] ModelIntegratedComponent:63 - No mode defined for component null
2023-12-28 21:55:54,989 [WARN] ModelIntegratedComponent:63 - No mode defined for component null
2023-12-28 21:55:54,989 [WARN] ModelIntegratedComponent:63 - No mode defined for component null
2023-12-28 21:55:54,989 [WARN] ModelIntegratedComponent:63 - No mode defined for component null
2023-12-28 21:55:55,074 [INFO] ThirdPartyModel:298 - Start build external matchings
2023-12-28 21:55:55,451 [INFO] ThirdPartyModel:316 - End build external matchings
2023-12-28 21:55:55,463 [INFO] ImportTextPane:194 - (OptionalMessage_ERROR) IP (DMA) : Parameter (Instance) has Id (ADC) currently not set
2023-12-28 21:55:55,463 [INFO] ImportTextPane:194 - (OptionalMessage_ERROR) IP (DMA) : Parameter (Direction) has Id (ADC) currently not set
2023-12-28 21:55:55,464 [INFO] ImportTextPane:194 - (OptionalMessage_ERROR) IP (DMA) : Parameter (PeriphInc) has Id (ADC) currently not set
2023-12-28 21:55:55,464 [INFO] ImportTextPane:194 - (OptionalMessage_ERROR) IP (DMA) : Parameter (MemInc) has Id (ADC) currently not set
2023-12-28 21:55:55,464 [INFO] ImportTextPane:194 - (OptionalMessage_ERROR) IP (DMA) : Parameter (PeriphDataAlignment) has Id (ADC) currently not set
2023-12-28 21:55:55,464 [INFO] ImportTextPane:194 - (OptionalMessage_ERROR) IP (DMA) : Parameter (MemDataAlignment) has Id (ADC) currently not set
2023-12-28 21:55:55,464 [INFO] ImportTextPane:194 - (OptionalMessage_ERROR) IP (DMA) : Parameter (Mode) has Id (ADC) currently not set
2023-12-28 21:55:55,464 [INFO] ImportTextPane:194 - (OptionalMessage_ERROR) IP (DMA) : Parameter (Priority) has Id (ADC) currently not set
2023-12-28 21:55:55,464 [INFO] ImportTextPane:194 - (OptionalMessage_ERROR) IP (RCC) : Invalid parameter (FamilyName)
2023-12-28 21:55:55,464 [INFO] ImportTextPane:194 - (OptionalMessage_ERROR) IP (RCC) : Invalid parameter (HSICECFreq_Value)
2023-12-28 21:55:55,679 [INFO] UtilMem:75 - End LoadConfig() Used Memory: 384085936 Bytes (884998144)
2023-12-28 21:55:55,770 [INFO] MicroXplorer:468 - Change Database Path : 
2023-12-28 21:55:55,770 [INFO] MicroXplorer:498 - Change Database Version : DB.6.0.100
2023-12-28 21:55:55,770 [WARN] ThirdParty:833 - waiting for thirdparty lock release [change project]
2023-12-28 21:55:55,770 [INFO] ThirdParty:835 - entering critical section [change project]
2023-12-28 21:55:55,770 [INFO] ThirdParty:1030 - CMSIS Pack Vendor :STMicroelectronics X-CUBE-ISPU 1.1.0
2023-12-28 21:55:55,770 [INFO] ThirdParty:1030 - CMSIS Pack Vendor :STMicroelectronics USBPD 4.1
2023-12-28 21:55:55,770 [INFO] ThirdParty:1030 - CMSIS Pack Vendor :STMicroelectronics X-CUBE-GNSS1 6.0.0
2023-12-28 21:55:55,770 [INFO] ThirdParty:1030 - CMSIS Pack Vendor :STMicroelectronics USB_HOST 2.0.0
2023-12-28 21:55:55,770 [INFO] ThirdParty:1030 - CMSIS Pack Vendor :STMicroelectronics X-CUBE-AZRTOS-F4 1.1.0
2023-12-28 21:55:55,770 [INFO] ThirdParty:1030 - CMSIS Pack Vendor :STMicroelectronics LIBJPEG 8.0.0
2023-12-28 21:55:55,770 [INFO] ThirdParty:1030 - CMSIS Pack Vendor :wolfSSL I-CUBE-wolfSSL 5.6.4
2023-12-28 21:55:55,770 [INFO] ThirdParty:1030 - CMSIS Pack Vendor :STMicroelectronics X-CUBE-SMBUS 2.1.0
2023-12-28 21:55:55,770 [INFO] ThirdParty:1030 - CMSIS Pack Vendor :STMicroelectronics USB_DEVICE 3.0.0
2023-12-28 21:55:55,770 [INFO] ThirdParty:1030 - CMSIS Pack Vendor :STMicroelectronics X-CUBE-AZRTOS-WB 2.0.0
2023-12-28 21:55:55,770 [INFO] ThirdParty:1030 - CMSIS Pack Vendor :STMicroelectronics X-CUBE-TOUCHGFX 4.23.0
2023-12-28 21:55:55,770 [INFO] ThirdParty:1030 - CMSIS Pack Vendor :STMicroelectronics X-CUBE-AZRTOS-F7 1.1.0
2023-12-28 21:55:55,770 [INFO] ThirdParty:1030 - CMSIS Pack Vendor :STMicroelectronics X-CUBE-AZRTOS-L5 2.0.0
2023-12-28 21:55:55,770 [INFO] ThirdParty:1030 - CMSIS Pack Vendor :STMicroelectronics USB_DEVICE 2.0.0
2023-12-28 21:55:55,770 [INFO] ThirdParty:1030 - CMSIS Pack Vendor :STMicroelectronics X-CUBE-EEPRMA1 4.2.0
2023-12-28 21:55:55,770 [INFO] ThirdParty:1030 - CMSIS Pack Vendor :ITTIA_DB I-CUBE-ITTIADB 8.8.0
2023-12-28 21:55:55,770 [INFO] ThirdParty:1030 - CMSIS Pack Vendor :STMicroelectronics FP-SNS-MOTENV1 4.3.2
2023-12-28 21:55:55,770 [INFO] ThirdParty:1030 - CMSIS Pack Vendor :STMicroelectronics X-CUBE-ALGOBUILD 1.3.0
2023-12-28 21:55:55,770 [INFO] ThirdParty:1030 - CMSIS Pack Vendor :STMicroelectronics FreeRTOS 0.0.1
2023-12-28 21:55:55,770 [INFO] ThirdParty:1030 - CMSIS Pack Vendor :STMicroelectronics X-CUBE-AZRTOS-G0 1.1.0
2023-12-28 21:55:55,770 [INFO] ThirdParty:1030 - CMSIS Pack Vendor :STMicroelectronics X-CUBE-NFC4 3.0.0
2023-12-28 21:55:55,770 [INFO] ThirdParty:1030 - CMSIS Pack Vendor :STMicroelectronics X-CUBE-SUBG2 5.0.0
2023-12-28 21:55:55,770 [INFO] ThirdParty:1030 - CMSIS Pack Vendor :STMicroelectronics STM32_WPAN 1.0.0
2023-12-28 21:55:55,770 [INFO] ThirdParty:1030 - CMSIS Pack Vendor :STMicroelectronics lwIP 2.0.3
2023-12-28 21:55:55,770 [INFO] ThirdParty:1030 - CMSIS Pack Vendor :STMicroelectronics FP-SNS-FLIGHT1 5.0.2
2023-12-28 21:55:55,771 [INFO] ThirdParty:1030 - CMSIS Pack Vendor :STMicroelectronics USB_HOST 1.0.0
2023-12-28 21:55:55,771 [INFO] ThirdParty:1030 - CMSIS Pack Vendor :STMicroelectronics X-CUBE-AZRTOS-G4 2.0.0
2023-12-28 21:55:55,771 [INFO] ThirdParty:1030 - CMSIS Pack Vendor :STMicroelectronics PDM2PCM 3.1.0
2023-12-28 21:55:55,771 [INFO] ThirdParty:1030 - CMSIS Pack Vendor :STMicroelectronics X-CUBE-AZRTOS-H7 3.1.0
2023-12-28 21:55:55,771 [INFO] ThirdParty:1030 - CMSIS Pack Vendor :Infineon AIROC-Wi-Fi-Bluetooth-STM32 1.5.1
2023-12-28 21:55:55,771 [INFO] ThirdParty:1030 - CMSIS Pack Vendor :STMicroelectronics X-CUBE-BLEMGR 3.0.0
2023-12-28 21:55:55,771 [INFO] ThirdParty:1030 - CMSIS Pack Vendor :STMicroelectronics PDM2PCM 3.3.0
2023-12-28 21:55:55,771 [INFO] ThirdParty:1030 - CMSIS Pack Vendor :STMicroelectronics X-CUBE-DISPLAY 3.0.0
2023-12-28 21:55:55,771 [INFO] ThirdParty:1030 - CMSIS Pack Vendor :STMicroelectronics FP-SNS-MOTENVWB1 1.3.1
2023-12-28 21:55:55,771 [INFO] ThirdParty:1030 - CMSIS Pack Vendor :STMicroelectronics X-CUBE-BLE1 7.0.0
2023-12-28 21:55:55,771 [INFO] ThirdParty:1030 - CMSIS Pack Vendor :STMicroelectronics FP-ATR-SIGFOX1 3.2.0
2023-12-28 21:55:55,771 [INFO] ThirdParty:1030 - CMSIS Pack Vendor :STMicroelectronics X-CUBE-ISPU 2.0.0
2023-12-28 21:55:55,771 [INFO] ThirdParty:1030 - CMSIS Pack Vendor :STMicroelectronics HAL Drivers 0.0.0
2023-12-28 21:55:55,771 [INFO] ThirdParty:1030 - CMSIS Pack Vendor :STMicroelectronics MBEDTLS 2.16.2
2023-12-28 21:55:55,771 [INFO] ThirdParty:1030 - CMSIS Pack Vendor :emotas I-CUBE-CANOPEN 1.3.0
2023-12-28 21:55:55,771 [INFO] ThirdParty:1030 - CMSIS Pack Vendor :STMicroelectronics X-CUBE-MEMS1 10.0.0
2023-12-28 21:55:55,771 [INFO] ThirdParty:1030 - CMSIS Pack Vendor :STMicroelectronics X-CUBE-FREERTOS 1.1.0
2023-12-28 21:55:55,771 [INFO] ThirdParty:1030 - CMSIS Pack Vendor :STMicroelectronics X-CUBE-NFC7 1.0.1
2023-12-28 21:55:55,771 [INFO] ThirdParty:1030 - CMSIS Pack Vendor :STMicroelectronics MBEDTLS 2.14.1
2023-12-28 21:55:55,771 [INFO] ThirdParty:1030 - CMSIS Pack Vendor :STMicroelectronics X-CUBE-TOUCHGFX 4.22.1
2023-12-28 21:55:55,771 [INFO] ThirdParty:1030 - CMSIS Pack Vendor :STMicroelectronics X-CUBE-NFC6 3.0.0
2023-12-28 21:55:55,771 [INFO] ThirdParty:1030 - CMSIS Pack Vendor :portGmbH I-Cube-SoM-uGOAL 1.1.0
2023-12-28 21:55:55,771 [INFO] ThirdParty:1030 - CMSIS Pack Vendor :STMicroelectronics X-CUBE-ALS 1.0.1
2023-12-28 21:55:55,771 [INFO] ThirdParty:1030 - CMSIS Pack Vendor :STMicroelectronics ThreadX 1.0.0
2023-12-28 21:55:55,771 [INFO] ThirdParty:1030 - CMSIS Pack Vendor :STMicroelectronics FP-SNS-SMARTAG2 1.2.0
2023-12-28 21:55:55,771 [INFO] ThirdParty:1030 - CMSIS Pack Vendor :STMicroelectronics X-CUBE-AZRTOS-WL 2.0.0
2023-12-28 21:55:55,771 [INFO] ThirdParty:1030 - CMSIS Pack Vendor :STMicroelectronics USB_DEVICE 1.0.0
2023-12-28 21:55:55,771 [INFO] ThirdParty:1030 - CMSIS Pack Vendor :STMicroelectronics X-CUBE-AI 8.1.0
2023-12-28 21:55:55,771 [INFO] ThirdParty:1030 - CMSIS Pack Vendor :STMicroelectronics X-CUBE-AZRTOS-L4 2.0.0
2023-12-28 21:55:55,771 [INFO] ThirdParty:1030 - CMSIS Pack Vendor :STMicroelectronics ThreadX 0.0.2
2023-12-28 21:55:55,771 [INFO] ThirdParty:1030 - CMSIS Pack Vendor :WES I-CUBE-Cesium 1.3.0
2023-12-28 21:55:55,771 [INFO] ThirdParty:1030 - CMSIS Pack Vendor :STMicroelectronics FP-ATR-ASTRA1 2.0.0
2023-12-28 21:55:55,771 [INFO] ThirdParty:1030 - CMSIS Pack Vendor :STMicroelectronics lwIP 2.1.2
2023-12-28 21:55:55,771 [INFO] ThirdParty:1030 - CMSIS Pack Vendor :STMicroelectronics X-CUBE-SFXS2LP1 4.0.0
2023-12-28 21:55:55,771 [INFO] ThirdParty:1030 - CMSIS Pack Vendor :STMicroelectronics X-CUBE-BLE2 3.3.0
2023-12-28 21:55:55,771 [INFO] ThirdParty:1030 - CMSIS Pack Vendor :STMicroelectronics X-CUBE-TOF1 3.4.0
2023-12-28 21:55:55,771 [INFO] ThirdParty:1030 - CMSIS Pack Vendor :STMicroelectronics X-CUBE-AZRTOS-H7 3.2.0
2023-12-28 21:55:55,771 [INFO] ThirdParty:1030 - CMSIS Pack Vendor :STMicroelectronics PDM2PCM 3.2.0
2023-12-28 21:55:55,771 [INFO] ThirdParty:841 - exiting critical section [change project]
2023-12-28 21:55:55,846 [INFO] PinOutPanel:1499 - setPackage(No Configuration,No Configuration)
2023-12-28 21:55:55,846 [INFO] PinOutPanel:1499 - setPackage(STM32F042F4Px,TSSOP20)
2023-12-28 21:55:56,569 [INFO] UtilMem:75 - Before build in PCC Used Memory: 516429904 Bytes (884998144)
2023-12-28 21:55:56,769 [INFO] UtilMem:75 - After build in PCC Used Memory: 559421520 Bytes (884998144)
2023-12-28 21:55:56,787 [INFO] IPUIPlugin:80 - create IPUIPlugin
2023-12-28 21:55:56,787 [INFO] IPUIPlugin:80 - create IPUIPlugin
2023-12-28 21:55:56,787 [INFO] IPUIPlugin:80 - create IPUIPlugin
2023-12-28 21:55:56,787 [INFO] IPUIPlugin:80 - create IPUIPlugin
2023-12-28 21:55:56,788 [INFO] IPUIPlugin:80 - create IPUIPlugin
2023-12-28 21:55:56,788 [INFO] IPUIPlugin:80 - create IPUIPlugin
2023-12-28 21:55:56,788 [INFO] IPUIPlugin:80 - create IPUIPlugin
2023-12-28 21:55:56,788 [INFO] IPUIPlugin:80 - create IPUIPlugin
2023-12-28 21:55:56,788 [INFO] IPUIPlugin:80 - create IPUIPlugin
2023-12-28 21:55:56,788 [INFO] IPUIPlugin:80 - create IPUIPlugin
2023-12-28 21:55:56,788 [INFO] IPUIPlugin:80 - create IPUIPlugin
2023-12-28 21:55:56,788 [INFO] IPUIPlugin:80 - create IPUIPlugin
2023-12-28 21:55:56,788 [INFO] IPUIPlugin:80 - create IPUIPlugin
2023-12-28 21:55:56,789 [INFO] IPUIPlugin:80 - create IPUIPlugin
2023-12-28 21:55:56,789 [INFO] IPUIPlugin:80 - create IPUIPlugin
2023-12-28 21:55:56,789 [INFO] IPUIPlugin:80 - create IPUIPlugin
2023-12-28 21:55:56,789 [INFO] IPUIPlugin:80 - create IPUIPlugin
2023-12-28 21:55:56,789 [INFO] IPUIPlugin:80 - create IPUIPlugin
2023-12-28 21:55:56,789 [INFO] IPUIPlugin:80 - create IPUIPlugin
2023-12-28 21:55:56,790 [INFO] IPUIPlugin:80 - create IPUIPlugin
2023-12-28 21:55:56,790 [INFO] IPUIPlugin:80 - create IPUIPlugin
2023-12-28 21:55:56,790 [INFO] IPUIPlugin:80 - create IPUIPlugin
2023-12-28 21:55:56,790 [INFO] IPUIPlugin:80 - create IPUIPlugin
2023-12-28 21:55:56,790 [INFO] IPUIPlugin:80 - create IPUIPlugin
2023-12-28 21:55:56,790 [INFO] IPUIPlugin:80 - create IPUIPlugin
2023-12-28 21:55:56,791 [INFO] IPUIPlugin:80 - create IPUIPlugin
2023-12-28 21:55:56,791 [INFO] IPUIPlugin:80 - create IPUIPlugin
2023-12-28 21:55:56,791 [INFO] IPUIPlugin:80 - create IPUIPlugin
2023-12-28 21:55:56,791 [INFO] IPUIPlugin:80 - create IPUIPlugin
2023-12-28 21:55:56,791 [INFO] IPUIPlugin:80 - create IPUIPlugin
2023-12-28 21:55:56,793 [INFO] Can:71 - Can Add PropertyChangeListener com.st.microxplorer.plugins.ip.can.Can@15e18ed3
2023-12-28 21:55:56,836 [INFO] CADModel:165 - CPN selected for project levelSTM32F042F4P6
2023-12-28 21:55:56,836 [INFO] CADModel:114 - Register for checkConnection events
2023-12-28 21:55:56,939 [INFO] OpenFileManager:343 - Restore cursor
2023-12-28 21:56:43,118 [INFO] MainUpdater:2873 - connection check result : 10
2023-12-28 21:56:43,298 [INFO] McuFinderGlobals:76 - Set McuFinderConnectedMode to true
2023-12-28 21:56:43,300 [INFO] MultiScanPanel:200 - Auto-refresh data requested => check proxy status ongoing
2023-12-28 21:56:43,301 [INFO] FinderPluginLoader:95 - Searching for filters in installed packs
2023-12-28 21:56:44,120 [INFO] LoadUrlFilesThread:185 - End of LoadServerUrlFiles without Thread
2023-12-28 21:56:44,120 [INFO] DetailPanel:341 - Set advertising image to C:/Users/aleja/STM32Cube/Repository/\en.prom-stm32wl3-mcu-finder.jpg
2023-12-28 21:57:08,130 [INFO] MainUpdater:2873 - connection check result : 10
2023-12-28 21:57:08,130 [INFO] MainUpdater:2873 - connection check result : 10
2023-12-28 21:57:08,144 [INFO] MicroXplorer:468 - Change Database Path : 
2023-12-28 21:57:08,144 [INFO] MicroXplorer:498 - Change Database Version : DB.6.0.100
2023-12-28 21:57:08,155 [ERROR] ProjectManagerView:394 - 
java.lang.NullPointerException: Cannot invoke "javax.swing.JTextField.getText()" because the return value of "java.util.List.get(int)" is null
	at com.st.microxplorer.plugins.projectmanager.gui.ProjectChoiceTab$10.caretUpdate(ProjectChoiceTab.java:2493) ~[filemanager.jar:?]
	at javax.swing.text.JTextComponent.fireCaretUpdate(JTextComponent.java:412) ~[?:?]
	at javax.swing.text.JTextComponent$MutableCaretEvent.fire(JTextComponent.java:4491) ~[?:?]
	at javax.swing.text.JTextComponent$MutableCaretEvent.stateChanged(JTextComponent.java:4513) ~[?:?]
	at javax.swing.text.DefaultCaret.fireStateChanged(DefaultCaret.java:842) ~[?:?]
	at javax.swing.text.DefaultCaret.changeCaretPosition(DefaultCaret.java:1313) ~[?:?]
	at javax.swing.text.DefaultCaret.handleSetDot(DefaultCaret.java:1212) ~[?:?]
	at javax.swing.text.DefaultCaret.setDot(DefaultCaret.java:1193) ~[?:?]
	at javax.swing.text.DefaultCaret$Handler.insertUpdate(DefaultCaret.java:1789) ~[?:?]
	at javax.swing.text.AbstractDocument.fireInsertUpdate(AbstractDocument.java:226) ~[?:?]
	at javax.swing.text.AbstractDocument.handleInsertString(AbstractDocument.java:780) ~[?:?]
	at javax.swing.text.AbstractDocument.insertString(AbstractDocument.java:739) ~[?:?]
	at javax.swing.text.PlainDocument.insertString(PlainDocument.java:131) ~[?:?]
	at javax.swing.text.AbstractDocument.replace(AbstractDocument.java:698) ~[?:?]
	at javax.swing.text.JTextComponent.setText(JTextComponent.java:1729) ~[?:?]
	at com.st.microxplorer.plugins.projectmanager.gui.ProjectChoiceTab.createHeapStackFields(ProjectChoiceTab.java:933) ~[filemanager.jar:?]
	at com.st.microxplorer.plugins.projectmanager.gui.ProjectChoiceTab.buildLinkSettingsPanel(ProjectChoiceTab.java:3426) ~[filemanager.jar:?]
	at com.st.microxplorer.plugins.projectmanager.gui.ProjectChoiceTab.defineWindowsFields(ProjectChoiceTab.java:1813) ~[filemanager.jar:?]
	at com.st.microxplorer.plugins.projectmanager.gui.ProjectChoiceTab.updateSettings(ProjectChoiceTab.java:533) ~[filemanager.jar:?]
	at com.st.microxplorer.plugins.projectmanager.gui.ProjectSettingsPanel.UpdateDialog(ProjectSettingsPanel.java:244) ~[filemanager.jar:?]
	at com.st.microxplorer.plugins.projectmanager.ProjectManagerView.propertyChange(ProjectManagerView.java:391) ~[filemanager.jar:?]
	at java.beans.PropertyChangeSupport.fire(PropertyChangeSupport.java:343) ~[?:?]
	at java.beans.PropertyChangeSupport.firePropertyChange(PropertyChangeSupport.java:335) ~[?:?]
	at java.beans.PropertyChangeSupport.firePropertyChange(PropertyChangeSupport.java:268) ~[?:?]
	at com.st.microxplorer.util.MXPropertyChangeSupport.firePropertyChange(MXPropertyChangeSupport.java:54) ~[STM32CubeMX.jar:?]
	at com.st.microxplorer.mxsystem.MxSystem.closeConfig(MxSystem.java:900) ~[STM32CubeMX.jar:?]
	at com.st.microxplorer.maingui.MainPanel.closeConfig(MainPanel.java:776) ~[STM32CubeMX.jar:?]
	at com.st.microxplorer.plugins.filemanager.engine.OpenFileManager.loadConfigurationFile(OpenFileManager.java:245) ~[filemanager.jar:?]
	at com.st.microxplorer.plugins.filemanager.engine.MainFileManager.userLoadConfig(MainFileManager.java:290) ~[filemanager.jar:?]
	at com.st.microxplorer.plugins.filemanager.FileManagerView.getSpecificTask(FileManagerView.java:247) ~[filemanager.jar:?]
	at com.st.stm32cube.common.mx.editor.CubeMxEditor.getMxTabbedPaneInstance(CubeMxEditor.java:1184) ~[com.st.stm32cube.common.mx_6.10.0.202311202037/:?]
	at com.st.stm32cube.common.mx.editor.CubeMxEditor$12$1.createSwingComponent(CubeMxEditor.java:1065) ~[com.st.stm32cube.common.mx_6.10.0.202311202037/:?]
	at com.st.stm32cube.common.mx.oss.core.awtswtbridge.EmbeddedSwingComposite.doComponentCreation(EmbeddedSwingComposite.java:492) ~[com.st.stm32cube.common.mx.oss_6.10.0.202311202037/:?]
	at com.st.stm32cube.common.mx.oss.core.awtswtbridge.EmbeddedSwingComposite$4.run(EmbeddedSwingComposite.java:291) ~[com.st.stm32cube.common.mx.oss_6.10.0.202311202037/:?]
	at com.st.stm32cube.common.mx.oss.core.awtswtbridge.AwtEnvironment$2.run(AwtEnvironment.java:166) ~[com.st.stm32cube.common.mx.oss_6.10.0.202311202037/:?]
	at java.awt.event.InvocationEvent.dispatch(InvocationEvent.java:318) ~[?:?]
	at java.awt.EventQueue.dispatchEventImpl(EventQueue.java:773) ~[?:?]
	at java.awt.EventQueue$4.run(EventQueue.java:720) ~[?:?]
	at java.awt.EventQueue$4.run(EventQueue.java:714) ~[?:?]
	at java.security.AccessController.doPrivileged(AccessController.java:399) ~[?:?]
	at java.security.ProtectionDomain$JavaSecurityAccessImpl.doIntersectionPrivilege(ProtectionDomain.java:86) ~[?:?]
	at java.awt.EventQueue.dispatchEvent(EventQueue.java:742) ~[?:?]
	at java.awt.EventDispatchThread.pumpOneEventForFilters(EventDispatchThread.java:203) ~[?:?]
	at java.awt.EventDispatchThread.pumpEventsForFilter(EventDispatchThread.java:124) ~[?:?]
	at java.awt.EventDispatchThread.pumpEventsForHierarchy(EventDispatchThread.java:113) ~[?:?]
	at java.awt.EventDispatchThread.pumpEvents(EventDispatchThread.java:109) ~[?:?]
	at java.awt.EventDispatchThread.pumpEvents(EventDispatchThread.java:101) ~[?:?]
	at java.awt.EventDispatchThread.run(EventDispatchThread.java:90) ~[?:?]
2023-12-28 21:57:08,157 [WARN] ThirdParty:871 - waiting for thirdparty lock release [close project]
2023-12-28 21:57:08,157 [INFO] ThirdParty:873 - entering critical section [close project]
2023-12-28 21:57:08,158 [INFO] ThirdParty:883 - exiting critical section [close project]
2023-12-28 21:57:08,158 [INFO] PinOutPanel:1499 - setPackage(No Configuration,No Configuration)
2023-12-28 21:57:08,161 [INFO] UtilMem:75 - Begin LoadConfig() Used Memory: 295169784 Bytes (884998144)
2023-12-28 21:57:08,162 [INFO] MicroXplorer:468 - Change Database Path : 
2023-12-28 21:57:08,162 [INFO] MicroXplorer:498 - Change Database Version : DB.6.0.100
2023-12-28 21:57:08,162 [INFO] OpenFileManager:312 - Change cursor
2023-12-28 21:57:08,169 [INFO] Mcu:2016 - Initializing MCU STM32F042F4Px STM32F042F4Px STM32F042F4P6TR
2023-12-28 21:57:08,856 [INFO] Context:659 - Trying to add GPIOservice into a context  which must be forbidden
2023-12-28 21:57:09,022 [INFO] ImportTextPane:194 - (OptionalMessage_ERROR) Unable to find key (Mcu.ThirdPartyNb) in loaded IOC file
2023-12-28 21:57:09,022 [INFO] ImportTextPane:194 - (OptionalMessage_ERROR) Unable to find key (Mcu.PinsNb) in loaded IOC file
2023-12-28 21:57:09,022 [INFO] ImportTextPane:194 - (OptionalMessage_ERROR) Unable to find key (Mcu.IPNb) in loaded IOC file
2023-12-28 21:57:09,031 [INFO] RtosManager:555 - Registered RTOS mode: class=CMSIS, group=RTOS, mode=CMSIS_V1, owner=FREERTOS
2023-12-28 21:57:09,032 [INFO] RtosManager:555 - Registered RTOS mode: class=CMSIS, group=RTOS2, mode=CMSIS_V2, owner=FREERTOS
2023-12-28 21:57:09,032 [INFO] RtosManager:555 - Registered RTOS mode: class=RTOS, group=Core, mode=CMSIS_V1, owner=FREERTOS
2023-12-28 21:57:09,032 [INFO] RtosManager:555 - Registered RTOS mode: class=RTOS, group=Core, mode=CMSIS_V2, owner=FREERTOS
2023-12-28 21:57:09,032 [WARN] ModelIntegratedComponent:184 - Missing modes for component STMicroelectronics:FreeRTOS:0.0.1:STMicroelectronics:RTOS:FreeRTOS:Core:::10.2.0:
2023-12-28 21:57:09,037 [WARN] ModelIntegratedComponent:63 - No mode defined for component null
2023-12-28 21:57:09,037 [WARN] ModelIntegratedComponent:63 - No mode defined for component null
2023-12-28 21:57:09,037 [WARN] ModelIntegratedComponent:63 - No mode defined for component null
2023-12-28 21:57:09,037 [WARN] ModelIntegratedComponent:63 - No mode defined for component null
2023-12-28 21:57:09,037 [WARN] ModelIntegratedComponent:63 - No mode defined for component null
2023-12-28 21:57:09,037 [WARN] ModelIntegratedComponent:63 - No mode defined for component null
2023-12-28 21:57:09,037 [WARN] ModelIntegratedComponent:63 - No mode defined for component null
2023-12-28 21:57:09,037 [WARN] ModelIntegratedComponent:63 - No mode defined for component null
2023-12-28 21:57:09,037 [WARN] ModelIntegratedComponent:63 - No mode defined for component null
2023-12-28 21:57:09,037 [WARN] ModelIntegratedComponent:63 - No mode defined for component null
2023-12-28 21:57:09,037 [WARN] ModelIntegratedComponent:63 - No mode defined for component null
2023-12-28 21:57:09,037 [WARN] ModelIntegratedComponent:63 - No mode defined for component null
2023-12-28 21:57:09,037 [WARN] ModelIntegratedComponent:63 - No mode defined for component null
2023-12-28 21:57:09,037 [WARN] ModelIntegratedComponent:63 - No mode defined for component null
2023-12-28 21:57:09,037 [WARN] ModelIntegratedComponent:63 - No mode defined for component null
2023-12-28 21:57:09,037 [WARN] ModelIntegratedComponent:63 - No mode defined for component null
2023-12-28 21:57:09,037 [WARN] ModelIntegratedComponent:63 - No mode defined for component null
2023-12-28 21:57:09,037 [WARN] ModelIntegratedComponent:63 - No mode defined for component null
2023-12-28 21:57:09,037 [WARN] ModelIntegratedComponent:63 - No mode defined for component null
2023-12-28 21:57:09,037 [WARN] ModelIntegratedComponent:63 - No mode defined for component null
2023-12-28 21:57:09,037 [WARN] ModelIntegratedComponent:63 - No mode defined for component null
2023-12-28 21:57:09,037 [WARN] ModelIntegratedComponent:63 - No mode defined for component null
2023-12-28 21:57:09,037 [WARN] ModelIntegratedComponent:63 - No mode defined for component null
2023-12-28 21:57:09,037 [WARN] ModelIntegratedComponent:63 - No mode defined for component null
2023-12-28 21:57:09,037 [WARN] ModelIntegratedComponent:63 - No mode defined for component null
2023-12-28 21:57:09,037 [WARN] ModelIntegratedComponent:63 - No mode defined for component null
2023-12-28 21:57:09,037 [WARN] ModelIntegratedComponent:63 - No mode defined for component null
2023-12-28 21:57:09,037 [WARN] ModelIntegratedComponent:63 - No mode defined for component null
2023-12-28 21:57:09,037 [WARN] ModelIntegratedComponent:63 - No mode defined for component null
2023-12-28 21:57:09,037 [WARN] ModelIntegratedComponent:63 - No mode defined for component null
2023-12-28 21:57:09,037 [WARN] ModelIntegratedComponent:63 - No mode defined for component null
2023-12-28 21:57:09,037 [WARN] ModelIntegratedComponent:63 - No mode defined for component null
2023-12-28 21:57:09,037 [WARN] ModelIntegratedComponent:63 - No mode defined for component null
2023-12-28 21:57:09,099 [INFO] ThirdPartyModel:298 - Start build external matchings
2023-12-28 21:57:09,416 [INFO] ThirdPartyModel:316 - End build external matchings
2023-12-28 21:57:09,562 [INFO] UtilMem:75 - End LoadConfig() Used Memory: 408393024 Bytes (884998144)
2023-12-28 21:57:09,610 [INFO] MicroXplorer:468 - Change Database Path : 
2023-12-28 21:57:09,610 [INFO] MicroXplorer:498 - Change Database Version : DB.6.0.100
2023-12-28 21:57:09,610 [WARN] ThirdParty:833 - waiting for thirdparty lock release [change project]
2023-12-28 21:57:09,610 [INFO] ThirdParty:835 - entering critical section [change project]
2023-12-28 21:57:09,610 [INFO] ThirdParty:1030 - CMSIS Pack Vendor :STMicroelectronics X-CUBE-ISPU 1.1.0
2023-12-28 21:57:09,610 [INFO] ThirdParty:1030 - CMSIS Pack Vendor :STMicroelectronics USBPD 4.1
2023-12-28 21:57:09,610 [INFO] ThirdParty:1030 - CMSIS Pack Vendor :STMicroelectronics X-CUBE-GNSS1 6.0.0
2023-12-28 21:57:09,610 [INFO] ThirdParty:1030 - CMSIS Pack Vendor :STMicroelectronics USB_HOST 2.0.0
2023-12-28 21:57:09,610 [INFO] ThirdParty:1030 - CMSIS Pack Vendor :STMicroelectronics X-CUBE-AZRTOS-F4 1.1.0
2023-12-28 21:57:09,610 [INFO] ThirdParty:1030 - CMSIS Pack Vendor :STMicroelectronics LIBJPEG 8.0.0
2023-12-28 21:57:09,610 [INFO] ThirdParty:1030 - CMSIS Pack Vendor :wolfSSL I-CUBE-wolfSSL 5.6.4
2023-12-28 21:57:09,611 [INFO] ThirdParty:1030 - CMSIS Pack Vendor :STMicroelectronics X-CUBE-SMBUS 2.1.0
2023-12-28 21:57:09,611 [INFO] ThirdParty:1030 - CMSIS Pack Vendor :STMicroelectronics USB_DEVICE 3.0.0
2023-12-28 21:57:09,611 [INFO] ThirdParty:1030 - CMSIS Pack Vendor :STMicroelectronics X-CUBE-AZRTOS-WB 2.0.0
2023-12-28 21:57:09,611 [INFO] ThirdParty:1030 - CMSIS Pack Vendor :STMicroelectronics X-CUBE-TOUCHGFX 4.23.0
2023-12-28 21:57:09,611 [INFO] ThirdParty:1030 - CMSIS Pack Vendor :STMicroelectronics X-CUBE-AZRTOS-F7 1.1.0
2023-12-28 21:57:09,611 [INFO] ThirdParty:1030 - CMSIS Pack Vendor :STMicroelectronics X-CUBE-AZRTOS-L5 2.0.0
2023-12-28 21:57:09,611 [INFO] ThirdParty:1030 - CMSIS Pack Vendor :STMicroelectronics USB_DEVICE 2.0.0
2023-12-28 21:57:09,611 [INFO] ThirdParty:1030 - CMSIS Pack Vendor :STMicroelectronics X-CUBE-EEPRMA1 4.2.0
2023-12-28 21:57:09,611 [INFO] ThirdParty:1030 - CMSIS Pack Vendor :ITTIA_DB I-CUBE-ITTIADB 8.8.0
2023-12-28 21:57:09,611 [INFO] ThirdParty:1030 - CMSIS Pack Vendor :STMicroelectronics FP-SNS-MOTENV1 4.3.2
2023-12-28 21:57:09,611 [INFO] ThirdParty:1030 - CMSIS Pack Vendor :STMicroelectronics X-CUBE-ALGOBUILD 1.3.0
2023-12-28 21:57:09,611 [INFO] ThirdParty:1030 - CMSIS Pack Vendor :STMicroelectronics FreeRTOS 0.0.1
2023-12-28 21:57:09,611 [INFO] ThirdParty:1030 - CMSIS Pack Vendor :STMicroelectronics X-CUBE-AZRTOS-G0 1.1.0
2023-12-28 21:57:09,611 [INFO] ThirdParty:1030 - CMSIS Pack Vendor :STMicroelectronics X-CUBE-NFC4 3.0.0
2023-12-28 21:57:09,611 [INFO] ThirdParty:1030 - CMSIS Pack Vendor :STMicroelectronics X-CUBE-SUBG2 5.0.0
2023-12-28 21:57:09,611 [INFO] ThirdParty:1030 - CMSIS Pack Vendor :STMicroelectronics STM32_WPAN 1.0.0
2023-12-28 21:57:09,611 [INFO] ThirdParty:1030 - CMSIS Pack Vendor :STMicroelectronics lwIP 2.0.3
2023-12-28 21:57:09,611 [INFO] ThirdParty:1030 - CMSIS Pack Vendor :STMicroelectronics FP-SNS-FLIGHT1 5.0.2
2023-12-28 21:57:09,611 [INFO] ThirdParty:1030 - CMSIS Pack Vendor :STMicroelectronics USB_HOST 1.0.0
2023-12-28 21:57:09,611 [INFO] ThirdParty:1030 - CMSIS Pack Vendor :STMicroelectronics X-CUBE-AZRTOS-G4 2.0.0
2023-12-28 21:57:09,611 [INFO] ThirdParty:1030 - CMSIS Pack Vendor :STMicroelectronics PDM2PCM 3.1.0
2023-12-28 21:57:09,611 [INFO] ThirdParty:1030 - CMSIS Pack Vendor :STMicroelectronics X-CUBE-AZRTOS-H7 3.1.0
2023-12-28 21:57:09,611 [INFO] ThirdParty:1030 - CMSIS Pack Vendor :Infineon AIROC-Wi-Fi-Bluetooth-STM32 1.5.1
2023-12-28 21:57:09,611 [INFO] ThirdParty:1030 - CMSIS Pack Vendor :STMicroelectronics X-CUBE-BLEMGR 3.0.0
2023-12-28 21:57:09,611 [INFO] ThirdParty:1030 - CMSIS Pack Vendor :STMicroelectronics PDM2PCM 3.3.0
2023-12-28 21:57:09,611 [INFO] ThirdParty:1030 - CMSIS Pack Vendor :STMicroelectronics X-CUBE-DISPLAY 3.0.0
2023-12-28 21:57:09,611 [INFO] ThirdParty:1030 - CMSIS Pack Vendor :STMicroelectronics FP-SNS-MOTENVWB1 1.3.1
2023-12-28 21:57:09,611 [INFO] ThirdParty:1030 - CMSIS Pack Vendor :STMicroelectronics X-CUBE-BLE1 7.0.0
2023-12-28 21:57:09,611 [INFO] ThirdParty:1030 - CMSIS Pack Vendor :STMicroelectronics FP-ATR-SIGFOX1 3.2.0
2023-12-28 21:57:09,611 [INFO] ThirdParty:1030 - CMSIS Pack Vendor :STMicroelectronics X-CUBE-ISPU 2.0.0
2023-12-28 21:57:09,611 [INFO] ThirdParty:1030 - CMSIS Pack Vendor :STMicroelectronics HAL Drivers 0.0.0
2023-12-28 21:57:09,611 [INFO] ThirdParty:1030 - CMSIS Pack Vendor :STMicroelectronics MBEDTLS 2.16.2
2023-12-28 21:57:09,611 [INFO] ThirdParty:1030 - CMSIS Pack Vendor :emotas I-CUBE-CANOPEN 1.3.0
2023-12-28 21:57:09,611 [INFO] ThirdParty:1030 - CMSIS Pack Vendor :STMicroelectronics X-CUBE-MEMS1 10.0.0
2023-12-28 21:57:09,611 [INFO] ThirdParty:1030 - CMSIS Pack Vendor :STMicroelectronics X-CUBE-FREERTOS 1.1.0
2023-12-28 21:57:09,611 [INFO] ThirdParty:1030 - CMSIS Pack Vendor :STMicroelectronics X-CUBE-NFC7 1.0.1
2023-12-28 21:57:09,611 [INFO] ThirdParty:1030 - CMSIS Pack Vendor :STMicroelectronics MBEDTLS 2.14.1
2023-12-28 21:57:09,611 [INFO] ThirdParty:1030 - CMSIS Pack Vendor :STMicroelectronics X-CUBE-TOUCHGFX 4.22.1
2023-12-28 21:57:09,611 [INFO] ThirdParty:1030 - CMSIS Pack Vendor :STMicroelectronics X-CUBE-NFC6 3.0.0
2023-12-28 21:57:09,611 [INFO] ThirdParty:1030 - CMSIS Pack Vendor :portGmbH I-Cube-SoM-uGOAL 1.1.0
2023-12-28 21:57:09,611 [INFO] ThirdParty:1030 - CMSIS Pack Vendor :STMicroelectronics X-CUBE-ALS 1.0.1
2023-12-28 21:57:09,611 [INFO] ThirdParty:1030 - CMSIS Pack Vendor :STMicroelectronics ThreadX 1.0.0
2023-12-28 21:57:09,611 [INFO] ThirdParty:1030 - CMSIS Pack Vendor :STMicroelectronics FP-SNS-SMARTAG2 1.2.0
2023-12-28 21:57:09,611 [INFO] ThirdParty:1030 - CMSIS Pack Vendor :STMicroelectronics X-CUBE-AZRTOS-WL 2.0.0
2023-12-28 21:57:09,611 [INFO] ThirdParty:1030 - CMSIS Pack Vendor :STMicroelectronics USB_DEVICE 1.0.0
2023-12-28 21:57:09,611 [INFO] ThirdParty:1030 - CMSIS Pack Vendor :STMicroelectronics X-CUBE-AI 8.1.0
2023-12-28 21:57:09,611 [INFO] ThirdParty:1030 - CMSIS Pack Vendor :STMicroelectronics X-CUBE-AZRTOS-L4 2.0.0
2023-12-28 21:57:09,611 [INFO] ThirdParty:1030 - CMSIS Pack Vendor :STMicroelectronics ThreadX 0.0.2
2023-12-28 21:57:09,611 [INFO] ThirdParty:1030 - CMSIS Pack Vendor :WES I-CUBE-Cesium 1.3.0
2023-12-28 21:57:09,611 [INFO] ThirdParty:1030 - CMSIS Pack Vendor :STMicroelectronics FP-ATR-ASTRA1 2.0.0
2023-12-28 21:57:09,611 [INFO] ThirdParty:1030 - CMSIS Pack Vendor :STMicroelectronics lwIP 2.1.2
2023-12-28 21:57:09,611 [INFO] ThirdParty:1030 - CMSIS Pack Vendor :STMicroelectronics X-CUBE-SFXS2LP1 4.0.0
2023-12-28 21:57:09,611 [INFO] ThirdParty:1030 - CMSIS Pack Vendor :STMicroelectronics X-CUBE-BLE2 3.3.0
2023-12-28 21:57:09,611 [INFO] ThirdParty:1030 - CMSIS Pack Vendor :STMicroelectronics X-CUBE-TOF1 3.4.0
2023-12-28 21:57:09,611 [INFO] ThirdParty:1030 - CMSIS Pack Vendor :STMicroelectronics X-CUBE-AZRTOS-H7 3.2.0
2023-12-28 21:57:09,611 [INFO] ThirdParty:1030 - CMSIS Pack Vendor :STMicroelectronics PDM2PCM 3.2.0
2023-12-28 21:57:09,612 [INFO] ThirdParty:841 - exiting critical section [change project]
2023-12-28 21:57:09,712 [INFO] PinOutPanel:1499 - setPackage(No Configuration,No Configuration)
2023-12-28 21:57:09,713 [INFO] PinOutPanel:1499 - setPackage(STM32F042F4Px,TSSOP20)
2023-12-28 21:57:10,594 [INFO] UtilMem:75 - Before build in PCC Used Memory: 301551352 Bytes (884998144)
2023-12-28 21:57:10,773 [INFO] UtilMem:75 - After build in PCC Used Memory: 344542968 Bytes (884998144)
2023-12-28 21:57:10,785 [INFO] IPUIPlugin:80 - create IPUIPlugin
2023-12-28 21:57:10,786 [INFO] IPUIPlugin:80 - create IPUIPlugin
2023-12-28 21:57:10,786 [INFO] IPUIPlugin:80 - create IPUIPlugin
2023-12-28 21:57:10,786 [INFO] IPUIPlugin:80 - create IPUIPlugin
2023-12-28 21:57:10,786 [INFO] IPUIPlugin:80 - create IPUIPlugin
2023-12-28 21:57:10,786 [INFO] IPUIPlugin:80 - create IPUIPlugin
2023-12-28 21:57:10,786 [INFO] IPUIPlugin:80 - create IPUIPlugin
2023-12-28 21:57:10,786 [INFO] IPUIPlugin:80 - create IPUIPlugin
2023-12-28 21:57:10,786 [INFO] IPUIPlugin:80 - create IPUIPlugin
2023-12-28 21:57:10,786 [INFO] IPUIPlugin:80 - create IPUIPlugin
2023-12-28 21:57:10,786 [INFO] IPUIPlugin:80 - create IPUIPlugin
2023-12-28 21:57:10,786 [INFO] IPUIPlugin:80 - create IPUIPlugin
2023-12-28 21:57:10,786 [INFO] IPUIPlugin:80 - create IPUIPlugin
2023-12-28 21:57:10,787 [INFO] IPUIPlugin:80 - create IPUIPlugin
2023-12-28 21:57:10,787 [INFO] IPUIPlugin:80 - create IPUIPlugin
2023-12-28 21:57:10,787 [INFO] IPUIPlugin:80 - create IPUIPlugin
2023-12-28 21:57:10,787 [INFO] IPUIPlugin:80 - create IPUIPlugin
2023-12-28 21:57:10,787 [INFO] IPUIPlugin:80 - create IPUIPlugin
2023-12-28 21:57:10,787 [INFO] IPUIPlugin:80 - create IPUIPlugin
2023-12-28 21:57:10,787 [INFO] IPUIPlugin:80 - create IPUIPlugin
2023-12-28 21:57:10,787 [INFO] IPUIPlugin:80 - create IPUIPlugin
2023-12-28 21:57:10,787 [INFO] IPUIPlugin:80 - create IPUIPlugin
2023-12-28 21:57:10,787 [INFO] IPUIPlugin:80 - create IPUIPlugin
2023-12-28 21:57:10,787 [INFO] IPUIPlugin:80 - create IPUIPlugin
2023-12-28 21:57:10,788 [INFO] IPUIPlugin:80 - create IPUIPlugin
2023-12-28 21:57:10,788 [INFO] IPUIPlugin:80 - create IPUIPlugin
2023-12-28 21:57:10,788 [INFO] IPUIPlugin:80 - create IPUIPlugin
2023-12-28 21:57:10,788 [INFO] IPUIPlugin:80 - create IPUIPlugin
2023-12-28 21:57:10,788 [INFO] IPUIPlugin:80 - create IPUIPlugin
2023-12-28 21:57:10,788 [INFO] IPUIPlugin:80 - create IPUIPlugin
2023-12-28 21:57:10,812 [INFO] CADModel:165 - CPN selected for project levelSTM32F042F4P6TR
2023-12-28 21:57:10,812 [INFO] CADModel:114 - Register for checkConnection events
2023-12-28 21:57:10,867 [INFO] OpenFileManager:343 - Restore cursor
2023-12-28 21:57:11,197 [INFO] UtilMem:75 - End SaveConfig() Used Memory: 400896760 Bytes (884998144)
2023-12-28 21:57:11,246 [INFO] UtilMem:75 - End SaveConfig() Used Memory: 413479672 Bytes (884998144)
2023-12-28 21:57:11,447 [INFO] BlockDiagram:2759 - set Specific Code input for plugin: NVIC
2023-12-28 21:57:11,447 [INFO] BlockDiagram:2759 - set Specific Code input for plugin: RCC
2023-12-28 21:57:11,448 [INFO] CodeGenerator:807 - code generatio: config db path: C:\ST\STM32CubeIDE_1.13.2\STM32CubeIDE\plugins\com.st.stm32cube.common.mx_6.10.0.202311202037\\db\
2023-12-28 21:57:11,611 [INFO] CodeEngine:255 - oldGeneratedFile, C:\Users\aleja\OneDrive\Escritorio\gettingStartedSTM\newNode_v0\MXTmpFiles\license.tmp_save
2023-12-28 21:57:11,767 [INFO] CodeEngine:279 - Generated code: C:\Users\aleja\OneDrive\Escritorio\gettingStartedSTM\newNode_v0\MXTmpFiles\license.tmp
2023-12-28 21:57:11,783 [INFO] CodeEngine:255 - oldGeneratedFile, C:\Users\aleja\OneDrive\Escritorio\gettingStartedSTM\newNode_v0\Core\Src\stm32f0xx_it.c_save
2023-12-28 21:57:11,946 [INFO] CodeEngine:279 - Generated code: C:\Users\aleja\OneDrive\Escritorio\gettingStartedSTM\newNode_v0\Core\Src\stm32f0xx_it.c
2023-12-28 21:57:11,951 [INFO] CodeEngine:255 - oldGeneratedFile, C:\Users\aleja\OneDrive\Escritorio\gettingStartedSTM\newNode_v0\Core\Inc\stm32f0xx_it.h_save
2023-12-28 21:57:12,044 [INFO] CodeEngine:279 - Generated code: C:\Users\aleja\OneDrive\Escritorio\gettingStartedSTM\newNode_v0\Core\Inc\stm32f0xx_it.h
2023-12-28 21:57:12,066 [INFO] CodeEngine:255 - oldGeneratedFile, C:\Users\aleja\OneDrive\Escritorio\gettingStartedSTM\newNode_v0\Core\Src\stm32f0xx_hal_msp.c_save
2023-12-28 21:57:12,231 [INFO] CodeEngine:279 - Generated code: C:\Users\aleja\OneDrive\Escritorio\gettingStartedSTM\newNode_v0\Core\Src\stm32f0xx_hal_msp.c
2023-12-28 21:57:12,236 [INFO] CodeEngine:255 - oldGeneratedFile, C:\Users\aleja\OneDrive\Escritorio\gettingStartedSTM\newNode_v0\MXTmpFiles\system.tmp_save
2023-12-28 21:57:12,309 [INFO] CodeEngine:279 - Generated code: C:\Users\aleja\OneDrive\Escritorio\gettingStartedSTM\newNode_v0\MXTmpFiles\system.tmp
2023-12-28 21:57:12,319 [INFO] CodeEngine:311 - oldGeneratedFile, C:\Users\aleja\OneDrive\Escritorio\gettingStartedSTM\newNode_v0\Core\Inc\stm32f0xx_hal_conf.h_save
2023-12-28 21:57:12,488 [INFO] CodeEngine:335 - Generated code: C:\Users\aleja\OneDrive\Escritorio\gettingStartedSTM\newNode_v0\Core\Inc\stm32f0xx_hal_conf.h
2023-12-28 21:57:12,524 [INFO] CodeEngine:255 - oldGeneratedFile, C:\Users\aleja\OneDrive\Escritorio\gettingStartedSTM\newNode_v0\Core\Inc\main.h_save
2023-12-28 21:57:12,662 [INFO] CodeEngine:279 - Generated code: C:\Users\aleja\OneDrive\Escritorio\gettingStartedSTM\newNode_v0\Core\Inc\main.h
2023-12-28 21:57:12,666 [INFO] CodeEngine:255 - oldGeneratedFile, C:\Users\aleja\OneDrive\Escritorio\gettingStartedSTM\newNode_v0\Core\Src\main.c_save
2023-12-28 21:57:12,806 [INFO] CodeEngine:279 - Generated code: C:\Users\aleja\OneDrive\Escritorio\gettingStartedSTM\newNode_v0\Core\Src\main.c
2023-12-28 21:57:13,502 [INFO] ProjectBuilder:3076 - Time for Copy HAL[1] : 205mS.
2023-12-28 21:57:13,509 [INFO] ProjectBuilder:4485 - Project Generator version: 4.2.0-B44
2023-12-28 21:57:13,681 [INFO] ConfigFileManager:1495 - The Die is : DIE445
2023-12-28 21:57:13,683 [INFO] ApiDbMcu:508 - Load IP Config File for FATFS
2023-12-28 21:57:13,685 [INFO] ApiDbMcu:508 - Load IP Config File for FREERTOS
2023-12-28 21:57:13,698 [INFO] ApiDbMcu:508 - Load IP Config File for TOUCHSENSING
2023-12-28 21:57:13,709 [INFO] ApiDbMcu:508 - Load IP Config File for USB_DEVICE
2023-12-28 21:57:15,999 [INFO] ProjectBuilder:4747 - Time for Generating toolchain IDE Files: 2490mS.
2023-12-28 21:57:16,000 [INFO] ProjectBuilder:2947 - Time for Copy CMSIS : 0mS.
2023-12-28 21:57:16,003 [INFO] ProjectBuilder:2947 - Time for Copy CMSIS : 0mS.
2023-12-28 21:57:16,426 [INFO] McuFinderGlobals:76 - Set McuFinderConnectedMode to true
2023-12-28 21:57:16,430 [INFO] ApiDb:448 - Save user favorites file C:\Users\aleja/.stm32cubeide/favorites.mcus.txt: 1 item(s)
2023-12-28 21:57:16,430 [INFO] ApiDb:452 - User favorites MCUs=[STM32F042F4P6]
2023-12-28 21:58:10,112 [INFO] MainUpdater:2873 - connection check result : 10
2023-12-28 21:58:10,112 [INFO] MainUpdater:2873 - connection check result : 10
2023-12-28 21:58:10,126 [INFO] MicroXplorer:468 - Change Database Path : 
2023-12-28 21:58:10,127 [INFO] MicroXplorer:498 - Change Database Version : DB.6.0.100
2023-12-28 21:58:10,134 [ERROR] ProjectManagerView:394 - 
java.lang.NullPointerException: Cannot invoke "javax.swing.JTextField.getText()" because the return value of "java.util.List.get(int)" is null
	at com.st.microxplorer.plugins.projectmanager.gui.ProjectChoiceTab$10.caretUpdate(ProjectChoiceTab.java:2493) ~[filemanager.jar:?]
	at javax.swing.text.JTextComponent.fireCaretUpdate(JTextComponent.java:412) ~[?:?]
	at javax.swing.text.JTextComponent$MutableCaretEvent.fire(JTextComponent.java:4491) ~[?:?]
	at javax.swing.text.JTextComponent$MutableCaretEvent.stateChanged(JTextComponent.java:4513) ~[?:?]
	at javax.swing.text.DefaultCaret.fireStateChanged(DefaultCaret.java:842) ~[?:?]
	at javax.swing.text.DefaultCaret.changeCaretPosition(DefaultCaret.java:1313) ~[?:?]
	at javax.swing.text.DefaultCaret.handleSetDot(DefaultCaret.java:1212) ~[?:?]
	at javax.swing.text.DefaultCaret.setDot(DefaultCaret.java:1193) ~[?:?]
	at javax.swing.text.DefaultCaret$Handler.insertUpdate(DefaultCaret.java:1789) ~[?:?]
	at javax.swing.text.AbstractDocument.fireInsertUpdate(AbstractDocument.java:226) ~[?:?]
	at javax.swing.text.AbstractDocument.handleInsertString(AbstractDocument.java:780) ~[?:?]
	at javax.swing.text.AbstractDocument.insertString(AbstractDocument.java:739) ~[?:?]
	at javax.swing.text.PlainDocument.insertString(PlainDocument.java:131) ~[?:?]
	at javax.swing.text.AbstractDocument.replace(AbstractDocument.java:698) ~[?:?]
	at javax.swing.text.JTextComponent.setText(JTextComponent.java:1729) ~[?:?]
	at com.st.microxplorer.plugins.projectmanager.gui.ProjectChoiceTab.createHeapStackFields(ProjectChoiceTab.java:933) ~[filemanager.jar:?]
	at com.st.microxplorer.plugins.projectmanager.gui.ProjectChoiceTab.buildLinkSettingsPanel(ProjectChoiceTab.java:3426) ~[filemanager.jar:?]
	at com.st.microxplorer.plugins.projectmanager.gui.ProjectChoiceTab.defineWindowsFields(ProjectChoiceTab.java:1813) ~[filemanager.jar:?]
	at com.st.microxplorer.plugins.projectmanager.gui.ProjectChoiceTab.updateSettings(ProjectChoiceTab.java:533) ~[filemanager.jar:?]
	at com.st.microxplorer.plugins.projectmanager.gui.ProjectSettingsPanel.UpdateDialog(ProjectSettingsPanel.java:244) ~[filemanager.jar:?]
	at com.st.microxplorer.plugins.projectmanager.ProjectManagerView.propertyChange(ProjectManagerView.java:391) ~[filemanager.jar:?]
	at java.beans.PropertyChangeSupport.fire(PropertyChangeSupport.java:343) ~[?:?]
	at java.beans.PropertyChangeSupport.firePropertyChange(PropertyChangeSupport.java:335) ~[?:?]
	at java.beans.PropertyChangeSupport.firePropertyChange(PropertyChangeSupport.java:268) ~[?:?]
	at com.st.microxplorer.util.MXPropertyChangeSupport.firePropertyChange(MXPropertyChangeSupport.java:54) ~[STM32CubeMX.jar:?]
	at com.st.microxplorer.mxsystem.MxSystem.closeConfig(MxSystem.java:900) ~[STM32CubeMX.jar:?]
	at com.st.microxplorer.maingui.MainPanel.closeConfig(MainPanel.java:776) ~[STM32CubeMX.jar:?]
	at com.st.microxplorer.plugins.filemanager.engine.OpenFileManager.loadConfigurationFile(OpenFileManager.java:245) ~[filemanager.jar:?]
	at com.st.microxplorer.plugins.filemanager.engine.MainFileManager.userLoadConfig(MainFileManager.java:290) ~[filemanager.jar:?]
	at com.st.microxplorer.plugins.filemanager.FileManagerView.getSpecificTask(FileManagerView.java:247) ~[filemanager.jar:?]
	at com.st.stm32cube.common.mx.editor.CubeMxEditor.getMxTabbedPaneInstance(CubeMxEditor.java:1184) ~[com.st.stm32cube.common.mx_6.10.0.202311202037/:?]
	at com.st.stm32cube.common.mx.editor.CubeMxEditor$12$1.createSwingComponent(CubeMxEditor.java:1065) ~[com.st.stm32cube.common.mx_6.10.0.202311202037/:?]
	at com.st.stm32cube.common.mx.oss.core.awtswtbridge.EmbeddedSwingComposite.doComponentCreation(EmbeddedSwingComposite.java:492) ~[com.st.stm32cube.common.mx.oss_6.10.0.202311202037/:?]
	at com.st.stm32cube.common.mx.oss.core.awtswtbridge.EmbeddedSwingComposite$4.run(EmbeddedSwingComposite.java:291) ~[com.st.stm32cube.common.mx.oss_6.10.0.202311202037/:?]
	at com.st.stm32cube.common.mx.oss.core.awtswtbridge.AwtEnvironment$2.run(AwtEnvironment.java:166) ~[com.st.stm32cube.common.mx.oss_6.10.0.202311202037/:?]
	at java.awt.event.InvocationEvent.dispatch(InvocationEvent.java:318) ~[?:?]
	at java.awt.EventQueue.dispatchEventImpl(EventQueue.java:773) ~[?:?]
	at java.awt.EventQueue$4.run(EventQueue.java:720) ~[?:?]
	at java.awt.EventQueue$4.run(EventQueue.java:714) ~[?:?]
	at java.security.AccessController.doPrivileged(AccessController.java:399) ~[?:?]
	at java.security.ProtectionDomain$JavaSecurityAccessImpl.doIntersectionPrivilege(ProtectionDomain.java:86) ~[?:?]
	at java.awt.EventQueue.dispatchEvent(EventQueue.java:742) ~[?:?]
	at java.awt.EventDispatchThread.pumpOneEventForFilters(EventDispatchThread.java:203) ~[?:?]
	at java.awt.EventDispatchThread.pumpEventsForFilter(EventDispatchThread.java:124) ~[?:?]
	at java.awt.EventDispatchThread.pumpEventsForHierarchy(EventDispatchThread.java:113) ~[?:?]
	at java.awt.EventDispatchThread.pumpEvents(EventDispatchThread.java:109) ~[?:?]
	at java.awt.EventDispatchThread.pumpEvents(EventDispatchThread.java:101) ~[?:?]
	at java.awt.EventDispatchThread.run(EventDispatchThread.java:90) ~[?:?]
2023-12-28 21:58:10,135 [WARN] ThirdParty:871 - waiting for thirdparty lock release [close project]
2023-12-28 21:58:10,135 [INFO] ThirdParty:873 - entering critical section [close project]
2023-12-28 21:58:10,135 [INFO] ThirdParty:883 - exiting critical section [close project]
2023-12-28 21:58:10,136 [INFO] PinOutPanel:1499 - setPackage(No Configuration,No Configuration)
2023-12-28 21:58:10,139 [INFO] UtilMem:75 - Begin LoadConfig() Used Memory: 454900648 Bytes (765460480)
2023-12-28 21:58:10,144 [INFO] MicroXplorer:468 - Change Database Path : C:/Users/aleja/.stm32cubemx/databases/DB.6.0.92/db/
2023-12-28 21:58:10,144 [INFO] MicroXplorer:498 - Change Database Version : DB.6.0.92
2023-12-28 21:58:11,834 [INFO] MicroXplorer:468 - Change Database Path : 
2023-12-28 21:58:11,835 [INFO] MicroXplorer:498 - Change Database Version : DB.6.0.100
2023-12-28 21:58:11,835 [INFO] OpenFileManager:312 - Change cursor
2023-12-28 21:58:11,850 [INFO] RulesReader:64 - Compatibility file has been processed (297 Rules)
2023-12-28 21:58:11,853 [INFO] Mcu:2016 - Initializing MCU STM32F042F4Px STM32F042F4Px STM32F042F4P6
2023-12-28 21:58:12,458 [INFO] Context:659 - Trying to add GPIOservice into a context  which must be forbidden
2023-12-28 21:58:12,577 [INFO] RtosManager:555 - Registered RTOS mode: class=CMSIS, group=RTOS, mode=CMSIS_V1, owner=FREERTOS
2023-12-28 21:58:12,577 [INFO] RtosManager:555 - Registered RTOS mode: class=CMSIS, group=RTOS2, mode=CMSIS_V2, owner=FREERTOS
2023-12-28 21:58:12,577 [INFO] RtosManager:555 - Registered RTOS mode: class=RTOS, group=Core, mode=CMSIS_V1, owner=FREERTOS
2023-12-28 21:58:12,577 [INFO] RtosManager:555 - Registered RTOS mode: class=RTOS, group=Core, mode=CMSIS_V2, owner=FREERTOS
2023-12-28 21:58:12,577 [WARN] ModelIntegratedComponent:184 - Missing modes for component STMicroelectronics:FreeRTOS:0.0.1:STMicroelectronics:RTOS:FreeRTOS:Core:::10.2.0:
2023-12-28 21:58:12,582 [WARN] ModelIntegratedComponent:63 - No mode defined for component null
2023-12-28 21:58:12,582 [WARN] ModelIntegratedComponent:63 - No mode defined for component null
2023-12-28 21:58:12,582 [WARN] ModelIntegratedComponent:63 - No mode defined for component null
2023-12-28 21:58:12,582 [WARN] ModelIntegratedComponent:63 - No mode defined for component null
2023-12-28 21:58:12,582 [WARN] ModelIntegratedComponent:63 - No mode defined for component null
2023-12-28 21:58:12,582 [WARN] ModelIntegratedComponent:63 - No mode defined for component null
2023-12-28 21:58:12,582 [WARN] ModelIntegratedComponent:63 - No mode defined for component null
2023-12-28 21:58:12,582 [WARN] ModelIntegratedComponent:63 - No mode defined for component null
2023-12-28 21:58:12,582 [WARN] ModelIntegratedComponent:63 - No mode defined for component null
2023-12-28 21:58:12,582 [WARN] ModelIntegratedComponent:63 - No mode defined for component null
2023-12-28 21:58:12,582 [WARN] ModelIntegratedComponent:63 - No mode defined for component null
2023-12-28 21:58:12,582 [WARN] ModelIntegratedComponent:63 - No mode defined for component null
2023-12-28 21:58:12,582 [WARN] ModelIntegratedComponent:63 - No mode defined for component null
2023-12-28 21:58:12,582 [WARN] ModelIntegratedComponent:63 - No mode defined for component null
2023-12-28 21:58:12,582 [WARN] ModelIntegratedComponent:63 - No mode defined for component null
2023-12-28 21:58:12,582 [WARN] ModelIntegratedComponent:63 - No mode defined for component null
2023-12-28 21:58:12,582 [WARN] ModelIntegratedComponent:63 - No mode defined for component null
2023-12-28 21:58:12,582 [WARN] ModelIntegratedComponent:63 - No mode defined for component null
2023-12-28 21:58:12,582 [WARN] ModelIntegratedComponent:63 - No mode defined for component null
2023-12-28 21:58:12,582 [WARN] ModelIntegratedComponent:63 - No mode defined for component null
2023-12-28 21:58:12,582 [WARN] ModelIntegratedComponent:63 - No mode defined for component null
2023-12-28 21:58:12,582 [WARN] ModelIntegratedComponent:63 - No mode defined for component null
2023-12-28 21:58:12,582 [WARN] ModelIntegratedComponent:63 - No mode defined for component null
2023-12-28 21:58:12,582 [WARN] ModelIntegratedComponent:63 - No mode defined for component null
2023-12-28 21:58:12,582 [WARN] ModelIntegratedComponent:63 - No mode defined for component null
2023-12-28 21:58:12,582 [WARN] ModelIntegratedComponent:63 - No mode defined for component null
2023-12-28 21:58:12,582 [WARN] ModelIntegratedComponent:63 - No mode defined for component null
2023-12-28 21:58:12,582 [WARN] ModelIntegratedComponent:63 - No mode defined for component null
2023-12-28 21:58:12,582 [WARN] ModelIntegratedComponent:63 - No mode defined for component null
2023-12-28 21:58:12,583 [WARN] ModelIntegratedComponent:63 - No mode defined for component null
2023-12-28 21:58:12,583 [WARN] ModelIntegratedComponent:63 - No mode defined for component null
2023-12-28 21:58:12,583 [WARN] ModelIntegratedComponent:63 - No mode defined for component null
2023-12-28 21:58:12,583 [WARN] ModelIntegratedComponent:63 - No mode defined for component null
2023-12-28 21:58:12,659 [INFO] ThirdPartyModel:298 - Start build external matchings
2023-12-28 21:58:13,033 [INFO] ThirdPartyModel:316 - End build external matchings
2023-12-28 21:58:13,037 [INFO] ImportTextPane:194 - (OptionalMessage_ERROR) IP (DMA) : Parameter (Instance) has Id (ADC) currently not set
2023-12-28 21:58:13,038 [INFO] ImportTextPane:194 - (OptionalMessage_ERROR) IP (DMA) : Parameter (Direction) has Id (ADC) currently not set
2023-12-28 21:58:13,038 [INFO] ImportTextPane:194 - (OptionalMessage_ERROR) IP (DMA) : Parameter (PeriphInc) has Id (ADC) currently not set
2023-12-28 21:58:13,038 [INFO] ImportTextPane:194 - (OptionalMessage_ERROR) IP (DMA) : Parameter (MemInc) has Id (ADC) currently not set
2023-12-28 21:58:13,038 [INFO] ImportTextPane:194 - (OptionalMessage_ERROR) IP (DMA) : Parameter (PeriphDataAlignment) has Id (ADC) currently not set
2023-12-28 21:58:13,038 [INFO] ImportTextPane:194 - (OptionalMessage_ERROR) IP (DMA) : Parameter (MemDataAlignment) has Id (ADC) currently not set
2023-12-28 21:58:13,038 [INFO] ImportTextPane:194 - (OptionalMessage_ERROR) IP (DMA) : Parameter (Mode) has Id (ADC) currently not set
2023-12-28 21:58:13,038 [INFO] ImportTextPane:194 - (OptionalMessage_ERROR) IP (DMA) : Parameter (Priority) has Id (ADC) currently not set
2023-12-28 21:58:13,039 [INFO] ImportTextPane:194 - (OptionalMessage_ERROR) IP (RCC) : Invalid parameter (FamilyName)
2023-12-28 21:58:13,039 [INFO] ImportTextPane:194 - (OptionalMessage_ERROR) IP (RCC) : Invalid parameter (HSICECFreq_Value)
2023-12-28 21:58:13,248 [INFO] UtilMem:75 - End LoadConfig() Used Memory: 534202080 Bytes (765460480)
2023-12-28 21:58:13,318 [INFO] MicroXplorer:468 - Change Database Path : 
2023-12-28 21:58:13,318 [INFO] MicroXplorer:498 - Change Database Version : DB.6.0.100
2023-12-28 21:58:13,319 [WARN] ThirdParty:833 - waiting for thirdparty lock release [change project]
2023-12-28 21:58:13,319 [INFO] ThirdParty:835 - entering critical section [change project]
2023-12-28 21:58:13,319 [INFO] ThirdParty:1030 - CMSIS Pack Vendor :STMicroelectronics X-CUBE-ISPU 1.1.0
2023-12-28 21:58:13,319 [INFO] ThirdParty:1030 - CMSIS Pack Vendor :STMicroelectronics USBPD 4.1
2023-12-28 21:58:13,319 [INFO] ThirdParty:1030 - CMSIS Pack Vendor :STMicroelectronics X-CUBE-GNSS1 6.0.0
2023-12-28 21:58:13,319 [INFO] ThirdParty:1030 - CMSIS Pack Vendor :STMicroelectronics USB_HOST 2.0.0
2023-12-28 21:58:13,319 [INFO] ThirdParty:1030 - CMSIS Pack Vendor :STMicroelectronics X-CUBE-AZRTOS-F4 1.1.0
2023-12-28 21:58:13,319 [INFO] ThirdParty:1030 - CMSIS Pack Vendor :STMicroelectronics LIBJPEG 8.0.0
2023-12-28 21:58:13,319 [INFO] ThirdParty:1030 - CMSIS Pack Vendor :wolfSSL I-CUBE-wolfSSL 5.6.4
2023-12-28 21:58:13,319 [INFO] ThirdParty:1030 - CMSIS Pack Vendor :STMicroelectronics X-CUBE-SMBUS 2.1.0
2023-12-28 21:58:13,319 [INFO] ThirdParty:1030 - CMSIS Pack Vendor :STMicroelectronics USB_DEVICE 3.0.0
2023-12-28 21:58:13,319 [INFO] ThirdParty:1030 - CMSIS Pack Vendor :STMicroelectronics X-CUBE-AZRTOS-WB 2.0.0
2023-12-28 21:58:13,319 [INFO] ThirdParty:1030 - CMSIS Pack Vendor :STMicroelectronics X-CUBE-TOUCHGFX 4.23.0
2023-12-28 21:58:13,319 [INFO] ThirdParty:1030 - CMSIS Pack Vendor :STMicroelectronics X-CUBE-AZRTOS-F7 1.1.0
2023-12-28 21:58:13,319 [INFO] ThirdParty:1030 - CMSIS Pack Vendor :STMicroelectronics X-CUBE-AZRTOS-L5 2.0.0
2023-12-28 21:58:13,319 [INFO] ThirdParty:1030 - CMSIS Pack Vendor :STMicroelectronics USB_DEVICE 2.0.0
2023-12-28 21:58:13,319 [INFO] ThirdParty:1030 - CMSIS Pack Vendor :STMicroelectronics X-CUBE-EEPRMA1 4.2.0
2023-12-28 21:58:13,319 [INFO] ThirdParty:1030 - CMSIS Pack Vendor :ITTIA_DB I-CUBE-ITTIADB 8.8.0
2023-12-28 21:58:13,319 [INFO] ThirdParty:1030 - CMSIS Pack Vendor :STMicroelectronics FP-SNS-MOTENV1 4.3.2
2023-12-28 21:58:13,319 [INFO] ThirdParty:1030 - CMSIS Pack Vendor :STMicroelectronics X-CUBE-ALGOBUILD 1.3.0
2023-12-28 21:58:13,319 [INFO] ThirdParty:1030 - CMSIS Pack Vendor :STMicroelectronics FreeRTOS 0.0.1
2023-12-28 21:58:13,319 [INFO] ThirdParty:1030 - CMSIS Pack Vendor :STMicroelectronics X-CUBE-AZRTOS-G0 1.1.0
2023-12-28 21:58:13,319 [INFO] ThirdParty:1030 - CMSIS Pack Vendor :STMicroelectronics X-CUBE-NFC4 3.0.0
2023-12-28 21:58:13,319 [INFO] ThirdParty:1030 - CMSIS Pack Vendor :STMicroelectronics X-CUBE-SUBG2 5.0.0
2023-12-28 21:58:13,319 [INFO] ThirdParty:1030 - CMSIS Pack Vendor :STMicroelectronics STM32_WPAN 1.0.0
2023-12-28 21:58:13,319 [INFO] ThirdParty:1030 - CMSIS Pack Vendor :STMicroelectronics lwIP 2.0.3
2023-12-28 21:58:13,319 [INFO] ThirdParty:1030 - CMSIS Pack Vendor :STMicroelectronics FP-SNS-FLIGHT1 5.0.2
2023-12-28 21:58:13,319 [INFO] ThirdParty:1030 - CMSIS Pack Vendor :STMicroelectronics USB_HOST 1.0.0
2023-12-28 21:58:13,319 [INFO] ThirdParty:1030 - CMSIS Pack Vendor :STMicroelectronics X-CUBE-AZRTOS-G4 2.0.0
2023-12-28 21:58:13,319 [INFO] ThirdParty:1030 - CMSIS Pack Vendor :STMicroelectronics PDM2PCM 3.1.0
2023-12-28 21:58:13,319 [INFO] ThirdParty:1030 - CMSIS Pack Vendor :STMicroelectronics X-CUBE-AZRTOS-H7 3.1.0
2023-12-28 21:58:13,319 [INFO] ThirdParty:1030 - CMSIS Pack Vendor :Infineon AIROC-Wi-Fi-Bluetooth-STM32 1.5.1
2023-12-28 21:58:13,319 [INFO] ThirdParty:1030 - CMSIS Pack Vendor :STMicroelectronics X-CUBE-BLEMGR 3.0.0
2023-12-28 21:58:13,320 [INFO] ThirdParty:1030 - CMSIS Pack Vendor :STMicroelectronics PDM2PCM 3.3.0
2023-12-28 21:58:13,320 [INFO] ThirdParty:1030 - CMSIS Pack Vendor :STMicroelectronics X-CUBE-DISPLAY 3.0.0
2023-12-28 21:58:13,320 [INFO] ThirdParty:1030 - CMSIS Pack Vendor :STMicroelectronics FP-SNS-MOTENVWB1 1.3.1
2023-12-28 21:58:13,320 [INFO] ThirdParty:1030 - CMSIS Pack Vendor :STMicroelectronics X-CUBE-BLE1 7.0.0
2023-12-28 21:58:13,320 [INFO] ThirdParty:1030 - CMSIS Pack Vendor :STMicroelectronics FP-ATR-SIGFOX1 3.2.0
2023-12-28 21:58:13,320 [INFO] ThirdParty:1030 - CMSIS Pack Vendor :STMicroelectronics X-CUBE-ISPU 2.0.0
2023-12-28 21:58:13,320 [INFO] ThirdParty:1030 - CMSIS Pack Vendor :STMicroelectronics HAL Drivers 0.0.0
2023-12-28 21:58:13,320 [INFO] ThirdParty:1030 - CMSIS Pack Vendor :STMicroelectronics MBEDTLS 2.16.2
2023-12-28 21:58:13,320 [INFO] ThirdParty:1030 - CMSIS Pack Vendor :emotas I-CUBE-CANOPEN 1.3.0
2023-12-28 21:58:13,320 [INFO] ThirdParty:1030 - CMSIS Pack Vendor :STMicroelectronics X-CUBE-MEMS1 10.0.0
2023-12-28 21:58:13,320 [INFO] ThirdParty:1030 - CMSIS Pack Vendor :STMicroelectronics X-CUBE-FREERTOS 1.1.0
2023-12-28 21:58:13,320 [INFO] ThirdParty:1030 - CMSIS Pack Vendor :STMicroelectronics X-CUBE-NFC7 1.0.1
2023-12-28 21:58:13,320 [INFO] ThirdParty:1030 - CMSIS Pack Vendor :STMicroelectronics MBEDTLS 2.14.1
2023-12-28 21:58:13,320 [INFO] ThirdParty:1030 - CMSIS Pack Vendor :STMicroelectronics X-CUBE-TOUCHGFX 4.22.1
2023-12-28 21:58:13,320 [INFO] ThirdParty:1030 - CMSIS Pack Vendor :STMicroelectronics X-CUBE-NFC6 3.0.0
2023-12-28 21:58:13,320 [INFO] ThirdParty:1030 - CMSIS Pack Vendor :portGmbH I-Cube-SoM-uGOAL 1.1.0
2023-12-28 21:58:13,320 [INFO] ThirdParty:1030 - CMSIS Pack Vendor :STMicroelectronics X-CUBE-ALS 1.0.1
2023-12-28 21:58:13,320 [INFO] ThirdParty:1030 - CMSIS Pack Vendor :STMicroelectronics ThreadX 1.0.0
2023-12-28 21:58:13,320 [INFO] ThirdParty:1030 - CMSIS Pack Vendor :STMicroelectronics FP-SNS-SMARTAG2 1.2.0
2023-12-28 21:58:13,320 [INFO] ThirdParty:1030 - CMSIS Pack Vendor :STMicroelectronics X-CUBE-AZRTOS-WL 2.0.0
2023-12-28 21:58:13,320 [INFO] ThirdParty:1030 - CMSIS Pack Vendor :STMicroelectronics USB_DEVICE 1.0.0
2023-12-28 21:58:13,320 [INFO] ThirdParty:1030 - CMSIS Pack Vendor :STMicroelectronics X-CUBE-AI 8.1.0
2023-12-28 21:58:13,320 [INFO] ThirdParty:1030 - CMSIS Pack Vendor :STMicroelectronics X-CUBE-AZRTOS-L4 2.0.0
2023-12-28 21:58:13,320 [INFO] ThirdParty:1030 - CMSIS Pack Vendor :STMicroelectronics ThreadX 0.0.2
2023-12-28 21:58:13,320 [INFO] ThirdParty:1030 - CMSIS Pack Vendor :WES I-CUBE-Cesium 1.3.0
2023-12-28 21:58:13,320 [INFO] ThirdParty:1030 - CMSIS Pack Vendor :STMicroelectronics FP-ATR-ASTRA1 2.0.0
2023-12-28 21:58:13,320 [INFO] ThirdParty:1030 - CMSIS Pack Vendor :STMicroelectronics lwIP 2.1.2
2023-12-28 21:58:13,320 [INFO] ThirdParty:1030 - CMSIS Pack Vendor :STMicroelectronics X-CUBE-SFXS2LP1 4.0.0
2023-12-28 21:58:13,320 [INFO] ThirdParty:1030 - CMSIS Pack Vendor :STMicroelectronics X-CUBE-BLE2 3.3.0
2023-12-28 21:58:13,321 [INFO] ThirdParty:1030 - CMSIS Pack Vendor :STMicroelectronics X-CUBE-TOF1 3.4.0
2023-12-28 21:58:13,321 [INFO] ThirdParty:1030 - CMSIS Pack Vendor :STMicroelectronics X-CUBE-AZRTOS-H7 3.2.0
2023-12-28 21:58:13,321 [INFO] ThirdParty:1030 - CMSIS Pack Vendor :STMicroelectronics PDM2PCM 3.2.0
2023-12-28 21:58:13,321 [INFO] ThirdParty:841 - exiting critical section [change project]
2023-12-28 21:58:13,401 [INFO] PinOutPanel:1499 - setPackage(No Configuration,No Configuration)
2023-12-28 21:58:13,402 [INFO] PinOutPanel:1499 - setPackage(STM32F042F4Px,TSSOP20)
2023-12-28 21:58:14,175 [INFO] UtilMem:75 - Before build in PCC Used Memory: 337444568 Bytes (765460480)
2023-12-28 21:58:14,335 [INFO] UtilMem:75 - After build in PCC Used Memory: 380436184 Bytes (765460480)
2023-12-28 21:58:14,351 [INFO] IPUIPlugin:80 - create IPUIPlugin
2023-12-28 21:58:14,352 [INFO] IPUIPlugin:80 - create IPUIPlugin
2023-12-28 21:58:14,352 [INFO] IPUIPlugin:80 - create IPUIPlugin
2023-12-28 21:58:14,352 [INFO] IPUIPlugin:80 - create IPUIPlugin
2023-12-28 21:58:14,352 [INFO] IPUIPlugin:80 - create IPUIPlugin
2023-12-28 21:58:14,352 [INFO] IPUIPlugin:80 - create IPUIPlugin
2023-12-28 21:58:14,352 [INFO] IPUIPlugin:80 - create IPUIPlugin
2023-12-28 21:58:14,352 [INFO] IPUIPlugin:80 - create IPUIPlugin
2023-12-28 21:58:14,352 [INFO] IPUIPlugin:80 - create IPUIPlugin
2023-12-28 21:58:14,352 [INFO] IPUIPlugin:80 - create IPUIPlugin
2023-12-28 21:58:14,353 [INFO] IPUIPlugin:80 - create IPUIPlugin
2023-12-28 21:58:14,353 [INFO] IPUIPlugin:80 - create IPUIPlugin
2023-12-28 21:58:14,353 [INFO] IPUIPlugin:80 - create IPUIPlugin
2023-12-28 21:58:14,353 [INFO] IPUIPlugin:80 - create IPUIPlugin
2023-12-28 21:58:14,353 [INFO] IPUIPlugin:80 - create IPUIPlugin
2023-12-28 21:58:14,353 [INFO] IPUIPlugin:80 - create IPUIPlugin
2023-12-28 21:58:14,353 [INFO] IPUIPlugin:80 - create IPUIPlugin
2023-12-28 21:58:14,353 [INFO] IPUIPlugin:80 - create IPUIPlugin
2023-12-28 21:58:14,354 [INFO] IPUIPlugin:80 - create IPUIPlugin
2023-12-28 21:58:14,354 [INFO] IPUIPlugin:80 - create IPUIPlugin
2023-12-28 21:58:14,354 [INFO] IPUIPlugin:80 - create IPUIPlugin
2023-12-28 21:58:14,354 [INFO] IPUIPlugin:80 - create IPUIPlugin
2023-12-28 21:58:14,354 [INFO] IPUIPlugin:80 - create IPUIPlugin
2023-12-28 21:58:14,354 [INFO] IPUIPlugin:80 - create IPUIPlugin
2023-12-28 21:58:14,354 [INFO] IPUIPlugin:80 - create IPUIPlugin
2023-12-28 21:58:14,354 [INFO] IPUIPlugin:80 - create IPUIPlugin
2023-12-28 21:58:14,355 [INFO] IPUIPlugin:80 - create IPUIPlugin
2023-12-28 21:58:14,355 [INFO] IPUIPlugin:80 - create IPUIPlugin
2023-12-28 21:58:14,356 [INFO] IPUIPlugin:80 - create IPUIPlugin
2023-12-28 21:58:14,356 [INFO] IPUIPlugin:80 - create IPUIPlugin
2023-12-28 21:58:14,358 [INFO] Can:71 - Can Add PropertyChangeListener com.st.microxplorer.plugins.ip.can.Can@3e9d8b0e
2023-12-28 21:58:14,397 [INFO] CADModel:165 - CPN selected for project levelSTM32F042F4P6
2023-12-28 21:58:14,397 [INFO] CADModel:114 - Register for checkConnection events
2023-12-28 21:58:14,468 [INFO] OpenFileManager:343 - Restore cursor
2023-12-28 21:58:39,567 [INFO] UtilMem:75 - End SaveConfig() Used Memory: 572791192 Bytes (765460480)
2023-12-28 21:58:39,659 [INFO] UtilMem:75 - End SaveConfig() Used Memory: 584170240 Bytes (765460480)
2023-12-28 21:58:40,924 [INFO] UtilMem:75 - End SaveConfig() Used Memory: 274581016 Bytes (765460480)
2023-12-28 21:58:41,163 [INFO] BlockDiagram:2759 - set Specific Code input for plugin: ADC
2023-12-28 21:58:41,163 [INFO] BlockDiagram:2759 - set Specific Code input for plugin: NVIC
2023-12-28 21:58:41,163 [INFO] BlockDiagram:2759 - set Specific Code input for plugin: DMA
2023-12-28 21:58:41,163 [INFO] BlockDiagram:2759 - set Specific Code input for plugin: TIM1_8F0
2023-12-28 21:58:41,163 [INFO] BlockDiagram:2759 - set Specific Code input for plugin: SYS
2023-12-28 21:58:41,165 [INFO] BlockDiagram:2759 - set Specific Code input for plugin: GPIO
2023-12-28 21:58:41,165 [INFO] BlockDiagram:2759 - set Specific Code input for plugin: CAN
2023-12-28 21:58:41,165 [INFO] BlockDiagram:2759 - set Specific Code input for plugin: RCC
2023-12-28 21:58:41,166 [INFO] CodeGenerator:807 - code generatio: config db path: C:\ST\STM32CubeIDE_1.13.2\STM32CubeIDE\plugins\com.st.stm32cube.common.mx_6.10.0.202311202037\\db\
2023-12-28 21:58:41,357 [INFO] CodeEngine:255 - oldGeneratedFile, C:\Users\aleja\Downloads\front-node-04\MXTmpFiles\license.tmp_save
2023-12-28 21:58:41,498 [INFO] CodeEngine:279 - Generated code: C:\Users\aleja\Downloads\front-node-04\MXTmpFiles\license.tmp
2023-12-28 21:58:41,604 [INFO] CodeEngine:255 - oldGeneratedFile, C:\Users\aleja\Downloads\front-node-04\MXTmpFiles\gpio.tmp_save
2023-12-28 21:58:41,758 [INFO] CodeEngine:279 - Generated code: C:\Users\aleja\Downloads\front-node-04\MXTmpFiles\gpio.tmp
2023-12-28 21:58:42,040 [INFO] CodeEngine:255 - oldGeneratedFile, C:\Users\aleja\Downloads\front-node-04\MXTmpFiles\dma.tmp_save
2023-12-28 21:58:42,168 [INFO] CodeEngine:279 - Generated code: C:\Users\aleja\Downloads\front-node-04\MXTmpFiles\dma.tmp
2023-12-28 21:58:42,182 [INFO] CodeEngine:255 - oldGeneratedFile, C:\Users\aleja\Downloads\front-node-04\MXTmpFiles\dma_GV.tmp_save
2023-12-28 21:58:42,247 [INFO] CodeEngine:279 - Generated code: C:\Users\aleja\Downloads\front-node-04\MXTmpFiles\dma_GV.tmp
2023-12-28 21:58:42,278 [INFO] CodeEngine:255 - oldGeneratedFile, C:\Users\aleja\Downloads\front-node-04\Core\Src\stm32f0xx_it.c_save
2023-12-28 21:58:42,434 [INFO] CodeEngine:279 - Generated code: C:\Users\aleja\Downloads\front-node-04\Core\Src\stm32f0xx_it.c
2023-12-28 21:58:42,441 [INFO] CodeEngine:255 - oldGeneratedFile, C:\Users\aleja\Downloads\front-node-04\Core\Inc\stm32f0xx_it.h_save
2023-12-28 21:58:42,522 [INFO] CodeEngine:279 - Generated code: C:\Users\aleja\Downloads\front-node-04\Core\Inc\stm32f0xx_it.h
2023-12-28 21:58:42,549 [INFO] CodeEngine:255 - oldGeneratedFile, C:\Users\aleja\Downloads\front-node-04\Core\Src\stm32f0xx_hal_msp.c_save
2023-12-28 21:58:42,800 [INFO] CodeEngine:279 - Generated code: C:\Users\aleja\Downloads\front-node-04\Core\Src\stm32f0xx_hal_msp.c
2023-12-28 21:58:42,806 [INFO] CodeEngine:255 - oldGeneratedFile, C:\Users\aleja\Downloads\front-node-04\MXTmpFiles\system.tmp_save
2023-12-28 21:58:42,888 [INFO] CodeEngine:279 - Generated code: C:\Users\aleja\Downloads\front-node-04\MXTmpFiles\system.tmp
2023-12-28 21:58:42,916 [INFO] CodeEngine:311 - oldGeneratedFile, C:\Users\aleja\Downloads\front-node-04\Core\Inc\stm32f0xx_hal_conf.h_save
2023-12-28 21:58:43,052 [INFO] CodeEngine:335 - Generated code: C:\Users\aleja\Downloads\front-node-04\Core\Inc\stm32f0xx_hal_conf.h
2023-12-28 21:58:43,093 [WARN] IPConfigManager:3440 - IP not found : TIM
2023-12-28 21:58:43,093 [WARN] CodeGenerator:3939 - IP not found : null
2023-12-28 21:58:43,133 [INFO] CodeEngine:255 - oldGeneratedFile, C:\Users\aleja\Downloads\front-node-04\Core\Inc\main.h_save
2023-12-28 21:58:43,404 [INFO] CodeEngine:279 - Generated code: C:\Users\aleja\Downloads\front-node-04\Core\Inc\main.h
2023-12-28 21:58:43,428 [INFO] CodeEngine:255 - oldGeneratedFile, C:\Users\aleja\Downloads\front-node-04\Core\Src\main.c_save
2023-12-28 21:58:43,609 [INFO] CodeEngine:279 - Generated code: C:\Users\aleja\Downloads\front-node-04\Core\Src\main.c
2023-12-28 21:58:44,185 [INFO] ProjectBuilder:3076 - Time for Copy HAL[1] : 177mS.
2023-12-28 21:58:44,190 [INFO] ProjectBuilder:4485 - Project Generator version: 4.2.0-B44
2023-12-28 21:58:44,386 [INFO] ConfigFileManager:1495 - The Die is : DIE445
2023-12-28 21:58:44,389 [INFO] ApiDbMcu:508 - Load IP Config File for FATFS
2023-12-28 21:58:44,392 [INFO] ApiDbMcu:508 - Load IP Config File for FREERTOS
2023-12-28 21:58:44,402 [INFO] ApiDbMcu:508 - Load IP Config File for TOUCHSENSING
2023-12-28 21:58:44,484 [INFO] ApiDbMcu:508 - Load IP Config File for USB_DEVICE
2023-12-28 21:58:46,006 [INFO] ProjectBuilder:4747 - Time for Generating toolchain IDE Files: 1817mS.
2023-12-28 21:58:46,007 [INFO] ProjectBuilder:2947 - Time for Copy CMSIS : 0mS.
2023-12-28 21:58:46,012 [INFO] ProjectBuilder:2947 - Time for Copy CMSIS : 1mS.
2023-12-28 21:58:46,584 [INFO] MainUpdater:2873 - connection check result : 10
2023-12-28 21:58:46,584 [INFO] MainUpdater:2873 - connection check result : 10
2023-12-28 21:58:46,602 [INFO] MicroXplorer:468 - Change Database Path : 
2023-12-28 21:58:46,602 [INFO] MicroXplorer:498 - Change Database Version : DB.6.0.100
2023-12-28 21:58:46,617 [ERROR] ProjectManagerView:394 - 
java.lang.NullPointerException: Cannot invoke "javax.swing.JTextField.getText()" because the return value of "java.util.List.get(int)" is null
	at com.st.microxplorer.plugins.projectmanager.gui.ProjectChoiceTab$10.caretUpdate(ProjectChoiceTab.java:2493) ~[filemanager.jar:?]
	at javax.swing.text.JTextComponent.fireCaretUpdate(JTextComponent.java:412) ~[?:?]
	at javax.swing.text.JTextComponent$MutableCaretEvent.fire(JTextComponent.java:4491) ~[?:?]
	at javax.swing.text.JTextComponent$MutableCaretEvent.stateChanged(JTextComponent.java:4513) ~[?:?]
	at javax.swing.text.DefaultCaret.fireStateChanged(DefaultCaret.java:842) ~[?:?]
	at javax.swing.text.DefaultCaret.changeCaretPosition(DefaultCaret.java:1313) ~[?:?]
	at javax.swing.text.DefaultCaret.handleSetDot(DefaultCaret.java:1212) ~[?:?]
	at javax.swing.text.DefaultCaret.setDot(DefaultCaret.java:1193) ~[?:?]
	at javax.swing.text.DefaultCaret$Handler.insertUpdate(DefaultCaret.java:1789) ~[?:?]
	at javax.swing.text.AbstractDocument.fireInsertUpdate(AbstractDocument.java:226) ~[?:?]
	at javax.swing.text.AbstractDocument.handleInsertString(AbstractDocument.java:780) ~[?:?]
	at javax.swing.text.AbstractDocument.insertString(AbstractDocument.java:739) ~[?:?]
	at javax.swing.text.PlainDocument.insertString(PlainDocument.java:131) ~[?:?]
	at javax.swing.text.AbstractDocument.replace(AbstractDocument.java:698) ~[?:?]
	at javax.swing.text.JTextComponent.setText(JTextComponent.java:1729) ~[?:?]
	at com.st.microxplorer.plugins.projectmanager.gui.ProjectChoiceTab.createHeapStackFields(ProjectChoiceTab.java:933) ~[filemanager.jar:?]
	at com.st.microxplorer.plugins.projectmanager.gui.ProjectChoiceTab.buildLinkSettingsPanel(ProjectChoiceTab.java:3426) ~[filemanager.jar:?]
	at com.st.microxplorer.plugins.projectmanager.gui.ProjectChoiceTab.defineWindowsFields(ProjectChoiceTab.java:1813) ~[filemanager.jar:?]
	at com.st.microxplorer.plugins.projectmanager.gui.ProjectChoiceTab.updateSettings(ProjectChoiceTab.java:533) ~[filemanager.jar:?]
	at com.st.microxplorer.plugins.projectmanager.gui.ProjectSettingsPanel.UpdateDialog(ProjectSettingsPanel.java:244) ~[filemanager.jar:?]
	at com.st.microxplorer.plugins.projectmanager.ProjectManagerView.propertyChange(ProjectManagerView.java:391) ~[filemanager.jar:?]
	at java.beans.PropertyChangeSupport.fire(PropertyChangeSupport.java:343) ~[?:?]
	at java.beans.PropertyChangeSupport.firePropertyChange(PropertyChangeSupport.java:335) ~[?:?]
	at java.beans.PropertyChangeSupport.firePropertyChange(PropertyChangeSupport.java:268) ~[?:?]
	at com.st.microxplorer.util.MXPropertyChangeSupport.firePropertyChange(MXPropertyChangeSupport.java:54) ~[STM32CubeMX.jar:?]
	at com.st.microxplorer.mxsystem.MxSystem.closeConfig(MxSystem.java:900) ~[STM32CubeMX.jar:?]
	at com.st.microxplorer.maingui.MainPanel.closeConfig(MainPanel.java:776) ~[STM32CubeMX.jar:?]
	at com.st.microxplorer.plugins.filemanager.engine.OpenFileManager.loadConfigurationFile(OpenFileManager.java:245) ~[filemanager.jar:?]
	at com.st.microxplorer.plugins.filemanager.engine.MainFileManager.userLoadConfig(MainFileManager.java:290) ~[filemanager.jar:?]
	at com.st.microxplorer.plugins.filemanager.FileManagerView.getSpecificTask(FileManagerView.java:247) ~[filemanager.jar:?]
	at com.st.stm32cube.common.mx.editor.CubeMxEditor.getMxTabbedPaneInstance(CubeMxEditor.java:1184) ~[com.st.stm32cube.common.mx_6.10.0.202311202037/:?]
	at com.st.stm32cube.common.mx.editor.CubeMxEditor$12$1.createSwingComponent(CubeMxEditor.java:1065) ~[com.st.stm32cube.common.mx_6.10.0.202311202037/:?]
	at com.st.stm32cube.common.mx.oss.core.awtswtbridge.EmbeddedSwingComposite.doComponentCreation(EmbeddedSwingComposite.java:492) ~[com.st.stm32cube.common.mx.oss_6.10.0.202311202037/:?]
	at com.st.stm32cube.common.mx.oss.core.awtswtbridge.EmbeddedSwingComposite$4.run(EmbeddedSwingComposite.java:291) ~[com.st.stm32cube.common.mx.oss_6.10.0.202311202037/:?]
	at com.st.stm32cube.common.mx.oss.core.awtswtbridge.AwtEnvironment$2.run(AwtEnvironment.java:166) ~[com.st.stm32cube.common.mx.oss_6.10.0.202311202037/:?]
	at java.awt.event.InvocationEvent.dispatch(InvocationEvent.java:318) ~[?:?]
	at java.awt.EventQueue.dispatchEventImpl(EventQueue.java:773) ~[?:?]
	at java.awt.EventQueue$4.run(EventQueue.java:720) ~[?:?]
	at java.awt.EventQueue$4.run(EventQueue.java:714) ~[?:?]
	at java.security.AccessController.doPrivileged(AccessController.java:399) ~[?:?]
	at java.security.ProtectionDomain$JavaSecurityAccessImpl.doIntersectionPrivilege(ProtectionDomain.java:86) ~[?:?]
	at java.awt.EventQueue.dispatchEvent(EventQueue.java:742) ~[?:?]
	at java.awt.EventDispatchThread.pumpOneEventForFilters(EventDispatchThread.java:203) ~[?:?]
	at java.awt.EventDispatchThread.pumpEventsForFilter(EventDispatchThread.java:124) ~[?:?]
	at java.awt.EventDispatchThread.pumpEventsForHierarchy(EventDispatchThread.java:113) ~[?:?]
	at java.awt.EventDispatchThread.pumpEvents(EventDispatchThread.java:109) ~[?:?]
	at java.awt.EventDispatchThread.pumpEvents(EventDispatchThread.java:101) ~[?:?]
	at java.awt.EventDispatchThread.run(EventDispatchThread.java:90) ~[?:?]
2023-12-28 21:58:46,618 [WARN] ThirdParty:871 - waiting for thirdparty lock release [close project]
2023-12-28 21:58:46,618 [INFO] ThirdParty:873 - entering critical section [close project]
2023-12-28 21:58:46,618 [INFO] ThirdParty:883 - exiting critical section [close project]
2023-12-28 21:58:46,620 [INFO] PinOutPanel:1499 - setPackage(No Configuration,No Configuration)
2023-12-28 21:58:46,622 [INFO] UtilMem:75 - Begin LoadConfig() Used Memory: 417000784 Bytes (889192448)
2023-12-28 21:58:46,623 [INFO] MicroXplorer:468 - Change Database Path : 
2023-12-28 21:58:46,623 [INFO] MicroXplorer:498 - Change Database Version : DB.6.0.100
2023-12-28 21:58:46,623 [INFO] OpenFileManager:312 - Change cursor
2023-12-28 21:58:46,631 [INFO] RulesReader:64 - Compatibility file has been processed (297 Rules)
2023-12-28 21:58:46,633 [INFO] Mcu:2016 - Initializing MCU STM32F042F4Px STM32F042F4Px STM32F042F4P6
2023-12-28 21:58:47,397 [INFO] Context:659 - Trying to add GPIOservice into a context  which must be forbidden
2023-12-28 21:58:47,587 [INFO] RtosManager:555 - Registered RTOS mode: class=CMSIS, group=RTOS, mode=CMSIS_V1, owner=FREERTOS
2023-12-28 21:58:47,588 [INFO] RtosManager:555 - Registered RTOS mode: class=CMSIS, group=RTOS2, mode=CMSIS_V2, owner=FREERTOS
2023-12-28 21:58:47,588 [INFO] RtosManager:555 - Registered RTOS mode: class=RTOS, group=Core, mode=CMSIS_V1, owner=FREERTOS
2023-12-28 21:58:47,588 [INFO] RtosManager:555 - Registered RTOS mode: class=RTOS, group=Core, mode=CMSIS_V2, owner=FREERTOS
2023-12-28 21:58:47,588 [WARN] ModelIntegratedComponent:184 - Missing modes for component STMicroelectronics:FreeRTOS:0.0.1:STMicroelectronics:RTOS:FreeRTOS:Core:::10.2.0:
2023-12-28 21:58:47,595 [WARN] ModelIntegratedComponent:63 - No mode defined for component null
2023-12-28 21:58:47,595 [WARN] ModelIntegratedComponent:63 - No mode defined for component null
2023-12-28 21:58:47,595 [WARN] ModelIntegratedComponent:63 - No mode defined for component null
2023-12-28 21:58:47,595 [WARN] ModelIntegratedComponent:63 - No mode defined for component null
2023-12-28 21:58:47,595 [WARN] ModelIntegratedComponent:63 - No mode defined for component null
2023-12-28 21:58:47,595 [WARN] ModelIntegratedComponent:63 - No mode defined for component null
2023-12-28 21:58:47,595 [WARN] ModelIntegratedComponent:63 - No mode defined for component null
2023-12-28 21:58:47,595 [WARN] ModelIntegratedComponent:63 - No mode defined for component null
2023-12-28 21:58:47,595 [WARN] ModelIntegratedComponent:63 - No mode defined for component null
2023-12-28 21:58:47,595 [WARN] ModelIntegratedComponent:63 - No mode defined for component null
2023-12-28 21:58:47,595 [WARN] ModelIntegratedComponent:63 - No mode defined for component null
2023-12-28 21:58:47,595 [WARN] ModelIntegratedComponent:63 - No mode defined for component null
2023-12-28 21:58:47,595 [WARN] ModelIntegratedComponent:63 - No mode defined for component null
2023-12-28 21:58:47,595 [WARN] ModelIntegratedComponent:63 - No mode defined for component null
2023-12-28 21:58:47,595 [WARN] ModelIntegratedComponent:63 - No mode defined for component null
2023-12-28 21:58:47,595 [WARN] ModelIntegratedComponent:63 - No mode defined for component null
2023-12-28 21:58:47,595 [WARN] ModelIntegratedComponent:63 - No mode defined for component null
2023-12-28 21:58:47,595 [WARN] ModelIntegratedComponent:63 - No mode defined for component null
2023-12-28 21:58:47,595 [WARN] ModelIntegratedComponent:63 - No mode defined for component null
2023-12-28 21:58:47,595 [WARN] ModelIntegratedComponent:63 - No mode defined for component null
2023-12-28 21:58:47,595 [WARN] ModelIntegratedComponent:63 - No mode defined for component null
2023-12-28 21:58:47,595 [WARN] ModelIntegratedComponent:63 - No mode defined for component null
2023-12-28 21:58:47,595 [WARN] ModelIntegratedComponent:63 - No mode defined for component null
2023-12-28 21:58:47,595 [WARN] ModelIntegratedComponent:63 - No mode defined for component null
2023-12-28 21:58:47,595 [WARN] ModelIntegratedComponent:63 - No mode defined for component null
2023-12-28 21:58:47,595 [WARN] ModelIntegratedComponent:63 - No mode defined for component null
2023-12-28 21:58:47,595 [WARN] ModelIntegratedComponent:63 - No mode defined for component null
2023-12-28 21:58:47,596 [WARN] ModelIntegratedComponent:63 - No mode defined for component null
2023-12-28 21:58:47,596 [WARN] ModelIntegratedComponent:63 - No mode defined for component null
2023-12-28 21:58:47,596 [WARN] ModelIntegratedComponent:63 - No mode defined for component null
2023-12-28 21:58:47,596 [WARN] ModelIntegratedComponent:63 - No mode defined for component null
2023-12-28 21:58:47,596 [WARN] ModelIntegratedComponent:63 - No mode defined for component null
2023-12-28 21:58:47,596 [WARN] ModelIntegratedComponent:63 - No mode defined for component null
2023-12-28 21:58:47,675 [INFO] ThirdPartyModel:298 - Start build external matchings
2023-12-28 21:58:48,077 [INFO] ThirdPartyModel:316 - End build external matchings
2023-12-28 21:58:48,285 [INFO] UtilMem:75 - End LoadConfig() Used Memory: 516132640 Bytes (963641344)
2023-12-28 21:58:48,379 [INFO] MicroXplorer:468 - Change Database Path : 
2023-12-28 21:58:48,380 [INFO] MicroXplorer:498 - Change Database Version : DB.6.0.100
2023-12-28 21:58:48,380 [WARN] ThirdParty:833 - waiting for thirdparty lock release [change project]
2023-12-28 21:58:48,380 [INFO] ThirdParty:835 - entering critical section [change project]
2023-12-28 21:58:48,380 [INFO] ThirdParty:1030 - CMSIS Pack Vendor :STMicroelectronics X-CUBE-ISPU 1.1.0
2023-12-28 21:58:48,380 [INFO] ThirdParty:1030 - CMSIS Pack Vendor :STMicroelectronics USBPD 4.1
2023-12-28 21:58:48,380 [INFO] ThirdParty:1030 - CMSIS Pack Vendor :STMicroelectronics X-CUBE-GNSS1 6.0.0
2023-12-28 21:58:48,380 [INFO] ThirdParty:1030 - CMSIS Pack Vendor :STMicroelectronics USB_HOST 2.0.0
2023-12-28 21:58:48,380 [INFO] ThirdParty:1030 - CMSIS Pack Vendor :STMicroelectronics X-CUBE-AZRTOS-F4 1.1.0
2023-12-28 21:58:48,380 [INFO] ThirdParty:1030 - CMSIS Pack Vendor :STMicroelectronics LIBJPEG 8.0.0
2023-12-28 21:58:48,380 [INFO] ThirdParty:1030 - CMSIS Pack Vendor :wolfSSL I-CUBE-wolfSSL 5.6.4
2023-12-28 21:58:48,380 [INFO] ThirdParty:1030 - CMSIS Pack Vendor :STMicroelectronics X-CUBE-SMBUS 2.1.0
2023-12-28 21:58:48,380 [INFO] ThirdParty:1030 - CMSIS Pack Vendor :STMicroelectronics USB_DEVICE 3.0.0
2023-12-28 21:58:48,380 [INFO] ThirdParty:1030 - CMSIS Pack Vendor :STMicroelectronics X-CUBE-AZRTOS-WB 2.0.0
2023-12-28 21:58:48,380 [INFO] ThirdParty:1030 - CMSIS Pack Vendor :STMicroelectronics X-CUBE-TOUCHGFX 4.23.0
2023-12-28 21:58:48,380 [INFO] ThirdParty:1030 - CMSIS Pack Vendor :STMicroelectronics X-CUBE-AZRTOS-F7 1.1.0
2023-12-28 21:58:48,380 [INFO] ThirdParty:1030 - CMSIS Pack Vendor :STMicroelectronics X-CUBE-AZRTOS-L5 2.0.0
2023-12-28 21:58:48,380 [INFO] ThirdParty:1030 - CMSIS Pack Vendor :STMicroelectronics USB_DEVICE 2.0.0
2023-12-28 21:58:48,380 [INFO] ThirdParty:1030 - CMSIS Pack Vendor :STMicroelectronics X-CUBE-EEPRMA1 4.2.0
2023-12-28 21:58:48,380 [INFO] ThirdParty:1030 - CMSIS Pack Vendor :ITTIA_DB I-CUBE-ITTIADB 8.8.0
2023-12-28 21:58:48,380 [INFO] ThirdParty:1030 - CMSIS Pack Vendor :STMicroelectronics FP-SNS-MOTENV1 4.3.2
2023-12-28 21:58:48,380 [INFO] ThirdParty:1030 - CMSIS Pack Vendor :STMicroelectronics X-CUBE-ALGOBUILD 1.3.0
2023-12-28 21:58:48,380 [INFO] ThirdParty:1030 - CMSIS Pack Vendor :STMicroelectronics FreeRTOS 0.0.1
2023-12-28 21:58:48,380 [INFO] ThirdParty:1030 - CMSIS Pack Vendor :STMicroelectronics X-CUBE-AZRTOS-G0 1.1.0
2023-12-28 21:58:48,380 [INFO] ThirdParty:1030 - CMSIS Pack Vendor :STMicroelectronics X-CUBE-NFC4 3.0.0
2023-12-28 21:58:48,380 [INFO] ThirdParty:1030 - CMSIS Pack Vendor :STMicroelectronics X-CUBE-SUBG2 5.0.0
2023-12-28 21:58:48,380 [INFO] ThirdParty:1030 - CMSIS Pack Vendor :STMicroelectronics STM32_WPAN 1.0.0
2023-12-28 21:58:48,380 [INFO] ThirdParty:1030 - CMSIS Pack Vendor :STMicroelectronics lwIP 2.0.3
2023-12-28 21:58:48,380 [INFO] ThirdParty:1030 - CMSIS Pack Vendor :STMicroelectronics FP-SNS-FLIGHT1 5.0.2
2023-12-28 21:58:48,380 [INFO] ThirdParty:1030 - CMSIS Pack Vendor :STMicroelectronics USB_HOST 1.0.0
2023-12-28 21:58:48,381 [INFO] ThirdParty:1030 - CMSIS Pack Vendor :STMicroelectronics X-CUBE-AZRTOS-G4 2.0.0
2023-12-28 21:58:48,381 [INFO] ThirdParty:1030 - CMSIS Pack Vendor :STMicroelectronics PDM2PCM 3.1.0
2023-12-28 21:58:48,381 [INFO] ThirdParty:1030 - CMSIS Pack Vendor :STMicroelectronics X-CUBE-AZRTOS-H7 3.1.0
2023-12-28 21:58:48,381 [INFO] ThirdParty:1030 - CMSIS Pack Vendor :Infineon AIROC-Wi-Fi-Bluetooth-STM32 1.5.1
2023-12-28 21:58:48,381 [INFO] ThirdParty:1030 - CMSIS Pack Vendor :STMicroelectronics X-CUBE-BLEMGR 3.0.0
2023-12-28 21:58:48,381 [INFO] ThirdParty:1030 - CMSIS Pack Vendor :STMicroelectronics PDM2PCM 3.3.0
2023-12-28 21:58:48,381 [INFO] ThirdParty:1030 - CMSIS Pack Vendor :STMicroelectronics X-CUBE-DISPLAY 3.0.0
2023-12-28 21:58:48,381 [INFO] ThirdParty:1030 - CMSIS Pack Vendor :STMicroelectronics FP-SNS-MOTENVWB1 1.3.1
2023-12-28 21:58:48,381 [INFO] ThirdParty:1030 - CMSIS Pack Vendor :STMicroelectronics X-CUBE-BLE1 7.0.0
2023-12-28 21:58:48,381 [INFO] ThirdParty:1030 - CMSIS Pack Vendor :STMicroelectronics FP-ATR-SIGFOX1 3.2.0
2023-12-28 21:58:48,381 [INFO] ThirdParty:1030 - CMSIS Pack Vendor :STMicroelectronics X-CUBE-ISPU 2.0.0
2023-12-28 21:58:48,381 [INFO] ThirdParty:1030 - CMSIS Pack Vendor :STMicroelectronics HAL Drivers 0.0.0
2023-12-28 21:58:48,381 [INFO] ThirdParty:1030 - CMSIS Pack Vendor :STMicroelectronics MBEDTLS 2.16.2
2023-12-28 21:58:48,381 [INFO] ThirdParty:1030 - CMSIS Pack Vendor :emotas I-CUBE-CANOPEN 1.3.0
2023-12-28 21:58:48,381 [INFO] ThirdParty:1030 - CMSIS Pack Vendor :STMicroelectronics X-CUBE-MEMS1 10.0.0
2023-12-28 21:58:48,381 [INFO] ThirdParty:1030 - CMSIS Pack Vendor :STMicroelectronics X-CUBE-FREERTOS 1.1.0
2023-12-28 21:58:48,381 [INFO] ThirdParty:1030 - CMSIS Pack Vendor :STMicroelectronics X-CUBE-NFC7 1.0.1
2023-12-28 21:58:48,381 [INFO] ThirdParty:1030 - CMSIS Pack Vendor :STMicroelectronics MBEDTLS 2.14.1
2023-12-28 21:58:48,381 [INFO] ThirdParty:1030 - CMSIS Pack Vendor :STMicroelectronics X-CUBE-TOUCHGFX 4.22.1
2023-12-28 21:58:48,381 [INFO] ThirdParty:1030 - CMSIS Pack Vendor :STMicroelectronics X-CUBE-NFC6 3.0.0
2023-12-28 21:58:48,381 [INFO] ThirdParty:1030 - CMSIS Pack Vendor :portGmbH I-Cube-SoM-uGOAL 1.1.0
2023-12-28 21:58:48,381 [INFO] ThirdParty:1030 - CMSIS Pack Vendor :STMicroelectronics X-CUBE-ALS 1.0.1
2023-12-28 21:58:48,381 [INFO] ThirdParty:1030 - CMSIS Pack Vendor :STMicroelectronics ThreadX 1.0.0
2023-12-28 21:58:48,381 [INFO] ThirdParty:1030 - CMSIS Pack Vendor :STMicroelectronics FP-SNS-SMARTAG2 1.2.0
2023-12-28 21:58:48,381 [INFO] ThirdParty:1030 - CMSIS Pack Vendor :STMicroelectronics X-CUBE-AZRTOS-WL 2.0.0
2023-12-28 21:58:48,381 [INFO] ThirdParty:1030 - CMSIS Pack Vendor :STMicroelectronics USB_DEVICE 1.0.0
2023-12-28 21:58:48,381 [INFO] ThirdParty:1030 - CMSIS Pack Vendor :STMicroelectronics X-CUBE-AI 8.1.0
2023-12-28 21:58:48,381 [INFO] ThirdParty:1030 - CMSIS Pack Vendor :STMicroelectronics X-CUBE-AZRTOS-L4 2.0.0
2023-12-28 21:58:48,381 [INFO] ThirdParty:1030 - CMSIS Pack Vendor :STMicroelectronics ThreadX 0.0.2
2023-12-28 21:58:48,381 [INFO] ThirdParty:1030 - CMSIS Pack Vendor :WES I-CUBE-Cesium 1.3.0
2023-12-28 21:58:48,381 [INFO] ThirdParty:1030 - CMSIS Pack Vendor :STMicroelectronics FP-ATR-ASTRA1 2.0.0
2023-12-28 21:58:48,381 [INFO] ThirdParty:1030 - CMSIS Pack Vendor :STMicroelectronics lwIP 2.1.2
2023-12-28 21:58:48,381 [INFO] ThirdParty:1030 - CMSIS Pack Vendor :STMicroelectronics X-CUBE-SFXS2LP1 4.0.0
2023-12-28 21:58:48,381 [INFO] ThirdParty:1030 - CMSIS Pack Vendor :STMicroelectronics X-CUBE-BLE2 3.3.0
2023-12-28 21:58:48,381 [INFO] ThirdParty:1030 - CMSIS Pack Vendor :STMicroelectronics X-CUBE-TOF1 3.4.0
2023-12-28 21:58:48,381 [INFO] ThirdParty:1030 - CMSIS Pack Vendor :STMicroelectronics X-CUBE-AZRTOS-H7 3.2.0
2023-12-28 21:58:48,381 [INFO] ThirdParty:1030 - CMSIS Pack Vendor :STMicroelectronics PDM2PCM 3.2.0
2023-12-28 21:58:48,381 [INFO] ThirdParty:841 - exiting critical section [change project]
2023-12-28 21:58:48,448 [INFO] PinOutPanel:1499 - setPackage(No Configuration,No Configuration)
2023-12-28 21:58:48,449 [INFO] PinOutPanel:1499 - setPackage(STM32F042F4Px,TSSOP20)
2023-12-28 21:58:49,134 [INFO] UtilMem:75 - Before build in PCC Used Memory: 629840440 Bytes (963641344)
2023-12-28 21:58:49,291 [INFO] UtilMem:75 - After build in PCC Used Memory: 673363736 Bytes (963641344)
2023-12-28 21:58:49,335 [INFO] IPUIPlugin:80 - create IPUIPlugin
2023-12-28 21:58:49,335 [INFO] IPUIPlugin:80 - create IPUIPlugin
2023-12-28 21:58:49,335 [INFO] IPUIPlugin:80 - create IPUIPlugin
2023-12-28 21:58:49,335 [INFO] IPUIPlugin:80 - create IPUIPlugin
2023-12-28 21:58:49,335 [INFO] IPUIPlugin:80 - create IPUIPlugin
2023-12-28 21:58:49,335 [INFO] IPUIPlugin:80 - create IPUIPlugin
2023-12-28 21:58:49,336 [INFO] IPUIPlugin:80 - create IPUIPlugin
2023-12-28 21:58:49,336 [INFO] IPUIPlugin:80 - create IPUIPlugin
2023-12-28 21:58:49,336 [INFO] IPUIPlugin:80 - create IPUIPlugin
2023-12-28 21:58:49,336 [INFO] IPUIPlugin:80 - create IPUIPlugin
2023-12-28 21:58:49,336 [INFO] IPUIPlugin:80 - create IPUIPlugin
2023-12-28 21:58:49,336 [INFO] IPUIPlugin:80 - create IPUIPlugin
2023-12-28 21:58:49,337 [INFO] IPUIPlugin:80 - create IPUIPlugin
2023-12-28 21:58:49,337 [INFO] IPUIPlugin:80 - create IPUIPlugin
2023-12-28 21:58:49,338 [INFO] IPUIPlugin:80 - create IPUIPlugin
2023-12-28 21:58:49,338 [INFO] IPUIPlugin:80 - create IPUIPlugin
2023-12-28 21:58:49,338 [INFO] IPUIPlugin:80 - create IPUIPlugin
2023-12-28 21:58:49,338 [INFO] IPUIPlugin:80 - create IPUIPlugin
2023-12-28 21:58:49,339 [INFO] IPUIPlugin:80 - create IPUIPlugin
2023-12-28 21:58:49,339 [INFO] IPUIPlugin:80 - create IPUIPlugin
2023-12-28 21:58:49,339 [INFO] IPUIPlugin:80 - create IPUIPlugin
2023-12-28 21:58:49,341 [INFO] IPUIPlugin:80 - create IPUIPlugin
2023-12-28 21:58:49,341 [INFO] IPUIPlugin:80 - create IPUIPlugin
2023-12-28 21:58:49,342 [INFO] IPUIPlugin:80 - create IPUIPlugin
2023-12-28 21:58:49,342 [INFO] IPUIPlugin:80 - create IPUIPlugin
2023-12-28 21:58:49,342 [INFO] IPUIPlugin:80 - create IPUIPlugin
2023-12-28 21:58:49,343 [INFO] IPUIPlugin:80 - create IPUIPlugin
2023-12-28 21:58:49,343 [INFO] IPUIPlugin:80 - create IPUIPlugin
2023-12-28 21:58:49,344 [INFO] IPUIPlugin:80 - create IPUIPlugin
2023-12-28 21:58:49,344 [INFO] IPUIPlugin:80 - create IPUIPlugin
2023-12-28 21:58:49,381 [INFO] CADModel:165 - CPN selected for project levelSTM32F042F4P6
2023-12-28 21:58:49,382 [INFO] CADModel:114 - Register for checkConnection events
2023-12-28 21:58:49,457 [INFO] OpenFileManager:343 - Restore cursor
2023-12-28 21:59:34,721 [INFO] MainUpdater:2873 - connection check result : 10
2023-12-28 21:59:34,849 [INFO] McuFinderGlobals:76 - Set McuFinderConnectedMode to true
2023-12-28 21:59:34,850 [INFO] MultiScanPanel:200 - Auto-refresh data requested => check proxy status ongoing
2023-12-28 21:59:34,850 [INFO] FinderPluginLoader:95 - Searching for filters in installed packs
2023-12-28 21:59:35,499 [INFO] LoadUrlFilesThread:185 - End of LoadServerUrlFiles without Thread
2023-12-28 21:59:35,499 [INFO] DetailPanel:341 - Set advertising image to C:/Users/aleja/STM32Cube/Repository/\en.prom-stm32wl3-mcu-finder.jpg
2023-12-28 21:59:46,657 [INFO] MainUpdater:2873 - connection check result : 10
2023-12-28 21:59:46,657 [INFO] MainUpdater:2873 - connection check result : 10
2023-12-28 21:59:46,684 [INFO] MicroXplorer:468 - Change Database Path : 
2023-12-28 21:59:46,684 [INFO] MicroXplorer:498 - Change Database Version : DB.6.0.100
2023-12-28 21:59:46,700 [ERROR] ProjectManagerView:394 - 
java.lang.NullPointerException: Cannot invoke "javax.swing.JTextField.getText()" because the return value of "java.util.List.get(int)" is null
	at com.st.microxplorer.plugins.projectmanager.gui.ProjectChoiceTab$10.caretUpdate(ProjectChoiceTab.java:2493) ~[filemanager.jar:?]
	at javax.swing.text.JTextComponent.fireCaretUpdate(JTextComponent.java:412) ~[?:?]
	at javax.swing.text.JTextComponent$MutableCaretEvent.fire(JTextComponent.java:4491) ~[?:?]
	at javax.swing.text.JTextComponent$MutableCaretEvent.stateChanged(JTextComponent.java:4513) ~[?:?]
	at javax.swing.text.DefaultCaret.fireStateChanged(DefaultCaret.java:842) ~[?:?]
	at javax.swing.text.DefaultCaret.changeCaretPosition(DefaultCaret.java:1313) ~[?:?]
	at javax.swing.text.DefaultCaret.handleSetDot(DefaultCaret.java:1212) ~[?:?]
	at javax.swing.text.DefaultCaret.setDot(DefaultCaret.java:1193) ~[?:?]
	at javax.swing.text.DefaultCaret$Handler.insertUpdate(DefaultCaret.java:1789) ~[?:?]
	at javax.swing.text.AbstractDocument.fireInsertUpdate(AbstractDocument.java:226) ~[?:?]
	at javax.swing.text.AbstractDocument.handleInsertString(AbstractDocument.java:780) ~[?:?]
	at javax.swing.text.AbstractDocument.insertString(AbstractDocument.java:739) ~[?:?]
	at javax.swing.text.PlainDocument.insertString(PlainDocument.java:131) ~[?:?]
	at javax.swing.text.AbstractDocument.replace(AbstractDocument.java:698) ~[?:?]
	at javax.swing.text.JTextComponent.setText(JTextComponent.java:1729) ~[?:?]
	at com.st.microxplorer.plugins.projectmanager.gui.ProjectChoiceTab.createHeapStackFields(ProjectChoiceTab.java:933) ~[filemanager.jar:?]
	at com.st.microxplorer.plugins.projectmanager.gui.ProjectChoiceTab.buildLinkSettingsPanel(ProjectChoiceTab.java:3426) ~[filemanager.jar:?]
	at com.st.microxplorer.plugins.projectmanager.gui.ProjectChoiceTab.defineWindowsFields(ProjectChoiceTab.java:1813) ~[filemanager.jar:?]
	at com.st.microxplorer.plugins.projectmanager.gui.ProjectChoiceTab.updateSettings(ProjectChoiceTab.java:533) ~[filemanager.jar:?]
	at com.st.microxplorer.plugins.projectmanager.gui.ProjectSettingsPanel.UpdateDialog(ProjectSettingsPanel.java:244) ~[filemanager.jar:?]
	at com.st.microxplorer.plugins.projectmanager.ProjectManagerView.propertyChange(ProjectManagerView.java:391) ~[filemanager.jar:?]
	at java.beans.PropertyChangeSupport.fire(PropertyChangeSupport.java:343) ~[?:?]
	at java.beans.PropertyChangeSupport.firePropertyChange(PropertyChangeSupport.java:335) ~[?:?]
	at java.beans.PropertyChangeSupport.firePropertyChange(PropertyChangeSupport.java:268) ~[?:?]
	at com.st.microxplorer.util.MXPropertyChangeSupport.firePropertyChange(MXPropertyChangeSupport.java:54) ~[STM32CubeMX.jar:?]
	at com.st.microxplorer.mxsystem.MxSystem.closeConfig(MxSystem.java:900) ~[STM32CubeMX.jar:?]
	at com.st.microxplorer.maingui.MainPanel.closeConfig(MainPanel.java:776) ~[STM32CubeMX.jar:?]
	at com.st.microxplorer.plugins.filemanager.engine.OpenFileManager.loadConfigurationFile(OpenFileManager.java:245) ~[filemanager.jar:?]
	at com.st.microxplorer.plugins.filemanager.engine.MainFileManager.userLoadConfig(MainFileManager.java:290) ~[filemanager.jar:?]
	at com.st.microxplorer.plugins.filemanager.FileManagerView.getSpecificTask(FileManagerView.java:247) ~[filemanager.jar:?]
	at com.st.stm32cube.common.mx.editor.CubeMxEditor.getMxTabbedPaneInstance(CubeMxEditor.java:1184) ~[com.st.stm32cube.common.mx_6.10.0.202311202037/:?]
	at com.st.stm32cube.common.mx.editor.CubeMxEditor$12$1.createSwingComponent(CubeMxEditor.java:1065) ~[com.st.stm32cube.common.mx_6.10.0.202311202037/:?]
	at com.st.stm32cube.common.mx.oss.core.awtswtbridge.EmbeddedSwingComposite.doComponentCreation(EmbeddedSwingComposite.java:492) ~[com.st.stm32cube.common.mx.oss_6.10.0.202311202037/:?]
	at com.st.stm32cube.common.mx.oss.core.awtswtbridge.EmbeddedSwingComposite$4.run(EmbeddedSwingComposite.java:291) ~[com.st.stm32cube.common.mx.oss_6.10.0.202311202037/:?]
	at com.st.stm32cube.common.mx.oss.core.awtswtbridge.AwtEnvironment$2.run(AwtEnvironment.java:166) ~[com.st.stm32cube.common.mx.oss_6.10.0.202311202037/:?]
	at java.awt.event.InvocationEvent.dispatch(InvocationEvent.java:318) ~[?:?]
	at java.awt.EventQueue.dispatchEventImpl(EventQueue.java:773) ~[?:?]
	at java.awt.EventQueue$4.run(EventQueue.java:720) ~[?:?]
	at java.awt.EventQueue$4.run(EventQueue.java:714) ~[?:?]
	at java.security.AccessController.doPrivileged(AccessController.java:399) ~[?:?]
	at java.security.ProtectionDomain$JavaSecurityAccessImpl.doIntersectionPrivilege(ProtectionDomain.java:86) ~[?:?]
	at java.awt.EventQueue.dispatchEvent(EventQueue.java:742) ~[?:?]
	at java.awt.EventDispatchThread.pumpOneEventForFilters(EventDispatchThread.java:203) ~[?:?]
	at java.awt.EventDispatchThread.pumpEventsForFilter(EventDispatchThread.java:124) ~[?:?]
	at java.awt.EventDispatchThread.pumpEventsForHierarchy(EventDispatchThread.java:113) ~[?:?]
	at java.awt.EventDispatchThread.pumpEvents(EventDispatchThread.java:109) ~[?:?]
	at java.awt.EventDispatchThread.pumpEvents(EventDispatchThread.java:101) ~[?:?]
	at java.awt.EventDispatchThread.run(EventDispatchThread.java:90) ~[?:?]
2023-12-28 21:59:46,702 [WARN] ThirdParty:871 - waiting for thirdparty lock release [close project]
2023-12-28 21:59:46,702 [INFO] ThirdParty:873 - entering critical section [close project]
2023-12-28 21:59:46,702 [INFO] ThirdParty:883 - exiting critical section [close project]
2023-12-28 21:59:46,704 [INFO] PinOutPanel:1499 - setPackage(No Configuration,No Configuration)
2023-12-28 21:59:46,708 [INFO] UtilMem:75 - Begin LoadConfig() Used Memory: 446083648 Bytes (963641344)
2023-12-28 21:59:46,709 [INFO] MicroXplorer:468 - Change Database Path : 
2023-12-28 21:59:46,709 [INFO] MicroXplorer:498 - Change Database Version : DB.6.0.100
2023-12-28 21:59:46,709 [INFO] OpenFileManager:312 - Change cursor
2023-12-28 21:59:46,715 [INFO] Mcu:2016 - Initializing MCU STM32F042F4Px STM32F042F4Px STM32F042F4P6
2023-12-28 21:59:47,356 [INFO] Context:659 - Trying to add GPIOservice into a context  which must be forbidden
2023-12-28 21:59:47,460 [INFO] ImportTextPane:194 - (OptionalMessage_ERROR) Unable to find key (Mcu.ThirdPartyNb) in loaded IOC file
2023-12-28 21:59:47,460 [INFO] ImportTextPane:194 - (OptionalMessage_ERROR) Unable to find key (Mcu.PinsNb) in loaded IOC file
2023-12-28 21:59:47,460 [INFO] ImportTextPane:194 - (OptionalMessage_ERROR) Unable to find key (Mcu.IPNb) in loaded IOC file
2023-12-28 21:59:47,469 [INFO] RtosManager:555 - Registered RTOS mode: class=CMSIS, group=RTOS, mode=CMSIS_V1, owner=FREERTOS
2023-12-28 21:59:47,469 [INFO] RtosManager:555 - Registered RTOS mode: class=CMSIS, group=RTOS2, mode=CMSIS_V2, owner=FREERTOS
2023-12-28 21:59:47,469 [INFO] RtosManager:555 - Registered RTOS mode: class=RTOS, group=Core, mode=CMSIS_V1, owner=FREERTOS
2023-12-28 21:59:47,469 [INFO] RtosManager:555 - Registered RTOS mode: class=RTOS, group=Core, mode=CMSIS_V2, owner=FREERTOS
2023-12-28 21:59:47,469 [WARN] ModelIntegratedComponent:184 - Missing modes for component STMicroelectronics:FreeRTOS:0.0.1:STMicroelectronics:RTOS:FreeRTOS:Core:::10.2.0:
2023-12-28 21:59:47,474 [WARN] ModelIntegratedComponent:63 - No mode defined for component null
2023-12-28 21:59:47,475 [WARN] ModelIntegratedComponent:63 - No mode defined for component null
2023-12-28 21:59:47,475 [WARN] ModelIntegratedComponent:63 - No mode defined for component null
2023-12-28 21:59:47,475 [WARN] ModelIntegratedComponent:63 - No mode defined for component null
2023-12-28 21:59:47,475 [WARN] ModelIntegratedComponent:63 - No mode defined for component null
2023-12-28 21:59:47,475 [WARN] ModelIntegratedComponent:63 - No mode defined for component null
2023-12-28 21:59:47,475 [WARN] ModelIntegratedComponent:63 - No mode defined for component null
2023-12-28 21:59:47,475 [WARN] ModelIntegratedComponent:63 - No mode defined for component null
2023-12-28 21:59:47,475 [WARN] ModelIntegratedComponent:63 - No mode defined for component null
2023-12-28 21:59:47,475 [WARN] ModelIntegratedComponent:63 - No mode defined for component null
2023-12-28 21:59:47,475 [WARN] ModelIntegratedComponent:63 - No mode defined for component null
2023-12-28 21:59:47,475 [WARN] ModelIntegratedComponent:63 - No mode defined for component null
2023-12-28 21:59:47,475 [WARN] ModelIntegratedComponent:63 - No mode defined for component null
2023-12-28 21:59:47,475 [WARN] ModelIntegratedComponent:63 - No mode defined for component null
2023-12-28 21:59:47,475 [WARN] ModelIntegratedComponent:63 - No mode defined for component null
2023-12-28 21:59:47,475 [WARN] ModelIntegratedComponent:63 - No mode defined for component null
2023-12-28 21:59:47,475 [WARN] ModelIntegratedComponent:63 - No mode defined for component null
2023-12-28 21:59:47,475 [WARN] ModelIntegratedComponent:63 - No mode defined for component null
2023-12-28 21:59:47,475 [WARN] ModelIntegratedComponent:63 - No mode defined for component null
2023-12-28 21:59:47,475 [WARN] ModelIntegratedComponent:63 - No mode defined for component null
2023-12-28 21:59:47,475 [WARN] ModelIntegratedComponent:63 - No mode defined for component null
2023-12-28 21:59:47,475 [WARN] ModelIntegratedComponent:63 - No mode defined for component null
2023-12-28 21:59:47,475 [WARN] ModelIntegratedComponent:63 - No mode defined for component null
2023-12-28 21:59:47,475 [WARN] ModelIntegratedComponent:63 - No mode defined for component null
2023-12-28 21:59:47,475 [WARN] ModelIntegratedComponent:63 - No mode defined for component null
2023-12-28 21:59:47,475 [WARN] ModelIntegratedComponent:63 - No mode defined for component null
2023-12-28 21:59:47,475 [WARN] ModelIntegratedComponent:63 - No mode defined for component null
2023-12-28 21:59:47,475 [WARN] ModelIntegratedComponent:63 - No mode defined for component null
2023-12-28 21:59:47,475 [WARN] ModelIntegratedComponent:63 - No mode defined for component null
2023-12-28 21:59:47,475 [WARN] ModelIntegratedComponent:63 - No mode defined for component null
2023-12-28 21:59:47,475 [WARN] ModelIntegratedComponent:63 - No mode defined for component null
2023-12-28 21:59:47,475 [WARN] ModelIntegratedComponent:63 - No mode defined for component null
2023-12-28 21:59:47,475 [WARN] ModelIntegratedComponent:63 - No mode defined for component null
2023-12-28 21:59:47,555 [INFO] ThirdPartyModel:298 - Start build external matchings
2023-12-28 21:59:47,916 [INFO] ThirdPartyModel:316 - End build external matchings
2023-12-28 21:59:48,109 [INFO] UtilMem:75 - End LoadConfig() Used Memory: 621524752 Bytes (963641344)
2023-12-28 21:59:48,181 [INFO] MicroXplorer:468 - Change Database Path : 
2023-12-28 21:59:48,181 [INFO] MicroXplorer:498 - Change Database Version : DB.6.0.100
2023-12-28 21:59:48,182 [WARN] ThirdParty:833 - waiting for thirdparty lock release [change project]
2023-12-28 21:59:48,182 [INFO] ThirdParty:835 - entering critical section [change project]
2023-12-28 21:59:48,182 [INFO] ThirdParty:1030 - CMSIS Pack Vendor :STMicroelectronics X-CUBE-ISPU 1.1.0
2023-12-28 21:59:48,182 [INFO] ThirdParty:1030 - CMSIS Pack Vendor :STMicroelectronics USBPD 4.1
2023-12-28 21:59:48,182 [INFO] ThirdParty:1030 - CMSIS Pack Vendor :STMicroelectronics X-CUBE-GNSS1 6.0.0
2023-12-28 21:59:48,182 [INFO] ThirdParty:1030 - CMSIS Pack Vendor :STMicroelectronics USB_HOST 2.0.0
2023-12-28 21:59:48,182 [INFO] ThirdParty:1030 - CMSIS Pack Vendor :STMicroelectronics X-CUBE-AZRTOS-F4 1.1.0
2023-12-28 21:59:48,182 [INFO] ThirdParty:1030 - CMSIS Pack Vendor :STMicroelectronics LIBJPEG 8.0.0
2023-12-28 21:59:48,183 [INFO] ThirdParty:1030 - CMSIS Pack Vendor :wolfSSL I-CUBE-wolfSSL 5.6.4
2023-12-28 21:59:48,183 [INFO] ThirdParty:1030 - CMSIS Pack Vendor :STMicroelectronics X-CUBE-SMBUS 2.1.0
2023-12-28 21:59:48,183 [INFO] ThirdParty:1030 - CMSIS Pack Vendor :STMicroelectronics USB_DEVICE 3.0.0
2023-12-28 21:59:48,183 [INFO] ThirdParty:1030 - CMSIS Pack Vendor :STMicroelectronics X-CUBE-AZRTOS-WB 2.0.0
2023-12-28 21:59:48,183 [INFO] ThirdParty:1030 - CMSIS Pack Vendor :STMicroelectronics X-CUBE-TOUCHGFX 4.23.0
2023-12-28 21:59:48,183 [INFO] ThirdParty:1030 - CMSIS Pack Vendor :STMicroelectronics X-CUBE-AZRTOS-F7 1.1.0
2023-12-28 21:59:48,183 [INFO] ThirdParty:1030 - CMSIS Pack Vendor :STMicroelectronics X-CUBE-AZRTOS-L5 2.0.0
2023-12-28 21:59:48,183 [INFO] ThirdParty:1030 - CMSIS Pack Vendor :STMicroelectronics USB_DEVICE 2.0.0
2023-12-28 21:59:48,183 [INFO] ThirdParty:1030 - CMSIS Pack Vendor :STMicroelectronics X-CUBE-EEPRMA1 4.2.0
2023-12-28 21:59:48,183 [INFO] ThirdParty:1030 - CMSIS Pack Vendor :ITTIA_DB I-CUBE-ITTIADB 8.8.0
2023-12-28 21:59:48,183 [INFO] ThirdParty:1030 - CMSIS Pack Vendor :STMicroelectronics FP-SNS-MOTENV1 4.3.2
2023-12-28 21:59:48,183 [INFO] ThirdParty:1030 - CMSIS Pack Vendor :STMicroelectronics X-CUBE-ALGOBUILD 1.3.0
2023-12-28 21:59:48,183 [INFO] ThirdParty:1030 - CMSIS Pack Vendor :STMicroelectronics FreeRTOS 0.0.1
2023-12-28 21:59:48,183 [INFO] ThirdParty:1030 - CMSIS Pack Vendor :STMicroelectronics X-CUBE-AZRTOS-G0 1.1.0
2023-12-28 21:59:48,183 [INFO] ThirdParty:1030 - CMSIS Pack Vendor :STMicroelectronics X-CUBE-NFC4 3.0.0
2023-12-28 21:59:48,183 [INFO] ThirdParty:1030 - CMSIS Pack Vendor :STMicroelectronics X-CUBE-SUBG2 5.0.0
2023-12-28 21:59:48,183 [INFO] ThirdParty:1030 - CMSIS Pack Vendor :STMicroelectronics STM32_WPAN 1.0.0
2023-12-28 21:59:48,183 [INFO] ThirdParty:1030 - CMSIS Pack Vendor :STMicroelectronics lwIP 2.0.3
2023-12-28 21:59:48,183 [INFO] ThirdParty:1030 - CMSIS Pack Vendor :STMicroelectronics FP-SNS-FLIGHT1 5.0.2
2023-12-28 21:59:48,183 [INFO] ThirdParty:1030 - CMSIS Pack Vendor :STMicroelectronics USB_HOST 1.0.0
2023-12-28 21:59:48,183 [INFO] ThirdParty:1030 - CMSIS Pack Vendor :STMicroelectronics X-CUBE-AZRTOS-G4 2.0.0
2023-12-28 21:59:48,183 [INFO] ThirdParty:1030 - CMSIS Pack Vendor :STMicroelectronics PDM2PCM 3.1.0
2023-12-28 21:59:48,183 [INFO] ThirdParty:1030 - CMSIS Pack Vendor :STMicroelectronics X-CUBE-AZRTOS-H7 3.1.0
2023-12-28 21:59:48,183 [INFO] ThirdParty:1030 - CMSIS Pack Vendor :Infineon AIROC-Wi-Fi-Bluetooth-STM32 1.5.1
2023-12-28 21:59:48,183 [INFO] ThirdParty:1030 - CMSIS Pack Vendor :STMicroelectronics X-CUBE-BLEMGR 3.0.0
2023-12-28 21:59:48,183 [INFO] ThirdParty:1030 - CMSIS Pack Vendor :STMicroelectronics PDM2PCM 3.3.0
2023-12-28 21:59:48,183 [INFO] ThirdParty:1030 - CMSIS Pack Vendor :STMicroelectronics X-CUBE-DISPLAY 3.0.0
2023-12-28 21:59:48,183 [INFO] ThirdParty:1030 - CMSIS Pack Vendor :STMicroelectronics FP-SNS-MOTENVWB1 1.3.1
2023-12-28 21:59:48,183 [INFO] ThirdParty:1030 - CMSIS Pack Vendor :STMicroelectronics X-CUBE-BLE1 7.0.0
2023-12-28 21:59:48,183 [INFO] ThirdParty:1030 - CMSIS Pack Vendor :STMicroelectronics FP-ATR-SIGFOX1 3.2.0
2023-12-28 21:59:48,183 [INFO] ThirdParty:1030 - CMSIS Pack Vendor :STMicroelectronics X-CUBE-ISPU 2.0.0
2023-12-28 21:59:48,183 [INFO] ThirdParty:1030 - CMSIS Pack Vendor :STMicroelectronics HAL Drivers 0.0.0
2023-12-28 21:59:48,183 [INFO] ThirdParty:1030 - CMSIS Pack Vendor :STMicroelectronics MBEDTLS 2.16.2
2023-12-28 21:59:48,183 [INFO] ThirdParty:1030 - CMSIS Pack Vendor :emotas I-CUBE-CANOPEN 1.3.0
2023-12-28 21:59:48,183 [INFO] ThirdParty:1030 - CMSIS Pack Vendor :STMicroelectronics X-CUBE-MEMS1 10.0.0
2023-12-28 21:59:48,183 [INFO] ThirdParty:1030 - CMSIS Pack Vendor :STMicroelectronics X-CUBE-FREERTOS 1.1.0
2023-12-28 21:59:48,183 [INFO] ThirdParty:1030 - CMSIS Pack Vendor :STMicroelectronics X-CUBE-NFC7 1.0.1
2023-12-28 21:59:48,183 [INFO] ThirdParty:1030 - CMSIS Pack Vendor :STMicroelectronics MBEDTLS 2.14.1
2023-12-28 21:59:48,183 [INFO] ThirdParty:1030 - CMSIS Pack Vendor :STMicroelectronics X-CUBE-TOUCHGFX 4.22.1
2023-12-28 21:59:48,183 [INFO] ThirdParty:1030 - CMSIS Pack Vendor :STMicroelectronics X-CUBE-NFC6 3.0.0
2023-12-28 21:59:48,183 [INFO] ThirdParty:1030 - CMSIS Pack Vendor :portGmbH I-Cube-SoM-uGOAL 1.1.0
2023-12-28 21:59:48,183 [INFO] ThirdParty:1030 - CMSIS Pack Vendor :STMicroelectronics X-CUBE-ALS 1.0.1
2023-12-28 21:59:48,183 [INFO] ThirdParty:1030 - CMSIS Pack Vendor :STMicroelectronics ThreadX 1.0.0
2023-12-28 21:59:48,183 [INFO] ThirdParty:1030 - CMSIS Pack Vendor :STMicroelectronics FP-SNS-SMARTAG2 1.2.0
2023-12-28 21:59:48,183 [INFO] ThirdParty:1030 - CMSIS Pack Vendor :STMicroelectronics X-CUBE-AZRTOS-WL 2.0.0
2023-12-28 21:59:48,183 [INFO] ThirdParty:1030 - CMSIS Pack Vendor :STMicroelectronics USB_DEVICE 1.0.0
2023-12-28 21:59:48,183 [INFO] ThirdParty:1030 - CMSIS Pack Vendor :STMicroelectronics X-CUBE-AI 8.1.0
2023-12-28 21:59:48,183 [INFO] ThirdParty:1030 - CMSIS Pack Vendor :STMicroelectronics X-CUBE-AZRTOS-L4 2.0.0
2023-12-28 21:59:48,183 [INFO] ThirdParty:1030 - CMSIS Pack Vendor :STMicroelectronics ThreadX 0.0.2
2023-12-28 21:59:48,183 [INFO] ThirdParty:1030 - CMSIS Pack Vendor :WES I-CUBE-Cesium 1.3.0
2023-12-28 21:59:48,183 [INFO] ThirdParty:1030 - CMSIS Pack Vendor :STMicroelectronics FP-ATR-ASTRA1 2.0.0
2023-12-28 21:59:48,183 [INFO] ThirdParty:1030 - CMSIS Pack Vendor :STMicroelectronics lwIP 2.1.2
2023-12-28 21:59:48,183 [INFO] ThirdParty:1030 - CMSIS Pack Vendor :STMicroelectronics X-CUBE-SFXS2LP1 4.0.0
2023-12-28 21:59:48,183 [INFO] ThirdParty:1030 - CMSIS Pack Vendor :STMicroelectronics X-CUBE-BLE2 3.3.0
2023-12-28 21:59:48,183 [INFO] ThirdParty:1030 - CMSIS Pack Vendor :STMicroelectronics X-CUBE-TOF1 3.4.0
2023-12-28 21:59:48,183 [INFO] ThirdParty:1030 - CMSIS Pack Vendor :STMicroelectronics X-CUBE-AZRTOS-H7 3.2.0
2023-12-28 21:59:48,183 [INFO] ThirdParty:1030 - CMSIS Pack Vendor :STMicroelectronics PDM2PCM 3.2.0
2023-12-28 21:59:48,183 [INFO] ThirdParty:841 - exiting critical section [change project]
2023-12-28 21:59:48,267 [INFO] PinOutPanel:1499 - setPackage(No Configuration,No Configuration)
2023-12-28 21:59:48,267 [INFO] PinOutPanel:1499 - setPackage(STM32F042F4Px,TSSOP20)
2023-12-28 21:59:48,965 [INFO] UtilMem:75 - Before build in PCC Used Memory: 739489552 Bytes (963641344)
2023-12-28 21:59:49,131 [INFO] UtilMem:75 - After build in PCC Used Memory: 307687144 Bytes (963641344)
2023-12-28 21:59:49,173 [INFO] IPUIPlugin:80 - create IPUIPlugin
2023-12-28 21:59:49,173 [INFO] IPUIPlugin:80 - create IPUIPlugin
2023-12-28 21:59:49,174 [INFO] IPUIPlugin:80 - create IPUIPlugin
2023-12-28 21:59:49,174 [INFO] IPUIPlugin:80 - create IPUIPlugin
2023-12-28 21:59:49,174 [INFO] IPUIPlugin:80 - create IPUIPlugin
2023-12-28 21:59:49,174 [INFO] IPUIPlugin:80 - create IPUIPlugin
2023-12-28 21:59:49,174 [INFO] IPUIPlugin:80 - create IPUIPlugin
2023-12-28 21:59:49,174 [INFO] IPUIPlugin:80 - create IPUIPlugin
2023-12-28 21:59:49,174 [INFO] IPUIPlugin:80 - create IPUIPlugin
2023-12-28 21:59:49,174 [INFO] IPUIPlugin:80 - create IPUIPlugin
2023-12-28 21:59:49,174 [INFO] IPUIPlugin:80 - create IPUIPlugin
2023-12-28 21:59:49,174 [INFO] IPUIPlugin:80 - create IPUIPlugin
2023-12-28 21:59:49,175 [INFO] IPUIPlugin:80 - create IPUIPlugin
2023-12-28 21:59:49,175 [INFO] IPUIPlugin:80 - create IPUIPlugin
2023-12-28 21:59:49,175 [INFO] IPUIPlugin:80 - create IPUIPlugin
2023-12-28 21:59:49,175 [INFO] IPUIPlugin:80 - create IPUIPlugin
2023-12-28 21:59:49,175 [INFO] IPUIPlugin:80 - create IPUIPlugin
2023-12-28 21:59:49,176 [INFO] IPUIPlugin:80 - create IPUIPlugin
2023-12-28 21:59:49,176 [INFO] IPUIPlugin:80 - create IPUIPlugin
2023-12-28 21:59:49,176 [INFO] IPUIPlugin:80 - create IPUIPlugin
2023-12-28 21:59:49,176 [INFO] IPUIPlugin:80 - create IPUIPlugin
2023-12-28 21:59:49,176 [INFO] IPUIPlugin:80 - create IPUIPlugin
2023-12-28 21:59:49,177 [INFO] IPUIPlugin:80 - create IPUIPlugin
2023-12-28 21:59:49,177 [INFO] IPUIPlugin:80 - create IPUIPlugin
2023-12-28 21:59:49,177 [INFO] IPUIPlugin:80 - create IPUIPlugin
2023-12-28 21:59:49,177 [INFO] IPUIPlugin:80 - create IPUIPlugin
2023-12-28 21:59:49,177 [INFO] IPUIPlugin:80 - create IPUIPlugin
2023-12-28 21:59:49,178 [INFO] IPUIPlugin:80 - create IPUIPlugin
2023-12-28 21:59:49,178 [INFO] IPUIPlugin:80 - create IPUIPlugin
2023-12-28 21:59:49,178 [INFO] IPUIPlugin:80 - create IPUIPlugin
2023-12-28 21:59:49,202 [INFO] CADModel:165 - CPN selected for project levelSTM32F042F4P6
2023-12-28 21:59:49,202 [INFO] CADModel:114 - Register for checkConnection events
2023-12-28 21:59:49,270 [INFO] OpenFileManager:343 - Restore cursor
2023-12-28 21:59:49,726 [INFO] UtilMem:75 - End SaveConfig() Used Memory: 323021728 Bytes (963641344)
2023-12-28 21:59:49,797 [INFO] UtilMem:75 - End SaveConfig() Used Memory: 334556064 Bytes (963641344)
2023-12-28 21:59:49,990 [INFO] BlockDiagram:2759 - set Specific Code input for plugin: NVIC
2023-12-28 21:59:49,991 [INFO] BlockDiagram:2759 - set Specific Code input for plugin: RCC
2023-12-28 21:59:49,993 [INFO] CodeGenerator:807 - code generatio: config db path: C:\ST\STM32CubeIDE_1.13.2\STM32CubeIDE\plugins\com.st.stm32cube.common.mx_6.10.0.202311202037\\db\
2023-12-28 21:59:50,154 [INFO] CodeEngine:255 - oldGeneratedFile, C:\Users\aleja\OneDrive\Escritorio\gettingStartedSTM\newNode_v0\MXTmpFiles\license.tmp_save
2023-12-28 21:59:50,287 [INFO] CodeEngine:279 - Generated code: C:\Users\aleja\OneDrive\Escritorio\gettingStartedSTM\newNode_v0\MXTmpFiles\license.tmp
2023-12-28 21:59:50,303 [INFO] CodeEngine:255 - oldGeneratedFile, C:\Users\aleja\OneDrive\Escritorio\gettingStartedSTM\newNode_v0\Core\Src\stm32f0xx_it.c_save
2023-12-28 21:59:50,434 [INFO] CodeEngine:279 - Generated code: C:\Users\aleja\OneDrive\Escritorio\gettingStartedSTM\newNode_v0\Core\Src\stm32f0xx_it.c
2023-12-28 21:59:50,439 [INFO] CodeEngine:255 - oldGeneratedFile, C:\Users\aleja\OneDrive\Escritorio\gettingStartedSTM\newNode_v0\Core\Inc\stm32f0xx_it.h_save
2023-12-28 21:59:50,502 [INFO] CodeEngine:279 - Generated code: C:\Users\aleja\OneDrive\Escritorio\gettingStartedSTM\newNode_v0\Core\Inc\stm32f0xx_it.h
2023-12-28 21:59:50,526 [INFO] CodeEngine:255 - oldGeneratedFile, C:\Users\aleja\OneDrive\Escritorio\gettingStartedSTM\newNode_v0\Core\Src\stm32f0xx_hal_msp.c_save
2023-12-28 21:59:50,666 [INFO] CodeEngine:279 - Generated code: C:\Users\aleja\OneDrive\Escritorio\gettingStartedSTM\newNode_v0\Core\Src\stm32f0xx_hal_msp.c
2023-12-28 21:59:50,672 [INFO] CodeEngine:255 - oldGeneratedFile, C:\Users\aleja\OneDrive\Escritorio\gettingStartedSTM\newNode_v0\MXTmpFiles\system.tmp_save
2023-12-28 21:59:50,738 [INFO] CodeEngine:279 - Generated code: C:\Users\aleja\OneDrive\Escritorio\gettingStartedSTM\newNode_v0\MXTmpFiles\system.tmp
2023-12-28 21:59:50,751 [INFO] CodeEngine:311 - oldGeneratedFile, C:\Users\aleja\OneDrive\Escritorio\gettingStartedSTM\newNode_v0\Core\Inc\stm32f0xx_hal_conf.h_save
2023-12-28 21:59:50,932 [INFO] CodeEngine:335 - Generated code: C:\Users\aleja\OneDrive\Escritorio\gettingStartedSTM\newNode_v0\Core\Inc\stm32f0xx_hal_conf.h
2023-12-28 21:59:50,974 [INFO] CodeEngine:255 - oldGeneratedFile, C:\Users\aleja\OneDrive\Escritorio\gettingStartedSTM\newNode_v0\Core\Inc\main.h_save
2023-12-28 21:59:51,097 [INFO] CodeEngine:279 - Generated code: C:\Users\aleja\OneDrive\Escritorio\gettingStartedSTM\newNode_v0\Core\Inc\main.h
2023-12-28 21:59:51,104 [INFO] CodeEngine:255 - oldGeneratedFile, C:\Users\aleja\OneDrive\Escritorio\gettingStartedSTM\newNode_v0\Core\Src\main.c_save
2023-12-28 21:59:51,223 [INFO] CodeEngine:279 - Generated code: C:\Users\aleja\OneDrive\Escritorio\gettingStartedSTM\newNode_v0\Core\Src\main.c
2023-12-28 21:59:51,666 [INFO] ProjectBuilder:3076 - Time for Copy HAL[1] : 151mS.
2023-12-28 21:59:51,670 [INFO] ProjectBuilder:4485 - Project Generator version: 4.2.0-B44
2023-12-28 21:59:51,873 [INFO] ConfigFileManager:1495 - The Die is : DIE445
2023-12-28 21:59:51,875 [INFO] ApiDbMcu:508 - Load IP Config File for FATFS
2023-12-28 21:59:51,879 [INFO] ApiDbMcu:508 - Load IP Config File for FREERTOS
2023-12-28 21:59:51,891 [INFO] ApiDbMcu:508 - Load IP Config File for TOUCHSENSING
2023-12-28 21:59:51,895 [INFO] ApiDbMcu:508 - Load IP Config File for USB_DEVICE
2023-12-28 21:59:54,636 [INFO] ProjectBuilder:4747 - Time for Generating toolchain IDE Files: 2965mS.
2023-12-28 21:59:54,637 [INFO] ProjectBuilder:2947 - Time for Copy CMSIS : 1mS.
2023-12-28 21:59:54,640 [INFO] ProjectBuilder:2947 - Time for Copy CMSIS : 1mS.
2023-12-28 21:59:55,397 [INFO] McuFinderGlobals:76 - Set McuFinderConnectedMode to true
2023-12-28 21:59:55,399 [INFO] ApiDb:448 - Save user favorites file C:\Users\aleja/.stm32cubeide/favorites.mcus.txt: 1 item(s)
2023-12-28 21:59:55,399 [INFO] ApiDb:452 - User favorites MCUs=[STM32F042F4P6]
2023-12-28 22:03:41,091 [INFO] NvicIntPanel:101 - NVIC parent = com.st.microxplorer.plugins.ip.nvic.MultiNvicIntPanel[,0,0,510x40,layout=javax.swing.BoxLayout,alignmentX=0.0,alignmentY=0.0,border=,flags=9,maximumSize=,minimumSize=,preferredSize=]
2023-12-28 22:03:43,254 [INFO] NvicIntPanel:101 - NVIC parent = com.st.microxplorer.plugins.ip.nvic.MultiNvicIntPanel[,0,0,0x0,invalid,layout=javax.swing.BoxLayout,alignmentX=0.0,alignmentY=0.0,border=,flags=9,maximumSize=,minimumSize=,preferredSize=]
2023-12-28 22:04:41,805 [INFO] Can:71 - Can Add PropertyChangeListener com.st.microxplorer.plugins.ip.can.Can@500d3b0b
2023-12-28 22:04:41,842 [INFO] NvicIntPanel:101 - NVIC parent = com.st.microxplorer.plugins.ip.nvic.MultiNvicIntPanel[,0,0,0x0,invalid,layout=javax.swing.BoxLayout,alignmentX=0.0,alignmentY=0.0,border=,flags=9,maximumSize=,minimumSize=,preferredSize=]
2023-12-28 22:06:35,898 [INFO] UtilMem:75 - End SaveConfig() Used Memory: 241344984 Bytes (754974720)
2023-12-28 22:06:36,727 [INFO] UtilMem:75 - End SaveConfig() Used Memory: 302080416 Bytes (754974720)
2023-12-28 22:06:36,979 [INFO] BlockDiagram:2759 - set Specific Code input for plugin: ADC
2023-12-28 22:06:36,979 [INFO] BlockDiagram:2759 - set Specific Code input for plugin: NVIC
2023-12-28 22:06:36,979 [INFO] BlockDiagram:2759 - set Specific Code input for plugin: SYS
2023-12-28 22:06:36,979 [INFO] BlockDiagram:2759 - set Specific Code input for plugin: GPIO
2023-12-28 22:06:36,981 [INFO] BlockDiagram:2759 - set Specific Code input for plugin: CAN
2023-12-28 22:06:36,981 [INFO] BlockDiagram:2759 - set Specific Code input for plugin: RCC
2023-12-28 22:06:36,982 [INFO] CodeGenerator:807 - code generatio: config db path: C:\ST\STM32CubeIDE_1.13.2\STM32CubeIDE\plugins\com.st.stm32cube.common.mx_6.10.0.202311202037\\db\
2023-12-28 22:06:37,161 [INFO] CodeEngine:255 - oldGeneratedFile, C:\Users\aleja\OneDrive\Escritorio\gettingStartedSTM\newNode_v0\MXTmpFiles\license.tmp_save
2023-12-28 22:06:37,281 [INFO] CodeEngine:279 - Generated code: C:\Users\aleja\OneDrive\Escritorio\gettingStartedSTM\newNode_v0\MXTmpFiles\license.tmp
2023-12-28 22:06:37,322 [INFO] CodeEngine:255 - oldGeneratedFile, C:\Users\aleja\OneDrive\Escritorio\gettingStartedSTM\newNode_v0\MXTmpFiles\gpio.tmp_save
2023-12-28 22:06:37,461 [INFO] CodeEngine:279 - Generated code: C:\Users\aleja\OneDrive\Escritorio\gettingStartedSTM\newNode_v0\MXTmpFiles\gpio.tmp
2023-12-28 22:06:37,579 [INFO] CodeEngine:255 - oldGeneratedFile, C:\Users\aleja\OneDrive\Escritorio\gettingStartedSTM\newNode_v0\Core\Src\stm32f0xx_it.c_save
2023-12-28 22:06:37,736 [INFO] CodeEngine:279 - Generated code: C:\Users\aleja\OneDrive\Escritorio\gettingStartedSTM\newNode_v0\Core\Src\stm32f0xx_it.c
2023-12-28 22:06:37,761 [INFO] CodeEngine:255 - oldGeneratedFile, C:\Users\aleja\OneDrive\Escritorio\gettingStartedSTM\newNode_v0\Core\Inc\stm32f0xx_it.h_save
2023-12-28 22:06:37,854 [INFO] CodeEngine:279 - Generated code: C:\Users\aleja\OneDrive\Escritorio\gettingStartedSTM\newNode_v0\Core\Inc\stm32f0xx_it.h
2023-12-28 22:06:37,889 [INFO] CodeEngine:255 - oldGeneratedFile, C:\Users\aleja\OneDrive\Escritorio\gettingStartedSTM\newNode_v0\Core\Src\stm32f0xx_hal_msp.c_save
2023-12-28 22:06:38,065 [INFO] CodeEngine:279 - Generated code: C:\Users\aleja\OneDrive\Escritorio\gettingStartedSTM\newNode_v0\Core\Src\stm32f0xx_hal_msp.c
2023-12-28 22:06:38,073 [INFO] CodeEngine:255 - oldGeneratedFile, C:\Users\aleja\OneDrive\Escritorio\gettingStartedSTM\newNode_v0\MXTmpFiles\system.tmp_save
2023-12-28 22:06:38,149 [INFO] CodeEngine:279 - Generated code: C:\Users\aleja\OneDrive\Escritorio\gettingStartedSTM\newNode_v0\MXTmpFiles\system.tmp
2023-12-28 22:06:38,190 [INFO] CodeEngine:311 - oldGeneratedFile, C:\Users\aleja\OneDrive\Escritorio\gettingStartedSTM\newNode_v0\Core\Inc\stm32f0xx_hal_conf.h_save
2023-12-28 22:06:38,352 [INFO] CodeEngine:335 - Generated code: C:\Users\aleja\OneDrive\Escritorio\gettingStartedSTM\newNode_v0\Core\Inc\stm32f0xx_hal_conf.h
2023-12-28 22:06:38,433 [INFO] CodeEngine:255 - oldGeneratedFile, C:\Users\aleja\OneDrive\Escritorio\gettingStartedSTM\newNode_v0\Core\Inc\main.h_save
2023-12-28 22:06:38,539 [INFO] CodeEngine:279 - Generated code: C:\Users\aleja\OneDrive\Escritorio\gettingStartedSTM\newNode_v0\Core\Inc\main.h
2023-12-28 22:06:38,565 [INFO] CodeEngine:255 - oldGeneratedFile, C:\Users\aleja\OneDrive\Escritorio\gettingStartedSTM\newNode_v0\Core\Src\main.c_save
2023-12-28 22:06:38,715 [INFO] CodeEngine:279 - Generated code: C:\Users\aleja\OneDrive\Escritorio\gettingStartedSTM\newNode_v0\Core\Src\main.c
2023-12-28 22:06:39,474 [INFO] ProjectBuilder:3076 - Time for Copy HAL[1] : 274mS.
2023-12-28 22:06:39,477 [INFO] ProjectBuilder:4485 - Project Generator version: 4.2.0-B44
2023-12-28 22:06:39,648 [INFO] ConfigFileManager:1495 - The Die is : DIE445
2023-12-28 22:06:41,012 [INFO] ProjectBuilder:4747 - Time for Generating toolchain IDE Files: 1535mS.
2023-12-28 22:06:41,013 [INFO] ProjectBuilder:2947 - Time for Copy CMSIS : 0mS.
2023-12-28 22:06:41,017 [INFO] ProjectBuilder:2947 - Time for Copy CMSIS : 0mS.
2023-12-28 22:40:56,461 [INFO] NvicIntPanel:101 - NVIC parent = com.st.microxplorer.plugins.ip.nvic.MultiNvicIntPanel[,0,0,0x0,invalid,layout=javax.swing.BoxLayout,alignmentX=0.0,alignmentY=0.0,border=,flags=9,maximumSize=,minimumSize=,preferredSize=]
2023-12-28 22:41:50,331 [INFO] MainUpdater:2873 - connection check result : 10
2023-12-28 22:41:50,331 [INFO] MainUpdater:2873 - connection check result : 10
2023-12-28 22:41:50,368 [INFO] MicroXplorer:468 - Change Database Path : 
2023-12-28 22:41:50,368 [INFO] MicroXplorer:498 - Change Database Version : DB.6.0.100
2023-12-28 22:41:50,380 [ERROR] ProjectManagerView:394 - 
java.lang.NullPointerException: Cannot invoke "javax.swing.JTextField.getText()" because the return value of "java.util.List.get(int)" is null
	at com.st.microxplorer.plugins.projectmanager.gui.ProjectChoiceTab$10.caretUpdate(ProjectChoiceTab.java:2493) ~[filemanager.jar:?]
	at javax.swing.text.JTextComponent.fireCaretUpdate(JTextComponent.java:412) ~[?:?]
	at javax.swing.text.JTextComponent$MutableCaretEvent.fire(JTextComponent.java:4491) ~[?:?]
	at javax.swing.text.JTextComponent$MutableCaretEvent.stateChanged(JTextComponent.java:4513) ~[?:?]
	at javax.swing.text.DefaultCaret.fireStateChanged(DefaultCaret.java:842) ~[?:?]
	at javax.swing.text.DefaultCaret.changeCaretPosition(DefaultCaret.java:1313) ~[?:?]
	at javax.swing.text.DefaultCaret.handleSetDot(DefaultCaret.java:1212) ~[?:?]
	at javax.swing.text.DefaultCaret.setDot(DefaultCaret.java:1193) ~[?:?]
	at javax.swing.text.DefaultCaret$Handler.insertUpdate(DefaultCaret.java:1789) ~[?:?]
	at javax.swing.text.AbstractDocument.fireInsertUpdate(AbstractDocument.java:226) ~[?:?]
	at javax.swing.text.AbstractDocument.handleInsertString(AbstractDocument.java:780) ~[?:?]
	at javax.swing.text.AbstractDocument.insertString(AbstractDocument.java:739) ~[?:?]
	at javax.swing.text.PlainDocument.insertString(PlainDocument.java:131) ~[?:?]
	at javax.swing.text.AbstractDocument.replace(AbstractDocument.java:698) ~[?:?]
	at javax.swing.text.JTextComponent.setText(JTextComponent.java:1729) ~[?:?]
	at com.st.microxplorer.plugins.projectmanager.gui.ProjectChoiceTab.createHeapStackFields(ProjectChoiceTab.java:933) ~[filemanager.jar:?]
	at com.st.microxplorer.plugins.projectmanager.gui.ProjectChoiceTab.buildLinkSettingsPanel(ProjectChoiceTab.java:3426) ~[filemanager.jar:?]
	at com.st.microxplorer.plugins.projectmanager.gui.ProjectChoiceTab.defineWindowsFields(ProjectChoiceTab.java:1813) ~[filemanager.jar:?]
	at com.st.microxplorer.plugins.projectmanager.gui.ProjectChoiceTab.updateSettings(ProjectChoiceTab.java:533) ~[filemanager.jar:?]
	at com.st.microxplorer.plugins.projectmanager.gui.ProjectSettingsPanel.UpdateDialog(ProjectSettingsPanel.java:244) ~[filemanager.jar:?]
	at com.st.microxplorer.plugins.projectmanager.ProjectManagerView.propertyChange(ProjectManagerView.java:391) ~[filemanager.jar:?]
	at java.beans.PropertyChangeSupport.fire(PropertyChangeSupport.java:343) ~[?:?]
	at java.beans.PropertyChangeSupport.firePropertyChange(PropertyChangeSupport.java:335) ~[?:?]
	at java.beans.PropertyChangeSupport.firePropertyChange(PropertyChangeSupport.java:268) ~[?:?]
	at com.st.microxplorer.util.MXPropertyChangeSupport.firePropertyChange(MXPropertyChangeSupport.java:54) ~[STM32CubeMX.jar:?]
	at com.st.microxplorer.mxsystem.MxSystem.closeConfig(MxSystem.java:900) ~[STM32CubeMX.jar:?]
	at com.st.microxplorer.maingui.MainPanel.closeConfig(MainPanel.java:776) ~[STM32CubeMX.jar:?]
	at com.st.microxplorer.plugins.filemanager.engine.OpenFileManager.loadConfigurationFile(OpenFileManager.java:245) ~[filemanager.jar:?]
	at com.st.microxplorer.plugins.filemanager.engine.MainFileManager.userLoadConfig(MainFileManager.java:290) ~[filemanager.jar:?]
	at com.st.microxplorer.plugins.filemanager.FileManagerView.getSpecificTask(FileManagerView.java:247) ~[filemanager.jar:?]
	at com.st.stm32cube.common.mx.editor.CubeMxEditor.getMxTabbedPaneInstance(CubeMxEditor.java:1184) ~[com.st.stm32cube.common.mx_6.10.0.202311202037/:?]
	at com.st.stm32cube.common.mx.editor.CubeMxEditor$12$1.createSwingComponent(CubeMxEditor.java:1065) ~[com.st.stm32cube.common.mx_6.10.0.202311202037/:?]
	at com.st.stm32cube.common.mx.oss.core.awtswtbridge.EmbeddedSwingComposite.doComponentCreation(EmbeddedSwingComposite.java:492) ~[com.st.stm32cube.common.mx.oss_6.10.0.202311202037/:?]
	at com.st.stm32cube.common.mx.oss.core.awtswtbridge.EmbeddedSwingComposite$4.run(EmbeddedSwingComposite.java:291) ~[com.st.stm32cube.common.mx.oss_6.10.0.202311202037/:?]
	at com.st.stm32cube.common.mx.oss.core.awtswtbridge.AwtEnvironment$2.run(AwtEnvironment.java:166) ~[com.st.stm32cube.common.mx.oss_6.10.0.202311202037/:?]
	at java.awt.event.InvocationEvent.dispatch(InvocationEvent.java:318) ~[?:?]
	at java.awt.EventQueue.dispatchEventImpl(EventQueue.java:773) ~[?:?]
	at java.awt.EventQueue$4.run(EventQueue.java:720) ~[?:?]
	at java.awt.EventQueue$4.run(EventQueue.java:714) ~[?:?]
	at java.security.AccessController.doPrivileged(AccessController.java:399) ~[?:?]
	at java.security.ProtectionDomain$JavaSecurityAccessImpl.doIntersectionPrivilege(ProtectionDomain.java:86) ~[?:?]
	at java.awt.EventQueue.dispatchEvent(EventQueue.java:742) ~[?:?]
	at java.awt.EventDispatchThread.pumpOneEventForFilters(EventDispatchThread.java:203) ~[?:?]
	at java.awt.EventDispatchThread.pumpEventsForFilter(EventDispatchThread.java:124) ~[?:?]
	at java.awt.EventDispatchThread.pumpEventsForHierarchy(EventDispatchThread.java:113) ~[?:?]
	at java.awt.EventDispatchThread.pumpEvents(EventDispatchThread.java:109) ~[?:?]
	at java.awt.EventDispatchThread.pumpEvents(EventDispatchThread.java:101) ~[?:?]
	at java.awt.EventDispatchThread.run(EventDispatchThread.java:90) ~[?:?]
2023-12-28 22:41:50,381 [WARN] ThirdParty:871 - waiting for thirdparty lock release [close project]
2023-12-28 22:41:50,381 [INFO] ThirdParty:873 - entering critical section [close project]
2023-12-28 22:41:50,381 [INFO] ThirdParty:883 - exiting critical section [close project]
2023-12-28 22:41:50,384 [INFO] PinOutPanel:1499 - setPackage(No Configuration,No Configuration)
2023-12-28 22:41:50,387 [INFO] UtilMem:75 - Begin LoadConfig() Used Memory: 329280496 Bytes (856686592)
2023-12-28 22:41:50,388 [INFO] MicroXplorer:468 - Change Database Path : 
2023-12-28 22:41:50,388 [INFO] MicroXplorer:498 - Change Database Version : DB.6.0.100
2023-12-28 22:41:50,388 [INFO] OpenFileManager:312 - Change cursor
2023-12-28 22:41:50,406 [INFO] RulesReader:64 - Compatibility file has been processed (297 Rules)
2023-12-28 22:41:50,409 [INFO] Mcu:2016 - Initializing MCU STM32F042F4Px STM32F042F4Px STM32F042F4P6
2023-12-28 22:41:51,033 [INFO] Context:659 - Trying to add GPIOservice into a context  which must be forbidden
2023-12-28 22:41:51,180 [INFO] RtosManager:555 - Registered RTOS mode: class=CMSIS, group=RTOS, mode=CMSIS_V1, owner=FREERTOS
2023-12-28 22:41:51,180 [INFO] RtosManager:555 - Registered RTOS mode: class=CMSIS, group=RTOS2, mode=CMSIS_V2, owner=FREERTOS
2023-12-28 22:41:51,180 [INFO] RtosManager:555 - Registered RTOS mode: class=RTOS, group=Core, mode=CMSIS_V1, owner=FREERTOS
2023-12-28 22:41:51,180 [INFO] RtosManager:555 - Registered RTOS mode: class=RTOS, group=Core, mode=CMSIS_V2, owner=FREERTOS
2023-12-28 22:41:51,180 [WARN] ModelIntegratedComponent:184 - Missing modes for component STMicroelectronics:FreeRTOS:0.0.1:STMicroelectronics:RTOS:FreeRTOS:Core:::10.2.0:
2023-12-28 22:41:51,185 [WARN] ModelIntegratedComponent:63 - No mode defined for component null
2023-12-28 22:41:51,186 [WARN] ModelIntegratedComponent:63 - No mode defined for component null
2023-12-28 22:41:51,186 [WARN] ModelIntegratedComponent:63 - No mode defined for component null
2023-12-28 22:41:51,186 [WARN] ModelIntegratedComponent:63 - No mode defined for component null
2023-12-28 22:41:51,186 [WARN] ModelIntegratedComponent:63 - No mode defined for component null
2023-12-28 22:41:51,186 [WARN] ModelIntegratedComponent:63 - No mode defined for component null
2023-12-28 22:41:51,186 [WARN] ModelIntegratedComponent:63 - No mode defined for component null
2023-12-28 22:41:51,186 [WARN] ModelIntegratedComponent:63 - No mode defined for component null
2023-12-28 22:41:51,186 [WARN] ModelIntegratedComponent:63 - No mode defined for component null
2023-12-28 22:41:51,186 [WARN] ModelIntegratedComponent:63 - No mode defined for component null
2023-12-28 22:41:51,186 [WARN] ModelIntegratedComponent:63 - No mode defined for component null
2023-12-28 22:41:51,186 [WARN] ModelIntegratedComponent:63 - No mode defined for component null
2023-12-28 22:41:51,186 [WARN] ModelIntegratedComponent:63 - No mode defined for component null
2023-12-28 22:41:51,186 [WARN] ModelIntegratedComponent:63 - No mode defined for component null
2023-12-28 22:41:51,186 [WARN] ModelIntegratedComponent:63 - No mode defined for component null
2023-12-28 22:41:51,186 [WARN] ModelIntegratedComponent:63 - No mode defined for component null
2023-12-28 22:41:51,186 [WARN] ModelIntegratedComponent:63 - No mode defined for component null
2023-12-28 22:41:51,186 [WARN] ModelIntegratedComponent:63 - No mode defined for component null
2023-12-28 22:41:51,186 [WARN] ModelIntegratedComponent:63 - No mode defined for component null
2023-12-28 22:41:51,186 [WARN] ModelIntegratedComponent:63 - No mode defined for component null
2023-12-28 22:41:51,186 [WARN] ModelIntegratedComponent:63 - No mode defined for component null
2023-12-28 22:41:51,186 [WARN] ModelIntegratedComponent:63 - No mode defined for component null
2023-12-28 22:41:51,186 [WARN] ModelIntegratedComponent:63 - No mode defined for component null
2023-12-28 22:41:51,186 [WARN] ModelIntegratedComponent:63 - No mode defined for component null
2023-12-28 22:41:51,186 [WARN] ModelIntegratedComponent:63 - No mode defined for component null
2023-12-28 22:41:51,186 [WARN] ModelIntegratedComponent:63 - No mode defined for component null
2023-12-28 22:41:51,186 [WARN] ModelIntegratedComponent:63 - No mode defined for component null
2023-12-28 22:41:51,186 [WARN] ModelIntegratedComponent:63 - No mode defined for component null
2023-12-28 22:41:51,186 [WARN] ModelIntegratedComponent:63 - No mode defined for component null
2023-12-28 22:41:51,187 [WARN] ModelIntegratedComponent:63 - No mode defined for component null
2023-12-28 22:41:51,187 [WARN] ModelIntegratedComponent:63 - No mode defined for component null
2023-12-28 22:41:51,187 [WARN] ModelIntegratedComponent:63 - No mode defined for component null
2023-12-28 22:41:51,187 [WARN] ModelIntegratedComponent:63 - No mode defined for component null
2023-12-28 22:41:51,250 [INFO] ThirdPartyModel:298 - Start build external matchings
2023-12-28 22:41:51,543 [INFO] ThirdPartyModel:316 - End build external matchings
2023-12-28 22:41:51,551 [INFO] ImportTextPane:194 - (OptionalMessage_ERROR) IP (DMA) : Parameter (Instance) has Id (ADC) currently not set
2023-12-28 22:41:51,552 [INFO] ImportTextPane:194 - (OptionalMessage_ERROR) IP (DMA) : Parameter (Direction) has Id (ADC) currently not set
2023-12-28 22:41:51,552 [INFO] ImportTextPane:194 - (OptionalMessage_ERROR) IP (DMA) : Parameter (PeriphInc) has Id (ADC) currently not set
2023-12-28 22:41:51,552 [INFO] ImportTextPane:194 - (OptionalMessage_ERROR) IP (DMA) : Parameter (MemInc) has Id (ADC) currently not set
2023-12-28 22:41:51,552 [INFO] ImportTextPane:194 - (OptionalMessage_ERROR) IP (DMA) : Parameter (PeriphDataAlignment) has Id (ADC) currently not set
2023-12-28 22:41:51,552 [INFO] ImportTextPane:194 - (OptionalMessage_ERROR) IP (DMA) : Parameter (MemDataAlignment) has Id (ADC) currently not set
2023-12-28 22:41:51,552 [INFO] ImportTextPane:194 - (OptionalMessage_ERROR) IP (DMA) : Parameter (Mode) has Id (ADC) currently not set
2023-12-28 22:41:51,552 [INFO] ImportTextPane:194 - (OptionalMessage_ERROR) IP (DMA) : Parameter (Priority) has Id (ADC) currently not set
2023-12-28 22:41:51,553 [INFO] ImportTextPane:194 - (OptionalMessage_ERROR) IP (RCC) : Invalid parameter (FamilyName)
2023-12-28 22:41:51,553 [INFO] ImportTextPane:194 - (OptionalMessage_ERROR) IP (RCC) : Invalid parameter (HSICECFreq_Value)
2023-12-28 22:41:51,744 [INFO] UtilMem:75 - End LoadConfig() Used Memory: 371196864 Bytes (856686592)
2023-12-28 22:41:51,800 [INFO] MicroXplorer:468 - Change Database Path : 
2023-12-28 22:41:51,800 [INFO] MicroXplorer:498 - Change Database Version : DB.6.0.100
2023-12-28 22:41:51,801 [WARN] ThirdParty:833 - waiting for thirdparty lock release [change project]
2023-12-28 22:41:51,801 [INFO] ThirdParty:835 - entering critical section [change project]
2023-12-28 22:41:51,802 [INFO] ThirdParty:1030 - CMSIS Pack Vendor :STMicroelectronics X-CUBE-ISPU 1.1.0
2023-12-28 22:41:51,802 [INFO] ThirdParty:1030 - CMSIS Pack Vendor :STMicroelectronics USBPD 4.1
2023-12-28 22:41:51,802 [INFO] ThirdParty:1030 - CMSIS Pack Vendor :STMicroelectronics X-CUBE-GNSS1 6.0.0
2023-12-28 22:41:51,802 [INFO] ThirdParty:1030 - CMSIS Pack Vendor :STMicroelectronics USB_HOST 2.0.0
2023-12-28 22:41:51,802 [INFO] ThirdParty:1030 - CMSIS Pack Vendor :STMicroelectronics X-CUBE-AZRTOS-F4 1.1.0
2023-12-28 22:41:51,802 [INFO] ThirdParty:1030 - CMSIS Pack Vendor :STMicroelectronics LIBJPEG 8.0.0
2023-12-28 22:41:51,802 [INFO] ThirdParty:1030 - CMSIS Pack Vendor :wolfSSL I-CUBE-wolfSSL 5.6.4
2023-12-28 22:41:51,802 [INFO] ThirdParty:1030 - CMSIS Pack Vendor :STMicroelectronics X-CUBE-SMBUS 2.1.0
2023-12-28 22:41:51,802 [INFO] ThirdParty:1030 - CMSIS Pack Vendor :STMicroelectronics USB_DEVICE 3.0.0
2023-12-28 22:41:51,802 [INFO] ThirdParty:1030 - CMSIS Pack Vendor :STMicroelectronics X-CUBE-AZRTOS-WB 2.0.0
2023-12-28 22:41:51,802 [INFO] ThirdParty:1030 - CMSIS Pack Vendor :STMicroelectronics X-CUBE-TOUCHGFX 4.23.0
2023-12-28 22:41:51,802 [INFO] ThirdParty:1030 - CMSIS Pack Vendor :STMicroelectronics X-CUBE-AZRTOS-F7 1.1.0
2023-12-28 22:41:51,802 [INFO] ThirdParty:1030 - CMSIS Pack Vendor :STMicroelectronics X-CUBE-AZRTOS-L5 2.0.0
2023-12-28 22:41:51,802 [INFO] ThirdParty:1030 - CMSIS Pack Vendor :STMicroelectronics USB_DEVICE 2.0.0
2023-12-28 22:41:51,802 [INFO] ThirdParty:1030 - CMSIS Pack Vendor :STMicroelectronics X-CUBE-EEPRMA1 4.2.0
2023-12-28 22:41:51,802 [INFO] ThirdParty:1030 - CMSIS Pack Vendor :ITTIA_DB I-CUBE-ITTIADB 8.8.0
2023-12-28 22:41:51,802 [INFO] ThirdParty:1030 - CMSIS Pack Vendor :STMicroelectronics FP-SNS-MOTENV1 4.3.2
2023-12-28 22:41:51,802 [INFO] ThirdParty:1030 - CMSIS Pack Vendor :STMicroelectronics X-CUBE-ALGOBUILD 1.3.0
2023-12-28 22:41:51,802 [INFO] ThirdParty:1030 - CMSIS Pack Vendor :STMicroelectronics FreeRTOS 0.0.1
2023-12-28 22:41:51,802 [INFO] ThirdParty:1030 - CMSIS Pack Vendor :STMicroelectronics X-CUBE-AZRTOS-G0 1.1.0
2023-12-28 22:41:51,802 [INFO] ThirdParty:1030 - CMSIS Pack Vendor :STMicroelectronics X-CUBE-NFC4 3.0.0
2023-12-28 22:41:51,802 [INFO] ThirdParty:1030 - CMSIS Pack Vendor :STMicroelectronics X-CUBE-SUBG2 5.0.0
2023-12-28 22:41:51,803 [INFO] ThirdParty:1030 - CMSIS Pack Vendor :STMicroelectronics STM32_WPAN 1.0.0
2023-12-28 22:41:51,803 [INFO] ThirdParty:1030 - CMSIS Pack Vendor :STMicroelectronics lwIP 2.0.3
2023-12-28 22:41:51,803 [INFO] ThirdParty:1030 - CMSIS Pack Vendor :STMicroelectronics FP-SNS-FLIGHT1 5.0.2
2023-12-28 22:41:51,803 [INFO] ThirdParty:1030 - CMSIS Pack Vendor :STMicroelectronics USB_HOST 1.0.0
2023-12-28 22:41:51,803 [INFO] ThirdParty:1030 - CMSIS Pack Vendor :STMicroelectronics X-CUBE-AZRTOS-G4 2.0.0
2023-12-28 22:41:51,803 [INFO] ThirdParty:1030 - CMSIS Pack Vendor :STMicroelectronics PDM2PCM 3.1.0
2023-12-28 22:41:51,803 [INFO] ThirdParty:1030 - CMSIS Pack Vendor :STMicroelectronics X-CUBE-AZRTOS-H7 3.1.0
2023-12-28 22:41:51,803 [INFO] ThirdParty:1030 - CMSIS Pack Vendor :Infineon AIROC-Wi-Fi-Bluetooth-STM32 1.5.1
2023-12-28 22:41:51,803 [INFO] ThirdParty:1030 - CMSIS Pack Vendor :STMicroelectronics X-CUBE-BLEMGR 3.0.0
2023-12-28 22:41:51,803 [INFO] ThirdParty:1030 - CMSIS Pack Vendor :STMicroelectronics PDM2PCM 3.3.0
2023-12-28 22:41:51,803 [INFO] ThirdParty:1030 - CMSIS Pack Vendor :STMicroelectronics X-CUBE-DISPLAY 3.0.0
2023-12-28 22:41:51,803 [INFO] ThirdParty:1030 - CMSIS Pack Vendor :STMicroelectronics FP-SNS-MOTENVWB1 1.3.1
2023-12-28 22:41:51,803 [INFO] ThirdParty:1030 - CMSIS Pack Vendor :STMicroelectronics X-CUBE-BLE1 7.0.0
2023-12-28 22:41:51,803 [INFO] ThirdParty:1030 - CMSIS Pack Vendor :STMicroelectronics FP-ATR-SIGFOX1 3.2.0
2023-12-28 22:41:51,803 [INFO] ThirdParty:1030 - CMSIS Pack Vendor :STMicroelectronics X-CUBE-ISPU 2.0.0
2023-12-28 22:41:51,803 [INFO] ThirdParty:1030 - CMSIS Pack Vendor :STMicroelectronics HAL Drivers 0.0.0
2023-12-28 22:41:51,803 [INFO] ThirdParty:1030 - CMSIS Pack Vendor :STMicroelectronics MBEDTLS 2.16.2
2023-12-28 22:41:51,803 [INFO] ThirdParty:1030 - CMSIS Pack Vendor :emotas I-CUBE-CANOPEN 1.3.0
2023-12-28 22:41:51,803 [INFO] ThirdParty:1030 - CMSIS Pack Vendor :STMicroelectronics X-CUBE-MEMS1 10.0.0
2023-12-28 22:41:51,803 [INFO] ThirdParty:1030 - CMSIS Pack Vendor :STMicroelectronics X-CUBE-FREERTOS 1.1.0
2023-12-28 22:41:51,803 [INFO] ThirdParty:1030 - CMSIS Pack Vendor :STMicroelectronics X-CUBE-NFC7 1.0.1
2023-12-28 22:41:51,803 [INFO] ThirdParty:1030 - CMSIS Pack Vendor :STMicroelectronics MBEDTLS 2.14.1
2023-12-28 22:41:51,803 [INFO] ThirdParty:1030 - CMSIS Pack Vendor :STMicroelectronics X-CUBE-TOUCHGFX 4.22.1
2023-12-28 22:41:51,803 [INFO] ThirdParty:1030 - CMSIS Pack Vendor :STMicroelectronics X-CUBE-NFC6 3.0.0
2023-12-28 22:41:51,803 [INFO] ThirdParty:1030 - CMSIS Pack Vendor :portGmbH I-Cube-SoM-uGOAL 1.1.0
2023-12-28 22:41:51,803 [INFO] ThirdParty:1030 - CMSIS Pack Vendor :STMicroelectronics X-CUBE-ALS 1.0.1
2023-12-28 22:41:51,803 [INFO] ThirdParty:1030 - CMSIS Pack Vendor :STMicroelectronics ThreadX 1.0.0
2023-12-28 22:41:51,803 [INFO] ThirdParty:1030 - CMSIS Pack Vendor :STMicroelectronics FP-SNS-SMARTAG2 1.2.0
2023-12-28 22:41:51,803 [INFO] ThirdParty:1030 - CMSIS Pack Vendor :STMicroelectronics X-CUBE-AZRTOS-WL 2.0.0
2023-12-28 22:41:51,803 [INFO] ThirdParty:1030 - CMSIS Pack Vendor :STMicroelectronics USB_DEVICE 1.0.0
2023-12-28 22:41:51,803 [INFO] ThirdParty:1030 - CMSIS Pack Vendor :STMicroelectronics X-CUBE-AI 8.1.0
2023-12-28 22:41:51,803 [INFO] ThirdParty:1030 - CMSIS Pack Vendor :STMicroelectronics X-CUBE-AZRTOS-L4 2.0.0
2023-12-28 22:41:51,803 [INFO] ThirdParty:1030 - CMSIS Pack Vendor :STMicroelectronics ThreadX 0.0.2
2023-12-28 22:41:51,804 [INFO] ThirdParty:1030 - CMSIS Pack Vendor :WES I-CUBE-Cesium 1.3.0
2023-12-28 22:41:51,804 [INFO] ThirdParty:1030 - CMSIS Pack Vendor :STMicroelectronics FP-ATR-ASTRA1 2.0.0
2023-12-28 22:41:51,804 [INFO] ThirdParty:1030 - CMSIS Pack Vendor :STMicroelectronics lwIP 2.1.2
2023-12-28 22:41:51,804 [INFO] ThirdParty:1030 - CMSIS Pack Vendor :STMicroelectronics X-CUBE-SFXS2LP1 4.0.0
2023-12-28 22:41:51,804 [INFO] ThirdParty:1030 - CMSIS Pack Vendor :STMicroelectronics X-CUBE-BLE2 3.3.0
2023-12-28 22:41:51,804 [INFO] ThirdParty:1030 - CMSIS Pack Vendor :STMicroelectronics X-CUBE-TOF1 3.4.0
2023-12-28 22:41:51,804 [INFO] ThirdParty:1030 - CMSIS Pack Vendor :STMicroelectronics X-CUBE-AZRTOS-H7 3.2.0
2023-12-28 22:41:51,804 [INFO] ThirdParty:1030 - CMSIS Pack Vendor :STMicroelectronics PDM2PCM 3.2.0
2023-12-28 22:41:51,804 [INFO] ThirdParty:841 - exiting critical section [change project]
2023-12-28 22:41:51,892 [INFO] PinOutPanel:1499 - setPackage(No Configuration,No Configuration)
2023-12-28 22:41:51,893 [INFO] PinOutPanel:1499 - setPackage(STM32F042F4Px,TSSOP20)
2023-12-28 22:41:52,596 [INFO] UtilMem:75 - Before build in PCC Used Memory: 502795200 Bytes (856686592)
2023-12-28 22:41:52,761 [INFO] UtilMem:75 - After build in PCC Used Memory: 546309056 Bytes (856686592)
2023-12-28 22:41:52,777 [INFO] IPUIPlugin:80 - create IPUIPlugin
2023-12-28 22:41:52,778 [INFO] IPUIPlugin:80 - create IPUIPlugin
2023-12-28 22:41:52,778 [INFO] IPUIPlugin:80 - create IPUIPlugin
2023-12-28 22:41:52,778 [INFO] IPUIPlugin:80 - create IPUIPlugin
2023-12-28 22:41:52,778 [INFO] IPUIPlugin:80 - create IPUIPlugin
2023-12-28 22:41:52,778 [INFO] IPUIPlugin:80 - create IPUIPlugin
2023-12-28 22:41:52,778 [INFO] IPUIPlugin:80 - create IPUIPlugin
2023-12-28 22:41:52,778 [INFO] IPUIPlugin:80 - create IPUIPlugin
2023-12-28 22:41:52,778 [INFO] IPUIPlugin:80 - create IPUIPlugin
2023-12-28 22:41:52,779 [INFO] IPUIPlugin:80 - create IPUIPlugin
2023-12-28 22:41:52,779 [INFO] IPUIPlugin:80 - create IPUIPlugin
2023-12-28 22:41:52,779 [INFO] IPUIPlugin:80 - create IPUIPlugin
2023-12-28 22:41:52,779 [INFO] IPUIPlugin:80 - create IPUIPlugin
2023-12-28 22:41:52,779 [INFO] IPUIPlugin:80 - create IPUIPlugin
2023-12-28 22:41:52,779 [INFO] IPUIPlugin:80 - create IPUIPlugin
2023-12-28 22:41:52,779 [INFO] IPUIPlugin:80 - create IPUIPlugin
2023-12-28 22:41:52,780 [INFO] IPUIPlugin:80 - create IPUIPlugin
2023-12-28 22:41:52,780 [INFO] IPUIPlugin:80 - create IPUIPlugin
2023-12-28 22:41:52,780 [INFO] IPUIPlugin:80 - create IPUIPlugin
2023-12-28 22:41:52,780 [INFO] IPUIPlugin:80 - create IPUIPlugin
2023-12-28 22:41:52,780 [INFO] IPUIPlugin:80 - create IPUIPlugin
2023-12-28 22:41:52,780 [INFO] IPUIPlugin:80 - create IPUIPlugin
2023-12-28 22:41:52,781 [INFO] IPUIPlugin:80 - create IPUIPlugin
2023-12-28 22:41:52,781 [INFO] IPUIPlugin:80 - create IPUIPlugin
2023-12-28 22:41:52,781 [INFO] IPUIPlugin:80 - create IPUIPlugin
2023-12-28 22:41:52,781 [INFO] IPUIPlugin:80 - create IPUIPlugin
2023-12-28 22:41:52,781 [INFO] IPUIPlugin:80 - create IPUIPlugin
2023-12-28 22:41:52,781 [INFO] IPUIPlugin:80 - create IPUIPlugin
2023-12-28 22:41:52,781 [INFO] IPUIPlugin:80 - create IPUIPlugin
2023-12-28 22:41:52,781 [INFO] IPUIPlugin:80 - create IPUIPlugin
2023-12-28 22:41:52,783 [INFO] Can:71 - Can Add PropertyChangeListener com.st.microxplorer.plugins.ip.can.Can@78c6b9fa
2023-12-28 22:41:52,820 [INFO] CADModel:165 - CPN selected for project levelSTM32F042F4P6
2023-12-28 22:41:52,821 [INFO] CADModel:114 - Register for checkConnection events
2023-12-28 22:41:52,883 [INFO] OpenFileManager:343 - Restore cursor
2023-12-28 22:42:03,796 [INFO] DmaTabbedPanel:205 - Cannot restore the selected Tab for DMA
2023-12-28 22:42:24,055 [INFO] NvicIntPanel:101 - NVIC parent = com.st.microxplorer.plugins.ip.nvic.MultiNvicIntPanel[,0,0,510x79,layout=javax.swing.BoxLayout,alignmentX=0.0,alignmentY=0.0,border=,flags=9,maximumSize=,minimumSize=,preferredSize=]
2023-12-28 22:42:35,932 [INFO] MainUpdater:2873 - connection check result : 10
2023-12-28 22:42:35,932 [INFO] MainUpdater:2873 - connection check result : 10
2023-12-28 22:42:35,949 [INFO] MicroXplorer:468 - Change Database Path : 
2023-12-28 22:42:35,949 [INFO] MicroXplorer:498 - Change Database Version : DB.6.0.100
2023-12-28 22:42:35,955 [ERROR] ProjectManagerView:394 - 
java.lang.NullPointerException: Cannot invoke "javax.swing.JTextField.getText()" because the return value of "java.util.List.get(int)" is null
	at com.st.microxplorer.plugins.projectmanager.gui.ProjectChoiceTab$10.caretUpdate(ProjectChoiceTab.java:2493) ~[filemanager.jar:?]
	at javax.swing.text.JTextComponent.fireCaretUpdate(JTextComponent.java:412) ~[?:?]
	at javax.swing.text.JTextComponent$MutableCaretEvent.fire(JTextComponent.java:4491) ~[?:?]
	at javax.swing.text.JTextComponent$MutableCaretEvent.stateChanged(JTextComponent.java:4513) ~[?:?]
	at javax.swing.text.DefaultCaret.fireStateChanged(DefaultCaret.java:842) ~[?:?]
	at javax.swing.text.DefaultCaret.changeCaretPosition(DefaultCaret.java:1313) ~[?:?]
	at javax.swing.text.DefaultCaret.handleSetDot(DefaultCaret.java:1212) ~[?:?]
	at javax.swing.text.DefaultCaret.setDot(DefaultCaret.java:1193) ~[?:?]
	at javax.swing.text.DefaultCaret$Handler.insertUpdate(DefaultCaret.java:1789) ~[?:?]
	at javax.swing.text.AbstractDocument.fireInsertUpdate(AbstractDocument.java:226) ~[?:?]
	at javax.swing.text.AbstractDocument.handleInsertString(AbstractDocument.java:780) ~[?:?]
	at javax.swing.text.AbstractDocument.insertString(AbstractDocument.java:739) ~[?:?]
	at javax.swing.text.PlainDocument.insertString(PlainDocument.java:131) ~[?:?]
	at javax.swing.text.AbstractDocument.replace(AbstractDocument.java:698) ~[?:?]
	at javax.swing.text.JTextComponent.setText(JTextComponent.java:1729) ~[?:?]
	at com.st.microxplorer.plugins.projectmanager.gui.ProjectChoiceTab.createHeapStackFields(ProjectChoiceTab.java:933) ~[filemanager.jar:?]
	at com.st.microxplorer.plugins.projectmanager.gui.ProjectChoiceTab.buildLinkSettingsPanel(ProjectChoiceTab.java:3426) ~[filemanager.jar:?]
	at com.st.microxplorer.plugins.projectmanager.gui.ProjectChoiceTab.defineWindowsFields(ProjectChoiceTab.java:1813) ~[filemanager.jar:?]
	at com.st.microxplorer.plugins.projectmanager.gui.ProjectChoiceTab.updateSettings(ProjectChoiceTab.java:533) ~[filemanager.jar:?]
	at com.st.microxplorer.plugins.projectmanager.gui.ProjectSettingsPanel.UpdateDialog(ProjectSettingsPanel.java:244) ~[filemanager.jar:?]
	at com.st.microxplorer.plugins.projectmanager.ProjectManagerView.propertyChange(ProjectManagerView.java:391) ~[filemanager.jar:?]
	at java.beans.PropertyChangeSupport.fire(PropertyChangeSupport.java:343) ~[?:?]
	at java.beans.PropertyChangeSupport.firePropertyChange(PropertyChangeSupport.java:335) ~[?:?]
	at java.beans.PropertyChangeSupport.firePropertyChange(PropertyChangeSupport.java:268) ~[?:?]
	at com.st.microxplorer.util.MXPropertyChangeSupport.firePropertyChange(MXPropertyChangeSupport.java:54) ~[STM32CubeMX.jar:?]
	at com.st.microxplorer.mxsystem.MxSystem.closeConfig(MxSystem.java:900) ~[STM32CubeMX.jar:?]
	at com.st.microxplorer.maingui.MainPanel.closeConfig(MainPanel.java:776) ~[STM32CubeMX.jar:?]
	at com.st.microxplorer.plugins.filemanager.engine.OpenFileManager.loadConfigurationFile(OpenFileManager.java:245) ~[filemanager.jar:?]
	at com.st.microxplorer.plugins.filemanager.engine.MainFileManager.userLoadConfig(MainFileManager.java:290) ~[filemanager.jar:?]
	at com.st.microxplorer.plugins.filemanager.FileManagerView.getSpecificTask(FileManagerView.java:247) ~[filemanager.jar:?]
	at com.st.stm32cube.common.mx.editor.CubeMxEditor.getMxTabbedPaneInstance(CubeMxEditor.java:1184) ~[com.st.stm32cube.common.mx_6.10.0.202311202037/:?]
	at com.st.stm32cube.common.mx.editor.CubeMxEditor$12$1.createSwingComponent(CubeMxEditor.java:1065) ~[com.st.stm32cube.common.mx_6.10.0.202311202037/:?]
	at com.st.stm32cube.common.mx.oss.core.awtswtbridge.EmbeddedSwingComposite.doComponentCreation(EmbeddedSwingComposite.java:492) ~[com.st.stm32cube.common.mx.oss_6.10.0.202311202037/:?]
	at com.st.stm32cube.common.mx.oss.core.awtswtbridge.EmbeddedSwingComposite$4.run(EmbeddedSwingComposite.java:291) ~[com.st.stm32cube.common.mx.oss_6.10.0.202311202037/:?]
	at com.st.stm32cube.common.mx.oss.core.awtswtbridge.AwtEnvironment$2.run(AwtEnvironment.java:166) ~[com.st.stm32cube.common.mx.oss_6.10.0.202311202037/:?]
	at java.awt.event.InvocationEvent.dispatch(InvocationEvent.java:318) ~[?:?]
	at java.awt.EventQueue.dispatchEventImpl(EventQueue.java:773) ~[?:?]
	at java.awt.EventQueue$4.run(EventQueue.java:720) ~[?:?]
	at java.awt.EventQueue$4.run(EventQueue.java:714) ~[?:?]
	at java.security.AccessController.doPrivileged(AccessController.java:399) ~[?:?]
	at java.security.ProtectionDomain$JavaSecurityAccessImpl.doIntersectionPrivilege(ProtectionDomain.java:86) ~[?:?]
	at java.awt.EventQueue.dispatchEvent(EventQueue.java:742) ~[?:?]
	at java.awt.EventDispatchThread.pumpOneEventForFilters(EventDispatchThread.java:203) ~[?:?]
	at java.awt.EventDispatchThread.pumpEventsForFilter(EventDispatchThread.java:124) ~[?:?]
	at java.awt.EventDispatchThread.pumpEventsForHierarchy(EventDispatchThread.java:113) ~[?:?]
	at java.awt.EventDispatchThread.pumpEvents(EventDispatchThread.java:109) ~[?:?]
	at java.awt.EventDispatchThread.pumpEvents(EventDispatchThread.java:101) ~[?:?]
	at java.awt.EventDispatchThread.run(EventDispatchThread.java:90) ~[?:?]
2023-12-28 22:42:35,956 [WARN] ThirdParty:871 - waiting for thirdparty lock release [close project]
2023-12-28 22:42:35,957 [INFO] ThirdParty:873 - entering critical section [close project]
2023-12-28 22:42:35,957 [INFO] ThirdParty:883 - exiting critical section [close project]
2023-12-28 22:42:35,958 [INFO] PinOutPanel:1499 - setPackage(No Configuration,No Configuration)
2023-12-28 22:42:35,960 [INFO] UtilMem:75 - Begin LoadConfig() Used Memory: 295870032 Bytes (856686592)
2023-12-28 22:42:35,961 [INFO] MicroXplorer:468 - Change Database Path : 
2023-12-28 22:42:35,961 [INFO] MicroXplorer:498 - Change Database Version : DB.6.0.100
2023-12-28 22:42:35,961 [INFO] OpenFileManager:312 - Change cursor
2023-12-28 22:42:35,967 [INFO] Mcu:2016 - Initializing MCU STM32F042F4Px STM32F042F4Px STM32F042F4P6
2023-12-28 22:42:36,681 [INFO] Context:659 - Trying to add GPIOservice into a context  which must be forbidden
2023-12-28 22:42:36,916 [INFO] RtosManager:555 - Registered RTOS mode: class=CMSIS, group=RTOS, mode=CMSIS_V1, owner=FREERTOS
2023-12-28 22:42:36,917 [INFO] RtosManager:555 - Registered RTOS mode: class=CMSIS, group=RTOS2, mode=CMSIS_V2, owner=FREERTOS
2023-12-28 22:42:36,917 [INFO] RtosManager:555 - Registered RTOS mode: class=RTOS, group=Core, mode=CMSIS_V1, owner=FREERTOS
2023-12-28 22:42:36,917 [INFO] RtosManager:555 - Registered RTOS mode: class=RTOS, group=Core, mode=CMSIS_V2, owner=FREERTOS
2023-12-28 22:42:36,917 [WARN] ModelIntegratedComponent:184 - Missing modes for component STMicroelectronics:FreeRTOS:0.0.1:STMicroelectronics:RTOS:FreeRTOS:Core:::10.2.0:
2023-12-28 22:42:36,923 [WARN] ModelIntegratedComponent:63 - No mode defined for component null
2023-12-28 22:42:36,923 [WARN] ModelIntegratedComponent:63 - No mode defined for component null
2023-12-28 22:42:36,923 [WARN] ModelIntegratedComponent:63 - No mode defined for component null
2023-12-28 22:42:36,923 [WARN] ModelIntegratedComponent:63 - No mode defined for component null
2023-12-28 22:42:36,923 [WARN] ModelIntegratedComponent:63 - No mode defined for component null
2023-12-28 22:42:36,923 [WARN] ModelIntegratedComponent:63 - No mode defined for component null
2023-12-28 22:42:36,923 [WARN] ModelIntegratedComponent:63 - No mode defined for component null
2023-12-28 22:42:36,923 [WARN] ModelIntegratedComponent:63 - No mode defined for component null
2023-12-28 22:42:36,924 [WARN] ModelIntegratedComponent:63 - No mode defined for component null
2023-12-28 22:42:36,924 [WARN] ModelIntegratedComponent:63 - No mode defined for component null
2023-12-28 22:42:36,924 [WARN] ModelIntegratedComponent:63 - No mode defined for component null
2023-12-28 22:42:36,924 [WARN] ModelIntegratedComponent:63 - No mode defined for component null
2023-12-28 22:42:36,924 [WARN] ModelIntegratedComponent:63 - No mode defined for component null
2023-12-28 22:42:36,924 [WARN] ModelIntegratedComponent:63 - No mode defined for component null
2023-12-28 22:42:36,924 [WARN] ModelIntegratedComponent:63 - No mode defined for component null
2023-12-28 22:42:36,924 [WARN] ModelIntegratedComponent:63 - No mode defined for component null
2023-12-28 22:42:36,924 [WARN] ModelIntegratedComponent:63 - No mode defined for component null
2023-12-28 22:42:36,924 [WARN] ModelIntegratedComponent:63 - No mode defined for component null
2023-12-28 22:42:36,924 [WARN] ModelIntegratedComponent:63 - No mode defined for component null
2023-12-28 22:42:36,924 [WARN] ModelIntegratedComponent:63 - No mode defined for component null
2023-12-28 22:42:36,924 [WARN] ModelIntegratedComponent:63 - No mode defined for component null
2023-12-28 22:42:36,924 [WARN] ModelIntegratedComponent:63 - No mode defined for component null
2023-12-28 22:42:36,924 [WARN] ModelIntegratedComponent:63 - No mode defined for component null
2023-12-28 22:42:36,924 [WARN] ModelIntegratedComponent:63 - No mode defined for component null
2023-12-28 22:42:36,924 [WARN] ModelIntegratedComponent:63 - No mode defined for component null
2023-12-28 22:42:36,924 [WARN] ModelIntegratedComponent:63 - No mode defined for component null
2023-12-28 22:42:36,924 [WARN] ModelIntegratedComponent:63 - No mode defined for component null
2023-12-28 22:42:36,924 [WARN] ModelIntegratedComponent:63 - No mode defined for component null
2023-12-28 22:42:36,924 [WARN] ModelIntegratedComponent:63 - No mode defined for component null
2023-12-28 22:42:36,924 [WARN] ModelIntegratedComponent:63 - No mode defined for component null
2023-12-28 22:42:36,924 [WARN] ModelIntegratedComponent:63 - No mode defined for component null
2023-12-28 22:42:36,924 [WARN] ModelIntegratedComponent:63 - No mode defined for component null
2023-12-28 22:42:36,924 [WARN] ModelIntegratedComponent:63 - No mode defined for component null
2023-12-28 22:42:36,985 [INFO] ThirdPartyModel:298 - Start build external matchings
2023-12-28 22:42:37,301 [INFO] ThirdPartyModel:316 - End build external matchings
2023-12-28 22:42:37,498 [INFO] UtilMem:75 - End LoadConfig() Used Memory: 392245824 Bytes (856686592)
2023-12-28 22:42:37,575 [INFO] MicroXplorer:468 - Change Database Path : 
2023-12-28 22:42:37,575 [INFO] MicroXplorer:498 - Change Database Version : DB.6.0.100
2023-12-28 22:42:37,575 [WARN] ThirdParty:833 - waiting for thirdparty lock release [change project]
2023-12-28 22:42:37,576 [INFO] ThirdParty:835 - entering critical section [change project]
2023-12-28 22:42:37,576 [INFO] ThirdParty:1030 - CMSIS Pack Vendor :STMicroelectronics X-CUBE-ISPU 1.1.0
2023-12-28 22:42:37,576 [INFO] ThirdParty:1030 - CMSIS Pack Vendor :STMicroelectronics USBPD 4.1
2023-12-28 22:42:37,576 [INFO] ThirdParty:1030 - CMSIS Pack Vendor :STMicroelectronics X-CUBE-GNSS1 6.0.0
2023-12-28 22:42:37,576 [INFO] ThirdParty:1030 - CMSIS Pack Vendor :STMicroelectronics USB_HOST 2.0.0
2023-12-28 22:42:37,576 [INFO] ThirdParty:1030 - CMSIS Pack Vendor :STMicroelectronics X-CUBE-AZRTOS-F4 1.1.0
2023-12-28 22:42:37,576 [INFO] ThirdParty:1030 - CMSIS Pack Vendor :STMicroelectronics LIBJPEG 8.0.0
2023-12-28 22:42:37,576 [INFO] ThirdParty:1030 - CMSIS Pack Vendor :wolfSSL I-CUBE-wolfSSL 5.6.4
2023-12-28 22:42:37,576 [INFO] ThirdParty:1030 - CMSIS Pack Vendor :STMicroelectronics X-CUBE-SMBUS 2.1.0
2023-12-28 22:42:37,576 [INFO] ThirdParty:1030 - CMSIS Pack Vendor :STMicroelectronics USB_DEVICE 3.0.0
2023-12-28 22:42:37,576 [INFO] ThirdParty:1030 - CMSIS Pack Vendor :STMicroelectronics X-CUBE-AZRTOS-WB 2.0.0
2023-12-28 22:42:37,576 [INFO] ThirdParty:1030 - CMSIS Pack Vendor :STMicroelectronics X-CUBE-TOUCHGFX 4.23.0
2023-12-28 22:42:37,576 [INFO] ThirdParty:1030 - CMSIS Pack Vendor :STMicroelectronics X-CUBE-AZRTOS-F7 1.1.0
2023-12-28 22:42:37,576 [INFO] ThirdParty:1030 - CMSIS Pack Vendor :STMicroelectronics X-CUBE-AZRTOS-L5 2.0.0
2023-12-28 22:42:37,576 [INFO] ThirdParty:1030 - CMSIS Pack Vendor :STMicroelectronics USB_DEVICE 2.0.0
2023-12-28 22:42:37,576 [INFO] ThirdParty:1030 - CMSIS Pack Vendor :STMicroelectronics X-CUBE-EEPRMA1 4.2.0
2023-12-28 22:42:37,576 [INFO] ThirdParty:1030 - CMSIS Pack Vendor :ITTIA_DB I-CUBE-ITTIADB 8.8.0
2023-12-28 22:42:37,576 [INFO] ThirdParty:1030 - CMSIS Pack Vendor :STMicroelectronics FP-SNS-MOTENV1 4.3.2
2023-12-28 22:42:37,576 [INFO] ThirdParty:1030 - CMSIS Pack Vendor :STMicroelectronics X-CUBE-ALGOBUILD 1.3.0
2023-12-28 22:42:37,576 [INFO] ThirdParty:1030 - CMSIS Pack Vendor :STMicroelectronics FreeRTOS 0.0.1
2023-12-28 22:42:37,576 [INFO] ThirdParty:1030 - CMSIS Pack Vendor :STMicroelectronics X-CUBE-AZRTOS-G0 1.1.0
2023-12-28 22:42:37,576 [INFO] ThirdParty:1030 - CMSIS Pack Vendor :STMicroelectronics X-CUBE-NFC4 3.0.0
2023-12-28 22:42:37,576 [INFO] ThirdParty:1030 - CMSIS Pack Vendor :STMicroelectronics X-CUBE-SUBG2 5.0.0
2023-12-28 22:42:37,576 [INFO] ThirdParty:1030 - CMSIS Pack Vendor :STMicroelectronics STM32_WPAN 1.0.0
2023-12-28 22:42:37,576 [INFO] ThirdParty:1030 - CMSIS Pack Vendor :STMicroelectronics lwIP 2.0.3
2023-12-28 22:42:37,576 [INFO] ThirdParty:1030 - CMSIS Pack Vendor :STMicroelectronics FP-SNS-FLIGHT1 5.0.2
2023-12-28 22:42:37,576 [INFO] ThirdParty:1030 - CMSIS Pack Vendor :STMicroelectronics USB_HOST 1.0.0
2023-12-28 22:42:37,576 [INFO] ThirdParty:1030 - CMSIS Pack Vendor :STMicroelectronics X-CUBE-AZRTOS-G4 2.0.0
2023-12-28 22:42:37,576 [INFO] ThirdParty:1030 - CMSIS Pack Vendor :STMicroelectronics PDM2PCM 3.1.0
2023-12-28 22:42:37,576 [INFO] ThirdParty:1030 - CMSIS Pack Vendor :STMicroelectronics X-CUBE-AZRTOS-H7 3.1.0
2023-12-28 22:42:37,576 [INFO] ThirdParty:1030 - CMSIS Pack Vendor :Infineon AIROC-Wi-Fi-Bluetooth-STM32 1.5.1
2023-12-28 22:42:37,576 [INFO] ThirdParty:1030 - CMSIS Pack Vendor :STMicroelectronics X-CUBE-BLEMGR 3.0.0
2023-12-28 22:42:37,576 [INFO] ThirdParty:1030 - CMSIS Pack Vendor :STMicroelectronics PDM2PCM 3.3.0
2023-12-28 22:42:37,576 [INFO] ThirdParty:1030 - CMSIS Pack Vendor :STMicroelectronics X-CUBE-DISPLAY 3.0.0
2023-12-28 22:42:37,576 [INFO] ThirdParty:1030 - CMSIS Pack Vendor :STMicroelectronics FP-SNS-MOTENVWB1 1.3.1
2023-12-28 22:42:37,576 [INFO] ThirdParty:1030 - CMSIS Pack Vendor :STMicroelectronics X-CUBE-BLE1 7.0.0
2023-12-28 22:42:37,577 [INFO] ThirdParty:1030 - CMSIS Pack Vendor :STMicroelectronics FP-ATR-SIGFOX1 3.2.0
2023-12-28 22:42:37,577 [INFO] ThirdParty:1030 - CMSIS Pack Vendor :STMicroelectronics X-CUBE-ISPU 2.0.0
2023-12-28 22:42:37,577 [INFO] ThirdParty:1030 - CMSIS Pack Vendor :STMicroelectronics HAL Drivers 0.0.0
2023-12-28 22:42:37,577 [INFO] ThirdParty:1030 - CMSIS Pack Vendor :STMicroelectronics MBEDTLS 2.16.2
2023-12-28 22:42:37,577 [INFO] ThirdParty:1030 - CMSIS Pack Vendor :emotas I-CUBE-CANOPEN 1.3.0
2023-12-28 22:42:37,577 [INFO] ThirdParty:1030 - CMSIS Pack Vendor :STMicroelectronics X-CUBE-MEMS1 10.0.0
2023-12-28 22:42:37,577 [INFO] ThirdParty:1030 - CMSIS Pack Vendor :STMicroelectronics X-CUBE-FREERTOS 1.1.0
2023-12-28 22:42:37,577 [INFO] ThirdParty:1030 - CMSIS Pack Vendor :STMicroelectronics X-CUBE-NFC7 1.0.1
2023-12-28 22:42:37,577 [INFO] ThirdParty:1030 - CMSIS Pack Vendor :STMicroelectronics MBEDTLS 2.14.1
2023-12-28 22:42:37,577 [INFO] ThirdParty:1030 - CMSIS Pack Vendor :STMicroelectronics X-CUBE-TOUCHGFX 4.22.1
2023-12-28 22:42:37,577 [INFO] ThirdParty:1030 - CMSIS Pack Vendor :STMicroelectronics X-CUBE-NFC6 3.0.0
2023-12-28 22:42:37,577 [INFO] ThirdParty:1030 - CMSIS Pack Vendor :portGmbH I-Cube-SoM-uGOAL 1.1.0
2023-12-28 22:42:37,577 [INFO] ThirdParty:1030 - CMSIS Pack Vendor :STMicroelectronics X-CUBE-ALS 1.0.1
2023-12-28 22:42:37,577 [INFO] ThirdParty:1030 - CMSIS Pack Vendor :STMicroelectronics ThreadX 1.0.0
2023-12-28 22:42:37,577 [INFO] ThirdParty:1030 - CMSIS Pack Vendor :STMicroelectronics FP-SNS-SMARTAG2 1.2.0
2023-12-28 22:42:37,577 [INFO] ThirdParty:1030 - CMSIS Pack Vendor :STMicroelectronics X-CUBE-AZRTOS-WL 2.0.0
2023-12-28 22:42:37,577 [INFO] ThirdParty:1030 - CMSIS Pack Vendor :STMicroelectronics USB_DEVICE 1.0.0
2023-12-28 22:42:37,577 [INFO] ThirdParty:1030 - CMSIS Pack Vendor :STMicroelectronics X-CUBE-AI 8.1.0
2023-12-28 22:42:37,577 [INFO] ThirdParty:1030 - CMSIS Pack Vendor :STMicroelectronics X-CUBE-AZRTOS-L4 2.0.0
2023-12-28 22:42:37,577 [INFO] ThirdParty:1030 - CMSIS Pack Vendor :STMicroelectronics ThreadX 0.0.2
2023-12-28 22:42:37,577 [INFO] ThirdParty:1030 - CMSIS Pack Vendor :WES I-CUBE-Cesium 1.3.0
2023-12-28 22:42:37,577 [INFO] ThirdParty:1030 - CMSIS Pack Vendor :STMicroelectronics FP-ATR-ASTRA1 2.0.0
2023-12-28 22:42:37,577 [INFO] ThirdParty:1030 - CMSIS Pack Vendor :STMicroelectronics lwIP 2.1.2
2023-12-28 22:42:37,577 [INFO] ThirdParty:1030 - CMSIS Pack Vendor :STMicroelectronics X-CUBE-SFXS2LP1 4.0.0
2023-12-28 22:42:37,577 [INFO] ThirdParty:1030 - CMSIS Pack Vendor :STMicroelectronics X-CUBE-BLE2 3.3.0
2023-12-28 22:42:37,577 [INFO] ThirdParty:1030 - CMSIS Pack Vendor :STMicroelectronics X-CUBE-TOF1 3.4.0
2023-12-28 22:42:37,577 [INFO] ThirdParty:1030 - CMSIS Pack Vendor :STMicroelectronics X-CUBE-AZRTOS-H7 3.2.0
2023-12-28 22:42:37,577 [INFO] ThirdParty:1030 - CMSIS Pack Vendor :STMicroelectronics PDM2PCM 3.2.0
2023-12-28 22:42:37,577 [INFO] ThirdParty:841 - exiting critical section [change project]
2023-12-28 22:42:37,643 [INFO] PinOutPanel:1499 - setPackage(No Configuration,No Configuration)
2023-12-28 22:42:37,643 [INFO] PinOutPanel:1499 - setPackage(STM32F042F4Px,TSSOP20)
2023-12-28 22:42:38,397 [INFO] UtilMem:75 - Before build in PCC Used Memory: 314798656 Bytes (856686592)
2023-12-28 22:42:38,531 [INFO] UtilMem:75 - After build in PCC Used Memory: 357790272 Bytes (856686592)
2023-12-28 22:42:38,553 [INFO] IPUIPlugin:80 - create IPUIPlugin
2023-12-28 22:42:38,553 [INFO] IPUIPlugin:80 - create IPUIPlugin
2023-12-28 22:42:38,553 [INFO] IPUIPlugin:80 - create IPUIPlugin
2023-12-28 22:42:38,553 [INFO] IPUIPlugin:80 - create IPUIPlugin
2023-12-28 22:42:38,553 [INFO] IPUIPlugin:80 - create IPUIPlugin
2023-12-28 22:42:38,553 [INFO] IPUIPlugin:80 - create IPUIPlugin
2023-12-28 22:42:38,553 [INFO] IPUIPlugin:80 - create IPUIPlugin
2023-12-28 22:42:38,553 [INFO] IPUIPlugin:80 - create IPUIPlugin
2023-12-28 22:42:38,553 [INFO] IPUIPlugin:80 - create IPUIPlugin
2023-12-28 22:42:38,553 [INFO] IPUIPlugin:80 - create IPUIPlugin
2023-12-28 22:42:38,553 [INFO] IPUIPlugin:80 - create IPUIPlugin
2023-12-28 22:42:38,553 [INFO] IPUIPlugin:80 - create IPUIPlugin
2023-12-28 22:42:38,553 [INFO] IPUIPlugin:80 - create IPUIPlugin
2023-12-28 22:42:38,553 [INFO] IPUIPlugin:80 - create IPUIPlugin
2023-12-28 22:42:38,553 [INFO] IPUIPlugin:80 - create IPUIPlugin
2023-12-28 22:42:38,553 [INFO] IPUIPlugin:80 - create IPUIPlugin
2023-12-28 22:42:38,553 [INFO] IPUIPlugin:80 - create IPUIPlugin
2023-12-28 22:42:38,553 [INFO] IPUIPlugin:80 - create IPUIPlugin
2023-12-28 22:42:38,553 [INFO] IPUIPlugin:80 - create IPUIPlugin
2023-12-28 22:42:38,553 [INFO] IPUIPlugin:80 - create IPUIPlugin
2023-12-28 22:42:38,553 [INFO] IPUIPlugin:80 - create IPUIPlugin
2023-12-28 22:42:38,553 [INFO] IPUIPlugin:80 - create IPUIPlugin
2023-12-28 22:42:38,553 [INFO] IPUIPlugin:80 - create IPUIPlugin
2023-12-28 22:42:38,553 [INFO] IPUIPlugin:80 - create IPUIPlugin
2023-12-28 22:42:38,553 [INFO] IPUIPlugin:80 - create IPUIPlugin
2023-12-28 22:42:38,553 [INFO] IPUIPlugin:80 - create IPUIPlugin
2023-12-28 22:42:38,553 [INFO] IPUIPlugin:80 - create IPUIPlugin
2023-12-28 22:42:38,553 [INFO] IPUIPlugin:80 - create IPUIPlugin
2023-12-28 22:42:38,553 [INFO] IPUIPlugin:80 - create IPUIPlugin
2023-12-28 22:42:38,553 [INFO] IPUIPlugin:80 - create IPUIPlugin
2023-12-28 22:42:38,553 [INFO] Can:71 - Can Add PropertyChangeListener com.st.microxplorer.plugins.ip.can.Can@cd838d
2023-12-28 22:42:38,588 [INFO] CADModel:165 - CPN selected for project levelSTM32F042F4P6
2023-12-28 22:42:38,588 [INFO] CADModel:114 - Register for checkConnection events
2023-12-28 22:42:38,668 [INFO] OpenFileManager:343 - Restore cursor
2023-12-28 22:50:39,245 [INFO] UtilMem:75 - End SaveConfig() Used Memory: 487260552 Bytes (856686592)
2023-12-28 22:50:40,031 [INFO] UtilMem:75 - End SaveConfig() Used Memory: 547742432 Bytes (856686592)
2023-12-28 22:50:40,277 [INFO] BlockDiagram:2759 - set Specific Code input for plugin: ADC
2023-12-28 22:50:40,277 [INFO] BlockDiagram:2759 - set Specific Code input for plugin: NVIC
2023-12-28 22:50:40,277 [INFO] BlockDiagram:2759 - set Specific Code input for plugin: DMA
2023-12-28 22:50:40,277 [INFO] BlockDiagram:2759 - set Specific Code input for plugin: SYS
2023-12-28 22:50:40,277 [INFO] BlockDiagram:2759 - set Specific Code input for plugin: GPIO
2023-12-28 22:50:40,277 [INFO] BlockDiagram:2759 - set Specific Code input for plugin: CAN
2023-12-28 22:50:40,277 [INFO] BlockDiagram:2759 - set Specific Code input for plugin: RCC
2023-12-28 22:50:40,279 [INFO] CodeGenerator:807 - code generatio: config db path: C:\ST\STM32CubeIDE_1.13.2\STM32CubeIDE\plugins\com.st.stm32cube.common.mx_6.10.0.202311202037\\db\
2023-12-28 22:50:40,504 [INFO] CodeEngine:255 - oldGeneratedFile, C:\Users\aleja\OneDrive\Escritorio\gettingStartedSTM\newNode_v0\MXTmpFiles\license.tmp_save
2023-12-28 22:50:40,649 [INFO] CodeEngine:279 - Generated code: C:\Users\aleja\OneDrive\Escritorio\gettingStartedSTM\newNode_v0\MXTmpFiles\license.tmp
2023-12-28 22:50:40,711 [INFO] CodeEngine:255 - oldGeneratedFile, C:\Users\aleja\OneDrive\Escritorio\gettingStartedSTM\newNode_v0\MXTmpFiles\gpio.tmp_save
2023-12-28 22:50:40,845 [INFO] CodeEngine:279 - Generated code: C:\Users\aleja\OneDrive\Escritorio\gettingStartedSTM\newNode_v0\MXTmpFiles\gpio.tmp
2023-12-28 22:50:40,984 [INFO] CodeEngine:255 - oldGeneratedFile, C:\Users\aleja\OneDrive\Escritorio\gettingStartedSTM\newNode_v0\MXTmpFiles\dma.tmp_save
2023-12-28 22:50:41,111 [INFO] CodeEngine:279 - Generated code: C:\Users\aleja\OneDrive\Escritorio\gettingStartedSTM\newNode_v0\MXTmpFiles\dma.tmp
2023-12-28 22:50:41,115 [INFO] CodeEngine:255 - oldGeneratedFile, C:\Users\aleja\OneDrive\Escritorio\gettingStartedSTM\newNode_v0\MXTmpFiles\dma_GV.tmp_save
2023-12-28 22:50:41,180 [INFO] CodeEngine:279 - Generated code: C:\Users\aleja\OneDrive\Escritorio\gettingStartedSTM\newNode_v0\MXTmpFiles\dma_GV.tmp
2023-12-28 22:50:41,215 [INFO] CodeEngine:255 - oldGeneratedFile, C:\Users\aleja\OneDrive\Escritorio\gettingStartedSTM\newNode_v0\Core\Src\stm32f0xx_it.c_save
2023-12-28 22:50:41,481 [INFO] CodeEngine:279 - Generated code: C:\Users\aleja\OneDrive\Escritorio\gettingStartedSTM\newNode_v0\Core\Src\stm32f0xx_it.c
2023-12-28 22:50:41,490 [INFO] CodeEngine:255 - oldGeneratedFile, C:\Users\aleja\OneDrive\Escritorio\gettingStartedSTM\newNode_v0\Core\Inc\stm32f0xx_it.h_save
2023-12-28 22:50:41,579 [INFO] CodeEngine:279 - Generated code: C:\Users\aleja\OneDrive\Escritorio\gettingStartedSTM\newNode_v0\Core\Inc\stm32f0xx_it.h
2023-12-28 22:50:41,622 [INFO] CodeEngine:255 - oldGeneratedFile, C:\Users\aleja\OneDrive\Escritorio\gettingStartedSTM\newNode_v0\Core\Src\stm32f0xx_hal_msp.c_save
2023-12-28 22:50:41,844 [INFO] CodeEngine:279 - Generated code: C:\Users\aleja\OneDrive\Escritorio\gettingStartedSTM\newNode_v0\Core\Src\stm32f0xx_hal_msp.c
2023-12-28 22:50:41,854 [INFO] CodeEngine:255 - oldGeneratedFile, C:\Users\aleja\OneDrive\Escritorio\gettingStartedSTM\newNode_v0\MXTmpFiles\system.tmp_save
2023-12-28 22:50:41,941 [INFO] CodeEngine:279 - Generated code: C:\Users\aleja\OneDrive\Escritorio\gettingStartedSTM\newNode_v0\MXTmpFiles\system.tmp
2023-12-28 22:50:41,970 [INFO] CodeEngine:311 - oldGeneratedFile, C:\Users\aleja\OneDrive\Escritorio\gettingStartedSTM\newNode_v0\Core\Inc\stm32f0xx_hal_conf.h_save
2023-12-28 22:50:42,109 [INFO] CodeEngine:335 - Generated code: C:\Users\aleja\OneDrive\Escritorio\gettingStartedSTM\newNode_v0\Core\Inc\stm32f0xx_hal_conf.h
2023-12-28 22:50:42,174 [INFO] CodeEngine:255 - oldGeneratedFile, C:\Users\aleja\OneDrive\Escritorio\gettingStartedSTM\newNode_v0\Core\Inc\main.h_save
2023-12-28 22:50:42,420 [INFO] CodeEngine:279 - Generated code: C:\Users\aleja\OneDrive\Escritorio\gettingStartedSTM\newNode_v0\Core\Inc\main.h
2023-12-28 22:50:42,444 [INFO] CodeEngine:255 - oldGeneratedFile, C:\Users\aleja\OneDrive\Escritorio\gettingStartedSTM\newNode_v0\Core\Src\main.c_save
2023-12-28 22:50:42,610 [INFO] CodeEngine:279 - Generated code: C:\Users\aleja\OneDrive\Escritorio\gettingStartedSTM\newNode_v0\Core\Src\main.c
2023-12-28 22:50:43,362 [INFO] ProjectBuilder:3076 - Time for Copy HAL[1] : 308mS.
2023-12-28 22:50:43,366 [INFO] ProjectBuilder:4485 - Project Generator version: 4.2.0-B44
2023-12-28 22:50:43,564 [INFO] ConfigFileManager:1495 - The Die is : DIE445
2023-12-28 22:50:43,567 [INFO] ApiDbMcu:508 - Load IP Config File for FATFS
2023-12-28 22:50:43,572 [INFO] ApiDbMcu:508 - Load IP Config File for FREERTOS
2023-12-28 22:50:43,583 [INFO] ApiDbMcu:508 - Load IP Config File for TOUCHSENSING
2023-12-28 22:50:43,587 [INFO] ApiDbMcu:508 - Load IP Config File for USB_DEVICE
2023-12-28 22:50:45,132 [INFO] ProjectBuilder:4747 - Time for Generating toolchain IDE Files: 1766mS.
2023-12-28 22:50:45,133 [INFO] ProjectBuilder:2947 - Time for Copy CMSIS : 1mS.
2023-12-28 22:50:45,138 [INFO] ProjectBuilder:2947 - Time for Copy CMSIS : 0mS.
2023-12-28 22:51:06,105 [INFO] NvicIntPanel:101 - NVIC parent = com.st.microxplorer.plugins.ip.nvic.MultiNvicIntPanel[,0,0,450x67,layout=javax.swing.BoxLayout,alignmentX=0.0,alignmentY=0.0,border=,flags=9,maximumSize=,minimumSize=,preferredSize=]
2023-12-28 22:51:08,425 [INFO] NvicIntPanel:101 - NVIC parent = com.st.microxplorer.plugins.ip.nvic.MultiNvicIntPanel[,0,0,0x0,invalid,layout=javax.swing.BoxLayout,alignmentX=0.0,alignmentY=0.0,border=,flags=9,maximumSize=,minimumSize=,preferredSize=]
2023-12-28 22:51:17,641 [INFO] NvicIntPanel:101 - NVIC parent = com.st.microxplorer.plugins.ip.nvic.MultiNvicIntPanel[,0,0,0x0,invalid,layout=javax.swing.BoxLayout,alignmentX=0.0,alignmentY=0.0,border=,flags=9,maximumSize=,minimumSize=,preferredSize=]
2023-12-28 22:51:20,161 [INFO] UtilMem:75 - End SaveConfig() Used Memory: 485987208 Bytes (986710016)
2023-12-28 22:51:20,845 [INFO] UtilMem:75 - End SaveConfig() Used Memory: 512094280 Bytes (986710016)
2023-12-28 22:51:21,062 [INFO] BlockDiagram:2759 - set Specific Code input for plugin: ADC
2023-12-28 22:51:21,062 [INFO] BlockDiagram:2759 - set Specific Code input for plugin: NVIC
2023-12-28 22:51:21,062 [INFO] BlockDiagram:2759 - set Specific Code input for plugin: DMA
2023-12-28 22:51:21,062 [INFO] BlockDiagram:2759 - set Specific Code input for plugin: SYS
2023-12-28 22:51:21,062 [INFO] BlockDiagram:2759 - set Specific Code input for plugin: GPIO
2023-12-28 22:51:21,062 [INFO] BlockDiagram:2759 - set Specific Code input for plugin: CAN
2023-12-28 22:51:21,062 [INFO] BlockDiagram:2759 - set Specific Code input for plugin: RCC
2023-12-28 22:51:21,064 [INFO] CodeGenerator:807 - code generatio: config db path: C:\ST\STM32CubeIDE_1.13.2\STM32CubeIDE\plugins\com.st.stm32cube.common.mx_6.10.0.202311202037\\db\
2023-12-28 22:51:21,069 [INFO] Argument:325 - Argument : hdmavalue: null
2023-12-28 22:51:21,069 [INFO] Argument:327 - 	 sub Args: 
2023-12-28 22:51:21,069 [INFO] Argument:325 - Argument : Instancevalue: DMA1_Channel1
2023-12-28 22:51:21,069 [INFO] Argument:335 - Argument : Instancevalue: DMA1_Channel1
2023-12-28 22:51:21,069 [INFO] Argument:325 - Argument : Initvalue: null
2023-12-28 22:51:21,069 [INFO] Argument:327 - 	 sub Args: 
2023-12-28 22:51:21,069 [INFO] Argument:325 - Argument : Directionvalue: DMA_PERIPH_TO_MEMORY
2023-12-28 22:51:21,069 [INFO] Argument:335 - Argument : Directionvalue: DMA_PERIPH_TO_MEMORY
2023-12-28 22:51:21,069 [INFO] Argument:325 - Argument : PeriphIncvalue: DMA_PINC_DISABLE
2023-12-28 22:51:21,069 [INFO] Argument:335 - Argument : PeriphIncvalue: DMA_PINC_DISABLE
2023-12-28 22:51:21,069 [INFO] Argument:325 - Argument : MemIncvalue: DMA_MINC_ENABLE
2023-12-28 22:51:21,069 [INFO] Argument:335 - Argument : MemIncvalue: DMA_MINC_ENABLE
2023-12-28 22:51:21,070 [INFO] Argument:325 - Argument : PeriphDataAlignmentvalue: DMA_PDATAALIGN_HALFWORD
2023-12-28 22:51:21,070 [INFO] Argument:335 - Argument : PeriphDataAlignmentvalue: DMA_PDATAALIGN_HALFWORD
2023-12-28 22:51:21,070 [INFO] Argument:325 - Argument : MemDataAlignmentvalue: DMA_MDATAALIGN_HALFWORD
2023-12-28 22:51:21,070 [INFO] Argument:335 - Argument : MemDataAlignmentvalue: DMA_MDATAALIGN_HALFWORD
2023-12-28 22:51:21,070 [INFO] Argument:325 - Argument : Modevalue: DMA_CIRCULAR
2023-12-28 22:51:21,070 [INFO] Argument:335 - Argument : Modevalue: DMA_CIRCULAR
2023-12-28 22:51:21,070 [INFO] Argument:325 - Argument : Priorityvalue: DMA_PRIORITY_VERY_HIGH
2023-12-28 22:51:21,070 [INFO] Argument:335 - Argument : Priorityvalue: DMA_PRIORITY_VERY_HIGH
2023-12-28 22:51:21,071 [INFO] Argument:325 - Argument : Lockvalue: null
2023-12-28 22:51:21,071 [INFO] Argument:335 - Argument : Lockvalue: null
2023-12-28 22:51:21,071 [INFO] Argument:325 - Argument : Statevalue: null
2023-12-28 22:51:21,071 [INFO] Argument:335 - Argument : Statevalue: null
2023-12-28 22:51:21,071 [INFO] Argument:325 - Argument : Parentvalue: null
2023-12-28 22:51:21,071 [INFO] Argument:335 - Argument : Parentvalue: null
2023-12-28 22:51:21,071 [INFO] Argument:325 - Argument : XferCpltCallbackvalue: null
2023-12-28 22:51:21,071 [INFO] Argument:335 - Argument : XferCpltCallbackvalue: null
2023-12-28 22:51:21,071 [INFO] Argument:325 - Argument : XferHalfCpltCallbackvalue: null
2023-12-28 22:51:21,071 [INFO] Argument:335 - Argument : XferHalfCpltCallbackvalue: null
2023-12-28 22:51:21,071 [INFO] Argument:325 - Argument : XferErrorCallbackvalue: null
2023-12-28 22:51:21,071 [INFO] Argument:335 - Argument : XferErrorCallbackvalue: null
2023-12-28 22:51:21,071 [INFO] Argument:325 - Argument : ErrorCodevalue: null
2023-12-28 22:51:21,071 [INFO] Argument:335 - Argument : ErrorCodevalue: null
2023-12-28 22:51:21,071 [INFO] Argument:325 - Argument : DMA_Remapvalue: null
2023-12-28 22:51:21,071 [INFO] Argument:335 - Argument : DMA_Remapvalue: null
2023-12-28 22:51:21,251 [INFO] CodeEngine:255 - oldGeneratedFile, C:\Users\aleja\OneDrive\Escritorio\gettingStartedSTM\newNode_v0\MXTmpFiles\license.tmp_save
2023-12-28 22:51:21,367 [INFO] CodeEngine:279 - Generated code: C:\Users\aleja\OneDrive\Escritorio\gettingStartedSTM\newNode_v0\MXTmpFiles\license.tmp
2023-12-28 22:51:21,397 [INFO] CodeEngine:255 - oldGeneratedFile, C:\Users\aleja\OneDrive\Escritorio\gettingStartedSTM\newNode_v0\MXTmpFiles\gpio.tmp_save
2023-12-28 22:51:21,506 [INFO] CodeEngine:279 - Generated code: C:\Users\aleja\OneDrive\Escritorio\gettingStartedSTM\newNode_v0\MXTmpFiles\gpio.tmp
2023-12-28 22:51:21,617 [INFO] CodeEngine:255 - oldGeneratedFile, C:\Users\aleja\OneDrive\Escritorio\gettingStartedSTM\newNode_v0\MXTmpFiles\dma.tmp_save
2023-12-28 22:51:21,752 [INFO] CodeEngine:279 - Generated code: C:\Users\aleja\OneDrive\Escritorio\gettingStartedSTM\newNode_v0\MXTmpFiles\dma.tmp
2023-12-28 22:51:21,752 [INFO] CodeEngine:255 - oldGeneratedFile, C:\Users\aleja\OneDrive\Escritorio\gettingStartedSTM\newNode_v0\MXTmpFiles\dma_GV.tmp_save
2023-12-28 22:51:21,823 [INFO] CodeEngine:279 - Generated code: C:\Users\aleja\OneDrive\Escritorio\gettingStartedSTM\newNode_v0\MXTmpFiles\dma_GV.tmp
2023-12-28 22:51:21,861 [INFO] CodeEngine:255 - oldGeneratedFile, C:\Users\aleja\OneDrive\Escritorio\gettingStartedSTM\newNode_v0\Core\Src\stm32f0xx_it.c_save
2023-12-28 22:51:21,971 [INFO] CodeEngine:279 - Generated code: C:\Users\aleja\OneDrive\Escritorio\gettingStartedSTM\newNode_v0\Core\Src\stm32f0xx_it.c
2023-12-28 22:51:21,986 [INFO] CodeEngine:255 - oldGeneratedFile, C:\Users\aleja\OneDrive\Escritorio\gettingStartedSTM\newNode_v0\Core\Inc\stm32f0xx_it.h_save
2023-12-28 22:51:22,097 [INFO] CodeEngine:279 - Generated code: C:\Users\aleja\OneDrive\Escritorio\gettingStartedSTM\newNode_v0\Core\Inc\stm32f0xx_it.h
2023-12-28 22:51:22,127 [INFO] CodeEngine:255 - oldGeneratedFile, C:\Users\aleja\OneDrive\Escritorio\gettingStartedSTM\newNode_v0\Core\Src\stm32f0xx_hal_msp.c_save
2023-12-28 22:51:22,268 [INFO] CodeEngine:279 - Generated code: C:\Users\aleja\OneDrive\Escritorio\gettingStartedSTM\newNode_v0\Core\Src\stm32f0xx_hal_msp.c
2023-12-28 22:51:22,284 [INFO] CodeEngine:255 - oldGeneratedFile, C:\Users\aleja\OneDrive\Escritorio\gettingStartedSTM\newNode_v0\MXTmpFiles\system.tmp_save
2023-12-28 22:51:22,350 [INFO] CodeEngine:279 - Generated code: C:\Users\aleja\OneDrive\Escritorio\gettingStartedSTM\newNode_v0\MXTmpFiles\system.tmp
2023-12-28 22:51:22,387 [INFO] CodeEngine:311 - oldGeneratedFile, C:\Users\aleja\OneDrive\Escritorio\gettingStartedSTM\newNode_v0\Core\Inc\stm32f0xx_hal_conf.h_save
2023-12-28 22:51:22,533 [INFO] CodeEngine:335 - Generated code: C:\Users\aleja\OneDrive\Escritorio\gettingStartedSTM\newNode_v0\Core\Inc\stm32f0xx_hal_conf.h
2023-12-28 22:51:22,583 [INFO] CodeEngine:255 - oldGeneratedFile, C:\Users\aleja\OneDrive\Escritorio\gettingStartedSTM\newNode_v0\Core\Inc\main.h_save
2023-12-28 22:51:22,694 [INFO] CodeEngine:279 - Generated code: C:\Users\aleja\OneDrive\Escritorio\gettingStartedSTM\newNode_v0\Core\Inc\main.h
2023-12-28 22:51:22,716 [INFO] CodeEngine:255 - oldGeneratedFile, C:\Users\aleja\OneDrive\Escritorio\gettingStartedSTM\newNode_v0\Core\Src\main.c_save
2023-12-28 22:51:22,960 [INFO] CodeEngine:279 - Generated code: C:\Users\aleja\OneDrive\Escritorio\gettingStartedSTM\newNode_v0\Core\Src\main.c
2023-12-28 22:51:23,698 [INFO] ProjectBuilder:3076 - Time for Copy HAL[1] : 186mS.
2023-12-28 22:51:23,701 [INFO] ProjectBuilder:4485 - Project Generator version: 4.2.0-B44
2023-12-28 22:51:23,877 [INFO] ConfigFileManager:1495 - The Die is : DIE445
2023-12-28 22:51:25,117 [INFO] ProjectBuilder:4747 - Time for Generating toolchain IDE Files: 1416mS.
2023-12-28 22:51:25,122 [INFO] ProjectBuilder:2947 - Time for Copy CMSIS : 5mS.
2023-12-28 22:51:25,126 [INFO] ProjectBuilder:2947 - Time for Copy CMSIS : 0mS.
2023-12-28 23:01:15,719 [ERROR] LogOutputStream:75 - [STDERR_REDIRECT] 
2023-12-28 23:01:15,722 [ERROR] LogOutputStream:75 - [STDERR_REDIRECT] 
