2024-01-12 12:57:59,684 [INFO] Activator:176 - 


2024-01-12 12:57:59,691 [INFO] Activator:177 - !SESSION log4j initialized
2024-01-12 12:58:17,269 [INFO] LogOutputStream:77 - [STDOUT_REDIRECT] 
2024-01-12 12:58:20,698 [INFO] ApplicationProperties:184 - Using Application install path: C:\ST\STM32CubeIDE_1.13.2\STM32CubeIDE\plugins\com.st.stm32cube.common.mx_6.10.0.202311202037
2024-01-12 12:58:20,733 [INFO] DbMcusXml:78 - Set database path to: C:\ST\STM32CubeIDE_1.13.2\STM32CubeIDE\plugins\com.st.stm32cube.common.mx_6.10.0.202311202037\\db\/mcu/
2024-01-12 12:58:20,733 [INFO] ApiDb:274 - Set plugin database path to: C:\ST\STM32CubeIDE_1.13.2\STM32CubeIDE\plugins\com.st.stm32cube.common.mx_6.10.0.202311202037\\db\/plugins/boardmanager/
2024-01-12 12:58:20,734 [WARN] ApiDb:259 - Overriding images path with different value:  => C:\ST\STM32CubeIDE_1.13.2\STM32CubeIDE\plugins\com.st.stm32cube.common.mx_6.10.0.202311202037\\db\/plugins/mcufinder/images/
2024-01-12 12:58:20,750 [INFO] ApiDb:250 - Set database path to: C:\Users\aleja\.stmcufinder\plugins\mcufinder//mcu/
2024-01-12 12:58:20,752 [INFO] DbMcusAds:125 - Set database path to: C:\Users\aleja\.stmcufinder\plugins\mcufinder//mcu/
2024-01-12 12:58:20,754 [INFO] CrossReferenceDbSqlite:203 - Set database path to: C:\Users\aleja\.stmcufinder\plugins\mcufinder//mcu/cs/
2024-01-12 12:58:20,944 [INFO] RulesReader:64 - Compatibility file has been processed (297 Rules)
2024-01-12 12:58:21,103 [INFO] DbMcusXml:78 - Set database path to: C:\ST\STM32CubeIDE_1.13.2\STM32CubeIDE\plugins\com.st.stm32cube.common.mx_6.10.0.202311202037\\db\/mcu/
2024-01-12 12:58:21,103 [INFO] ApiDb:274 - Set plugin database path to: C:\ST\STM32CubeIDE_1.13.2\STM32CubeIDE\plugins\com.st.stm32cube.common.mx_6.10.0.202311202037\\db\/plugins/boardmanager/
2024-01-12 12:58:21,103 [INFO] ApiDb:261 - Set plugin images path to: C:\ST\STM32CubeIDE_1.13.2\STM32CubeIDE\plugins\com.st.stm32cube.common.mx_6.10.0.202311202037\\db\/plugins/mcufinder/images/
2024-01-12 12:58:21,104 [WARN] DbFile:41 - Overriding database path with different value: C:\Users\aleja\.stmcufinder\plugins\mcufinder/ => C:\Users\aleja\.stmcufinder\plugins\mcufinder
2024-01-12 12:58:21,104 [INFO] ApiDb:250 - Set database path to: C:\Users\aleja\.stmcufinder\plugins\mcufinder//mcu/
2024-01-12 12:58:21,104 [WARN] DbFile:41 - Overriding database path with different value: C:\Users\aleja\.stmcufinder\plugins\mcufinder/ => C:\Users\aleja\.stmcufinder\plugins\mcufinder
2024-01-12 12:58:21,104 [INFO] DbMcusAds:125 - Set database path to: C:\Users\aleja\.stmcufinder\plugins\mcufinder//mcu/
2024-01-12 12:58:21,105 [WARN] DbFile:41 - Overriding database path with different value: C:\Users\aleja\.stmcufinder\plugins\mcufinder/ => C:\Users\aleja\.stmcufinder\plugins\mcufinder
2024-01-12 12:58:21,105 [WARN] DbFile:41 - Overriding database path with different value: C:\Users\aleja\.stmcufinder\plugins\mcufinder/ => C:\Users\aleja\.stmcufinder\plugins\mcufinder
2024-01-12 12:58:21,105 [INFO] CrossReferenceDbSqlite:203 - Set database path to: C:\Users\aleja\.stmcufinder\plugins\mcufinder//mcu/cs/
2024-01-12 12:58:21,280 [INFO] MainPanel:264 - HeapMemory: 268435456
2024-01-12 12:58:21,516 [INFO] DbMcusXml:78 - Set database path to: C:\ST\STM32CubeIDE_1.13.2\STM32CubeIDE\plugins\com.st.stm32cube.common.mx_6.10.0.202311202037\\db\/mcu/
2024-01-12 12:58:21,516 [INFO] ApiDb:274 - Set plugin database path to: C:\ST\STM32CubeIDE_1.13.2\STM32CubeIDE\plugins\com.st.stm32cube.common.mx_6.10.0.202311202037\\db\/plugins/boardmanager/
2024-01-12 12:58:21,516 [INFO] ApiDb:261 - Set plugin images path to: C:\ST\STM32CubeIDE_1.13.2\STM32CubeIDE\plugins\com.st.stm32cube.common.mx_6.10.0.202311202037\\db\/plugins/mcufinder/images/
2024-01-12 12:58:21,518 [WARN] DbFile:41 - Overriding database path with different value: C:\Users\aleja\.stmcufinder\plugins\mcufinder/ => C:\Users\aleja\.stmcufinder\plugins\mcufinder
2024-01-12 12:58:21,518 [INFO] ApiDb:250 - Set database path to: C:\Users\aleja\.stmcufinder\plugins\mcufinder//mcu/
2024-01-12 12:58:21,518 [WARN] DbFile:41 - Overriding database path with different value: C:\Users\aleja\.stmcufinder\plugins\mcufinder/ => C:\Users\aleja\.stmcufinder\plugins\mcufinder
2024-01-12 12:58:21,519 [INFO] DbMcusAds:125 - Set database path to: C:\Users\aleja\.stmcufinder\plugins\mcufinder//mcu/
2024-01-12 12:58:21,519 [WARN] DbFile:41 - Overriding database path with different value: C:\Users\aleja\.stmcufinder\plugins\mcufinder/ => C:\Users\aleja\.stmcufinder\plugins\mcufinder
2024-01-12 12:58:21,519 [WARN] DbFile:41 - Overriding database path with different value: C:\Users\aleja\.stmcufinder\plugins\mcufinder/ => C:\Users\aleja\.stmcufinder\plugins\mcufinder
2024-01-12 12:58:21,519 [INFO] CrossReferenceDbSqlite:203 - Set database path to: C:\Users\aleja\.stmcufinder\plugins\mcufinder//mcu/cs/
2024-01-12 12:58:21,568 [INFO] ApplicationProperties:184 - Using Application install path: C:\ST\STM32CubeIDE_1.13.2\STM32CubeIDE\plugins\com.st.stm32cube.common.mx_6.10.0.202311202037
2024-01-12 12:58:21,573 [INFO] PluginManage:196 - Search for loadable plugins [exclusion list=, ]
2024-01-12 12:58:21,577 [INFO] PluginManage:310 - Check plugin analytics
2024-01-12 12:58:22,033 [INFO] AnalyticsPlugin:253 - Accepted Software Licenses: 
2024-01-12 12:58:22,033 [INFO] AnalyticsPlugin:255 - Accepted CMSIS Pack Licenses: 
2024-01-12 12:58:22,033 [INFO] AnalyticsPlugin:257 - Accepted Firmware Licenses: 
2024-01-12 12:58:22,039 [INFO] PluginManage:359 - Loaded plugin analytics (category:tool,tabindex:-1)
2024-01-12 12:58:22,039 [INFO] PluginManage:310 - Check plugin cadmodel
2024-01-12 12:58:22,064 [INFO] CADModel:105 - Init CAD model plugin
2024-01-12 12:58:22,064 [INFO] PluginManage:359 - Loaded plugin cadmodel (category:power,tabindex:5)
2024-01-12 12:58:22,064 [INFO] PluginManage:310 - Check plugin clock
2024-01-12 12:58:22,108 [INFO] PluginManage:359 - Loaded plugin clock (category:base,tabindex:2)
2024-01-12 12:58:22,108 [INFO] PluginManage:310 - Check plugin ddr
2024-01-12 12:58:22,113 [INFO] PluginManage:359 - Loaded plugin ddr (category:tool,tabindex:6)
2024-01-12 12:58:22,113 [INFO] PluginManage:310 - Check plugin filemanager
2024-01-12 12:58:22,358 [INFO] PluginManage:359 - Loaded plugin filemanager (category:base,tabindex:10)
2024-01-12 12:58:22,358 [INFO] PluginManage:310 - Check plugin ipmanager
2024-01-12 12:58:22,370 [INFO] PluginManage:359 - Loaded plugin ipmanager (category:base,tabindex:5)
2024-01-12 12:58:22,370 [INFO] PluginManage:310 - Check plugin lpbam
2024-01-12 12:58:22,398 [INFO] PluginManage:359 - Loaded plugin lpbam (category:base,tabindex:0)
2024-01-12 12:58:22,398 [INFO] PluginManage:310 - Check plugin memorymap
2024-01-12 12:58:22,454 [INFO] PluginManage:359 - Loaded plugin memorymap (category:base,tabindex:4)
2024-01-12 12:58:22,455 [INFO] PluginManage:310 - Check plugin pinoutandconfiguration
2024-01-12 12:58:22,482 [INFO] PluginManage:359 - Loaded plugin pinoutandconfiguration (category:base,tabindex:1)
2024-01-12 12:58:22,483 [INFO] PluginManage:310 - Check plugin pinoutconfig
2024-01-12 12:58:22,620 [WARN] SupportedApi:132 - Cannot load RTOS API schema: s4s-elt-must-match.1: The content of 'definitions' must match (annotation?, (simpleType | complexType)?, (unique | key | keyref)*)). A problem was found starting at: attribute.
2024-01-12 12:58:22,925 [INFO] PluginManage:359 - Loaded plugin pinoutconfig (category:base,tabindex:0)
2024-01-12 12:58:22,926 [INFO] PluginManage:310 - Check plugin power
2024-01-12 12:58:22,962 [INFO] PluginManage:359 - Loaded plugin power (category:power,tabindex:4)
2024-01-12 12:58:22,963 [INFO] PluginManage:310 - Check plugin projectmanager
2024-01-12 12:58:23,007 [INFO] PluginManage:359 - Loaded plugin projectmanager (category:projectmanager,tabindex:3)
2024-01-12 12:58:23,008 [INFO] PluginManage:310 - Check plugin thirdparty
2024-01-12 12:58:23,486 [INFO] PluginManage:359 - Loaded plugin thirdparty (category:base,tabindex:-1)
2024-01-12 12:58:23,487 [INFO] PluginManage:310 - Check plugin tools
2024-01-12 12:58:23,486 [WARN] IntegrityCheckThread:84 - waiting for thirdparty lock release [integrity check]
2024-01-12 12:58:23,487 [INFO] IntegrityCheckThread:86 - entering critical section [integrity check]
2024-01-12 12:58:23,488 [INFO] ThirdPartyUpdaterWithRetryManager:70 - Updater plugin not ready yet. [1/15]
2024-01-12 12:58:23,535 [INFO] PluginManage:359 - Loaded plugin tools (category:base,tabindex:7)
2024-01-12 12:58:23,535 [INFO] PluginManage:310 - Check plugin tutovideos
2024-01-12 12:58:23,838 [INFO] PluginManage:359 - Loaded plugin tutovideos (category:base,tabindex:-1)
2024-01-12 12:58:23,839 [INFO] PluginManage:310 - Check plugin updater
2024-01-12 12:58:23,858 [INFO] PluginManage:359 - Loaded plugin updater (category:base,tabindex:12)
2024-01-12 12:58:23,858 [INFO] PluginManage:310 - Check plugin userauth
2024-01-12 12:58:23,867 [INFO] UserAuth:114 - Init User Auth plugin
2024-01-12 12:58:23,867 [INFO] PluginManage:359 - Loaded plugin userauth (category:base,tabindex:14)
2024-01-12 12:58:23,868 [INFO] PluginManage:283 - PluginManage : Loaded plugins [17]
2024-01-12 12:58:24,158 [INFO] PinOutPanel:1499 - setPackage(No Configuration,No Configuration)
2024-01-12 12:58:24,280 [INFO] CADModel:165 - CPN selected for project level
2024-01-12 12:58:24,281 [INFO] CADModel:114 - Register for checkConnection events
2024-01-12 12:58:24,319 [INFO] IPUIPlugin:80 - create IPUIPlugin
2024-01-12 12:58:24,319 [INFO] PluginManager:220 - loadIPPluginJar : add adc
2024-01-12 12:58:24,375 [INFO] IPUIPlugin:80 - create IPUIPlugin
2024-01-12 12:58:24,375 [INFO] PluginManager:220 - loadIPPluginJar : add aes
2024-01-12 12:58:24,436 [INFO] IPUIPlugin:80 - create IPUIPlugin
2024-01-12 12:58:24,436 [INFO] PluginManager:220 - loadIPPluginJar : add can
2024-01-12 12:58:24,469 [INFO] IPUIPlugin:80 - create IPUIPlugin
2024-01-12 12:58:24,469 [INFO] PluginManager:220 - loadIPPluginJar : add comp
2024-01-12 12:58:24,507 [INFO] IPUIPlugin:80 - create IPUIPlugin
2024-01-12 12:58:24,507 [INFO] PluginManager:220 - loadIPPluginJar : add cryp
2024-01-12 12:58:24,544 [INFO] IPUIPlugin:80 - create IPUIPlugin
2024-01-12 12:58:24,545 [INFO] PluginManager:220 - loadIPPluginJar : add dfsdm
2024-01-12 12:58:24,564 [INFO] IPUIPlugin:80 - create IPUIPlugin
2024-01-12 12:58:24,565 [INFO] PluginManager:220 - loadIPPluginJar : add dma
2024-01-12 12:58:24,618 [INFO] IPUIPlugin:80 - create IPUIPlugin
2024-01-12 12:58:24,618 [INFO] PluginManager:220 - loadIPPluginJar : add dma3
2024-01-12 12:58:24,651 [INFO] IPUIPlugin:80 - create IPUIPlugin
2024-01-12 12:58:24,652 [INFO] PluginManager:220 - loadIPPluginJar : add fatfs
2024-01-12 12:58:24,719 [INFO] IPUIPlugin:80 - create IPUIPlugin
2024-01-12 12:58:24,719 [INFO] PluginManager:220 - loadIPPluginJar : add fmc
2024-01-12 12:58:24,740 [INFO] IPUIPlugin:80 - create IPUIPlugin
2024-01-12 12:58:24,740 [INFO] PluginManager:220 - loadIPPluginJar : add freertos
2024-01-12 12:58:24,767 [INFO] IPUIPlugin:80 - create IPUIPlugin
2024-01-12 12:58:24,767 [INFO] PluginManager:220 - loadIPPluginJar : add genericplugin
2024-01-12 12:58:24,880 [INFO] IPUIPlugin:80 - create IPUIPlugin
2024-01-12 12:58:24,881 [INFO] PluginManager:220 - loadIPPluginJar : add gfxmmu
2024-01-12 12:58:25,075 [INFO] IPUIPlugin:80 - create IPUIPlugin
2024-01-12 12:58:25,075 [INFO] PluginManager:220 - loadIPPluginJar : add gic
2024-01-12 12:58:25,094 [INFO] IPUIPlugin:80 - create IPUIPlugin
2024-01-12 12:58:25,094 [INFO] PluginManager:220 - loadIPPluginJar : add gpio
2024-01-12 12:58:25,235 [INFO] IPUIPlugin:80 - create IPUIPlugin
2024-01-12 12:58:25,235 [INFO] PluginManager:220 - loadIPPluginJar : add gtzc
2024-01-12 12:58:25,283 [INFO] IPUIPlugin:80 - create IPUIPlugin
2024-01-12 12:58:25,284 [INFO] PluginManager:220 - loadIPPluginJar : add hash
2024-01-12 12:58:25,354 [INFO] IPUIPlugin:80 - create IPUIPlugin
2024-01-12 12:58:25,354 [INFO] PluginManager:220 - loadIPPluginJar : add i2c
2024-01-12 12:58:25,430 [INFO] IPUIPlugin:80 - create IPUIPlugin
2024-01-12 12:58:25,431 [INFO] PluginManager:220 - loadIPPluginJar : add i2s
2024-01-12 12:58:25,497 [INFO] IPUIPlugin:80 - create IPUIPlugin
2024-01-12 12:58:25,497 [INFO] PluginManager:220 - loadIPPluginJar : add i3c
2024-01-12 12:58:25,646 [INFO] IPUIPlugin:80 - create IPUIPlugin
2024-01-12 12:58:25,646 [INFO] PluginManager:220 - loadIPPluginJar : add ipddr
2024-01-12 12:58:25,755 [INFO] IPUIPlugin:80 - create IPUIPlugin
2024-01-12 12:58:25,755 [INFO] PluginManager:220 - loadIPPluginJar : add linkedlist
2024-01-12 12:58:25,795 [INFO] IPUIPlugin:80 - create IPUIPlugin
2024-01-12 12:58:25,795 [INFO] PluginManager:220 - loadIPPluginJar : add lorawan
2024-01-12 12:58:25,841 [INFO] IPUIPlugin:80 - create IPUIPlugin
2024-01-12 12:58:25,842 [INFO] PluginManager:220 - loadIPPluginJar : add ltdc
2024-01-12 12:58:25,858 [INFO] IPUIPlugin:80 - create IPUIPlugin
2024-01-12 12:58:25,858 [INFO] PluginManager:220 - loadIPPluginJar : add mdma
2024-01-12 12:58:25,871 [INFO] IPUIPlugin:80 - create IPUIPlugin
2024-01-12 12:58:25,872 [INFO] PluginManager:220 - loadIPPluginJar : add nvic
2024-01-12 12:58:25,919 [INFO] IPUIPlugin:80 - create IPUIPlugin
2024-01-12 12:58:25,919 [INFO] PluginManager:220 - loadIPPluginJar : add opamp
2024-01-12 12:58:25,994 [INFO] IPUIPlugin:80 - create IPUIPlugin
2024-01-12 12:58:25,994 [INFO] PluginManager:220 - loadIPPluginJar : add openamp
2024-01-12 12:58:26,058 [INFO] IPUIPlugin:80 - create IPUIPlugin
2024-01-12 12:58:26,058 [INFO] PluginManager:220 - loadIPPluginJar : add pdm2pcm
2024-01-12 12:58:26,078 [INFO] IPUIPlugin:80 - create IPUIPlugin
2024-01-12 12:58:26,081 [INFO] PluginManager:220 - loadIPPluginJar : add plateformsettings
2024-01-12 12:58:26,107 [INFO] IPUIPlugin:80 - create IPUIPlugin
2024-01-12 12:58:26,107 [INFO] PluginManager:220 - loadIPPluginJar : add quadspi
2024-01-12 12:58:26,124 [INFO] IPUIPlugin:80 - create IPUIPlugin
2024-01-12 12:58:26,124 [INFO] PluginManager:220 - loadIPPluginJar : add resmgrutility
2024-01-12 12:58:26,187 [INFO] IPUIPlugin:80 - create IPUIPlugin
2024-01-12 12:58:26,188 [INFO] PluginManager:220 - loadIPPluginJar : add sai
2024-01-12 12:58:26,253 [INFO] IPUIPlugin:80 - create IPUIPlugin
2024-01-12 12:58:26,254 [INFO] PluginManager:220 - loadIPPluginJar : add spi
2024-01-12 12:58:26,381 [INFO] IPUIPlugin:80 - create IPUIPlugin
2024-01-12 12:58:26,381 [INFO] PluginManager:220 - loadIPPluginJar : add stm32_wpan
2024-01-12 12:58:26,426 [INFO] IPUIPlugin:80 - create IPUIPlugin
2024-01-12 12:58:26,426 [INFO] PluginManager:220 - loadIPPluginJar : add tim
2024-01-12 12:58:26,489 [INFO] ThirdPartyUpdaterWithRetryManager:70 - Updater plugin not ready yet. [2/15]
2024-01-12 12:58:26,504 [INFO] IPUIPlugin:80 - create IPUIPlugin
2024-01-12 12:58:26,504 [INFO] PluginManager:220 - loadIPPluginJar : add touchsensing
2024-01-12 12:58:26,539 [INFO] IPUIPlugin:80 - create IPUIPlugin
2024-01-12 12:58:26,540 [INFO] PluginManager:220 - loadIPPluginJar : add tracer_emb
2024-01-12 12:58:26,567 [INFO] IPUIPlugin:80 - create IPUIPlugin
2024-01-12 12:58:26,567 [INFO] PluginManager:220 - loadIPPluginJar : add ts
2024-01-12 12:58:26,592 [INFO] IPUIPlugin:80 - create IPUIPlugin
2024-01-12 12:58:26,592 [INFO] PluginManager:220 - loadIPPluginJar : add tsc
2024-01-12 12:58:26,621 [INFO] IPUIPlugin:80 - create IPUIPlugin
2024-01-12 12:58:26,622 [INFO] PluginManager:220 - loadIPPluginJar : add ucpd
2024-01-12 12:58:26,689 [INFO] IPUIPlugin:80 - create IPUIPlugin
2024-01-12 12:58:26,689 [INFO] PluginManager:220 - loadIPPluginJar : add usart
2024-01-12 12:58:26,752 [INFO] IPUIPlugin:80 - create IPUIPlugin
2024-01-12 12:58:26,752 [INFO] PluginManager:220 - loadIPPluginJar : add usbx
2024-01-12 12:58:26,929 [INFO] CADModel:165 - CPN selected for project level
2024-01-12 12:58:26,929 [INFO] CADModel:114 - Register for checkConnection events
2024-01-12 12:58:26,930 [FATAL] Updater:308 - Updater called before beeing initialized
2024-01-12 12:58:26,930 [ERROR] CADModel:125 - Updater not yet initialized, retry later 
2024-01-12 12:58:27,180 [INFO] CADModel:165 - CPN selected for project level
2024-01-12 12:58:27,180 [INFO] CADModel:114 - Register for checkConnection events
2024-01-12 12:58:27,180 [FATAL] Updater:308 - Updater called before beeing initialized
2024-01-12 12:58:27,181 [ERROR] CADModel:125 - Updater not yet initialized, retry later 
2024-01-12 12:58:27,186 [FATAL] Updater:308 - Updater called before beeing initialized
2024-01-12 12:58:27,343 [FATAL] Updater:308 - Updater called before beeing initialized
2024-01-12 12:58:27,356 [INFO] DbMcusAds:53 - JSON generation date=Wed Nov 29 11:52:27 CET 2023 (1701255147349)
2024-01-12 12:58:27,356 [FATAL] Updater:308 - Updater called before beeing initialized
2024-01-12 12:58:27,450 [WARN] DetailPanel:346 - Failed to get advertising image, set to default
2024-01-12 12:58:27,559 [FATAL] Updater:308 - Updater called before beeing initialized
2024-01-12 12:58:27,561 [FATAL] Updater:308 - Updater called before beeing initialized
2024-01-12 12:58:27,562 [FATAL] Updater:308 - Updater called before beeing initialized
2024-01-12 12:58:27,562 [WARN] DetailPanel:346 - Failed to get advertising image, set to default
2024-01-12 12:58:27,563 [FATAL] Updater:308 - Updater called before beeing initialized
2024-01-12 12:58:27,637 [ERROR] Updater:1120 - MainUpdater not yet initialized. External WinMGr cannot be set.
2024-01-12 12:58:27,653 [INFO] Updater:1056 - Updater Version found : 6.10.0
2024-01-12 12:58:27,674 [INFO] ApplicationProperties:184 - Using Application install path: C:\ST\STM32CubeIDE_1.13.2\STM32CubeIDE\plugins\com.st.stm32cube.common.mx_6.10.0.202311202037
2024-01-12 12:58:29,272 [ERROR] LogOutputStream:75 - [STDERR_REDIRECT] Jan 12, 2024 12:58:29 PM java.util.prefs.WindowsPreferences <init>
2024-01-12 12:58:29,274 [ERROR] LogOutputStream:75 - [STDERR_REDIRECT] WARNING: Could not open/create prefs root node Software\JavaSoft\Prefs at root 0xffffffff80000002. Windows RegCreateKeyEx(...) returned error code 5.
2024-01-12 12:58:29,274 [ERROR] LogOutputStream:75 - [STDERR_REDIRECT] 
2024-01-12 12:58:29,491 [INFO] ThirdPartyUpdaterWithRetryManager:70 - Updater plugin not ready yet. [3/15]
2024-01-12 12:58:29,679 [INFO] MainUpdater:2873 - connection check result : 10
2024-01-12 12:58:29,680 [INFO] MainUpdater:3567 - Updater definition file requires update
2024-01-12 12:58:29,681 [INFO] MainUpdater:290 - Updater Check For Update Now.
2024-01-12 12:58:29,681 [INFO] MicroXplorer:498 - Change Database Version : DB.6.0.100
2024-01-12 12:58:29,710 [INFO] McuFinderGlobals:63 - Set McuFinder mode to 2 (CubeIDE integrated)
2024-01-12 12:58:29,741 [INFO] UserAuth:404 - Internet connection configuration mode: 1
2024-01-12 12:58:29,779 [INFO] JxBrowserEngine:152 - Initiate JxBrowser Engine with user profile folder
2024-01-12 12:58:29,779 [INFO] ServerAccessManage:473 - Download File updaters.zip
2024-01-12 12:58:29,874 [INFO] FileExtend:240 - Unzip File : updaters.zip
2024-01-12 12:58:29,875 [INFO] FileExtend:255 - Standard Zip Deflate
2024-01-12 12:58:30,589 [INFO] ServerAccessManage:473 - Download File PacksControlFlags.xml
2024-01-12 12:58:30,675 [INFO] ServerAccessManage:473 - Download File cubemx.pidx
2024-01-12 12:58:30,855 [INFO] LoadServerUpdatesThread:375 - End of LoadServerUpdate Thread
2024-01-12 12:58:31,086 [INFO] CheckServerUpdateThread:120 - End of CheckServer Thread
2024-01-12 12:58:32,781 [WARN] PackLoader:240 - Cannot read IP mode file for STMicroelectronics.X-CUBE-SMBUS.2.1.0
2024-01-12 12:58:32,804 [WARN] PackLoader:240 - Cannot read IP mode file for STMicroelectronics.X-CUBE-TOUCHGFX.4.23.0
2024-01-12 12:58:32,861 [WARN] PackLoader:240 - Cannot read IP mode file for STMicroelectronics.X-CUBE-AZRTOS-F7.1.1.0
2024-01-12 12:58:32,880 [WARN] PackLoader:240 - Cannot read IP mode file for STMicroelectronics.FP-SNS-MOTENV1.4.3.2
2024-01-12 12:58:32,900 [WARN] PackLoader:240 - Cannot read IP mode file for STMicroelectronics.FP-SNS-FLIGHT1.5.0.2
2024-01-12 12:58:32,922 [WARN] PackLoader:240 - Cannot read IP mode file for STMicroelectronics.X-CUBE-DISPLAY.3.0.0
2024-01-12 12:58:32,949 [WARN] PackLoader:240 - Cannot read IP mode file for STMicroelectronics.X-CUBE-BLE1.7.0.0
2024-01-12 12:58:32,966 [WARN] PackLoader:240 - Cannot read IP mode file for emotas.I-CUBE-CANOPEN.1.3.0
2024-01-12 12:58:32,980 [WARN] PackLoader:240 - Cannot read IP mode file for STMicroelectronics.X-CUBE-TOUCHGFX.4.22.1
2024-01-12 12:58:32,997 [WARN] PackLoader:240 - Cannot read IP mode file for STMicroelectronics.FP-SNS-SMARTAG2.1.2.0
2024-01-12 12:58:33,026 [INFO] LogOutputStream:77 - [STDOUT_REDIRECT] 1 : Invalid condition id : UX_CORESTACK_Condition cause : null
2024-01-12 12:58:33,027 [INFO] LogOutputStream:77 - [STDOUT_REDIRECT] 1 : Invalid condition id : UX_CORESTACK_Condition cause : null
2024-01-12 12:58:33,030 [INFO] LogOutputStream:77 - [STDOUT_REDIRECT] 1 : Invalid condition id : UX_CORESTACK_Condition cause : null
2024-01-12 12:58:33,032 [INFO] LogOutputStream:77 - [STDOUT_REDIRECT] 1 : Invalid condition id : UX_CORESTACK_Condition cause : null
2024-01-12 12:58:33,034 [INFO] LogOutputStream:77 - [STDOUT_REDIRECT] 1 : Invalid condition id : UX_CORESTACK_Condition cause : null
2024-01-12 12:58:33,040 [WARN] PackLoader:240 - Cannot read IP mode file for STMicroelectronics.X-CUBE-AZRTOS-WL.2.0.0
2024-01-12 12:58:33,066 [WARN] PackLoader:240 - Cannot read IP mode file for WES.I-CUBE-Cesium.1.3.0
2024-01-12 12:58:33,088 [WARN] PackLoader:240 - Cannot read IP mode file for STMicroelectronics.X-CUBE-BLE2.3.3.0
2024-01-12 12:58:33,108 [WARN] PackLoader:240 - Cannot read IP mode file for STMicroelectronics.X-CUBE-ALGOBUILD.1.3.0
2024-01-12 12:58:33,152 [WARN] PackLoader:240 - Cannot read IP mode file for STMicroelectronics.X-CUBE-AZRTOS-G0.1.1.0
2024-01-12 12:58:33,176 [WARN] PackLoader:240 - Cannot read IP mode file for STMicroelectronics.X-CUBE-NFC4.3.0.0
2024-01-12 12:58:33,199 [WARN] PackLoader:240 - Cannot read IP mode file for STMicroelectronics.X-CUBE-BLEMGR.3.0.0
2024-01-12 12:58:33,219 [WARN] PackLoader:240 - Cannot read IP mode file for STMicroelectronics.FP-ATR-SIGFOX1.3.2.0
2024-01-12 12:58:33,234 [WARN] PackLoader:240 - Cannot read IP mode file for STMicroelectronics.X-CUBE-GNSS1.6.0.0
2024-01-12 12:58:33,274 [WARN] PackLoader:240 - Cannot read IP mode file for STMicroelectronics.X-CUBE-AZRTOS-F4.1.1.0
2024-01-12 12:58:33,296 [WARN] PackLoader:240 - Cannot read IP mode file for wolfSSL.I-CUBE-wolfSSL.5.6.4
2024-01-12 12:58:33,342 [WARN] PackLoader:240 - Cannot read IP mode file for STMicroelectronics.X-CUBE-AZRTOS-L5.2.0.0
2024-01-12 12:58:33,366 [WARN] PackLoader:240 - Cannot read IP mode file for STMicroelectronics.X-CUBE-EEPRMA1.4.2.0
2024-01-12 12:58:33,390 [WARN] PackLoader:240 - Cannot read IP mode file for ITTIA_DB.I-CUBE-ITTIADB.8.8.0
2024-01-12 12:58:33,433 [WARN] ConditionMgr:438 - getConditionDescription Invalid condition id : UX DEVICE CLASS RTOS Condition cause : null
2024-01-12 12:58:33,433 [WARN] ConditionMgr:438 - getConditionDescription Invalid condition id : UX DEVICE CLASS RTOS Condition cause : null
2024-01-12 12:58:33,436 [WARN] PackLoader:240 - Cannot read IP mode file for STMicroelectronics.X-CUBE-AZRTOS-H7.3.1.0
2024-01-12 12:58:33,437 [WARN] ConditionMgr:1039 - genDependencies : Invalid condition id : UX DEVICE CLASS RTOS Condition cause : null
2024-01-12 12:58:33,437 [WARN] ConditionMgr:1039 - genDependencies : Invalid condition id : UX DEVICE CLASS RTOS Condition cause : null
2024-01-12 12:58:33,438 [WARN] ConditionMgr:1039 - genDependencies : Invalid condition id : UX DEVICE CLASS RTOS Condition cause : null
2024-01-12 12:58:33,439 [WARN] ConditionMgr:1039 - genDependencies : Invalid condition id : UX DEVICE CLASS RTOS Condition cause : null
2024-01-12 12:58:33,439 [WARN] ConditionMgr:1039 - genDependencies : Invalid condition id : UX DEVICE CLASS RTOS Condition cause : null
2024-01-12 12:58:33,457 [WARN] PackLoader:240 - Cannot read IP mode file for STMicroelectronics.X-CUBE-NFC7.1.0.1
2024-01-12 12:58:33,480 [WARN] PackLoader:240 - Cannot read IP mode file for STMicroelectronics.X-CUBE-NFC6.3.0.0
2024-01-12 12:58:33,498 [WARN] PackLoader:240 - Cannot read IP mode file for STMicroelectronics.X-CUBE-AI.8.1.0
2024-01-12 12:58:33,533 [WARN] ConditionMgr:438 - getConditionDescription Invalid condition id : LAN8742 Phy interface Condition cause : null
2024-01-12 12:58:33,534 [WARN] PackLoader:240 - Cannot read IP mode file for STMicroelectronics.X-CUBE-AZRTOS-L4.2.0.0
2024-01-12 12:58:33,535 [WARN] ConditionMgr:1039 - genDependencies : Invalid condition id : LAN8742 Phy interface Condition cause : null
2024-01-12 12:58:33,536 [WARN] ConditionMgr:1039 - genDependencies : Invalid condition id : LAN8742 Phy interface Condition cause : null
2024-01-12 12:58:33,537 [WARN] ConditionMgr:1039 - genDependencies : Invalid condition id : LAN8742 Phy interface Condition cause : null
2024-01-12 12:58:33,559 [WARN] PackLoader:240 - Cannot read IP mode file for STMicroelectronics.X-CUBE-SFXS2LP1.4.0.0
2024-01-12 12:58:33,578 [WARN] PackLoader:240 - Cannot read IP mode file for STMicroelectronics.X-CUBE-ISPU.1.1.0
2024-01-12 12:58:33,613 [WARN] ConditionMgr:438 - getConditionDescription Invalid condition id : UX DEVICE CLASS RTOS Condition cause : null
2024-01-12 12:58:33,613 [WARN] ConditionMgr:438 - getConditionDescription Invalid condition id : UX DEVICE CLASS RTOS Condition cause : null
2024-01-12 12:58:33,615 [WARN] PackLoader:240 - Cannot read IP mode file for STMicroelectronics.X-CUBE-AZRTOS-WB.2.0.0
2024-01-12 12:58:33,616 [WARN] ConditionMgr:1039 - genDependencies : Invalid condition id : UX DEVICE CLASS RTOS Condition cause : null
2024-01-12 12:58:33,617 [WARN] ConditionMgr:1039 - genDependencies : Invalid condition id : UX DEVICE CLASS RTOS Condition cause : null
2024-01-12 12:58:33,618 [WARN] ConditionMgr:1039 - genDependencies : Invalid condition id : UX DEVICE CLASS RTOS Condition cause : null
2024-01-12 12:58:33,618 [WARN] ConditionMgr:1039 - genDependencies : Invalid condition id : UX DEVICE CLASS RTOS Condition cause : null
2024-01-12 12:58:33,618 [WARN] ConditionMgr:1039 - genDependencies : Invalid condition id : UX DEVICE CLASS RTOS Condition cause : null
2024-01-12 12:58:33,644 [WARN] PackLoader:240 - Cannot read IP mode file for STMicroelectronics.X-CUBE-SUBG2.5.0.0
2024-01-12 12:58:33,685 [WARN] PackLoader:240 - Cannot read IP mode file for STMicroelectronics.X-CUBE-AZRTOS-G4.2.0.0
2024-01-12 12:58:33,726 [WARN] PackLoader:240 - Cannot read IP mode file for Infineon.AIROC-Wi-Fi-Bluetooth-STM32.1.5.1
2024-01-12 12:58:33,753 [WARN] PackLoader:240 - Cannot read IP mode file for STMicroelectronics.FP-SNS-MOTENVWB1.1.3.1
2024-01-12 12:58:33,771 [WARN] PackLoader:240 - Cannot read IP mode file for STMicroelectronics.X-CUBE-ISPU.2.0.0
2024-01-12 12:58:33,821 [WARN] PackLoader:240 - Cannot read IP mode file for STMicroelectronics.X-CUBE-MEMS1.10.0.0
2024-01-12 12:58:33,939 [WARN] PackLoader:240 - Cannot read IP mode file for STMicroelectronics.X-CUBE-FREERTOS.1.1.0
2024-01-12 12:58:33,962 [WARN] PackLoader:240 - Cannot read IP mode file for portGmbH.I-Cube-SoM-uGOAL.1.1.0
2024-01-12 12:58:34,043 [WARN] PackLoader:240 - Cannot read IP mode file for STMicroelectronics.X-CUBE-ALS.1.0.1
2024-01-12 12:58:34,061 [WARN] PackLoader:240 - Cannot read IP mode file for STMicroelectronics.FP-ATR-ASTRA1.2.0.0
2024-01-12 12:58:34,097 [WARN] PackLoader:240 - Cannot read IP mode file for STMicroelectronics.X-CUBE-TOF1.3.4.0
2024-01-12 12:58:34,154 [WARN] PackLoader:240 - Cannot read IP mode file for STMicroelectronics.X-CUBE-AZRTOS-H7.3.2.0
2024-01-12 12:58:34,157 [INFO] ThirdParty:978 - Integrity check success = true
2024-01-12 12:58:34,158 [INFO] IntegrityCheckThread:100 - exiting critical section [integrity check]
2024-01-12 12:58:34,158 [INFO] IntegrityCheckThread:103 - End integrity checks thread
2024-01-12 12:58:34,693 [INFO] WebApp:161 - Instantiating new browser for Auth
2024-01-12 12:58:35,899 [INFO] WebApp:780 - Register for checkConnection events
2024-01-12 12:58:35,899 [INFO] WebApp:414 - Apply proxy settings
2024-01-12 12:58:35,900 [INFO] WebApp:499 - Chromium requires no authentication
2024-01-12 12:58:35,916 [INFO] WebApp:442 - Direct internet connection detected
2024-01-12 12:58:36,184 [INFO] WebApp:192 - Starting web application
2024-01-12 12:58:36,185 [INFO] WebApp:544 - Web application path used C:\ST\STM32CubeIDE_1.13.2\STM32CubeIDE\plugins\com.st.stm32cube.common.mx_6.10.0.202311202037\db\plugins\mcufinder\reactClient1\index.html
2024-01-12 12:58:53,597 [INFO] McuFinderGlobals:63 - Set McuFinder mode to 2 (CubeIDE integrated)
2024-01-12 12:58:53,640 [INFO] MainUpdater:2873 - connection check result : 10
2024-01-12 12:58:53,650 [INFO] MainUpdater:2873 - connection check result : 10
2024-01-12 12:58:53,941 [INFO] MicroXplorer:468 - Change Database Path : 
2024-01-12 12:58:53,941 [INFO] MicroXplorer:498 - Change Database Version : DB.6.0.100
2024-01-12 12:58:53,948 [WARN] ThirdParty:871 - waiting for thirdparty lock release [close project]
2024-01-12 12:58:53,948 [INFO] ThirdParty:873 - entering critical section [close project]
2024-01-12 12:58:53,949 [INFO] ThirdParty:883 - exiting critical section [close project]
2024-01-12 12:58:53,951 [INFO] PinOutPanel:1499 - setPackage(No Configuration,No Configuration)
2024-01-12 12:58:53,956 [INFO] UtilMem:75 - Begin LoadConfig() Used Memory: 244851984 Bytes (369098752)
2024-01-12 12:58:53,958 [INFO] MicroXplorer:468 - Change Database Path : 
2024-01-12 12:58:53,958 [INFO] MicroXplorer:498 - Change Database Version : DB.6.0.100
2024-01-12 12:58:53,958 [INFO] OpenFileManager:312 - Change cursor
2024-01-12 12:58:54,000 [INFO] Mcu:2016 - Initializing MCU STM32F042F4Px STM32F042F4Px STM32F042F4P6
2024-01-12 12:58:55,657 [INFO] Context:659 - Trying to add GPIOservice into a context  which must be forbidden
2024-01-12 12:58:56,176 [INFO] RtosManager:555 - Registered RTOS mode: class=CMSIS, group=RTOS, mode=CMSIS_V1, owner=FREERTOS
2024-01-12 12:58:56,176 [INFO] RtosManager:555 - Registered RTOS mode: class=CMSIS, group=RTOS2, mode=CMSIS_V2, owner=FREERTOS
2024-01-12 12:58:56,176 [INFO] RtosManager:555 - Registered RTOS mode: class=RTOS, group=Core, mode=CMSIS_V1, owner=FREERTOS
2024-01-12 12:58:56,177 [INFO] RtosManager:555 - Registered RTOS mode: class=RTOS, group=Core, mode=CMSIS_V2, owner=FREERTOS
2024-01-12 12:58:56,177 [WARN] ModelIntegratedComponent:184 - Missing modes for component STMicroelectronics:FreeRTOS:0.0.1:STMicroelectronics:RTOS:FreeRTOS:Core:::10.2.0:
2024-01-12 12:58:56,200 [WARN] ModelIntegratedComponent:63 - No mode defined for component null
2024-01-12 12:58:56,200 [WARN] ModelIntegratedComponent:63 - No mode defined for component null
2024-01-12 12:58:56,201 [WARN] ModelIntegratedComponent:63 - No mode defined for component null
2024-01-12 12:58:56,201 [WARN] ModelIntegratedComponent:63 - No mode defined for component null
2024-01-12 12:58:56,201 [WARN] ModelIntegratedComponent:63 - No mode defined for component null
2024-01-12 12:58:56,201 [WARN] ModelIntegratedComponent:63 - No mode defined for component null
2024-01-12 12:58:56,201 [WARN] ModelIntegratedComponent:63 - No mode defined for component null
2024-01-12 12:58:56,201 [WARN] ModelIntegratedComponent:63 - No mode defined for component null
2024-01-12 12:58:56,201 [WARN] ModelIntegratedComponent:63 - No mode defined for component null
2024-01-12 12:58:56,201 [WARN] ModelIntegratedComponent:63 - No mode defined for component null
2024-01-12 12:58:56,202 [WARN] ModelIntegratedComponent:63 - No mode defined for component null
2024-01-12 12:58:56,202 [WARN] ModelIntegratedComponent:63 - No mode defined for component null
2024-01-12 12:58:56,202 [WARN] ModelIntegratedComponent:63 - No mode defined for component null
2024-01-12 12:58:56,202 [WARN] ModelIntegratedComponent:63 - No mode defined for component null
2024-01-12 12:58:56,202 [WARN] ModelIntegratedComponent:63 - No mode defined for component null
2024-01-12 12:58:56,202 [WARN] ModelIntegratedComponent:63 - No mode defined for component null
2024-01-12 12:58:56,202 [WARN] ModelIntegratedComponent:63 - No mode defined for component null
2024-01-12 12:58:56,202 [WARN] ModelIntegratedComponent:63 - No mode defined for component null
2024-01-12 12:58:56,202 [WARN] ModelIntegratedComponent:63 - No mode defined for component null
2024-01-12 12:58:56,202 [WARN] ModelIntegratedComponent:63 - No mode defined for component null
2024-01-12 12:58:56,203 [WARN] ModelIntegratedComponent:63 - No mode defined for component null
2024-01-12 12:58:56,203 [WARN] ModelIntegratedComponent:63 - No mode defined for component null
2024-01-12 12:58:56,203 [WARN] ModelIntegratedComponent:63 - No mode defined for component null
2024-01-12 12:58:56,203 [WARN] ModelIntegratedComponent:63 - No mode defined for component null
2024-01-12 12:58:56,203 [WARN] ModelIntegratedComponent:63 - No mode defined for component null
2024-01-12 12:58:56,203 [WARN] ModelIntegratedComponent:63 - No mode defined for component null
2024-01-12 12:58:56,203 [WARN] ModelIntegratedComponent:63 - No mode defined for component null
2024-01-12 12:58:56,203 [WARN] ModelIntegratedComponent:63 - No mode defined for component null
2024-01-12 12:58:56,204 [WARN] ModelIntegratedComponent:63 - No mode defined for component null
2024-01-12 12:58:56,204 [WARN] ModelIntegratedComponent:63 - No mode defined for component null
2024-01-12 12:58:56,204 [WARN] ModelIntegratedComponent:63 - No mode defined for component null
2024-01-12 12:58:56,204 [WARN] ModelIntegratedComponent:63 - No mode defined for component null
2024-01-12 12:58:56,204 [WARN] ModelIntegratedComponent:63 - No mode defined for component null
2024-01-12 12:58:56,317 [INFO] ThirdPartyModel:298 - Start build external matchings
2024-01-12 12:58:56,579 [INFO] ThirdPartyModel:316 - End build external matchings
2024-01-12 12:58:56,868 [INFO] UtilMem:75 - End LoadConfig() Used Memory: 260585360 Bytes (374341632)
2024-01-12 12:58:57,098 [INFO] ApiDb:581 - Connected to CubeFinder SQLite database (C:\Users\aleja\.stmcufinder\plugins\mcufinder\mcu\cube-finder-db.db)
2024-01-12 12:58:57,214 [INFO] ApiDb:668 - CubeFinder database Data Model version=2.1
2024-01-12 12:58:57,214 [INFO] ApiDb:669 - CubeFinder database Configuration version=3.0.39
2024-01-12 12:58:57,214 [INFO] ApiDb:670 - CubeFinder database generation date=2023-12-08 (1702028721)
2024-01-12 12:58:57,214 [INFO] ApiDb:671 - CubeFinder database FW Pack versions=[FP-ATR-ASTRA1_V2.0.0, FP-SNS-FLIGHT1_V5.0.1, FP-SNS-FLIGHT1_V5.0.2, FP-SNS-MOTENV1_V4.3.1, FP-SNS-MOTENV1_V4.3.2, FP-SNS-MOTENVWB1_V1.3.1, FP-SNS-SMARTAG2_V1.2.0, STM32Cube_FW_C0_V1.1.0, STM32Cube_FW_F4_V1.28.0, STM32Cube_FW_F7_V1.17.0, STM32Cube_FW_G0_V1.6.1, STM32Cube_FW_G4_V1.5.1, STM32Cube_FW_H5_V0.5.1, STM32Cube_FW_H5_V1.1.1, STM32Cube_FW_H5_V1.2.0RC2, STM32Cube_FW_H7_V1.11.0, STM32Cube_FW_L0_V1.12.2, STM32Cube_FW_L5_V1.5.0, STM32Cube_FW_U5_V1.3.0RC4, STM32Cube_FW_U5_V1.4.0, STM32Cube_FW_WBA_V1.0.0RC1, STM32Cube_FW_WBA_V1.1.0RC1, STM32Cube_FW_WBA_V1.2.0, STM32Cube_FW_WBA_V1.2.0RC2, STM32Cube_FW_WB_V1.15.0RC1, STM32Cube_FW_WB_V1.16.0, STM32Cube_FW_WB_V1.16.0RC2, STM32Cube_FW_WB_V1.18.0, STM32Cube_FW_WL_V1.3.0, X-CUBE-ALGOBUILD_V1.3.0, X-CUBE-ALS_V1.0.1, X-CUBE-AZRTOS-F4_V1.1.0, X-CUBE-AZRTOS-F7_V1.1.0, X-CUBE-AZRTOS-G0_V1.1.0, X-CUBE-AZRTOS-G4_V2.0.0, X-CUBE-AZRTOS-H7_V3.1.0, X-CUBE-AZRTOS-L4_V1.0.0, X-CUBE-AZRTOS-L4_V2.0.0, X-CUBE-AZRTOS-L5_V1.1.0, X-CUBE-AZRTOS-WB_V2.0.0, X-CUBE-AZRTOS-WL_V2.0.0, X-CUBE-BLE1_V7.0.0, X-CUBE-BLE2_V3.3.0, X-CUBE-BLEMGR_V3.0.0, X-CUBE-EEPRMA1_V4.1.0, X-CUBE-EEPRMA1_V4.2.0, X-CUBE-FREERTOS_V1.1.0, X-CUBE-GNSS1_V6.0.0, X-CUBE-MEMS1_V10.0.0, X-CUBE-MEMS1_V9.1.0, X-CUBE-MEMS1_V9.4.0, X-CUBE-MEMS1_V9.6.0, X-CUBE-NFC4_V3.0.0, X-CUBE-NFC7_V1.0.1, X-CUBE-SFXS2LP1_V4.0.0, X-CUBE-SUBG2_V5.0.0, X-CUBE-TOF1_V3.4.0]
2024-01-12 12:58:58,251 [ERROR] LogOutputStream:75 - [STDERR_REDIRECT] SLF4J: Failed to load class "org.slf4j.impl.StaticLoggerBinder".
2024-01-12 12:58:58,253 [ERROR] LogOutputStream:75 - [STDERR_REDIRECT] SLF4J: Defaulting to no-operation (NOP) logger implementation
2024-01-12 12:58:58,255 [ERROR] LogOutputStream:75 - [STDERR_REDIRECT] SLF4J: See http://www.slf4j.org/codes.html#StaticLoggerBinder for further details.
2024-01-12 12:59:01,907 [INFO] ApiDb:240 - Found 371 in-development CPN: [B-G473E-ZEST1S, B-WB1M-WPAN1, B-WL5M-SUBG1, NUCLEO-C031C6, NUCLEO-H503RB, NUCLEO-H563ZI, NUCLEO-U545RE-Q, NUCLEO-U5A5ZJ-Q, NUCLEO-WBA52CG, NUCLEO-WBA55CG, STEVAL-MKBOXPRO, STEVAL-PROTEUS1, STEVAL-STWINBX1, STM320518-EVAL, STM32C0116-DK, STM32C011D6Y3TR, STM32C011D6Y6TR, STM32C011F4P3, STM32C011F4P6, STM32C011F4U3, STM32C011F4U6TR, STM32C011F6P3, STM32C011F6P6, STM32C011F6U3, STM32C011F6U6TR, STM32C011J4M3, STM32C011J4M6, STM32C011J6M3, STM32C011J6M6, STM32C0316-DK, STM32C031C4T3, STM32C031C4T6, STM32C031C4U3, STM32C031C4U6, STM32C031C6T3, STM32C031C6T6, STM32C031C6U3, STM32C031C6U6, STM32C031F4P3, STM32C031F4P6, STM32C031F6P3, STM32C031F6P6, STM32C031G4U3, STM32C031G4U6, STM32C031G6U3, STM32C031G6U6, STM32C031K4T3, STM32C031K4T6, STM32C031K4U3, STM32C031K4U6, STM32C031K6T3, STM32C031K6T6, STM32C031K6U3, STM32C031K6U6, STM32G071K8TXN, STM32G071K8UXN, STM32G081GBU6N, STM32G081KBT6N, STM32G081KBUXN, STM32G0B1CCT6N, STM32G0B1KCT6, STM32G0B1NEY6TR, STM32G0B1RCT6N, STM32G0C1CCT6, STM32G0C1CCT6N, STM32G0C1CCU6N, STM32G0C1CET6N, STM32G0C1CEU6N, STM32G0C1KCT6, STM32G0C1NEY6TR, STM32G0C1RCI6N, STM32G0C1RCT6N, STM32G0C1REI6N, STM32G0C1RET6N, STM32G0C1VCI6, STM32G0C1VEI6, STM32G471CCT6, STM32G471CCU6, STM32G471CET3, STM32G471CET6, STM32G471CEU3, STM32G471CEU6, STM32G471MCT6, STM32G471MET3, STM32G471MET6, STM32G471MEY6TR, STM32G471QCT6, STM32G471QET3, STM32G471RCT6, STM32G471RET3, STM32G471RET6, STM32G471VCH6, STM32G471VCI6, STM32G471VCT6, STM32G471VEH3, STM32G471VEH6, STM32G471VEI3, STM32G471VEI6, STM32G471VET3, STM32G471VET6, STM32G474CCT6, STM32H503CBT6, STM32H503CBU6, STM32H503EBY6TR, STM32H503KBU6, STM32H503RBT6, STM32H562AGI6, STM32H562AII6, STM32H562IGK6, STM32H562IGT6, STM32H562IIK6, STM32H562IIT6, STM32H562RGT6, STM32H562RGV6, STM32H562RIT6, STM32H562RIV6, STM32H562VGT6, STM32H562VIT6, STM32H562ZGT6, STM32H562ZIT6, STM32H563AGI6, STM32H563AII3Q, STM32H563AII6, STM32H563IGK6, STM32H563IGT6, STM32H563IIK3Q, STM32H563IIK6, STM32H563IIT3Q, STM32H563IIT6, STM32H563MIY3QTR, STM32H563RGT6, STM32H563RGV6, STM32H563RIT6, STM32H563RIV6, STM32H563VGT6, STM32H563VIT3Q, STM32H563VIT6, STM32H563ZGT6, STM32H563ZIT3Q, STM32H563ZIT6, STM32H573AII3Q, STM32H573AII6, STM32H573I-DK, STM32H573IIK3Q, STM32H573IIK6, STM32H573IIT3Q, STM32H573IIT6, STM32H573MIY3QTR, STM32H573RIT6, STM32H573RIV6, STM32H573VIT3Q, STM32H573VIT6, STM32H573ZIT3Q, STM32H573ZIT6, STM32L4R5QGI6STR, STM32MP131AAE3, STM32MP131AAF3, STM32MP131AAG3, STM32MP131CAE3, STM32MP131CAF3, STM32MP131CAG3, STM32MP131DAE7, STM32MP131DAF7, STM32MP131DAG7, STM32MP131FAE7, STM32MP131FAF7, STM32MP131FAG7, STM32MP133AAE3, STM32MP133AAF3, STM32MP133AAG3, STM32MP133CAE3, STM32MP133CAF3, STM32MP133CAG3, STM32MP133DAE7, STM32MP133DAF7, STM32MP133DAG7, STM32MP133FAE7, STM32MP133FAF7, STM32MP133FAG7, STM32MP135AAE3, STM32MP135AAF3, STM32MP135AAG3, STM32MP135CAE3, STM32MP135CAF3, STM32MP135CAG3, STM32MP135DAE7, STM32MP135DAF7, STM32MP135DAG7, STM32MP135F-DK, STM32MP135FAE7, STM32MP135FAF7, STM32MP135FAF7T, STM32MP135FAF7U, STM32MP135FAG7, STM32U535CBT6, STM32U535CBT6Q, STM32U535CBU6, STM32U535CBU6Q, STM32U535CCT6, STM32U535CCT6Q, STM32U535CCU6, STM32U535CCU6Q, STM32U535CET6, STM32U535CET6Q, STM32U535CEU6, STM32U535CEU6Q, STM32U535JEY6QTR, STM32U535NCY6QTR, STM32U535NEY6QTR, STM32U535RBI6, STM32U535RBI6Q, STM32U535RBT6, STM32U535RBT6Q, STM32U535RCI6, STM32U535RCI6Q, STM32U535RCT6, STM32U535RCT6Q, STM32U535REI6, STM32U535REI6Q, STM32U535RET6, STM32U535RET6Q, STM32U535VCI6, STM32U535VCI6Q, STM32U535VCT6, STM32U535VCT6Q, STM32U535VEI6, STM32U535VEI6Q, STM32U535VET6, STM32U535VET6Q, STM32U545CET6, STM32U545CET6Q, STM32U545CEU6, STM32U545CEU6Q, STM32U545JEY6QTR, STM32U545NEY6QTR, STM32U545REI6, STM32U545REI6Q, STM32U545RET6, STM32U545RET6Q, STM32U545VEI6, STM32U545VEI6Q, STM32U545VET6, STM32U545VET6Q, STM32U595AIH6, STM32U595AIH6Q, STM32U595AJH6, STM32U595AJH6Q, STM32U595QII6, STM32U595QII6Q, STM32U595QJI6, STM32U595QJI6Q, STM32U595RIT6, STM32U595RIT6Q, STM32U595RJT6, STM32U595RJT6Q, STM32U595VIT6, STM32U595VIT6Q, STM32U595VJT6, STM32U595VJT6Q, STM32U595ZIT6, STM32U595ZIT6Q, STM32U595ZIY6QTR, STM32U595ZJT6, STM32U595ZJT6Q, STM32U595ZJY6QTR, STM32U599BJY6QTR, STM32U599NIH6Q, STM32U599NJH6Q, STM32U599VIT6Q, STM32U599VJT6, STM32U599VJT6Q, STM32U599ZIT6Q, STM32U599ZIY6QTR, STM32U599ZJT6Q, STM32U599ZJY6QTR, STM32U5A5AJH6, STM32U5A5AJH6Q, STM32U5A5QJI6, STM32U5A5QJI6Q, STM32U5A5RJT6, STM32U5A5RJT6Q, STM32U5A5VJT6, STM32U5A5VJT6Q, STM32U5A5ZJT6, STM32U5A5ZJT6Q, STM32U5A5ZJY6QTR, STM32U5A9BJY6QTR, STM32U5A9J-DK, STM32U5A9NJH6Q, STM32U5A9VJT6Q, STM32U5A9ZJT6Q, STM32U5A9ZJY6QTR, STM32U5F7VIT6, STM32U5F7VIT6Q, STM32U5F7VJT6, STM32U5F7VJT6Q, STM32U5F9BJY6QTR, STM32U5F9NJH6Q, STM32U5F9VIT6Q, STM32U5F9VJT6Q, STM32U5F9ZIJ6QTR, STM32U5F9ZIT6Q, STM32U5F9ZJJ6QTR, STM32U5F9ZJT6Q, STM32U5G7VJT6, STM32U5G7VJT6Q, STM32U5G9BJY6QTR, STM32U5G9J-DK1, STM32U5G9J-DK2, STM32U5G9NJH6Q, STM32U5G9VJT6Q, STM32U5G9ZJJ6QTR, STM32U5G9ZJT6Q, STM32WB1MMCH6, STM32WBA50KEU6, STM32WBA50KEU6TR, STM32WBA50KGU6, STM32WBA50KGU6TR, STM32WBA52CEU6, STM32WBA52CEU6TR, STM32WBA52CEU7, STM32WBA52CEU7TR, STM32WBA52CGU6, STM32WBA52CGU6TR, STM32WBA52CGU6U, STM32WBA52CGU7, STM32WBA52CGU7TR, STM32WBA52KEU6, STM32WBA52KEU6TR, STM32WBA52KGU6, STM32WBA52KGU6TR, STM32WBA54CEU6, STM32WBA54CEU6TR, STM32WBA54CEU7, STM32WBA54CEU7TR, STM32WBA54CGU6, STM32WBA54CGU6TR, STM32WBA54CGU7, STM32WBA54CGU7TR, STM32WBA54KEU6, STM32WBA54KEU6TR, STM32WBA54KEU7, STM32WBA54KEU7TR, STM32WBA54KGU6, STM32WBA54KGU6TR, STM32WBA54KGU7, STM32WBA54KGU7TR, STM32WBA55CEU6, STM32WBA55CEU6TR, STM32WBA55CEU7, STM32WBA55CEU7TR, STM32WBA55CGU6, STM32WBA55CGU6TR, STM32WBA55CGU6U, STM32WBA55CGU7, STM32WBA55CGU7TR, STM32WBA55G-DK1, STM32WBA55HEF6, STM32WBA55HEF7, STM32WBA55HGF6, STM32WBA55HGF7, STM32WBA55UEI6, STM32WBA55UEI6TR, STM32WBA55UEI7, STM32WBA55UEI7TR, STM32WBA55UGI6, STM32WBA55UGI6TR, STM32WBA55UGI7, STM32WBA55UGI7TR, STM32WL5MOCH6, STM32WL5MOCH6TR]
2024-01-12 12:59:01,914 [INFO] DbMcus:218 - Found 3930 MCUs, 3930 are supported
2024-01-12 12:59:01,929 [INFO] ApiDb:423 - Load user favorites file C:\Users\aleja/.stm32cubeide/favorites.mcus.txt: 1 item(s)
2024-01-12 12:59:01,931 [INFO] ApiDb:427 - User favorites MCUs=[STM32F042F4P6]
2024-01-12 12:59:01,931 [INFO] DbMcus:224 - Set 1 / 1 favorites MCUs
2024-01-12 12:59:02,682 [INFO] MicroXplorer:468 - Change Database Path : 
2024-01-12 12:59:02,682 [INFO] MicroXplorer:498 - Change Database Version : DB.6.0.100
2024-01-12 12:59:02,683 [WARN] ThirdParty:833 - waiting for thirdparty lock release [change project]
2024-01-12 12:59:02,683 [INFO] ThirdParty:835 - entering critical section [change project]
2024-01-12 12:59:02,683 [INFO] ThirdParty:1030 - CMSIS Pack Vendor :STMicroelectronics X-CUBE-ISPU 1.1.0
2024-01-12 12:59:02,683 [INFO] ThirdParty:1030 - CMSIS Pack Vendor :STMicroelectronics USBPD 4.1
2024-01-12 12:59:02,683 [INFO] ThirdParty:1030 - CMSIS Pack Vendor :STMicroelectronics X-CUBE-GNSS1 6.0.0
2024-01-12 12:59:02,683 [INFO] ThirdParty:1030 - CMSIS Pack Vendor :STMicroelectronics USB_HOST 2.0.0
2024-01-12 12:59:02,684 [INFO] ThirdParty:1030 - CMSIS Pack Vendor :STMicroelectronics X-CUBE-AZRTOS-F4 1.1.0
2024-01-12 12:59:02,684 [INFO] ThirdParty:1030 - CMSIS Pack Vendor :STMicroelectronics LIBJPEG 8.0.0
2024-01-12 12:59:02,684 [INFO] ThirdParty:1030 - CMSIS Pack Vendor :wolfSSL I-CUBE-wolfSSL 5.6.4
2024-01-12 12:59:02,684 [INFO] ThirdParty:1030 - CMSIS Pack Vendor :STMicroelectronics X-CUBE-SMBUS 2.1.0
2024-01-12 12:59:02,684 [INFO] ThirdParty:1030 - CMSIS Pack Vendor :STMicroelectronics USB_DEVICE 3.0.0
2024-01-12 12:59:02,684 [INFO] ThirdParty:1030 - CMSIS Pack Vendor :STMicroelectronics X-CUBE-AZRTOS-WB 2.0.0
2024-01-12 12:59:02,684 [INFO] ThirdParty:1030 - CMSIS Pack Vendor :STMicroelectronics X-CUBE-TOUCHGFX 4.23.0
2024-01-12 12:59:02,684 [INFO] ThirdParty:1030 - CMSIS Pack Vendor :STMicroelectronics X-CUBE-AZRTOS-F7 1.1.0
2024-01-12 12:59:02,684 [INFO] ThirdParty:1030 - CMSIS Pack Vendor :STMicroelectronics X-CUBE-AZRTOS-L5 2.0.0
2024-01-12 12:59:02,684 [INFO] ThirdParty:1030 - CMSIS Pack Vendor :STMicroelectronics USB_DEVICE 2.0.0
2024-01-12 12:59:02,684 [INFO] ThirdParty:1030 - CMSIS Pack Vendor :STMicroelectronics X-CUBE-EEPRMA1 4.2.0
2024-01-12 12:59:02,684 [INFO] ThirdParty:1030 - CMSIS Pack Vendor :ITTIA_DB I-CUBE-ITTIADB 8.8.0
2024-01-12 12:59:02,684 [INFO] ThirdParty:1030 - CMSIS Pack Vendor :STMicroelectronics FP-SNS-MOTENV1 4.3.2
2024-01-12 12:59:02,685 [INFO] ThirdParty:1030 - CMSIS Pack Vendor :STMicroelectronics X-CUBE-ALGOBUILD 1.3.0
2024-01-12 12:59:02,685 [INFO] ThirdParty:1030 - CMSIS Pack Vendor :STMicroelectronics FreeRTOS 0.0.1
2024-01-12 12:59:02,685 [INFO] ThirdParty:1030 - CMSIS Pack Vendor :STMicroelectronics X-CUBE-AZRTOS-G0 1.1.0
2024-01-12 12:59:02,685 [INFO] ThirdParty:1030 - CMSIS Pack Vendor :STMicroelectronics X-CUBE-NFC4 3.0.0
2024-01-12 12:59:02,685 [INFO] ThirdParty:1030 - CMSIS Pack Vendor :STMicroelectronics X-CUBE-SUBG2 5.0.0
2024-01-12 12:59:02,685 [INFO] ThirdParty:1030 - CMSIS Pack Vendor :STMicroelectronics STM32_WPAN 1.0.0
2024-01-12 12:59:02,685 [INFO] ThirdParty:1030 - CMSIS Pack Vendor :STMicroelectronics lwIP 2.0.3
2024-01-12 12:59:02,685 [INFO] ThirdParty:1030 - CMSIS Pack Vendor :STMicroelectronics FP-SNS-FLIGHT1 5.0.2
2024-01-12 12:59:02,685 [INFO] ThirdParty:1030 - CMSIS Pack Vendor :STMicroelectronics USB_HOST 1.0.0
2024-01-12 12:59:02,685 [INFO] ThirdParty:1030 - CMSIS Pack Vendor :STMicroelectronics X-CUBE-AZRTOS-G4 2.0.0
2024-01-12 12:59:02,685 [INFO] ThirdParty:1030 - CMSIS Pack Vendor :STMicroelectronics PDM2PCM 3.1.0
2024-01-12 12:59:02,685 [INFO] ThirdParty:1030 - CMSIS Pack Vendor :STMicroelectronics X-CUBE-AZRTOS-H7 3.1.0
2024-01-12 12:59:02,686 [INFO] ThirdParty:1030 - CMSIS Pack Vendor :Infineon AIROC-Wi-Fi-Bluetooth-STM32 1.5.1
2024-01-12 12:59:02,686 [INFO] ThirdParty:1030 - CMSIS Pack Vendor :STMicroelectronics X-CUBE-BLEMGR 3.0.0
2024-01-12 12:59:02,686 [INFO] ThirdParty:1030 - CMSIS Pack Vendor :STMicroelectronics PDM2PCM 3.3.0
2024-01-12 12:59:02,686 [INFO] ThirdParty:1030 - CMSIS Pack Vendor :STMicroelectronics X-CUBE-DISPLAY 3.0.0
2024-01-12 12:59:02,686 [INFO] ThirdParty:1030 - CMSIS Pack Vendor :STMicroelectronics FP-SNS-MOTENVWB1 1.3.1
2024-01-12 12:59:02,686 [INFO] ThirdParty:1030 - CMSIS Pack Vendor :STMicroelectronics X-CUBE-BLE1 7.0.0
2024-01-12 12:59:02,686 [INFO] ThirdParty:1030 - CMSIS Pack Vendor :STMicroelectronics FP-ATR-SIGFOX1 3.2.0
2024-01-12 12:59:02,686 [INFO] ThirdParty:1030 - CMSIS Pack Vendor :STMicroelectronics X-CUBE-ISPU 2.0.0
2024-01-12 12:59:02,686 [INFO] ThirdParty:1030 - CMSIS Pack Vendor :STMicroelectronics HAL Drivers 0.0.0
2024-01-12 12:59:02,686 [INFO] ThirdParty:1030 - CMSIS Pack Vendor :STMicroelectronics MBEDTLS 2.16.2
2024-01-12 12:59:02,686 [INFO] ThirdParty:1030 - CMSIS Pack Vendor :emotas I-CUBE-CANOPEN 1.3.0
2024-01-12 12:59:02,686 [INFO] ThirdParty:1030 - CMSIS Pack Vendor :STMicroelectronics X-CUBE-MEMS1 10.0.0
2024-01-12 12:59:02,686 [INFO] ThirdParty:1030 - CMSIS Pack Vendor :STMicroelectronics X-CUBE-FREERTOS 1.1.0
2024-01-12 12:59:02,686 [INFO] ThirdParty:1030 - CMSIS Pack Vendor :STMicroelectronics X-CUBE-NFC7 1.0.1
2024-01-12 12:59:02,686 [INFO] ThirdParty:1030 - CMSIS Pack Vendor :STMicroelectronics MBEDTLS 2.14.1
2024-01-12 12:59:02,686 [INFO] ThirdParty:1030 - CMSIS Pack Vendor :STMicroelectronics X-CUBE-TOUCHGFX 4.22.1
2024-01-12 12:59:02,687 [INFO] ThirdParty:1030 - CMSIS Pack Vendor :STMicroelectronics X-CUBE-NFC6 3.0.0
2024-01-12 12:59:02,687 [INFO] ThirdParty:1030 - CMSIS Pack Vendor :portGmbH I-Cube-SoM-uGOAL 1.1.0
2024-01-12 12:59:02,687 [INFO] ThirdParty:1030 - CMSIS Pack Vendor :STMicroelectronics X-CUBE-ALS 1.0.1
2024-01-12 12:59:02,687 [INFO] ThirdParty:1030 - CMSIS Pack Vendor :STMicroelectronics ThreadX 1.0.0
2024-01-12 12:59:02,687 [INFO] ThirdParty:1030 - CMSIS Pack Vendor :STMicroelectronics FP-SNS-SMARTAG2 1.2.0
2024-01-12 12:59:02,687 [INFO] ThirdParty:1030 - CMSIS Pack Vendor :STMicroelectronics X-CUBE-AZRTOS-WL 2.0.0
2024-01-12 12:59:02,687 [INFO] ThirdParty:1030 - CMSIS Pack Vendor :STMicroelectronics USB_DEVICE 1.0.0
2024-01-12 12:59:02,687 [INFO] ThirdParty:1030 - CMSIS Pack Vendor :STMicroelectronics X-CUBE-AI 8.1.0
2024-01-12 12:59:02,687 [INFO] ThirdParty:1030 - CMSIS Pack Vendor :STMicroelectronics X-CUBE-AZRTOS-L4 2.0.0
2024-01-12 12:59:02,687 [INFO] ThirdParty:1030 - CMSIS Pack Vendor :STMicroelectronics ThreadX 0.0.2
2024-01-12 12:59:02,687 [INFO] ThirdParty:1030 - CMSIS Pack Vendor :WES I-CUBE-Cesium 1.3.0
2024-01-12 12:59:02,687 [INFO] ThirdParty:1030 - CMSIS Pack Vendor :STMicroelectronics FP-ATR-ASTRA1 2.0.0
2024-01-12 12:59:02,687 [INFO] ThirdParty:1030 - CMSIS Pack Vendor :STMicroelectronics lwIP 2.1.2
2024-01-12 12:59:02,687 [INFO] ThirdParty:1030 - CMSIS Pack Vendor :STMicroelectronics X-CUBE-SFXS2LP1 4.0.0
2024-01-12 12:59:02,688 [INFO] ThirdParty:1030 - CMSIS Pack Vendor :STMicroelectronics X-CUBE-BLE2 3.3.0
2024-01-12 12:59:02,688 [INFO] ThirdParty:1030 - CMSIS Pack Vendor :STMicroelectronics X-CUBE-TOF1 3.4.0
2024-01-12 12:59:02,688 [INFO] ThirdParty:1030 - CMSIS Pack Vendor :STMicroelectronics X-CUBE-AZRTOS-H7 3.2.0
2024-01-12 12:59:02,688 [INFO] ThirdParty:1030 - CMSIS Pack Vendor :STMicroelectronics PDM2PCM 3.2.0
2024-01-12 12:59:02,688 [INFO] ThirdParty:841 - exiting critical section [change project]
2024-01-12 12:59:03,139 [INFO] PinOutPanel:1499 - setPackage(No Configuration,No Configuration)
2024-01-12 12:59:03,143 [INFO] PinOutPanel:1499 - setPackage(STM32F042F4Px,TSSOP20)
2024-01-12 12:59:04,599 [INFO] UtilMem:75 - Before build in PCC Used Memory: 265353016 Bytes (428867584)
2024-01-12 12:59:06,257 [INFO] UtilMem:75 - After build in PCC Used Memory: 382627352 Bytes (481296384)
2024-01-12 12:59:06,298 [INFO] IPUIPlugin:80 - create IPUIPlugin
2024-01-12 12:59:06,298 [INFO] IPUIPlugin:80 - create IPUIPlugin
2024-01-12 12:59:06,299 [INFO] IPUIPlugin:80 - create IPUIPlugin
2024-01-12 12:59:06,299 [INFO] IPUIPlugin:80 - create IPUIPlugin
2024-01-12 12:59:06,299 [INFO] IPUIPlugin:80 - create IPUIPlugin
2024-01-12 12:59:06,299 [INFO] IPUIPlugin:80 - create IPUIPlugin
2024-01-12 12:59:06,299 [INFO] IPUIPlugin:80 - create IPUIPlugin
2024-01-12 12:59:06,300 [INFO] IPUIPlugin:80 - create IPUIPlugin
2024-01-12 12:59:06,300 [INFO] IPUIPlugin:80 - create IPUIPlugin
2024-01-12 12:59:06,300 [INFO] IPUIPlugin:80 - create IPUIPlugin
2024-01-12 12:59:06,300 [INFO] IPUIPlugin:80 - create IPUIPlugin
2024-01-12 12:59:06,300 [INFO] IPUIPlugin:80 - create IPUIPlugin
2024-01-12 12:59:06,301 [INFO] IPUIPlugin:80 - create IPUIPlugin
2024-01-12 12:59:06,301 [INFO] IPUIPlugin:80 - create IPUIPlugin
2024-01-12 12:59:06,301 [INFO] IPUIPlugin:80 - create IPUIPlugin
2024-01-12 12:59:06,301 [INFO] IPUIPlugin:80 - create IPUIPlugin
2024-01-12 12:59:06,302 [INFO] IPUIPlugin:80 - create IPUIPlugin
2024-01-12 12:59:06,302 [INFO] IPUIPlugin:80 - create IPUIPlugin
2024-01-12 12:59:06,302 [INFO] IPUIPlugin:80 - create IPUIPlugin
2024-01-12 12:59:06,302 [INFO] IPUIPlugin:80 - create IPUIPlugin
2024-01-12 12:59:06,303 [INFO] IPUIPlugin:80 - create IPUIPlugin
2024-01-12 12:59:06,303 [INFO] IPUIPlugin:80 - create IPUIPlugin
2024-01-12 12:59:06,303 [INFO] IPUIPlugin:80 - create IPUIPlugin
2024-01-12 12:59:06,303 [INFO] IPUIPlugin:80 - create IPUIPlugin
2024-01-12 12:59:06,303 [INFO] IPUIPlugin:80 - create IPUIPlugin
2024-01-12 12:59:06,305 [INFO] IPUIPlugin:80 - create IPUIPlugin
2024-01-12 12:59:06,305 [INFO] IPUIPlugin:80 - create IPUIPlugin
2024-01-12 12:59:06,305 [INFO] IPUIPlugin:80 - create IPUIPlugin
2024-01-12 12:59:06,305 [INFO] IPUIPlugin:80 - create IPUIPlugin
2024-01-12 12:59:06,306 [INFO] IPUIPlugin:80 - create IPUIPlugin
2024-01-12 12:59:06,696 [INFO] CADModel:165 - CPN selected for project levelSTM32F042F4P6
2024-01-12 12:59:06,697 [INFO] CADModel:114 - Register for checkConnection events
2024-01-12 12:59:06,778 [INFO] OpenFileManager:343 - Restore cursor
2024-01-12 13:08:05,977 [ERROR] LogOutputStream:75 - [STDERR_REDIRECT] 
2024-01-12 13:08:05,977 [ERROR] LogOutputStream:75 - [STDERR_REDIRECT] 
2024-01-12 13:09:22,823 [INFO] Activator:176 - 


2024-01-12 13:09:22,827 [INFO] Activator:177 - !SESSION log4j initialized
2024-01-12 13:09:32,990 [INFO] LogOutputStream:77 - [STDOUT_REDIRECT] 
2024-01-12 13:09:34,406 [INFO] ApplicationProperties:184 - Using Application install path: C:\ST\STM32CubeIDE_1.13.2\STM32CubeIDE\plugins\com.st.stm32cube.common.mx_6.10.0.202311202037
2024-01-12 13:09:34,428 [INFO] DbMcusXml:78 - Set database path to: C:\ST\STM32CubeIDE_1.13.2\STM32CubeIDE\plugins\com.st.stm32cube.common.mx_6.10.0.202311202037\\db\/mcu/
2024-01-12 13:09:34,428 [INFO] ApiDb:274 - Set plugin database path to: C:\ST\STM32CubeIDE_1.13.2\STM32CubeIDE\plugins\com.st.stm32cube.common.mx_6.10.0.202311202037\\db\/plugins/boardmanager/
2024-01-12 13:09:34,428 [WARN] ApiDb:259 - Overriding images path with different value:  => C:\ST\STM32CubeIDE_1.13.2\STM32CubeIDE\plugins\com.st.stm32cube.common.mx_6.10.0.202311202037\\db\/plugins/mcufinder/images/
2024-01-12 13:09:34,441 [INFO] ApiDb:250 - Set database path to: C:\Users\aleja\.stmcufinder\plugins\mcufinder//mcu/
2024-01-12 13:09:34,443 [INFO] DbMcusAds:125 - Set database path to: C:\Users\aleja\.stmcufinder\plugins\mcufinder//mcu/
2024-01-12 13:09:34,444 [INFO] CrossReferenceDbSqlite:203 - Set database path to: C:\Users\aleja\.stmcufinder\plugins\mcufinder//mcu/cs/
2024-01-12 13:09:34,595 [INFO] RulesReader:64 - Compatibility file has been processed (297 Rules)
2024-01-12 13:09:34,738 [INFO] DbMcusXml:78 - Set database path to: C:\ST\STM32CubeIDE_1.13.2\STM32CubeIDE\plugins\com.st.stm32cube.common.mx_6.10.0.202311202037\\db\/mcu/
2024-01-12 13:09:34,738 [INFO] ApiDb:274 - Set plugin database path to: C:\ST\STM32CubeIDE_1.13.2\STM32CubeIDE\plugins\com.st.stm32cube.common.mx_6.10.0.202311202037\\db\/plugins/boardmanager/
2024-01-12 13:09:34,739 [INFO] ApiDb:261 - Set plugin images path to: C:\ST\STM32CubeIDE_1.13.2\STM32CubeIDE\plugins\com.st.stm32cube.common.mx_6.10.0.202311202037\\db\/plugins/mcufinder/images/
2024-01-12 13:09:34,739 [WARN] DbFile:41 - Overriding database path with different value: C:\Users\aleja\.stmcufinder\plugins\mcufinder/ => C:\Users\aleja\.stmcufinder\plugins\mcufinder
2024-01-12 13:09:34,739 [INFO] ApiDb:250 - Set database path to: C:\Users\aleja\.stmcufinder\plugins\mcufinder//mcu/
2024-01-12 13:09:34,739 [WARN] DbFile:41 - Overriding database path with different value: C:\Users\aleja\.stmcufinder\plugins\mcufinder/ => C:\Users\aleja\.stmcufinder\plugins\mcufinder
2024-01-12 13:09:34,739 [INFO] DbMcusAds:125 - Set database path to: C:\Users\aleja\.stmcufinder\plugins\mcufinder//mcu/
2024-01-12 13:09:34,739 [WARN] DbFile:41 - Overriding database path with different value: C:\Users\aleja\.stmcufinder\plugins\mcufinder/ => C:\Users\aleja\.stmcufinder\plugins\mcufinder
2024-01-12 13:09:34,739 [WARN] DbFile:41 - Overriding database path with different value: C:\Users\aleja\.stmcufinder\plugins\mcufinder/ => C:\Users\aleja\.stmcufinder\plugins\mcufinder
2024-01-12 13:09:34,739 [INFO] CrossReferenceDbSqlite:203 - Set database path to: C:\Users\aleja\.stmcufinder\plugins\mcufinder//mcu/cs/
2024-01-12 13:09:34,864 [INFO] MainPanel:264 - HeapMemory: 268435456
2024-01-12 13:09:34,967 [INFO] DbMcusXml:78 - Set database path to: C:\ST\STM32CubeIDE_1.13.2\STM32CubeIDE\plugins\com.st.stm32cube.common.mx_6.10.0.202311202037\\db\/mcu/
2024-01-12 13:09:34,967 [INFO] ApiDb:274 - Set plugin database path to: C:\ST\STM32CubeIDE_1.13.2\STM32CubeIDE\plugins\com.st.stm32cube.common.mx_6.10.0.202311202037\\db\/plugins/boardmanager/
2024-01-12 13:09:34,967 [INFO] ApiDb:261 - Set plugin images path to: C:\ST\STM32CubeIDE_1.13.2\STM32CubeIDE\plugins\com.st.stm32cube.common.mx_6.10.0.202311202037\\db\/plugins/mcufinder/images/
2024-01-12 13:09:34,967 [WARN] DbFile:41 - Overriding database path with different value: C:\Users\aleja\.stmcufinder\plugins\mcufinder/ => C:\Users\aleja\.stmcufinder\plugins\mcufinder
2024-01-12 13:09:34,967 [INFO] ApiDb:250 - Set database path to: C:\Users\aleja\.stmcufinder\plugins\mcufinder//mcu/
2024-01-12 13:09:34,967 [WARN] DbFile:41 - Overriding database path with different value: C:\Users\aleja\.stmcufinder\plugins\mcufinder/ => C:\Users\aleja\.stmcufinder\plugins\mcufinder
2024-01-12 13:09:34,967 [INFO] DbMcusAds:125 - Set database path to: C:\Users\aleja\.stmcufinder\plugins\mcufinder//mcu/
2024-01-12 13:09:34,968 [WARN] DbFile:41 - Overriding database path with different value: C:\Users\aleja\.stmcufinder\plugins\mcufinder/ => C:\Users\aleja\.stmcufinder\plugins\mcufinder
2024-01-12 13:09:34,968 [WARN] DbFile:41 - Overriding database path with different value: C:\Users\aleja\.stmcufinder\plugins\mcufinder/ => C:\Users\aleja\.stmcufinder\plugins\mcufinder
2024-01-12 13:09:34,968 [INFO] CrossReferenceDbSqlite:203 - Set database path to: C:\Users\aleja\.stmcufinder\plugins\mcufinder//mcu/cs/
2024-01-12 13:09:34,987 [INFO] ApplicationProperties:184 - Using Application install path: C:\ST\STM32CubeIDE_1.13.2\STM32CubeIDE\plugins\com.st.stm32cube.common.mx_6.10.0.202311202037
2024-01-12 13:09:34,989 [INFO] PluginManage:196 - Search for loadable plugins [exclusion list=, ]
2024-01-12 13:09:34,992 [INFO] PluginManage:310 - Check plugin analytics
2024-01-12 13:09:35,319 [INFO] AnalyticsPlugin:253 - Accepted Software Licenses: 
2024-01-12 13:09:35,319 [INFO] AnalyticsPlugin:255 - Accepted CMSIS Pack Licenses: 
2024-01-12 13:09:35,319 [INFO] AnalyticsPlugin:257 - Accepted Firmware Licenses: 
2024-01-12 13:09:35,325 [INFO] PluginManage:359 - Loaded plugin analytics (category:tool,tabindex:-1)
2024-01-12 13:09:35,326 [INFO] PluginManage:310 - Check plugin cadmodel
2024-01-12 13:09:35,352 [INFO] CADModel:105 - Init CAD model plugin
2024-01-12 13:09:35,353 [INFO] PluginManage:359 - Loaded plugin cadmodel (category:power,tabindex:5)
2024-01-12 13:09:35,353 [INFO] PluginManage:310 - Check plugin clock
2024-01-12 13:09:35,386 [INFO] PluginManage:359 - Loaded plugin clock (category:base,tabindex:2)
2024-01-12 13:09:35,386 [INFO] PluginManage:310 - Check plugin ddr
2024-01-12 13:09:35,391 [INFO] PluginManage:359 - Loaded plugin ddr (category:tool,tabindex:6)
2024-01-12 13:09:35,392 [INFO] PluginManage:310 - Check plugin filemanager
2024-01-12 13:09:35,635 [INFO] PluginManage:359 - Loaded plugin filemanager (category:base,tabindex:10)
2024-01-12 13:09:35,636 [INFO] PluginManage:310 - Check plugin ipmanager
2024-01-12 13:09:35,643 [INFO] PluginManage:359 - Loaded plugin ipmanager (category:base,tabindex:5)
2024-01-12 13:09:35,643 [INFO] PluginManage:310 - Check plugin lpbam
2024-01-12 13:09:35,661 [INFO] PluginManage:359 - Loaded plugin lpbam (category:base,tabindex:0)
2024-01-12 13:09:35,661 [INFO] PluginManage:310 - Check plugin memorymap
2024-01-12 13:09:35,725 [INFO] PluginManage:359 - Loaded plugin memorymap (category:base,tabindex:4)
2024-01-12 13:09:35,725 [INFO] PluginManage:310 - Check plugin pinoutandconfiguration
2024-01-12 13:09:35,742 [INFO] PluginManage:359 - Loaded plugin pinoutandconfiguration (category:base,tabindex:1)
2024-01-12 13:09:35,742 [INFO] PluginManage:310 - Check plugin pinoutconfig
2024-01-12 13:09:35,885 [WARN] SupportedApi:132 - Cannot load RTOS API schema: s4s-elt-must-match.1: The content of 'definitions' must match (annotation?, (simpleType | complexType)?, (unique | key | keyref)*)). A problem was found starting at: attribute.
2024-01-12 13:09:36,066 [INFO] PluginManage:359 - Loaded plugin pinoutconfig (category:base,tabindex:0)
2024-01-12 13:09:36,066 [INFO] PluginManage:310 - Check plugin power
2024-01-12 13:09:36,092 [INFO] PluginManage:359 - Loaded plugin power (category:power,tabindex:4)
2024-01-12 13:09:36,092 [INFO] PluginManage:310 - Check plugin projectmanager
2024-01-12 13:09:36,123 [INFO] PluginManage:359 - Loaded plugin projectmanager (category:projectmanager,tabindex:3)
2024-01-12 13:09:36,123 [INFO] PluginManage:310 - Check plugin thirdparty
2024-01-12 13:09:36,425 [WARN] IntegrityCheckThread:84 - waiting for thirdparty lock release [integrity check]
2024-01-12 13:09:36,425 [INFO] IntegrityCheckThread:86 - entering critical section [integrity check]
2024-01-12 13:09:36,425 [INFO] PluginManage:359 - Loaded plugin thirdparty (category:base,tabindex:-1)
2024-01-12 13:09:36,425 [INFO] ThirdPartyUpdaterWithRetryManager:70 - Updater plugin not ready yet. [1/15]
2024-01-12 13:09:36,425 [INFO] PluginManage:310 - Check plugin tools
2024-01-12 13:09:36,455 [INFO] PluginManage:359 - Loaded plugin tools (category:base,tabindex:7)
2024-01-12 13:09:36,456 [INFO] PluginManage:310 - Check plugin tutovideos
2024-01-12 13:09:36,640 [INFO] PluginManage:359 - Loaded plugin tutovideos (category:base,tabindex:-1)
2024-01-12 13:09:36,640 [INFO] PluginManage:310 - Check plugin updater
2024-01-12 13:09:36,654 [INFO] PluginManage:359 - Loaded plugin updater (category:base,tabindex:12)
2024-01-12 13:09:36,655 [INFO] PluginManage:310 - Check plugin userauth
2024-01-12 13:09:36,660 [INFO] UserAuth:114 - Init User Auth plugin
2024-01-12 13:09:36,660 [INFO] PluginManage:359 - Loaded plugin userauth (category:base,tabindex:14)
2024-01-12 13:09:36,660 [INFO] PluginManage:283 - PluginManage : Loaded plugins [17]
2024-01-12 13:09:36,880 [INFO] PinOutPanel:1499 - setPackage(No Configuration,No Configuration)
2024-01-12 13:09:36,946 [INFO] CADModel:165 - CPN selected for project level
2024-01-12 13:09:36,946 [INFO] CADModel:114 - Register for checkConnection events
2024-01-12 13:09:36,969 [INFO] IPUIPlugin:80 - create IPUIPlugin
2024-01-12 13:09:36,969 [INFO] PluginManager:220 - loadIPPluginJar : add adc
2024-01-12 13:09:36,995 [INFO] IPUIPlugin:80 - create IPUIPlugin
2024-01-12 13:09:36,995 [INFO] PluginManager:220 - loadIPPluginJar : add aes
2024-01-12 13:09:37,024 [INFO] IPUIPlugin:80 - create IPUIPlugin
2024-01-12 13:09:37,024 [INFO] PluginManager:220 - loadIPPluginJar : add can
2024-01-12 13:09:37,039 [INFO] IPUIPlugin:80 - create IPUIPlugin
2024-01-12 13:09:37,040 [INFO] PluginManager:220 - loadIPPluginJar : add comp
2024-01-12 13:09:37,064 [INFO] IPUIPlugin:80 - create IPUIPlugin
2024-01-12 13:09:37,064 [INFO] PluginManager:220 - loadIPPluginJar : add cryp
2024-01-12 13:09:37,085 [INFO] IPUIPlugin:80 - create IPUIPlugin
2024-01-12 13:09:37,085 [INFO] PluginManager:220 - loadIPPluginJar : add dfsdm
2024-01-12 13:09:37,096 [INFO] IPUIPlugin:80 - create IPUIPlugin
2024-01-12 13:09:37,097 [INFO] PluginManager:220 - loadIPPluginJar : add dma
2024-01-12 13:09:37,128 [INFO] IPUIPlugin:80 - create IPUIPlugin
2024-01-12 13:09:37,128 [INFO] PluginManager:220 - loadIPPluginJar : add dma3
2024-01-12 13:09:37,143 [INFO] IPUIPlugin:80 - create IPUIPlugin
2024-01-12 13:09:37,143 [INFO] PluginManager:220 - loadIPPluginJar : add fatfs
2024-01-12 13:09:37,179 [INFO] IPUIPlugin:80 - create IPUIPlugin
2024-01-12 13:09:37,179 [INFO] PluginManager:220 - loadIPPluginJar : add fmc
2024-01-12 13:09:37,191 [INFO] IPUIPlugin:80 - create IPUIPlugin
2024-01-12 13:09:37,191 [INFO] PluginManager:220 - loadIPPluginJar : add freertos
2024-01-12 13:09:37,207 [INFO] IPUIPlugin:80 - create IPUIPlugin
2024-01-12 13:09:37,207 [INFO] PluginManager:220 - loadIPPluginJar : add genericplugin
2024-01-12 13:09:37,272 [INFO] IPUIPlugin:80 - create IPUIPlugin
2024-01-12 13:09:37,272 [INFO] PluginManager:220 - loadIPPluginJar : add gfxmmu
2024-01-12 13:09:37,372 [INFO] IPUIPlugin:80 - create IPUIPlugin
2024-01-12 13:09:37,372 [INFO] PluginManager:220 - loadIPPluginJar : add gic
2024-01-12 13:09:37,383 [INFO] IPUIPlugin:80 - create IPUIPlugin
2024-01-12 13:09:37,384 [INFO] PluginManager:220 - loadIPPluginJar : add gpio
2024-01-12 13:09:37,449 [INFO] IPUIPlugin:80 - create IPUIPlugin
2024-01-12 13:09:37,449 [INFO] PluginManager:220 - loadIPPluginJar : add gtzc
2024-01-12 13:09:37,471 [INFO] IPUIPlugin:80 - create IPUIPlugin
2024-01-12 13:09:37,471 [INFO] PluginManager:220 - loadIPPluginJar : add hash
2024-01-12 13:09:37,508 [INFO] IPUIPlugin:80 - create IPUIPlugin
2024-01-12 13:09:37,508 [INFO] PluginManager:220 - loadIPPluginJar : add i2c
2024-01-12 13:09:37,536 [INFO] IPUIPlugin:80 - create IPUIPlugin
2024-01-12 13:09:37,536 [INFO] PluginManager:220 - loadIPPluginJar : add i2s
2024-01-12 13:09:37,564 [INFO] IPUIPlugin:80 - create IPUIPlugin
2024-01-12 13:09:37,565 [INFO] PluginManager:220 - loadIPPluginJar : add i3c
2024-01-12 13:09:37,639 [INFO] IPUIPlugin:80 - create IPUIPlugin
2024-01-12 13:09:37,639 [INFO] PluginManager:220 - loadIPPluginJar : add ipddr
2024-01-12 13:09:37,702 [INFO] IPUIPlugin:80 - create IPUIPlugin
2024-01-12 13:09:37,702 [INFO] PluginManager:220 - loadIPPluginJar : add linkedlist
2024-01-12 13:09:37,728 [INFO] IPUIPlugin:80 - create IPUIPlugin
2024-01-12 13:09:37,728 [INFO] PluginManager:220 - loadIPPluginJar : add lorawan
2024-01-12 13:09:37,753 [INFO] IPUIPlugin:80 - create IPUIPlugin
2024-01-12 13:09:37,754 [INFO] PluginManager:220 - loadIPPluginJar : add ltdc
2024-01-12 13:09:37,764 [INFO] IPUIPlugin:80 - create IPUIPlugin
2024-01-12 13:09:37,764 [INFO] PluginManager:220 - loadIPPluginJar : add mdma
2024-01-12 13:09:37,774 [INFO] IPUIPlugin:80 - create IPUIPlugin
2024-01-12 13:09:37,774 [INFO] PluginManager:220 - loadIPPluginJar : add nvic
2024-01-12 13:09:37,799 [INFO] IPUIPlugin:80 - create IPUIPlugin
2024-01-12 13:09:37,799 [INFO] PluginManager:220 - loadIPPluginJar : add opamp
2024-01-12 13:09:37,837 [INFO] IPUIPlugin:80 - create IPUIPlugin
2024-01-12 13:09:37,837 [INFO] PluginManager:220 - loadIPPluginJar : add openamp
2024-01-12 13:09:37,867 [INFO] IPUIPlugin:80 - create IPUIPlugin
2024-01-12 13:09:37,867 [INFO] PluginManager:220 - loadIPPluginJar : add pdm2pcm
2024-01-12 13:09:37,879 [INFO] IPUIPlugin:80 - create IPUIPlugin
2024-01-12 13:09:37,881 [INFO] PluginManager:220 - loadIPPluginJar : add plateformsettings
2024-01-12 13:09:37,897 [INFO] IPUIPlugin:80 - create IPUIPlugin
2024-01-12 13:09:37,897 [INFO] PluginManager:220 - loadIPPluginJar : add quadspi
2024-01-12 13:09:37,907 [INFO] IPUIPlugin:80 - create IPUIPlugin
2024-01-12 13:09:37,907 [INFO] PluginManager:220 - loadIPPluginJar : add resmgrutility
2024-01-12 13:09:37,938 [INFO] IPUIPlugin:80 - create IPUIPlugin
2024-01-12 13:09:37,938 [INFO] PluginManager:220 - loadIPPluginJar : add sai
2024-01-12 13:09:37,964 [INFO] IPUIPlugin:80 - create IPUIPlugin
2024-01-12 13:09:37,964 [INFO] PluginManager:220 - loadIPPluginJar : add spi
2024-01-12 13:09:38,012 [INFO] IPUIPlugin:80 - create IPUIPlugin
2024-01-12 13:09:38,012 [INFO] PluginManager:220 - loadIPPluginJar : add stm32_wpan
2024-01-12 13:09:38,029 [INFO] IPUIPlugin:80 - create IPUIPlugin
2024-01-12 13:09:38,029 [INFO] PluginManager:220 - loadIPPluginJar : add tim
2024-01-12 13:09:38,069 [INFO] IPUIPlugin:80 - create IPUIPlugin
2024-01-12 13:09:38,069 [INFO] PluginManager:220 - loadIPPluginJar : add touchsensing
2024-01-12 13:09:38,085 [INFO] IPUIPlugin:80 - create IPUIPlugin
2024-01-12 13:09:38,085 [INFO] PluginManager:220 - loadIPPluginJar : add tracer_emb
2024-01-12 13:09:38,103 [INFO] IPUIPlugin:80 - create IPUIPlugin
2024-01-12 13:09:38,103 [INFO] PluginManager:220 - loadIPPluginJar : add ts
2024-01-12 13:09:38,119 [INFO] IPUIPlugin:80 - create IPUIPlugin
2024-01-12 13:09:38,119 [INFO] PluginManager:220 - loadIPPluginJar : add tsc
2024-01-12 13:09:38,135 [INFO] IPUIPlugin:80 - create IPUIPlugin
2024-01-12 13:09:38,135 [INFO] PluginManager:220 - loadIPPluginJar : add ucpd
2024-01-12 13:09:38,163 [INFO] IPUIPlugin:80 - create IPUIPlugin
2024-01-12 13:09:38,164 [INFO] PluginManager:220 - loadIPPluginJar : add usart
2024-01-12 13:09:38,192 [INFO] IPUIPlugin:80 - create IPUIPlugin
2024-01-12 13:09:38,192 [INFO] PluginManager:220 - loadIPPluginJar : add usbx
2024-01-12 13:09:38,310 [INFO] CADModel:165 - CPN selected for project level
2024-01-12 13:09:38,311 [INFO] CADModel:114 - Register for checkConnection events
2024-01-12 13:09:38,311 [FATAL] Updater:308 - Updater called before beeing initialized
2024-01-12 13:09:38,311 [ERROR] CADModel:125 - Updater not yet initialized, retry later 
2024-01-12 13:09:38,446 [INFO] CADModel:165 - CPN selected for project level
2024-01-12 13:09:38,446 [INFO] CADModel:114 - Register for checkConnection events
2024-01-12 13:09:38,446 [FATAL] Updater:308 - Updater called before beeing initialized
2024-01-12 13:09:38,446 [ERROR] CADModel:125 - Updater not yet initialized, retry later 
2024-01-12 13:09:38,449 [FATAL] Updater:308 - Updater called before beeing initialized
2024-01-12 13:09:38,562 [FATAL] Updater:308 - Updater called before beeing initialized
2024-01-12 13:09:38,570 [INFO] DbMcusAds:53 - JSON generation date=Wed Nov 29 11:52:27 CET 2023 (1701255147349)
2024-01-12 13:09:38,570 [FATAL] Updater:308 - Updater called before beeing initialized
2024-01-12 13:09:38,638 [WARN] DetailPanel:346 - Failed to get advertising image, set to default
2024-01-12 13:09:38,707 [FATAL] Updater:308 - Updater called before beeing initialized
2024-01-12 13:09:38,710 [FATAL] Updater:308 - Updater called before beeing initialized
2024-01-12 13:09:38,710 [FATAL] Updater:308 - Updater called before beeing initialized
2024-01-12 13:09:38,710 [WARN] DetailPanel:346 - Failed to get advertising image, set to default
2024-01-12 13:09:38,710 [FATAL] Updater:308 - Updater called before beeing initialized
2024-01-12 13:09:38,794 [ERROR] Updater:1120 - MainUpdater not yet initialized. External WinMGr cannot be set.
2024-01-12 13:09:38,802 [INFO] Updater:1056 - Updater Version found : 6.10.0
2024-01-12 13:09:38,823 [INFO] ApplicationProperties:184 - Using Application install path: C:\ST\STM32CubeIDE_1.13.2\STM32CubeIDE\plugins\com.st.stm32cube.common.mx_6.10.0.202311202037
2024-01-12 13:09:39,428 [INFO] ThirdPartyUpdaterWithRetryManager:70 - Updater plugin not ready yet. [2/15]
2024-01-12 13:09:40,407 [ERROR] LogOutputStream:75 - [STDERR_REDIRECT] Jan 12, 2024 1:09:40 PM java.util.prefs.WindowsPreferences <init>
2024-01-12 13:09:40,408 [ERROR] LogOutputStream:75 - [STDERR_REDIRECT] WARNING: Could not open/create prefs root node Software\JavaSoft\Prefs at root 0xffffffff80000002. Windows RegCreateKeyEx(...) returned error code 5.
2024-01-12 13:09:40,408 [ERROR] LogOutputStream:75 - [STDERR_REDIRECT] 
2024-01-12 13:09:40,729 [INFO] MainUpdater:2873 - connection check result : 10
2024-01-12 13:09:40,730 [INFO] MainUpdater:290 - Updater Check For Update Now.
2024-01-12 13:09:40,730 [INFO] MicroXplorer:498 - Change Database Version : DB.6.0.100
2024-01-12 13:09:40,745 [INFO] McuFinderGlobals:63 - Set McuFinder mode to 2 (CubeIDE integrated)
2024-01-12 13:09:40,768 [INFO] UserAuth:404 - Internet connection configuration mode: 1
2024-01-12 13:09:40,838 [INFO] JxBrowserEngine:152 - Initiate JxBrowser Engine with user profile folder
2024-01-12 13:09:40,941 [INFO] CheckServerUpdateThread:120 - End of CheckServer Thread
2024-01-12 13:09:42,709 [WARN] PackLoader:240 - Cannot read IP mode file for STMicroelectronics.X-CUBE-SMBUS.2.1.0
2024-01-12 13:09:42,755 [WARN] PackLoader:240 - Cannot read IP mode file for STMicroelectronics.X-CUBE-TOUCHGFX.4.23.0
2024-01-12 13:09:42,806 [WARN] PackLoader:240 - Cannot read IP mode file for STMicroelectronics.X-CUBE-AZRTOS-F7.1.1.0
2024-01-12 13:09:42,830 [WARN] PackLoader:240 - Cannot read IP mode file for STMicroelectronics.FP-SNS-MOTENV1.4.3.2
2024-01-12 13:09:42,845 [WARN] PackLoader:240 - Cannot read IP mode file for STMicroelectronics.FP-SNS-FLIGHT1.5.0.2
2024-01-12 13:09:42,866 [WARN] PackLoader:240 - Cannot read IP mode file for STMicroelectronics.X-CUBE-DISPLAY.3.0.0
2024-01-12 13:09:42,895 [WARN] PackLoader:240 - Cannot read IP mode file for STMicroelectronics.X-CUBE-BLE1.7.0.0
2024-01-12 13:09:42,908 [WARN] PackLoader:240 - Cannot read IP mode file for emotas.I-CUBE-CANOPEN.1.3.0
2024-01-12 13:09:42,919 [WARN] PackLoader:240 - Cannot read IP mode file for STMicroelectronics.X-CUBE-TOUCHGFX.4.22.1
2024-01-12 13:09:42,931 [WARN] PackLoader:240 - Cannot read IP mode file for STMicroelectronics.FP-SNS-SMARTAG2.1.2.0
2024-01-12 13:09:42,988 [INFO] LogOutputStream:77 - [STDOUT_REDIRECT] 1 : Invalid condition id : UX_CORESTACK_Condition cause : null
2024-01-12 13:09:42,990 [INFO] LogOutputStream:77 - [STDOUT_REDIRECT] 1 : Invalid condition id : UX_CORESTACK_Condition cause : null
2024-01-12 13:09:42,992 [INFO] LogOutputStream:77 - [STDOUT_REDIRECT] 1 : Invalid condition id : UX_CORESTACK_Condition cause : null
2024-01-12 13:09:42,995 [INFO] LogOutputStream:77 - [STDOUT_REDIRECT] 1 : Invalid condition id : UX_CORESTACK_Condition cause : null
2024-01-12 13:09:42,998 [INFO] LogOutputStream:77 - [STDOUT_REDIRECT] 1 : Invalid condition id : UX_CORESTACK_Condition cause : null
2024-01-12 13:09:43,004 [WARN] PackLoader:240 - Cannot read IP mode file for STMicroelectronics.X-CUBE-AZRTOS-WL.2.0.0
2024-01-12 13:09:43,028 [WARN] PackLoader:240 - Cannot read IP mode file for WES.I-CUBE-Cesium.1.3.0
2024-01-12 13:09:43,100 [WARN] PackLoader:240 - Cannot read IP mode file for STMicroelectronics.X-CUBE-BLE2.3.3.0
2024-01-12 13:09:43,111 [WARN] PackLoader:240 - Cannot read IP mode file for STMicroelectronics.X-CUBE-ALGOBUILD.1.3.0
2024-01-12 13:09:43,138 [WARN] PackLoader:240 - Cannot read IP mode file for STMicroelectronics.X-CUBE-AZRTOS-G0.1.1.0
2024-01-12 13:09:43,151 [WARN] PackLoader:240 - Cannot read IP mode file for STMicroelectronics.X-CUBE-NFC4.3.0.0
2024-01-12 13:09:43,165 [WARN] PackLoader:240 - Cannot read IP mode file for STMicroelectronics.X-CUBE-BLEMGR.3.0.0
2024-01-12 13:09:43,176 [WARN] PackLoader:240 - Cannot read IP mode file for STMicroelectronics.FP-ATR-SIGFOX1.3.2.0
2024-01-12 13:09:43,187 [WARN] PackLoader:240 - Cannot read IP mode file for STMicroelectronics.X-CUBE-GNSS1.6.0.0
2024-01-12 13:09:43,218 [WARN] PackLoader:240 - Cannot read IP mode file for STMicroelectronics.X-CUBE-AZRTOS-F4.1.1.0
2024-01-12 13:09:43,231 [WARN] PackLoader:240 - Cannot read IP mode file for wolfSSL.I-CUBE-wolfSSL.5.6.4
2024-01-12 13:09:43,275 [WARN] PackLoader:240 - Cannot read IP mode file for STMicroelectronics.X-CUBE-AZRTOS-L5.2.0.0
2024-01-12 13:09:43,311 [WARN] PackLoader:240 - Cannot read IP mode file for STMicroelectronics.X-CUBE-EEPRMA1.4.2.0
2024-01-12 13:09:43,341 [WARN] PackLoader:240 - Cannot read IP mode file for ITTIA_DB.I-CUBE-ITTIADB.8.8.0
2024-01-12 13:09:43,403 [WARN] ConditionMgr:438 - getConditionDescription Invalid condition id : UX DEVICE CLASS RTOS Condition cause : null
2024-01-12 13:09:43,404 [WARN] ConditionMgr:438 - getConditionDescription Invalid condition id : UX DEVICE CLASS RTOS Condition cause : null
2024-01-12 13:09:43,411 [WARN] PackLoader:240 - Cannot read IP mode file for STMicroelectronics.X-CUBE-AZRTOS-H7.3.1.0
2024-01-12 13:09:43,413 [WARN] ConditionMgr:1039 - genDependencies : Invalid condition id : UX DEVICE CLASS RTOS Condition cause : null
2024-01-12 13:09:43,414 [WARN] ConditionMgr:1039 - genDependencies : Invalid condition id : UX DEVICE CLASS RTOS Condition cause : null
2024-01-12 13:09:43,415 [WARN] ConditionMgr:1039 - genDependencies : Invalid condition id : UX DEVICE CLASS RTOS Condition cause : null
2024-01-12 13:09:43,416 [WARN] ConditionMgr:1039 - genDependencies : Invalid condition id : UX DEVICE CLASS RTOS Condition cause : null
2024-01-12 13:09:43,425 [WARN] ConditionMgr:1039 - genDependencies : Invalid condition id : UX DEVICE CLASS RTOS Condition cause : null
2024-01-12 13:09:43,474 [WARN] PackLoader:240 - Cannot read IP mode file for STMicroelectronics.X-CUBE-NFC7.1.0.1
2024-01-12 13:09:43,551 [WARN] PackLoader:240 - Cannot read IP mode file for STMicroelectronics.X-CUBE-NFC6.3.0.0
2024-01-12 13:09:43,579 [WARN] PackLoader:240 - Cannot read IP mode file for STMicroelectronics.X-CUBE-AI.8.1.0
2024-01-12 13:09:43,632 [WARN] ConditionMgr:438 - getConditionDescription Invalid condition id : LAN8742 Phy interface Condition cause : null
2024-01-12 13:09:43,633 [WARN] PackLoader:240 - Cannot read IP mode file for STMicroelectronics.X-CUBE-AZRTOS-L4.2.0.0
2024-01-12 13:09:43,634 [WARN] ConditionMgr:1039 - genDependencies : Invalid condition id : LAN8742 Phy interface Condition cause : null
2024-01-12 13:09:43,634 [WARN] ConditionMgr:1039 - genDependencies : Invalid condition id : LAN8742 Phy interface Condition cause : null
2024-01-12 13:09:43,634 [WARN] ConditionMgr:1039 - genDependencies : Invalid condition id : LAN8742 Phy interface Condition cause : null
2024-01-12 13:09:43,657 [WARN] PackLoader:240 - Cannot read IP mode file for STMicroelectronics.X-CUBE-SFXS2LP1.4.0.0
2024-01-12 13:09:43,677 [WARN] PackLoader:240 - Cannot read IP mode file for STMicroelectronics.X-CUBE-ISPU.1.1.0
2024-01-12 13:09:43,711 [WARN] ConditionMgr:438 - getConditionDescription Invalid condition id : UX DEVICE CLASS RTOS Condition cause : null
2024-01-12 13:09:43,712 [WARN] ConditionMgr:438 - getConditionDescription Invalid condition id : UX DEVICE CLASS RTOS Condition cause : null
2024-01-12 13:09:43,713 [WARN] PackLoader:240 - Cannot read IP mode file for STMicroelectronics.X-CUBE-AZRTOS-WB.2.0.0
2024-01-12 13:09:43,714 [WARN] ConditionMgr:1039 - genDependencies : Invalid condition id : UX DEVICE CLASS RTOS Condition cause : null
2024-01-12 13:09:43,714 [WARN] ConditionMgr:1039 - genDependencies : Invalid condition id : UX DEVICE CLASS RTOS Condition cause : null
2024-01-12 13:09:43,715 [WARN] ConditionMgr:1039 - genDependencies : Invalid condition id : UX DEVICE CLASS RTOS Condition cause : null
2024-01-12 13:09:43,715 [WARN] ConditionMgr:1039 - genDependencies : Invalid condition id : UX DEVICE CLASS RTOS Condition cause : null
2024-01-12 13:09:43,715 [WARN] ConditionMgr:1039 - genDependencies : Invalid condition id : UX DEVICE CLASS RTOS Condition cause : null
2024-01-12 13:09:43,743 [WARN] PackLoader:240 - Cannot read IP mode file for STMicroelectronics.X-CUBE-SUBG2.5.0.0
2024-01-12 13:09:43,785 [WARN] PackLoader:240 - Cannot read IP mode file for STMicroelectronics.X-CUBE-AZRTOS-G4.2.0.0
2024-01-12 13:09:43,820 [WARN] PackLoader:240 - Cannot read IP mode file for Infineon.AIROC-Wi-Fi-Bluetooth-STM32.1.5.1
2024-01-12 13:09:43,824 [INFO] WebApp:161 - Instantiating new browser for Auth
2024-01-12 13:09:43,845 [WARN] PackLoader:240 - Cannot read IP mode file for STMicroelectronics.FP-SNS-MOTENVWB1.1.3.1
2024-01-12 13:09:43,864 [WARN] PackLoader:240 - Cannot read IP mode file for STMicroelectronics.X-CUBE-ISPU.2.0.0
2024-01-12 13:09:43,964 [WARN] PackLoader:240 - Cannot read IP mode file for STMicroelectronics.X-CUBE-MEMS1.10.0.0
2024-01-12 13:09:44,143 [WARN] PackLoader:240 - Cannot read IP mode file for STMicroelectronics.X-CUBE-FREERTOS.1.1.0
2024-01-12 13:09:44,164 [WARN] PackLoader:240 - Cannot read IP mode file for portGmbH.I-Cube-SoM-uGOAL.1.1.0
2024-01-12 13:09:44,183 [WARN] PackLoader:240 - Cannot read IP mode file for STMicroelectronics.X-CUBE-ALS.1.0.1
2024-01-12 13:09:44,200 [WARN] PackLoader:240 - Cannot read IP mode file for STMicroelectronics.FP-ATR-ASTRA1.2.0.0
2024-01-12 13:09:44,224 [WARN] PackLoader:240 - Cannot read IP mode file for STMicroelectronics.X-CUBE-TOF1.3.4.0
2024-01-12 13:09:44,273 [WARN] PackLoader:240 - Cannot read IP mode file for STMicroelectronics.X-CUBE-AZRTOS-H7.3.2.0
2024-01-12 13:09:44,278 [INFO] ThirdParty:978 - Integrity check success = true
2024-01-12 13:09:44,278 [INFO] IntegrityCheckThread:100 - exiting critical section [integrity check]
2024-01-12 13:09:44,278 [INFO] IntegrityCheckThread:103 - End integrity checks thread
2024-01-12 13:09:45,136 [INFO] WebApp:780 - Register for checkConnection events
2024-01-12 13:09:45,136 [INFO] WebApp:414 - Apply proxy settings
2024-01-12 13:09:45,136 [INFO] WebApp:499 - Chromium requires no authentication
2024-01-12 13:09:45,146 [INFO] WebApp:442 - Direct internet connection detected
2024-01-12 13:09:45,301 [INFO] WebApp:192 - Starting web application
2024-01-12 13:09:45,301 [INFO] WebApp:544 - Web application path used C:\ST\STM32CubeIDE_1.13.2\STM32CubeIDE\plugins\com.st.stm32cube.common.mx_6.10.0.202311202037\db\plugins\mcufinder\reactClient1\index.html
2024-01-12 13:10:06,858 [ERROR] LogOutputStream:75 - [STDERR_REDIRECT] SLF4J: Failed to load class "org.slf4j.impl.StaticLoggerBinder".
2024-01-12 13:10:06,859 [ERROR] LogOutputStream:75 - [STDERR_REDIRECT] SLF4J: Defaulting to no-operation (NOP) logger implementation
2024-01-12 13:10:06,860 [ERROR] LogOutputStream:75 - [STDERR_REDIRECT] SLF4J: See http://www.slf4j.org/codes.html#StaticLoggerBinder for further details.
2024-01-12 13:10:12,764 [INFO] McuFinderGlobals:63 - Set McuFinder mode to 2 (CubeIDE integrated)
2024-01-12 13:10:12,800 [INFO] MainUpdater:2873 - connection check result : 10
2024-01-12 13:10:12,809 [INFO] MainUpdater:2873 - connection check result : 10
2024-01-12 13:10:13,060 [INFO] MicroXplorer:468 - Change Database Path : 
2024-01-12 13:10:13,061 [INFO] MicroXplorer:498 - Change Database Version : DB.6.0.100
2024-01-12 13:10:13,067 [WARN] ThirdParty:871 - waiting for thirdparty lock release [close project]
2024-01-12 13:10:13,067 [INFO] ThirdParty:873 - entering critical section [close project]
2024-01-12 13:10:13,074 [INFO] ThirdParty:883 - exiting critical section [close project]
2024-01-12 13:10:13,077 [INFO] PinOutPanel:1499 - setPackage(No Configuration,No Configuration)
2024-01-12 13:10:13,083 [INFO] UtilMem:75 - Begin LoadConfig() Used Memory: 194515816 Bytes (327155712)
2024-01-12 13:10:13,085 [INFO] MicroXplorer:468 - Change Database Path : 
2024-01-12 13:10:13,085 [INFO] MicroXplorer:498 - Change Database Version : DB.6.0.100
2024-01-12 13:10:13,085 [INFO] OpenFileManager:312 - Change cursor
2024-01-12 13:10:13,126 [INFO] Mcu:2016 - Initializing MCU STM32F042F4Px STM32F042F4Px STM32F042F4P6
2024-01-12 13:10:15,239 [INFO] Context:659 - Trying to add GPIOservice into a context  which must be forbidden
2024-01-12 13:10:15,844 [INFO] RtosManager:555 - Registered RTOS mode: class=CMSIS, group=RTOS, mode=CMSIS_V1, owner=FREERTOS
2024-01-12 13:10:15,844 [INFO] RtosManager:555 - Registered RTOS mode: class=CMSIS, group=RTOS2, mode=CMSIS_V2, owner=FREERTOS
2024-01-12 13:10:15,845 [INFO] RtosManager:555 - Registered RTOS mode: class=RTOS, group=Core, mode=CMSIS_V1, owner=FREERTOS
2024-01-12 13:10:15,845 [INFO] RtosManager:555 - Registered RTOS mode: class=RTOS, group=Core, mode=CMSIS_V2, owner=FREERTOS
2024-01-12 13:10:15,845 [WARN] ModelIntegratedComponent:184 - Missing modes for component STMicroelectronics:FreeRTOS:0.0.1:STMicroelectronics:RTOS:FreeRTOS:Core:::10.2.0:
2024-01-12 13:10:15,872 [WARN] ModelIntegratedComponent:63 - No mode defined for component null
2024-01-12 13:10:15,873 [WARN] ModelIntegratedComponent:63 - No mode defined for component null
2024-01-12 13:10:15,873 [WARN] ModelIntegratedComponent:63 - No mode defined for component null
2024-01-12 13:10:15,873 [WARN] ModelIntegratedComponent:63 - No mode defined for component null
2024-01-12 13:10:15,874 [WARN] ModelIntegratedComponent:63 - No mode defined for component null
2024-01-12 13:10:15,874 [WARN] ModelIntegratedComponent:63 - No mode defined for component null
2024-01-12 13:10:15,874 [WARN] ModelIntegratedComponent:63 - No mode defined for component null
2024-01-12 13:10:15,874 [WARN] ModelIntegratedComponent:63 - No mode defined for component null
2024-01-12 13:10:15,874 [WARN] ModelIntegratedComponent:63 - No mode defined for component null
2024-01-12 13:10:15,874 [WARN] ModelIntegratedComponent:63 - No mode defined for component null
2024-01-12 13:10:15,874 [WARN] ModelIntegratedComponent:63 - No mode defined for component null
2024-01-12 13:10:15,874 [WARN] ModelIntegratedComponent:63 - No mode defined for component null
2024-01-12 13:10:15,874 [WARN] ModelIntegratedComponent:63 - No mode defined for component null
2024-01-12 13:10:15,874 [WARN] ModelIntegratedComponent:63 - No mode defined for component null
2024-01-12 13:10:15,874 [WARN] ModelIntegratedComponent:63 - No mode defined for component null
2024-01-12 13:10:15,874 [WARN] ModelIntegratedComponent:63 - No mode defined for component null
2024-01-12 13:10:15,876 [WARN] ModelIntegratedComponent:63 - No mode defined for component null
2024-01-12 13:10:15,876 [WARN] ModelIntegratedComponent:63 - No mode defined for component null
2024-01-12 13:10:15,876 [WARN] ModelIntegratedComponent:63 - No mode defined for component null
2024-01-12 13:10:15,876 [WARN] ModelIntegratedComponent:63 - No mode defined for component null
2024-01-12 13:10:15,876 [WARN] ModelIntegratedComponent:63 - No mode defined for component null
2024-01-12 13:10:15,876 [WARN] ModelIntegratedComponent:63 - No mode defined for component null
2024-01-12 13:10:15,876 [WARN] ModelIntegratedComponent:63 - No mode defined for component null
2024-01-12 13:10:15,876 [WARN] ModelIntegratedComponent:63 - No mode defined for component null
2024-01-12 13:10:15,876 [WARN] ModelIntegratedComponent:63 - No mode defined for component null
2024-01-12 13:10:15,876 [WARN] ModelIntegratedComponent:63 - No mode defined for component null
2024-01-12 13:10:15,876 [WARN] ModelIntegratedComponent:63 - No mode defined for component null
2024-01-12 13:10:15,876 [WARN] ModelIntegratedComponent:63 - No mode defined for component null
2024-01-12 13:10:15,876 [WARN] ModelIntegratedComponent:63 - No mode defined for component null
2024-01-12 13:10:15,876 [WARN] ModelIntegratedComponent:63 - No mode defined for component null
2024-01-12 13:10:15,876 [WARN] ModelIntegratedComponent:63 - No mode defined for component null
2024-01-12 13:10:15,876 [WARN] ModelIntegratedComponent:63 - No mode defined for component null
2024-01-12 13:10:15,877 [WARN] ModelIntegratedComponent:63 - No mode defined for component null
2024-01-12 13:10:16,031 [INFO] ThirdPartyModel:298 - Start build external matchings
2024-01-12 13:10:16,319 [INFO] ThirdPartyModel:316 - End build external matchings
2024-01-12 13:10:16,554 [INFO] UtilMem:75 - End LoadConfig() Used Memory: 350619552 Bytes (435159040)
2024-01-12 13:10:16,837 [INFO] ApiDb:581 - Connected to CubeFinder SQLite database (C:\Users\aleja\.stmcufinder\plugins\mcufinder\mcu\cube-finder-db.db)
2024-01-12 13:10:16,941 [INFO] ApiDb:668 - CubeFinder database Data Model version=2.1
2024-01-12 13:10:16,941 [INFO] ApiDb:669 - CubeFinder database Configuration version=3.0.39
2024-01-12 13:10:16,942 [INFO] ApiDb:670 - CubeFinder database generation date=2023-12-08 (1702028721)
2024-01-12 13:10:16,942 [INFO] ApiDb:671 - CubeFinder database FW Pack versions=[FP-ATR-ASTRA1_V2.0.0, FP-SNS-FLIGHT1_V5.0.1, FP-SNS-FLIGHT1_V5.0.2, FP-SNS-MOTENV1_V4.3.1, FP-SNS-MOTENV1_V4.3.2, FP-SNS-MOTENVWB1_V1.3.1, FP-SNS-SMARTAG2_V1.2.0, STM32Cube_FW_C0_V1.1.0, STM32Cube_FW_F4_V1.28.0, STM32Cube_FW_F7_V1.17.0, STM32Cube_FW_G0_V1.6.1, STM32Cube_FW_G4_V1.5.1, STM32Cube_FW_H5_V0.5.1, STM32Cube_FW_H5_V1.1.1, STM32Cube_FW_H5_V1.2.0RC2, STM32Cube_FW_H7_V1.11.0, STM32Cube_FW_L0_V1.12.2, STM32Cube_FW_L5_V1.5.0, STM32Cube_FW_U5_V1.3.0RC4, STM32Cube_FW_U5_V1.4.0, STM32Cube_FW_WBA_V1.0.0RC1, STM32Cube_FW_WBA_V1.1.0RC1, STM32Cube_FW_WBA_V1.2.0, STM32Cube_FW_WBA_V1.2.0RC2, STM32Cube_FW_WB_V1.15.0RC1, STM32Cube_FW_WB_V1.16.0, STM32Cube_FW_WB_V1.16.0RC2, STM32Cube_FW_WB_V1.18.0, STM32Cube_FW_WL_V1.3.0, X-CUBE-ALGOBUILD_V1.3.0, X-CUBE-ALS_V1.0.1, X-CUBE-AZRTOS-F4_V1.1.0, X-CUBE-AZRTOS-F7_V1.1.0, X-CUBE-AZRTOS-G0_V1.1.0, X-CUBE-AZRTOS-G4_V2.0.0, X-CUBE-AZRTOS-H7_V3.1.0, X-CUBE-AZRTOS-L4_V1.0.0, X-CUBE-AZRTOS-L4_V2.0.0, X-CUBE-AZRTOS-L5_V1.1.0, X-CUBE-AZRTOS-WB_V2.0.0, X-CUBE-AZRTOS-WL_V2.0.0, X-CUBE-BLE1_V7.0.0, X-CUBE-BLE2_V3.3.0, X-CUBE-BLEMGR_V3.0.0, X-CUBE-EEPRMA1_V4.1.0, X-CUBE-EEPRMA1_V4.2.0, X-CUBE-FREERTOS_V1.1.0, X-CUBE-GNSS1_V6.0.0, X-CUBE-MEMS1_V10.0.0, X-CUBE-MEMS1_V9.1.0, X-CUBE-MEMS1_V9.4.0, X-CUBE-MEMS1_V9.6.0, X-CUBE-NFC4_V3.0.0, X-CUBE-NFC7_V1.0.1, X-CUBE-SFXS2LP1_V4.0.0, X-CUBE-SUBG2_V5.0.0, X-CUBE-TOF1_V3.4.0]
2024-01-12 13:10:20,677 [INFO] ApiDb:240 - Found 371 in-development CPN: [B-G473E-ZEST1S, B-WB1M-WPAN1, B-WL5M-SUBG1, NUCLEO-C031C6, NUCLEO-H503RB, NUCLEO-H563ZI, NUCLEO-U545RE-Q, NUCLEO-U5A5ZJ-Q, NUCLEO-WBA52CG, NUCLEO-WBA55CG, STEVAL-MKBOXPRO, STEVAL-PROTEUS1, STEVAL-STWINBX1, STM320518-EVAL, STM32C0116-DK, STM32C011D6Y3TR, STM32C011D6Y6TR, STM32C011F4P3, STM32C011F4P6, STM32C011F4U3, STM32C011F4U6TR, STM32C011F6P3, STM32C011F6P6, STM32C011F6U3, STM32C011F6U6TR, STM32C011J4M3, STM32C011J4M6, STM32C011J6M3, STM32C011J6M6, STM32C0316-DK, STM32C031C4T3, STM32C031C4T6, STM32C031C4U3, STM32C031C4U6, STM32C031C6T3, STM32C031C6T6, STM32C031C6U3, STM32C031C6U6, STM32C031F4P3, STM32C031F4P6, STM32C031F6P3, STM32C031F6P6, STM32C031G4U3, STM32C031G4U6, STM32C031G6U3, STM32C031G6U6, STM32C031K4T3, STM32C031K4T6, STM32C031K4U3, STM32C031K4U6, STM32C031K6T3, STM32C031K6T6, STM32C031K6U3, STM32C031K6U6, STM32G071K8TXN, STM32G071K8UXN, STM32G081GBU6N, STM32G081KBT6N, STM32G081KBUXN, STM32G0B1CCT6N, STM32G0B1KCT6, STM32G0B1NEY6TR, STM32G0B1RCT6N, STM32G0C1CCT6, STM32G0C1CCT6N, STM32G0C1CCU6N, STM32G0C1CET6N, STM32G0C1CEU6N, STM32G0C1KCT6, STM32G0C1NEY6TR, STM32G0C1RCI6N, STM32G0C1RCT6N, STM32G0C1REI6N, STM32G0C1RET6N, STM32G0C1VCI6, STM32G0C1VEI6, STM32G471CCT6, STM32G471CCU6, STM32G471CET3, STM32G471CET6, STM32G471CEU3, STM32G471CEU6, STM32G471MCT6, STM32G471MET3, STM32G471MET6, STM32G471MEY6TR, STM32G471QCT6, STM32G471QET3, STM32G471RCT6, STM32G471RET3, STM32G471RET6, STM32G471VCH6, STM32G471VCI6, STM32G471VCT6, STM32G471VEH3, STM32G471VEH6, STM32G471VEI3, STM32G471VEI6, STM32G471VET3, STM32G471VET6, STM32G474CCT6, STM32H503CBT6, STM32H503CBU6, STM32H503EBY6TR, STM32H503KBU6, STM32H503RBT6, STM32H562AGI6, STM32H562AII6, STM32H562IGK6, STM32H562IGT6, STM32H562IIK6, STM32H562IIT6, STM32H562RGT6, STM32H562RGV6, STM32H562RIT6, STM32H562RIV6, STM32H562VGT6, STM32H562VIT6, STM32H562ZGT6, STM32H562ZIT6, STM32H563AGI6, STM32H563AII3Q, STM32H563AII6, STM32H563IGK6, STM32H563IGT6, STM32H563IIK3Q, STM32H563IIK6, STM32H563IIT3Q, STM32H563IIT6, STM32H563MIY3QTR, STM32H563RGT6, STM32H563RGV6, STM32H563RIT6, STM32H563RIV6, STM32H563VGT6, STM32H563VIT3Q, STM32H563VIT6, STM32H563ZGT6, STM32H563ZIT3Q, STM32H563ZIT6, STM32H573AII3Q, STM32H573AII6, STM32H573I-DK, STM32H573IIK3Q, STM32H573IIK6, STM32H573IIT3Q, STM32H573IIT6, STM32H573MIY3QTR, STM32H573RIT6, STM32H573RIV6, STM32H573VIT3Q, STM32H573VIT6, STM32H573ZIT3Q, STM32H573ZIT6, STM32L4R5QGI6STR, STM32MP131AAE3, STM32MP131AAF3, STM32MP131AAG3, STM32MP131CAE3, STM32MP131CAF3, STM32MP131CAG3, STM32MP131DAE7, STM32MP131DAF7, STM32MP131DAG7, STM32MP131FAE7, STM32MP131FAF7, STM32MP131FAG7, STM32MP133AAE3, STM32MP133AAF3, STM32MP133AAG3, STM32MP133CAE3, STM32MP133CAF3, STM32MP133CAG3, STM32MP133DAE7, STM32MP133DAF7, STM32MP133DAG7, STM32MP133FAE7, STM32MP133FAF7, STM32MP133FAG7, STM32MP135AAE3, STM32MP135AAF3, STM32MP135AAG3, STM32MP135CAE3, STM32MP135CAF3, STM32MP135CAG3, STM32MP135DAE7, STM32MP135DAF7, STM32MP135DAG7, STM32MP135F-DK, STM32MP135FAE7, STM32MP135FAF7, STM32MP135FAF7T, STM32MP135FAF7U, STM32MP135FAG7, STM32U535CBT6, STM32U535CBT6Q, STM32U535CBU6, STM32U535CBU6Q, STM32U535CCT6, STM32U535CCT6Q, STM32U535CCU6, STM32U535CCU6Q, STM32U535CET6, STM32U535CET6Q, STM32U535CEU6, STM32U535CEU6Q, STM32U535JEY6QTR, STM32U535NCY6QTR, STM32U535NEY6QTR, STM32U535RBI6, STM32U535RBI6Q, STM32U535RBT6, STM32U535RBT6Q, STM32U535RCI6, STM32U535RCI6Q, STM32U535RCT6, STM32U535RCT6Q, STM32U535REI6, STM32U535REI6Q, STM32U535RET6, STM32U535RET6Q, STM32U535VCI6, STM32U535VCI6Q, STM32U535VCT6, STM32U535VCT6Q, STM32U535VEI6, STM32U535VEI6Q, STM32U535VET6, STM32U535VET6Q, STM32U545CET6, STM32U545CET6Q, STM32U545CEU6, STM32U545CEU6Q, STM32U545JEY6QTR, STM32U545NEY6QTR, STM32U545REI6, STM32U545REI6Q, STM32U545RET6, STM32U545RET6Q, STM32U545VEI6, STM32U545VEI6Q, STM32U545VET6, STM32U545VET6Q, STM32U595AIH6, STM32U595AIH6Q, STM32U595AJH6, STM32U595AJH6Q, STM32U595QII6, STM32U595QII6Q, STM32U595QJI6, STM32U595QJI6Q, STM32U595RIT6, STM32U595RIT6Q, STM32U595RJT6, STM32U595RJT6Q, STM32U595VIT6, STM32U595VIT6Q, STM32U595VJT6, STM32U595VJT6Q, STM32U595ZIT6, STM32U595ZIT6Q, STM32U595ZIY6QTR, STM32U595ZJT6, STM32U595ZJT6Q, STM32U595ZJY6QTR, STM32U599BJY6QTR, STM32U599NIH6Q, STM32U599NJH6Q, STM32U599VIT6Q, STM32U599VJT6, STM32U599VJT6Q, STM32U599ZIT6Q, STM32U599ZIY6QTR, STM32U599ZJT6Q, STM32U599ZJY6QTR, STM32U5A5AJH6, STM32U5A5AJH6Q, STM32U5A5QJI6, STM32U5A5QJI6Q, STM32U5A5RJT6, STM32U5A5RJT6Q, STM32U5A5VJT6, STM32U5A5VJT6Q, STM32U5A5ZJT6, STM32U5A5ZJT6Q, STM32U5A5ZJY6QTR, STM32U5A9BJY6QTR, STM32U5A9J-DK, STM32U5A9NJH6Q, STM32U5A9VJT6Q, STM32U5A9ZJT6Q, STM32U5A9ZJY6QTR, STM32U5F7VIT6, STM32U5F7VIT6Q, STM32U5F7VJT6, STM32U5F7VJT6Q, STM32U5F9BJY6QTR, STM32U5F9NJH6Q, STM32U5F9VIT6Q, STM32U5F9VJT6Q, STM32U5F9ZIJ6QTR, STM32U5F9ZIT6Q, STM32U5F9ZJJ6QTR, STM32U5F9ZJT6Q, STM32U5G7VJT6, STM32U5G7VJT6Q, STM32U5G9BJY6QTR, STM32U5G9J-DK1, STM32U5G9J-DK2, STM32U5G9NJH6Q, STM32U5G9VJT6Q, STM32U5G9ZJJ6QTR, STM32U5G9ZJT6Q, STM32WB1MMCH6, STM32WBA50KEU6, STM32WBA50KEU6TR, STM32WBA50KGU6, STM32WBA50KGU6TR, STM32WBA52CEU6, STM32WBA52CEU6TR, STM32WBA52CEU7, STM32WBA52CEU7TR, STM32WBA52CGU6, STM32WBA52CGU6TR, STM32WBA52CGU6U, STM32WBA52CGU7, STM32WBA52CGU7TR, STM32WBA52KEU6, STM32WBA52KEU6TR, STM32WBA52KGU6, STM32WBA52KGU6TR, STM32WBA54CEU6, STM32WBA54CEU6TR, STM32WBA54CEU7, STM32WBA54CEU7TR, STM32WBA54CGU6, STM32WBA54CGU6TR, STM32WBA54CGU7, STM32WBA54CGU7TR, STM32WBA54KEU6, STM32WBA54KEU6TR, STM32WBA54KEU7, STM32WBA54KEU7TR, STM32WBA54KGU6, STM32WBA54KGU6TR, STM32WBA54KGU7, STM32WBA54KGU7TR, STM32WBA55CEU6, STM32WBA55CEU6TR, STM32WBA55CEU7, STM32WBA55CEU7TR, STM32WBA55CGU6, STM32WBA55CGU6TR, STM32WBA55CGU6U, STM32WBA55CGU7, STM32WBA55CGU7TR, STM32WBA55G-DK1, STM32WBA55HEF6, STM32WBA55HEF7, STM32WBA55HGF6, STM32WBA55HGF7, STM32WBA55UEI6, STM32WBA55UEI6TR, STM32WBA55UEI7, STM32WBA55UEI7TR, STM32WBA55UGI6, STM32WBA55UGI6TR, STM32WBA55UGI7, STM32WBA55UGI7TR, STM32WL5MOCH6, STM32WL5MOCH6TR]
2024-01-12 13:10:20,682 [INFO] DbMcus:218 - Found 3930 MCUs, 3930 are supported
2024-01-12 13:10:20,690 [INFO] ApiDb:423 - Load user favorites file C:\Users\aleja/.stm32cubeide/favorites.mcus.txt: 1 item(s)
2024-01-12 13:10:20,691 [INFO] ApiDb:427 - User favorites MCUs=[STM32F042F4P6]
2024-01-12 13:10:20,691 [INFO] DbMcus:224 - Set 1 / 1 favorites MCUs
2024-01-12 13:10:21,173 [INFO] MicroXplorer:468 - Change Database Path : 
2024-01-12 13:10:21,174 [INFO] MicroXplorer:498 - Change Database Version : DB.6.0.100
2024-01-12 13:10:21,174 [WARN] ThirdParty:833 - waiting for thirdparty lock release [change project]
2024-01-12 13:10:21,174 [INFO] ThirdParty:835 - entering critical section [change project]
2024-01-12 13:10:21,175 [INFO] ThirdParty:1030 - CMSIS Pack Vendor :STMicroelectronics X-CUBE-ISPU 1.1.0
2024-01-12 13:10:21,175 [INFO] ThirdParty:1030 - CMSIS Pack Vendor :STMicroelectronics USBPD 4.1
2024-01-12 13:10:21,175 [INFO] ThirdParty:1030 - CMSIS Pack Vendor :STMicroelectronics X-CUBE-GNSS1 6.0.0
2024-01-12 13:10:21,175 [INFO] ThirdParty:1030 - CMSIS Pack Vendor :STMicroelectronics USB_HOST 2.0.0
2024-01-12 13:10:21,175 [INFO] ThirdParty:1030 - CMSIS Pack Vendor :STMicroelectronics X-CUBE-AZRTOS-F4 1.1.0
2024-01-12 13:10:21,175 [INFO] ThirdParty:1030 - CMSIS Pack Vendor :STMicroelectronics LIBJPEG 8.0.0
2024-01-12 13:10:21,175 [INFO] ThirdParty:1030 - CMSIS Pack Vendor :wolfSSL I-CUBE-wolfSSL 5.6.4
2024-01-12 13:10:21,175 [INFO] ThirdParty:1030 - CMSIS Pack Vendor :STMicroelectronics X-CUBE-SMBUS 2.1.0
2024-01-12 13:10:21,175 [INFO] ThirdParty:1030 - CMSIS Pack Vendor :STMicroelectronics USB_DEVICE 3.0.0
2024-01-12 13:10:21,175 [INFO] ThirdParty:1030 - CMSIS Pack Vendor :STMicroelectronics X-CUBE-AZRTOS-WB 2.0.0
2024-01-12 13:10:21,175 [INFO] ThirdParty:1030 - CMSIS Pack Vendor :STMicroelectronics X-CUBE-TOUCHGFX 4.23.0
2024-01-12 13:10:21,175 [INFO] ThirdParty:1030 - CMSIS Pack Vendor :STMicroelectronics X-CUBE-AZRTOS-F7 1.1.0
2024-01-12 13:10:21,175 [INFO] ThirdParty:1030 - CMSIS Pack Vendor :STMicroelectronics X-CUBE-AZRTOS-L5 2.0.0
2024-01-12 13:10:21,175 [INFO] ThirdParty:1030 - CMSIS Pack Vendor :STMicroelectronics USB_DEVICE 2.0.0
2024-01-12 13:10:21,175 [INFO] ThirdParty:1030 - CMSIS Pack Vendor :STMicroelectronics X-CUBE-EEPRMA1 4.2.0
2024-01-12 13:10:21,175 [INFO] ThirdParty:1030 - CMSIS Pack Vendor :ITTIA_DB I-CUBE-ITTIADB 8.8.0
2024-01-12 13:10:21,176 [INFO] ThirdParty:1030 - CMSIS Pack Vendor :STMicroelectronics FP-SNS-MOTENV1 4.3.2
2024-01-12 13:10:21,176 [INFO] ThirdParty:1030 - CMSIS Pack Vendor :STMicroelectronics X-CUBE-ALGOBUILD 1.3.0
2024-01-12 13:10:21,176 [INFO] ThirdParty:1030 - CMSIS Pack Vendor :STMicroelectronics FreeRTOS 0.0.1
2024-01-12 13:10:21,176 [INFO] ThirdParty:1030 - CMSIS Pack Vendor :STMicroelectronics X-CUBE-AZRTOS-G0 1.1.0
2024-01-12 13:10:21,176 [INFO] ThirdParty:1030 - CMSIS Pack Vendor :STMicroelectronics X-CUBE-NFC4 3.0.0
2024-01-12 13:10:21,176 [INFO] ThirdParty:1030 - CMSIS Pack Vendor :STMicroelectronics X-CUBE-SUBG2 5.0.0
2024-01-12 13:10:21,176 [INFO] ThirdParty:1030 - CMSIS Pack Vendor :STMicroelectronics STM32_WPAN 1.0.0
2024-01-12 13:10:21,176 [INFO] ThirdParty:1030 - CMSIS Pack Vendor :STMicroelectronics lwIP 2.0.3
2024-01-12 13:10:21,176 [INFO] ThirdParty:1030 - CMSIS Pack Vendor :STMicroelectronics FP-SNS-FLIGHT1 5.0.2
2024-01-12 13:10:21,176 [INFO] ThirdParty:1030 - CMSIS Pack Vendor :STMicroelectronics USB_HOST 1.0.0
2024-01-12 13:10:21,176 [INFO] ThirdParty:1030 - CMSIS Pack Vendor :STMicroelectronics X-CUBE-AZRTOS-G4 2.0.0
2024-01-12 13:10:21,176 [INFO] ThirdParty:1030 - CMSIS Pack Vendor :STMicroelectronics PDM2PCM 3.1.0
2024-01-12 13:10:21,176 [INFO] ThirdParty:1030 - CMSIS Pack Vendor :STMicroelectronics X-CUBE-AZRTOS-H7 3.1.0
2024-01-12 13:10:21,176 [INFO] ThirdParty:1030 - CMSIS Pack Vendor :Infineon AIROC-Wi-Fi-Bluetooth-STM32 1.5.1
2024-01-12 13:10:21,176 [INFO] ThirdParty:1030 - CMSIS Pack Vendor :STMicroelectronics X-CUBE-BLEMGR 3.0.0
2024-01-12 13:10:21,176 [INFO] ThirdParty:1030 - CMSIS Pack Vendor :STMicroelectronics PDM2PCM 3.3.0
2024-01-12 13:10:21,176 [INFO] ThirdParty:1030 - CMSIS Pack Vendor :STMicroelectronics X-CUBE-DISPLAY 3.0.0
2024-01-12 13:10:21,176 [INFO] ThirdParty:1030 - CMSIS Pack Vendor :STMicroelectronics FP-SNS-MOTENVWB1 1.3.1
2024-01-12 13:10:21,176 [INFO] ThirdParty:1030 - CMSIS Pack Vendor :STMicroelectronics X-CUBE-BLE1 7.0.0
2024-01-12 13:10:21,177 [INFO] ThirdParty:1030 - CMSIS Pack Vendor :STMicroelectronics FP-ATR-SIGFOX1 3.2.0
2024-01-12 13:10:21,177 [INFO] ThirdParty:1030 - CMSIS Pack Vendor :STMicroelectronics X-CUBE-ISPU 2.0.0
2024-01-12 13:10:21,177 [INFO] ThirdParty:1030 - CMSIS Pack Vendor :STMicroelectronics HAL Drivers 0.0.0
2024-01-12 13:10:21,177 [INFO] ThirdParty:1030 - CMSIS Pack Vendor :STMicroelectronics MBEDTLS 2.16.2
2024-01-12 13:10:21,177 [INFO] ThirdParty:1030 - CMSIS Pack Vendor :emotas I-CUBE-CANOPEN 1.3.0
2024-01-12 13:10:21,177 [INFO] ThirdParty:1030 - CMSIS Pack Vendor :STMicroelectronics X-CUBE-MEMS1 10.0.0
2024-01-12 13:10:21,177 [INFO] ThirdParty:1030 - CMSIS Pack Vendor :STMicroelectronics X-CUBE-FREERTOS 1.1.0
2024-01-12 13:10:21,177 [INFO] ThirdParty:1030 - CMSIS Pack Vendor :STMicroelectronics X-CUBE-NFC7 1.0.1
2024-01-12 13:10:21,177 [INFO] ThirdParty:1030 - CMSIS Pack Vendor :STMicroelectronics MBEDTLS 2.14.1
2024-01-12 13:10:21,177 [INFO] ThirdParty:1030 - CMSIS Pack Vendor :STMicroelectronics X-CUBE-TOUCHGFX 4.22.1
2024-01-12 13:10:21,177 [INFO] ThirdParty:1030 - CMSIS Pack Vendor :STMicroelectronics X-CUBE-NFC6 3.0.0
2024-01-12 13:10:21,177 [INFO] ThirdParty:1030 - CMSIS Pack Vendor :portGmbH I-Cube-SoM-uGOAL 1.1.0
2024-01-12 13:10:21,177 [INFO] ThirdParty:1030 - CMSIS Pack Vendor :STMicroelectronics X-CUBE-ALS 1.0.1
2024-01-12 13:10:21,177 [INFO] ThirdParty:1030 - CMSIS Pack Vendor :STMicroelectronics ThreadX 1.0.0
2024-01-12 13:10:21,177 [INFO] ThirdParty:1030 - CMSIS Pack Vendor :STMicroelectronics FP-SNS-SMARTAG2 1.2.0
2024-01-12 13:10:21,177 [INFO] ThirdParty:1030 - CMSIS Pack Vendor :STMicroelectronics X-CUBE-AZRTOS-WL 2.0.0
2024-01-12 13:10:21,177 [INFO] ThirdParty:1030 - CMSIS Pack Vendor :STMicroelectronics USB_DEVICE 1.0.0
2024-01-12 13:10:21,177 [INFO] ThirdParty:1030 - CMSIS Pack Vendor :STMicroelectronics X-CUBE-AI 8.1.0
2024-01-12 13:10:21,178 [INFO] ThirdParty:1030 - CMSIS Pack Vendor :STMicroelectronics X-CUBE-AZRTOS-L4 2.0.0
2024-01-12 13:10:21,178 [INFO] ThirdParty:1030 - CMSIS Pack Vendor :STMicroelectronics ThreadX 0.0.2
2024-01-12 13:10:21,178 [INFO] ThirdParty:1030 - CMSIS Pack Vendor :WES I-CUBE-Cesium 1.3.0
2024-01-12 13:10:21,178 [INFO] ThirdParty:1030 - CMSIS Pack Vendor :STMicroelectronics FP-ATR-ASTRA1 2.0.0
2024-01-12 13:10:21,178 [INFO] ThirdParty:1030 - CMSIS Pack Vendor :STMicroelectronics lwIP 2.1.2
2024-01-12 13:10:21,178 [INFO] ThirdParty:1030 - CMSIS Pack Vendor :STMicroelectronics X-CUBE-SFXS2LP1 4.0.0
2024-01-12 13:10:21,178 [INFO] ThirdParty:1030 - CMSIS Pack Vendor :STMicroelectronics X-CUBE-BLE2 3.3.0
2024-01-12 13:10:21,178 [INFO] ThirdParty:1030 - CMSIS Pack Vendor :STMicroelectronics X-CUBE-TOF1 3.4.0
2024-01-12 13:10:21,178 [INFO] ThirdParty:1030 - CMSIS Pack Vendor :STMicroelectronics X-CUBE-AZRTOS-H7 3.2.0
2024-01-12 13:10:21,178 [INFO] ThirdParty:1030 - CMSIS Pack Vendor :STMicroelectronics PDM2PCM 3.2.0
2024-01-12 13:10:21,178 [INFO] ThirdParty:841 - exiting critical section [change project]
2024-01-12 13:10:21,670 [INFO] PinOutPanel:1499 - setPackage(No Configuration,No Configuration)
2024-01-12 13:10:21,673 [INFO] PinOutPanel:1499 - setPackage(STM32F042F4Px,TSSOP20)
2024-01-12 13:10:23,047 [INFO] UtilMem:75 - Before build in PCC Used Memory: 415723768 Bytes (649068544)
2024-01-12 13:10:24,327 [INFO] UtilMem:75 - After build in PCC Used Memory: 330257264 Bytes (649068544)
2024-01-12 13:10:24,365 [INFO] IPUIPlugin:80 - create IPUIPlugin
2024-01-12 13:10:24,365 [INFO] IPUIPlugin:80 - create IPUIPlugin
2024-01-12 13:10:24,365 [INFO] IPUIPlugin:80 - create IPUIPlugin
2024-01-12 13:10:24,365 [INFO] IPUIPlugin:80 - create IPUIPlugin
2024-01-12 13:10:24,365 [INFO] IPUIPlugin:80 - create IPUIPlugin
2024-01-12 13:10:24,365 [INFO] IPUIPlugin:80 - create IPUIPlugin
2024-01-12 13:10:24,365 [INFO] IPUIPlugin:80 - create IPUIPlugin
2024-01-12 13:10:24,365 [INFO] IPUIPlugin:80 - create IPUIPlugin
2024-01-12 13:10:24,366 [INFO] IPUIPlugin:80 - create IPUIPlugin
2024-01-12 13:10:24,366 [INFO] IPUIPlugin:80 - create IPUIPlugin
2024-01-12 13:10:24,366 [INFO] IPUIPlugin:80 - create IPUIPlugin
2024-01-12 13:10:24,366 [INFO] IPUIPlugin:80 - create IPUIPlugin
2024-01-12 13:10:24,366 [INFO] IPUIPlugin:80 - create IPUIPlugin
2024-01-12 13:10:24,366 [INFO] IPUIPlugin:80 - create IPUIPlugin
2024-01-12 13:10:24,366 [INFO] IPUIPlugin:80 - create IPUIPlugin
2024-01-12 13:10:24,366 [INFO] IPUIPlugin:80 - create IPUIPlugin
2024-01-12 13:10:24,367 [INFO] IPUIPlugin:80 - create IPUIPlugin
2024-01-12 13:10:24,367 [INFO] IPUIPlugin:80 - create IPUIPlugin
2024-01-12 13:10:24,367 [INFO] IPUIPlugin:80 - create IPUIPlugin
2024-01-12 13:10:24,367 [INFO] IPUIPlugin:80 - create IPUIPlugin
2024-01-12 13:10:24,368 [INFO] IPUIPlugin:80 - create IPUIPlugin
2024-01-12 13:10:24,368 [INFO] IPUIPlugin:80 - create IPUIPlugin
2024-01-12 13:10:24,368 [INFO] IPUIPlugin:80 - create IPUIPlugin
2024-01-12 13:10:24,369 [INFO] IPUIPlugin:80 - create IPUIPlugin
2024-01-12 13:10:24,369 [INFO] IPUIPlugin:80 - create IPUIPlugin
2024-01-12 13:10:24,369 [INFO] IPUIPlugin:80 - create IPUIPlugin
2024-01-12 13:10:24,370 [INFO] IPUIPlugin:80 - create IPUIPlugin
2024-01-12 13:10:24,370 [INFO] IPUIPlugin:80 - create IPUIPlugin
2024-01-12 13:10:24,370 [INFO] IPUIPlugin:80 - create IPUIPlugin
2024-01-12 13:10:24,370 [INFO] IPUIPlugin:80 - create IPUIPlugin
2024-01-12 13:10:24,717 [INFO] CADModel:165 - CPN selected for project levelSTM32F042F4P6
2024-01-12 13:10:24,718 [INFO] CADModel:114 - Register for checkConnection events
2024-01-12 13:10:24,783 [INFO] OpenFileManager:343 - Restore cursor
2024-01-12 13:10:33,163 [INFO] Gpio:277 - dependency for GPIO [ADC, SYS]
2024-01-12 13:10:51,964 [INFO] Gpio:277 - dependency for GPIO [ADC, SYS]
2024-01-12 13:10:57,480 [INFO] Gpio:277 - dependency for GPIO [ADC, SYS]
2024-01-12 13:12:11,339 [INFO] Gpio:277 - dependency for GPIO [ADC, SYS]
2024-01-12 13:14:00,308 [INFO] UtilMem:75 - End SaveConfig() Used Memory: 594676224 Bytes (1073741824)
2024-01-12 13:14:01,440 [INFO] UtilMem:75 - End SaveConfig() Used Memory: 624442184 Bytes (1073741824)
2024-01-12 13:14:01,933 [INFO] BlockDiagram:2759 - set Specific Code input for plugin: ADC
2024-01-12 13:14:01,933 [INFO] BlockDiagram:2759 - set Specific Code input for plugin: NVIC
2024-01-12 13:14:01,933 [INFO] BlockDiagram:2759 - set Specific Code input for plugin: SYS
2024-01-12 13:14:01,933 [INFO] BlockDiagram:2759 - set Specific Code input for plugin: GPIO
2024-01-12 13:14:01,934 [INFO] BlockDiagram:2759 - set Specific Code input for plugin: RCC
2024-01-12 13:14:01,936 [INFO] CodeGenerator:807 - code generatio: config db path: C:\ST\STM32CubeIDE_1.13.2\STM32CubeIDE\plugins\com.st.stm32cube.common.mx_6.10.0.202311202037\\db\
2024-01-12 13:14:02,280 [INFO] CodeEngine:255 - oldGeneratedFile, C:\Users\aleja\OneDrive\Escritorio\gettingStartedSTM\helloWorld\MXTmpFiles\license.tmp_save
2024-01-12 13:14:02,818 [INFO] CodeEngine:279 - Generated code: C:\Users\aleja\OneDrive\Escritorio\gettingStartedSTM\helloWorld\MXTmpFiles\license.tmp
2024-01-12 13:14:02,959 [INFO] CodeEngine:255 - oldGeneratedFile, C:\Users\aleja\OneDrive\Escritorio\gettingStartedSTM\helloWorld\MXTmpFiles\gpio.tmp_save
2024-01-12 13:14:03,214 [INFO] CodeEngine:279 - Generated code: C:\Users\aleja\OneDrive\Escritorio\gettingStartedSTM\helloWorld\MXTmpFiles\gpio.tmp
2024-01-12 13:14:03,385 [INFO] CodeEngine:255 - oldGeneratedFile, C:\Users\aleja\OneDrive\Escritorio\gettingStartedSTM\helloWorld\Core\Src\stm32f0xx_it.c_save
2024-01-12 13:14:03,626 [INFO] CodeEngine:279 - Generated code: C:\Users\aleja\OneDrive\Escritorio\gettingStartedSTM\helloWorld\Core\Src\stm32f0xx_it.c
2024-01-12 13:14:03,659 [INFO] CodeEngine:255 - oldGeneratedFile, C:\Users\aleja\OneDrive\Escritorio\gettingStartedSTM\helloWorld\Core\Inc\stm32f0xx_it.h_save
2024-01-12 13:14:03,830 [INFO] CodeEngine:279 - Generated code: C:\Users\aleja\OneDrive\Escritorio\gettingStartedSTM\helloWorld\Core\Inc\stm32f0xx_it.h
2024-01-12 13:14:03,895 [INFO] CodeEngine:255 - oldGeneratedFile, C:\Users\aleja\OneDrive\Escritorio\gettingStartedSTM\helloWorld\Core\Src\stm32f0xx_hal_msp.c_save
2024-01-12 13:14:04,077 [INFO] CodeEngine:279 - Generated code: C:\Users\aleja\OneDrive\Escritorio\gettingStartedSTM\helloWorld\Core\Src\stm32f0xx_hal_msp.c
2024-01-12 13:14:04,094 [INFO] CodeEngine:255 - oldGeneratedFile, C:\Users\aleja\OneDrive\Escritorio\gettingStartedSTM\helloWorld\MXTmpFiles\system.tmp_save
2024-01-12 13:14:04,192 [INFO] CodeEngine:279 - Generated code: C:\Users\aleja\OneDrive\Escritorio\gettingStartedSTM\helloWorld\MXTmpFiles\system.tmp
2024-01-12 13:14:04,238 [INFO] CodeEngine:311 - oldGeneratedFile, C:\Users\aleja\OneDrive\Escritorio\gettingStartedSTM\helloWorld\Core\Inc\stm32f0xx_hal_conf.h_save
2024-01-12 13:14:04,364 [INFO] CodeEngine:335 - Generated code: C:\Users\aleja\OneDrive\Escritorio\gettingStartedSTM\helloWorld\Core\Inc\stm32f0xx_hal_conf.h
2024-01-12 13:14:04,447 [INFO] CodeEngine:255 - oldGeneratedFile, C:\Users\aleja\OneDrive\Escritorio\gettingStartedSTM\helloWorld\Core\Inc\main.h_save
2024-01-12 13:14:04,617 [INFO] CodeEngine:279 - Generated code: C:\Users\aleja\OneDrive\Escritorio\gettingStartedSTM\helloWorld\Core\Inc\main.h
2024-01-12 13:14:04,660 [INFO] CodeEngine:255 - oldGeneratedFile, C:\Users\aleja\OneDrive\Escritorio\gettingStartedSTM\helloWorld\Core\Src\main.c_save
2024-01-12 13:14:04,876 [INFO] CodeEngine:279 - Generated code: C:\Users\aleja\OneDrive\Escritorio\gettingStartedSTM\helloWorld\Core\Src\main.c
2024-01-12 13:14:05,897 [INFO] ProjectBuilder:3076 - Time for Copy HAL[1] : 365mS.
2024-01-12 13:14:05,904 [INFO] ProjectBuilder:4485 - Project Generator version: 4.2.0-B44
2024-01-12 13:14:06,241 [INFO] ConfigFileManager:1495 - The Die is : DIE445
2024-01-12 13:14:06,282 [INFO] ApiDbMcu:508 - Load IP Config File for FATFS
2024-01-12 13:14:06,307 [INFO] ApiDbMcu:508 - Load IP Config File for FREERTOS
2024-01-12 13:14:06,341 [INFO] ApiDbMcu:508 - Load IP Config File for TOUCHSENSING
2024-01-12 13:14:06,361 [INFO] ApiDbMcu:508 - Load IP Config File for USB_DEVICE
2024-01-12 13:14:07,893 [INFO] LogOutputStream:77 - [STDOUT_REDIRECT] 
2024-01-12 13:14:11,156 [INFO] ProjectBuilder:4747 - Time for Generating toolchain IDE Files: 5250mS.
2024-01-12 13:14:11,157 [INFO] ProjectBuilder:2947 - Time for Copy CMSIS : 1mS.
2024-01-12 13:14:11,160 [INFO] ProjectBuilder:2947 - Time for Copy CMSIS : 0mS.
2024-01-12 20:40:58,115 [ERROR] LogOutputStream:75 - [STDERR_REDIRECT] 
