2024-02-02 00:08:08,587 [ERROR] LogOutputStream:75 - [STDERR_REDIRECT] 
2024-02-02 11:19:52,409 [INFO] Activator:176 - 


2024-02-02 11:19:52,414 [INFO] Activator:177 - !SESSION log4j initialized
2024-02-02 11:20:04,492 [INFO] LogOutputStream:77 - [STDOUT_REDIRECT] 
2024-02-02 11:20:06,466 [INFO] ApplicationProperties:184 - Using Application install path: C:\ST\STM32CubeIDE_1.13.2\STM32CubeIDE\plugins\com.st.stm32cube.common.mx_6.10.0.202311202037
2024-02-02 11:20:06,498 [INFO] DbMcusXml:78 - Set database path to: C:\ST\STM32CubeIDE_1.13.2\STM32CubeIDE\plugins\com.st.stm32cube.common.mx_6.10.0.202311202037\\db\/mcu/
2024-02-02 11:20:06,498 [INFO] ApiDb:274 - Set plugin database path to: C:\ST\STM32CubeIDE_1.13.2\STM32CubeIDE\plugins\com.st.stm32cube.common.mx_6.10.0.202311202037\\db\/plugins/boardmanager/
2024-02-02 11:20:06,499 [WARN] ApiDb:259 - Overriding images path with different value:  => C:\ST\STM32CubeIDE_1.13.2\STM32CubeIDE\plugins\com.st.stm32cube.common.mx_6.10.0.202311202037\\db\/plugins/mcufinder/images/
2024-02-02 11:20:06,515 [INFO] ApiDb:250 - Set database path to: C:\Users\aleja\.stmcufinder\plugins\mcufinder//mcu/
2024-02-02 11:20:06,517 [INFO] DbMcusAds:125 - Set database path to: C:\Users\aleja\.stmcufinder\plugins\mcufinder//mcu/
2024-02-02 11:20:06,520 [INFO] CrossReferenceDbSqlite:203 - Set database path to: C:\Users\aleja\.stmcufinder\plugins\mcufinder//mcu/cs/
2024-02-02 11:20:06,712 [INFO] RulesReader:64 - Compatibility file has been processed (297 Rules)
2024-02-02 11:20:06,850 [INFO] DbMcusXml:78 - Set database path to: C:\ST\STM32CubeIDE_1.13.2\STM32CubeIDE\plugins\com.st.stm32cube.common.mx_6.10.0.202311202037\\db\/mcu/
2024-02-02 11:20:06,850 [INFO] ApiDb:274 - Set plugin database path to: C:\ST\STM32CubeIDE_1.13.2\STM32CubeIDE\plugins\com.st.stm32cube.common.mx_6.10.0.202311202037\\db\/plugins/boardmanager/
2024-02-02 11:20:06,851 [INFO] ApiDb:261 - Set plugin images path to: C:\ST\STM32CubeIDE_1.13.2\STM32CubeIDE\plugins\com.st.stm32cube.common.mx_6.10.0.202311202037\\db\/plugins/mcufinder/images/
2024-02-02 11:20:06,851 [WARN] DbFile:41 - Overriding database path with different value: C:\Users\aleja\.stmcufinder\plugins\mcufinder/ => C:\Users\aleja\.stmcufinder\plugins\mcufinder
2024-02-02 11:20:06,851 [INFO] ApiDb:250 - Set database path to: C:\Users\aleja\.stmcufinder\plugins\mcufinder//mcu/
2024-02-02 11:20:06,851 [WARN] DbFile:41 - Overriding database path with different value: C:\Users\aleja\.stmcufinder\plugins\mcufinder/ => C:\Users\aleja\.stmcufinder\plugins\mcufinder
2024-02-02 11:20:06,851 [INFO] DbMcusAds:125 - Set database path to: C:\Users\aleja\.stmcufinder\plugins\mcufinder//mcu/
2024-02-02 11:20:06,851 [WARN] DbFile:41 - Overriding database path with different value: C:\Users\aleja\.stmcufinder\plugins\mcufinder/ => C:\Users\aleja\.stmcufinder\plugins\mcufinder
2024-02-02 11:20:06,851 [WARN] DbFile:41 - Overriding database path with different value: C:\Users\aleja\.stmcufinder\plugins\mcufinder/ => C:\Users\aleja\.stmcufinder\plugins\mcufinder
2024-02-02 11:20:06,852 [INFO] CrossReferenceDbSqlite:203 - Set database path to: C:\Users\aleja\.stmcufinder\plugins\mcufinder//mcu/cs/
2024-02-02 11:20:06,966 [INFO] MainPanel:264 - HeapMemory: 268435456
2024-02-02 11:20:07,094 [INFO] DbMcusXml:78 - Set database path to: C:\ST\STM32CubeIDE_1.13.2\STM32CubeIDE\plugins\com.st.stm32cube.common.mx_6.10.0.202311202037\\db\/mcu/
2024-02-02 11:20:07,094 [INFO] ApiDb:274 - Set plugin database path to: C:\ST\STM32CubeIDE_1.13.2\STM32CubeIDE\plugins\com.st.stm32cube.common.mx_6.10.0.202311202037\\db\/plugins/boardmanager/
2024-02-02 11:20:07,094 [INFO] ApiDb:261 - Set plugin images path to: C:\ST\STM32CubeIDE_1.13.2\STM32CubeIDE\plugins\com.st.stm32cube.common.mx_6.10.0.202311202037\\db\/plugins/mcufinder/images/
2024-02-02 11:20:07,094 [WARN] DbFile:41 - Overriding database path with different value: C:\Users\aleja\.stmcufinder\plugins\mcufinder/ => C:\Users\aleja\.stmcufinder\plugins\mcufinder
2024-02-02 11:20:07,094 [INFO] ApiDb:250 - Set database path to: C:\Users\aleja\.stmcufinder\plugins\mcufinder//mcu/
2024-02-02 11:20:07,095 [WARN] DbFile:41 - Overriding database path with different value: C:\Users\aleja\.stmcufinder\plugins\mcufinder/ => C:\Users\aleja\.stmcufinder\plugins\mcufinder
2024-02-02 11:20:07,095 [INFO] DbMcusAds:125 - Set database path to: C:\Users\aleja\.stmcufinder\plugins\mcufinder//mcu/
2024-02-02 11:20:07,095 [WARN] DbFile:41 - Overriding database path with different value: C:\Users\aleja\.stmcufinder\plugins\mcufinder/ => C:\Users\aleja\.stmcufinder\plugins\mcufinder
2024-02-02 11:20:07,095 [WARN] DbFile:41 - Overriding database path with different value: C:\Users\aleja\.stmcufinder\plugins\mcufinder/ => C:\Users\aleja\.stmcufinder\plugins\mcufinder
2024-02-02 11:20:07,095 [INFO] CrossReferenceDbSqlite:203 - Set database path to: C:\Users\aleja\.stmcufinder\plugins\mcufinder//mcu/cs/
2024-02-02 11:20:07,116 [INFO] ApplicationProperties:184 - Using Application install path: C:\ST\STM32CubeIDE_1.13.2\STM32CubeIDE\plugins\com.st.stm32cube.common.mx_6.10.0.202311202037
2024-02-02 11:20:07,119 [INFO] PluginManage:196 - Search for loadable plugins [exclusion list=, ]
2024-02-02 11:20:07,121 [INFO] PluginManage:310 - Check plugin analytics
2024-02-02 11:20:07,425 [INFO] AnalyticsPlugin:253 - Accepted Software Licenses: 
2024-02-02 11:20:07,426 [INFO] AnalyticsPlugin:255 - Accepted CMSIS Pack Licenses: 
2024-02-02 11:20:07,426 [INFO] AnalyticsPlugin:257 - Accepted Firmware Licenses: 
2024-02-02 11:20:07,430 [INFO] PluginManage:359 - Loaded plugin analytics (category:tool,tabindex:-1)
2024-02-02 11:20:07,430 [INFO] PluginManage:310 - Check plugin cadmodel
2024-02-02 11:20:07,454 [INFO] CADModel:105 - Init CAD model plugin
2024-02-02 11:20:07,454 [INFO] PluginManage:359 - Loaded plugin cadmodel (category:power,tabindex:5)
2024-02-02 11:20:07,454 [INFO] PluginManage:310 - Check plugin clock
2024-02-02 11:20:07,487 [INFO] PluginManage:359 - Loaded plugin clock (category:base,tabindex:2)
2024-02-02 11:20:07,488 [INFO] PluginManage:310 - Check plugin ddr
2024-02-02 11:20:07,492 [INFO] PluginManage:359 - Loaded plugin ddr (category:tool,tabindex:6)
2024-02-02 11:20:07,493 [INFO] PluginManage:310 - Check plugin filemanager
2024-02-02 11:20:07,708 [INFO] PluginManage:359 - Loaded plugin filemanager (category:base,tabindex:10)
2024-02-02 11:20:07,709 [INFO] PluginManage:310 - Check plugin ipmanager
2024-02-02 11:20:07,719 [INFO] PluginManage:359 - Loaded plugin ipmanager (category:base,tabindex:5)
2024-02-02 11:20:07,720 [INFO] PluginManage:310 - Check plugin lpbam
2024-02-02 11:20:07,744 [INFO] PluginManage:359 - Loaded plugin lpbam (category:base,tabindex:0)
2024-02-02 11:20:07,744 [INFO] PluginManage:310 - Check plugin memorymap
2024-02-02 11:20:07,776 [INFO] PluginManage:359 - Loaded plugin memorymap (category:base,tabindex:4)
2024-02-02 11:20:07,777 [INFO] PluginManage:310 - Check plugin pinoutandconfiguration
2024-02-02 11:20:07,800 [INFO] PluginManage:359 - Loaded plugin pinoutandconfiguration (category:base,tabindex:1)
2024-02-02 11:20:07,800 [INFO] PluginManage:310 - Check plugin pinoutconfig
2024-02-02 11:20:07,952 [WARN] SupportedApi:132 - Cannot load RTOS API schema: s4s-elt-must-match.1: The content of 'definitions' must match (annotation?, (simpleType | complexType)?, (unique | key | keyref)*)). A problem was found starting at: attribute.
2024-02-02 11:20:08,123 [INFO] PluginManage:359 - Loaded plugin pinoutconfig (category:base,tabindex:0)
2024-02-02 11:20:08,123 [INFO] PluginManage:310 - Check plugin power
2024-02-02 11:20:08,149 [INFO] PluginManage:359 - Loaded plugin power (category:power,tabindex:4)
2024-02-02 11:20:08,149 [INFO] PluginManage:310 - Check plugin projectmanager
2024-02-02 11:20:08,169 [INFO] PluginManage:359 - Loaded plugin projectmanager (category:projectmanager,tabindex:3)
2024-02-02 11:20:08,169 [INFO] PluginManage:310 - Check plugin thirdparty
2024-02-02 11:20:08,563 [INFO] PluginManage:359 - Loaded plugin thirdparty (category:base,tabindex:-1)
2024-02-02 11:20:08,563 [WARN] IntegrityCheckThread:84 - waiting for thirdparty lock release [integrity check]
2024-02-02 11:20:08,564 [INFO] PluginManage:310 - Check plugin tools
2024-02-02 11:20:08,564 [INFO] IntegrityCheckThread:86 - entering critical section [integrity check]
2024-02-02 11:20:08,564 [INFO] ThirdPartyUpdaterWithRetryManager:70 - Updater plugin not ready yet. [1/15]
2024-02-02 11:20:08,607 [INFO] PluginManage:359 - Loaded plugin tools (category:base,tabindex:7)
2024-02-02 11:20:08,607 [INFO] PluginManage:310 - Check plugin tutovideos
2024-02-02 11:20:08,926 [INFO] PluginManage:359 - Loaded plugin tutovideos (category:base,tabindex:-1)
2024-02-02 11:20:08,926 [INFO] PluginManage:310 - Check plugin updater
2024-02-02 11:20:08,945 [INFO] PluginManage:359 - Loaded plugin updater (category:base,tabindex:12)
2024-02-02 11:20:08,946 [INFO] PluginManage:310 - Check plugin userauth
2024-02-02 11:20:08,957 [INFO] UserAuth:114 - Init User Auth plugin
2024-02-02 11:20:08,957 [INFO] PluginManage:359 - Loaded plugin userauth (category:base,tabindex:14)
2024-02-02 11:20:08,958 [INFO] PluginManage:283 - PluginManage : Loaded plugins [17]
2024-02-02 11:20:09,308 [INFO] PinOutPanel:1499 - setPackage(No Configuration,No Configuration)
2024-02-02 11:20:09,426 [INFO] CADModel:165 - CPN selected for project level
2024-02-02 11:20:09,427 [INFO] CADModel:114 - Register for checkConnection events
2024-02-02 11:20:09,470 [INFO] IPUIPlugin:80 - create IPUIPlugin
2024-02-02 11:20:09,470 [INFO] PluginManager:220 - loadIPPluginJar : add adc
2024-02-02 11:20:09,517 [INFO] IPUIPlugin:80 - create IPUIPlugin
2024-02-02 11:20:09,518 [INFO] PluginManager:220 - loadIPPluginJar : add aes
2024-02-02 11:20:09,571 [INFO] IPUIPlugin:80 - create IPUIPlugin
2024-02-02 11:20:09,571 [INFO] PluginManager:220 - loadIPPluginJar : add can
2024-02-02 11:20:09,600 [INFO] IPUIPlugin:80 - create IPUIPlugin
2024-02-02 11:20:09,600 [INFO] PluginManager:220 - loadIPPluginJar : add comp
2024-02-02 11:20:09,638 [INFO] IPUIPlugin:80 - create IPUIPlugin
2024-02-02 11:20:09,639 [INFO] PluginManager:220 - loadIPPluginJar : add cryp
2024-02-02 11:20:09,674 [INFO] IPUIPlugin:80 - create IPUIPlugin
2024-02-02 11:20:09,674 [INFO] PluginManager:220 - loadIPPluginJar : add dfsdm
2024-02-02 11:20:09,692 [INFO] IPUIPlugin:80 - create IPUIPlugin
2024-02-02 11:20:09,692 [INFO] PluginManager:220 - loadIPPluginJar : add dma
2024-02-02 11:20:09,750 [INFO] IPUIPlugin:80 - create IPUIPlugin
2024-02-02 11:20:09,751 [INFO] PluginManager:220 - loadIPPluginJar : add dma3
2024-02-02 11:20:09,792 [INFO] IPUIPlugin:80 - create IPUIPlugin
2024-02-02 11:20:09,792 [INFO] PluginManager:220 - loadIPPluginJar : add fatfs
2024-02-02 11:20:09,863 [INFO] IPUIPlugin:80 - create IPUIPlugin
2024-02-02 11:20:09,863 [INFO] PluginManager:220 - loadIPPluginJar : add fmc
2024-02-02 11:20:09,886 [INFO] IPUIPlugin:80 - create IPUIPlugin
2024-02-02 11:20:09,886 [INFO] PluginManager:220 - loadIPPluginJar : add freertos
2024-02-02 11:20:09,913 [INFO] IPUIPlugin:80 - create IPUIPlugin
2024-02-02 11:20:09,913 [INFO] PluginManager:220 - loadIPPluginJar : add genericplugin
2024-02-02 11:20:10,024 [INFO] IPUIPlugin:80 - create IPUIPlugin
2024-02-02 11:20:10,024 [INFO] PluginManager:220 - loadIPPluginJar : add gfxmmu
2024-02-02 11:20:10,222 [INFO] IPUIPlugin:80 - create IPUIPlugin
2024-02-02 11:20:10,222 [INFO] PluginManager:220 - loadIPPluginJar : add gic
2024-02-02 11:20:10,250 [INFO] IPUIPlugin:80 - create IPUIPlugin
2024-02-02 11:20:10,251 [INFO] PluginManager:220 - loadIPPluginJar : add gpio
2024-02-02 11:20:10,407 [INFO] IPUIPlugin:80 - create IPUIPlugin
2024-02-02 11:20:10,407 [INFO] PluginManager:220 - loadIPPluginJar : add gtzc
2024-02-02 11:20:10,468 [INFO] IPUIPlugin:80 - create IPUIPlugin
2024-02-02 11:20:10,468 [INFO] PluginManager:220 - loadIPPluginJar : add hash
2024-02-02 11:20:10,541 [INFO] IPUIPlugin:80 - create IPUIPlugin
2024-02-02 11:20:10,541 [INFO] PluginManager:220 - loadIPPluginJar : add i2c
2024-02-02 11:20:10,597 [INFO] IPUIPlugin:80 - create IPUIPlugin
2024-02-02 11:20:10,598 [INFO] PluginManager:220 - loadIPPluginJar : add i2s
2024-02-02 11:20:10,678 [INFO] IPUIPlugin:80 - create IPUIPlugin
2024-02-02 11:20:10,678 [INFO] PluginManager:220 - loadIPPluginJar : add i3c
2024-02-02 11:20:10,839 [INFO] IPUIPlugin:80 - create IPUIPlugin
2024-02-02 11:20:10,839 [INFO] PluginManager:220 - loadIPPluginJar : add ipddr
2024-02-02 11:20:10,990 [INFO] IPUIPlugin:80 - create IPUIPlugin
2024-02-02 11:20:10,990 [INFO] PluginManager:220 - loadIPPluginJar : add linkedlist
2024-02-02 11:20:11,048 [INFO] IPUIPlugin:80 - create IPUIPlugin
2024-02-02 11:20:11,048 [INFO] PluginManager:220 - loadIPPluginJar : add lorawan
2024-02-02 11:20:11,100 [INFO] IPUIPlugin:80 - create IPUIPlugin
2024-02-02 11:20:11,100 [INFO] PluginManager:220 - loadIPPluginJar : add ltdc
2024-02-02 11:20:11,122 [INFO] IPUIPlugin:80 - create IPUIPlugin
2024-02-02 11:20:11,123 [INFO] PluginManager:220 - loadIPPluginJar : add mdma
2024-02-02 11:20:11,142 [INFO] IPUIPlugin:80 - create IPUIPlugin
2024-02-02 11:20:11,142 [INFO] PluginManager:220 - loadIPPluginJar : add nvic
2024-02-02 11:20:11,187 [INFO] IPUIPlugin:80 - create IPUIPlugin
2024-02-02 11:20:11,187 [INFO] PluginManager:220 - loadIPPluginJar : add opamp
2024-02-02 11:20:11,269 [INFO] IPUIPlugin:80 - create IPUIPlugin
2024-02-02 11:20:11,269 [INFO] PluginManager:220 - loadIPPluginJar : add openamp
2024-02-02 11:20:11,325 [INFO] IPUIPlugin:80 - create IPUIPlugin
2024-02-02 11:20:11,326 [INFO] PluginManager:220 - loadIPPluginJar : add pdm2pcm
2024-02-02 11:20:11,345 [INFO] IPUIPlugin:80 - create IPUIPlugin
2024-02-02 11:20:11,347 [INFO] PluginManager:220 - loadIPPluginJar : add plateformsettings
2024-02-02 11:20:11,376 [INFO] IPUIPlugin:80 - create IPUIPlugin
2024-02-02 11:20:11,377 [INFO] PluginManager:220 - loadIPPluginJar : add quadspi
2024-02-02 11:20:11,392 [INFO] IPUIPlugin:80 - create IPUIPlugin
2024-02-02 11:20:11,392 [INFO] PluginManager:220 - loadIPPluginJar : add resmgrutility
2024-02-02 11:20:11,447 [INFO] IPUIPlugin:80 - create IPUIPlugin
2024-02-02 11:20:11,447 [INFO] PluginManager:220 - loadIPPluginJar : add sai
2024-02-02 11:20:11,494 [INFO] IPUIPlugin:80 - create IPUIPlugin
2024-02-02 11:20:11,494 [INFO] PluginManager:220 - loadIPPluginJar : add spi
2024-02-02 11:20:11,566 [INFO] ThirdPartyUpdaterWithRetryManager:70 - Updater plugin not ready yet. [2/15]
2024-02-02 11:20:11,601 [INFO] IPUIPlugin:80 - create IPUIPlugin
2024-02-02 11:20:11,601 [INFO] PluginManager:220 - loadIPPluginJar : add stm32_wpan
2024-02-02 11:20:11,647 [INFO] IPUIPlugin:80 - create IPUIPlugin
2024-02-02 11:20:11,647 [INFO] PluginManager:220 - loadIPPluginJar : add tim
2024-02-02 11:20:11,717 [INFO] IPUIPlugin:80 - create IPUIPlugin
2024-02-02 11:20:11,717 [INFO] PluginManager:220 - loadIPPluginJar : add touchsensing
2024-02-02 11:20:11,749 [INFO] IPUIPlugin:80 - create IPUIPlugin
2024-02-02 11:20:11,749 [INFO] PluginManager:220 - loadIPPluginJar : add tracer_emb
2024-02-02 11:20:11,783 [INFO] IPUIPlugin:80 - create IPUIPlugin
2024-02-02 11:20:11,783 [INFO] PluginManager:220 - loadIPPluginJar : add ts
2024-02-02 11:20:11,813 [INFO] IPUIPlugin:80 - create IPUIPlugin
2024-02-02 11:20:11,814 [INFO] PluginManager:220 - loadIPPluginJar : add tsc
2024-02-02 11:20:11,843 [INFO] IPUIPlugin:80 - create IPUIPlugin
2024-02-02 11:20:11,844 [INFO] PluginManager:220 - loadIPPluginJar : add ucpd
2024-02-02 11:20:11,899 [INFO] IPUIPlugin:80 - create IPUIPlugin
2024-02-02 11:20:11,900 [INFO] PluginManager:220 - loadIPPluginJar : add usart
2024-02-02 11:20:11,957 [INFO] IPUIPlugin:80 - create IPUIPlugin
2024-02-02 11:20:11,957 [INFO] PluginManager:220 - loadIPPluginJar : add usbx
2024-02-02 11:20:12,132 [INFO] CADModel:165 - CPN selected for project level
2024-02-02 11:20:12,133 [INFO] CADModel:114 - Register for checkConnection events
2024-02-02 11:20:12,133 [FATAL] Updater:308 - Updater called before beeing initialized
2024-02-02 11:20:12,133 [ERROR] CADModel:125 - Updater not yet initialized, retry later 
2024-02-02 11:20:12,349 [INFO] CADModel:165 - CPN selected for project level
2024-02-02 11:20:12,350 [INFO] CADModel:114 - Register for checkConnection events
2024-02-02 11:20:12,350 [FATAL] Updater:308 - Updater called before beeing initialized
2024-02-02 11:20:12,350 [ERROR] CADModel:125 - Updater not yet initialized, retry later 
2024-02-02 11:20:12,354 [FATAL] Updater:308 - Updater called before beeing initialized
2024-02-02 11:20:12,526 [FATAL] Updater:308 - Updater called before beeing initialized
2024-02-02 11:20:12,540 [INFO] DbMcusAds:53 - JSON generation date=Wed Nov 29 11:52:27 CET 2023 (1701255147200)
2024-02-02 11:20:12,540 [FATAL] Updater:308 - Updater called before beeing initialized
2024-02-02 11:20:12,654 [WARN] DetailPanel:346 - Failed to get advertising image, set to default
2024-02-02 11:20:12,767 [FATAL] Updater:308 - Updater called before beeing initialized
2024-02-02 11:20:12,770 [FATAL] Updater:308 - Updater called before beeing initialized
2024-02-02 11:20:12,771 [FATAL] Updater:308 - Updater called before beeing initialized
2024-02-02 11:20:12,771 [WARN] DetailPanel:346 - Failed to get advertising image, set to default
2024-02-02 11:20:12,772 [FATAL] Updater:308 - Updater called before beeing initialized
2024-02-02 11:20:12,875 [ERROR] Updater:1120 - MainUpdater not yet initialized. External WinMGr cannot be set.
2024-02-02 11:20:12,890 [INFO] Updater:1056 - Updater Version found : 6.10.0
2024-02-02 11:20:12,928 [INFO] ApplicationProperties:184 - Using Application install path: C:\ST\STM32CubeIDE_1.13.2\STM32CubeIDE\plugins\com.st.stm32cube.common.mx_6.10.0.202311202037
2024-02-02 11:20:14,530 [ERROR] LogOutputStream:75 - [STDERR_REDIRECT] Feb 02, 2024 11:20:14 AM java.util.prefs.WindowsPreferences <init>
2024-02-02 11:20:14,532 [ERROR] LogOutputStream:75 - [STDERR_REDIRECT] WARNING: Could not open/create prefs root node Software\JavaSoft\Prefs at root 0xffffffff80000002. Windows RegCreateKeyEx(...) returned error code 5.
2024-02-02 11:20:14,532 [ERROR] LogOutputStream:75 - [STDERR_REDIRECT] 
2024-02-02 11:20:14,567 [INFO] ThirdPartyUpdaterWithRetryManager:70 - Updater plugin not ready yet. [3/15]
2024-02-02 11:20:15,131 [INFO] MainUpdater:2873 - connection check result : 10
2024-02-02 11:20:15,133 [INFO] MainUpdater:290 - Updater Check For Update Now.
2024-02-02 11:20:15,133 [INFO] MicroXplorer:498 - Change Database Version : DB.6.0.100
2024-02-02 11:20:15,189 [INFO] McuFinderGlobals:63 - Set McuFinder mode to 2 (CubeIDE integrated)
2024-02-02 11:20:15,221 [INFO] UserAuth:404 - Internet connection configuration mode: 1
2024-02-02 11:20:15,285 [INFO] JxBrowserEngine:152 - Initiate JxBrowser Engine with user profile folder
2024-02-02 11:20:15,419 [INFO] CheckServerUpdateThread:120 - End of CheckServer Thread
2024-02-02 11:20:17,832 [WARN] PackLoader:240 - Cannot read IP mode file for STMicroelectronics.X-CUBE-SMBUS.2.1.0
2024-02-02 11:20:17,851 [WARN] PackLoader:240 - Cannot read IP mode file for STMicroelectronics.X-CUBE-TOUCHGFX.4.23.0
2024-02-02 11:20:17,923 [WARN] PackLoader:240 - Cannot read IP mode file for STMicroelectronics.X-CUBE-AZRTOS-F7.1.1.0
2024-02-02 11:20:17,974 [WARN] PackLoader:240 - Cannot read IP mode file for STMicroelectronics.FP-SNS-MOTENV1.4.3.2
2024-02-02 11:20:18,001 [WARN] PackLoader:240 - Cannot read IP mode file for STMicroelectronics.FP-SNS-FLIGHT1.5.0.2
2024-02-02 11:20:18,031 [WARN] PackLoader:240 - Cannot read IP mode file for STMicroelectronics.X-CUBE-DISPLAY.3.0.0
2024-02-02 11:20:18,079 [WARN] PackLoader:240 - Cannot read IP mode file for STMicroelectronics.X-CUBE-BLE1.7.0.0
2024-02-02 11:20:18,103 [WARN] PackLoader:240 - Cannot read IP mode file for emotas.I-CUBE-CANOPEN.1.3.0
2024-02-02 11:20:18,122 [WARN] PackLoader:240 - Cannot read IP mode file for STMicroelectronics.X-CUBE-TOUCHGFX.4.22.1
2024-02-02 11:20:18,141 [WARN] PackLoader:240 - Cannot read IP mode file for STMicroelectronics.FP-SNS-SMARTAG2.1.2.0
2024-02-02 11:20:18,168 [INFO] LogOutputStream:77 - [STDOUT_REDIRECT] 1 : Invalid condition id : UX_CORESTACK_Condition cause : null
2024-02-02 11:20:18,169 [INFO] LogOutputStream:77 - [STDOUT_REDIRECT] 1 : Invalid condition id : UX_CORESTACK_Condition cause : null
2024-02-02 11:20:18,171 [INFO] LogOutputStream:77 - [STDOUT_REDIRECT] 1 : Invalid condition id : UX_CORESTACK_Condition cause : null
2024-02-02 11:20:18,173 [INFO] LogOutputStream:77 - [STDOUT_REDIRECT] 1 : Invalid condition id : UX_CORESTACK_Condition cause : null
2024-02-02 11:20:18,174 [INFO] LogOutputStream:77 - [STDOUT_REDIRECT] 1 : Invalid condition id : UX_CORESTACK_Condition cause : null
2024-02-02 11:20:18,183 [WARN] PackLoader:240 - Cannot read IP mode file for STMicroelectronics.X-CUBE-AZRTOS-WL.2.0.0
2024-02-02 11:20:18,209 [WARN] PackLoader:240 - Cannot read IP mode file for WES.I-CUBE-Cesium.1.3.0
2024-02-02 11:20:18,225 [WARN] PackLoader:240 - Cannot read IP mode file for STMicroelectronics.X-CUBE-BLE2.3.3.0
2024-02-02 11:20:18,243 [WARN] PackLoader:240 - Cannot read IP mode file for STMicroelectronics.X-CUBE-ALGOBUILD.1.3.0
2024-02-02 11:20:18,284 [WARN] PackLoader:240 - Cannot read IP mode file for STMicroelectronics.X-CUBE-AZRTOS-G0.1.1.0
2024-02-02 11:20:18,310 [WARN] PackLoader:240 - Cannot read IP mode file for STMicroelectronics.X-CUBE-NFC4.3.0.0
2024-02-02 11:20:18,345 [WARN] PackLoader:240 - Cannot read IP mode file for STMicroelectronics.X-CUBE-BLEMGR.3.0.0
2024-02-02 11:20:18,365 [WARN] PackLoader:240 - Cannot read IP mode file for STMicroelectronics.FP-ATR-SIGFOX1.3.2.0
2024-02-02 11:20:18,383 [WARN] PackLoader:240 - Cannot read IP mode file for STMicroelectronics.X-CUBE-EEPRMA1.5.1.0
2024-02-02 11:20:18,444 [WARN] PackLoader:240 - Cannot read IP mode file for SEGGER.I-CUBE-embOS.1.3.1
2024-02-02 11:20:18,525 [WARN] PackLoader:240 - Cannot read IP mode file for STMicroelectronics.X-CUBE-GNSS1.6.0.0
2024-02-02 11:20:18,567 [WARN] PackLoader:240 - Cannot read IP mode file for STMicroelectronics.X-CUBE-AZRTOS-F4.1.1.0
2024-02-02 11:20:18,589 [WARN] PackLoader:240 - Cannot read IP mode file for wolfSSL.I-CUBE-wolfSSL.5.6.4
2024-02-02 11:20:18,626 [WARN] PackLoader:240 - Cannot read IP mode file for STMicroelectronics.X-CUBE-AZRTOS-L5.2.0.0
2024-02-02 11:20:18,645 [WARN] PackLoader:240 - Cannot read IP mode file for STMicroelectronics.X-CUBE-EEPRMA1.4.2.0
2024-02-02 11:20:18,665 [WARN] PackLoader:240 - Cannot read IP mode file for ITTIA_DB.I-CUBE-ITTIADB.8.8.0
2024-02-02 11:20:18,708 [WARN] ConditionMgr:438 - getConditionDescription Invalid condition id : UX DEVICE CLASS RTOS Condition cause : null
2024-02-02 11:20:18,709 [WARN] ConditionMgr:438 - getConditionDescription Invalid condition id : UX DEVICE CLASS RTOS Condition cause : null
2024-02-02 11:20:18,713 [WARN] PackLoader:240 - Cannot read IP mode file for STMicroelectronics.X-CUBE-AZRTOS-H7.3.1.0
2024-02-02 11:20:18,714 [WARN] ConditionMgr:1039 - genDependencies : Invalid condition id : UX DEVICE CLASS RTOS Condition cause : null
2024-02-02 11:20:18,714 [WARN] ConditionMgr:1039 - genDependencies : Invalid condition id : UX DEVICE CLASS RTOS Condition cause : null
2024-02-02 11:20:18,715 [WARN] ConditionMgr:1039 - genDependencies : Invalid condition id : UX DEVICE CLASS RTOS Condition cause : null
2024-02-02 11:20:18,715 [WARN] ConditionMgr:1039 - genDependencies : Invalid condition id : UX DEVICE CLASS RTOS Condition cause : null
2024-02-02 11:20:18,715 [WARN] ConditionMgr:1039 - genDependencies : Invalid condition id : UX DEVICE CLASS RTOS Condition cause : null
2024-02-02 11:20:18,736 [WARN] PackLoader:240 - Cannot read IP mode file for STMicroelectronics.X-CUBE-NFC7.1.0.1
2024-02-02 11:20:18,768 [WARN] PackLoader:240 - Cannot read IP mode file for STMicroelectronics.X-CUBE-NFC6.3.0.0
2024-02-02 11:20:18,789 [WARN] PackLoader:240 - Cannot read IP mode file for STMicroelectronics.X-CUBE-AI.8.1.0
2024-02-02 11:20:18,814 [WARN] ConditionMgr:438 - getConditionDescription Invalid condition id : LAN8742 Phy interface Condition cause : null
2024-02-02 11:20:18,814 [WARN] PackLoader:240 - Cannot read IP mode file for STMicroelectronics.X-CUBE-AZRTOS-L4.2.0.0
2024-02-02 11:20:18,816 [WARN] ConditionMgr:1039 - genDependencies : Invalid condition id : LAN8742 Phy interface Condition cause : null
2024-02-02 11:20:18,816 [WARN] ConditionMgr:1039 - genDependencies : Invalid condition id : LAN8742 Phy interface Condition cause : null
2024-02-02 11:20:18,817 [WARN] ConditionMgr:1039 - genDependencies : Invalid condition id : LAN8742 Phy interface Condition cause : null
2024-02-02 11:20:18,833 [WARN] PackLoader:240 - Cannot read IP mode file for STMicroelectronics.X-CUBE-SFXS2LP1.4.0.0
2024-02-02 11:20:18,859 [WARN] PackLoader:240 - Cannot read IP mode file for STMicroelectronics.X-CUBE-ISPU.1.1.0
2024-02-02 11:20:18,913 [WARN] ConditionMgr:438 - getConditionDescription Invalid condition id : UX DEVICE CLASS RTOS Condition cause : null
2024-02-02 11:20:18,913 [WARN] ConditionMgr:438 - getConditionDescription Invalid condition id : UX DEVICE CLASS RTOS Condition cause : null
2024-02-02 11:20:18,916 [WARN] PackLoader:240 - Cannot read IP mode file for STMicroelectronics.X-CUBE-AZRTOS-WB.2.0.0
2024-02-02 11:20:18,917 [WARN] ConditionMgr:1039 - genDependencies : Invalid condition id : UX DEVICE CLASS RTOS Condition cause : null
2024-02-02 11:20:18,917 [WARN] ConditionMgr:1039 - genDependencies : Invalid condition id : UX DEVICE CLASS RTOS Condition cause : null
2024-02-02 11:20:18,918 [WARN] ConditionMgr:1039 - genDependencies : Invalid condition id : UX DEVICE CLASS RTOS Condition cause : null
2024-02-02 11:20:18,919 [WARN] ConditionMgr:1039 - genDependencies : Invalid condition id : UX DEVICE CLASS RTOS Condition cause : null
2024-02-02 11:20:18,919 [WARN] ConditionMgr:1039 - genDependencies : Invalid condition id : UX DEVICE CLASS RTOS Condition cause : null
2024-02-02 11:20:18,950 [WARN] PackLoader:240 - Cannot read IP mode file for STMicroelectronics.X-CUBE-SUBG2.5.0.0
2024-02-02 11:20:19,025 [WARN] PackLoader:240 - Cannot read IP mode file for STMicroelectronics.X-CUBE-AZRTOS-G4.2.0.0
2024-02-02 11:20:19,078 [WARN] PackLoader:240 - Cannot read IP mode file for Infineon.AIROC-Wi-Fi-Bluetooth-STM32.1.5.1
2024-02-02 11:20:19,094 [WARN] PackLoader:240 - Cannot read IP mode file for STMicroelectronics.FP-SNS-MOTENVWB1.1.3.1
2024-02-02 11:20:19,108 [WARN] PackLoader:240 - Cannot read IP mode file for STMicroelectronics.X-CUBE-ISPU.2.0.0
2024-02-02 11:20:19,162 [WARN] PackLoader:240 - Cannot read IP mode file for STMicroelectronics.X-CUBE-MEMS1.10.0.0
2024-02-02 11:20:19,401 [WARN] PackLoader:240 - Cannot read IP mode file for STMicroelectronics.X-CUBE-FREERTOS.1.1.0
2024-02-02 11:20:19,445 [WARN] PackLoader:240 - Cannot read IP mode file for portGmbH.I-Cube-SoM-uGOAL.1.1.0
2024-02-02 11:20:19,488 [WARN] PackLoader:240 - Cannot read IP mode file for STMicroelectronics.X-CUBE-ALS.1.0.1
2024-02-02 11:20:19,508 [WARN] PackLoader:240 - Cannot read IP mode file for STMicroelectronics.FP-ATR-ASTRA1.2.0.0
2024-02-02 11:20:19,544 [WARN] PackLoader:240 - Cannot read IP mode file for STMicroelectronics.X-CUBE-TOF1.3.4.0
2024-02-02 11:20:19,606 [WARN] PackLoader:240 - Cannot read IP mode file for STMicroelectronics.X-CUBE-AZRTOS-H7.3.2.0
2024-02-02 11:20:19,611 [INFO] ThirdParty:978 - Integrity check success = true
2024-02-02 11:20:19,611 [INFO] IntegrityCheckThread:100 - exiting critical section [integrity check]
2024-02-02 11:20:19,612 [INFO] IntegrityCheckThread:103 - End integrity checks thread
2024-02-02 11:20:19,868 [INFO] WebApp:161 - Instantiating new browser for Auth
2024-02-02 11:20:20,898 [INFO] WebApp:780 - Register for checkConnection events
2024-02-02 11:20:20,898 [INFO] WebApp:414 - Apply proxy settings
2024-02-02 11:20:20,899 [INFO] WebApp:499 - Chromium requires no authentication
2024-02-02 11:20:20,907 [INFO] WebApp:442 - Direct internet connection detected
2024-02-02 11:20:21,147 [INFO] WebApp:192 - Starting web application
2024-02-02 11:20:21,147 [INFO] WebApp:544 - Web application path used C:\ST\STM32CubeIDE_1.13.2\STM32CubeIDE\plugins\com.st.stm32cube.common.mx_6.10.0.202311202037\db\plugins\mcufinder\reactClient1\index.html
2024-02-02 11:20:26,148 [ERROR] LogOutputStream:75 - [STDERR_REDIRECT] SLF4J: Failed to load class "org.slf4j.impl.StaticLoggerBinder".
2024-02-02 11:20:26,149 [ERROR] LogOutputStream:75 - [STDERR_REDIRECT] SLF4J: Defaulting to no-operation (NOP) logger implementation
2024-02-02 11:20:26,151 [ERROR] LogOutputStream:75 - [STDERR_REDIRECT] SLF4J: See http://www.slf4j.org/codes.html#StaticLoggerBinder for further details.
2024-02-02 11:22:36,415 [ERROR] LogOutputStream:75 - [STDERR_REDIRECT] 
2024-02-02 11:22:36,416 [ERROR] LogOutputStream:75 - [STDERR_REDIRECT] 
2024-02-02 15:06:01,649 [INFO] Activator:176 - 


2024-02-02 15:06:01,651 [INFO] Activator:177 - !SESSION log4j initialized
2024-02-02 15:06:07,266 [INFO] LogOutputStream:77 - [STDOUT_REDIRECT] 
2024-02-02 15:06:08,145 [INFO] ApplicationProperties:184 - Using Application install path: C:\ST\STM32CubeIDE_1.13.2\STM32CubeIDE\plugins\com.st.stm32cube.common.mx_6.10.0.202311202037
2024-02-02 15:06:08,168 [INFO] DbMcusXml:78 - Set database path to: C:\ST\STM32CubeIDE_1.13.2\STM32CubeIDE\plugins\com.st.stm32cube.common.mx_6.10.0.202311202037\\db\/mcu/
2024-02-02 15:06:08,168 [INFO] ApiDb:274 - Set plugin database path to: C:\ST\STM32CubeIDE_1.13.2\STM32CubeIDE\plugins\com.st.stm32cube.common.mx_6.10.0.202311202037\\db\/plugins/boardmanager/
2024-02-02 15:06:08,168 [WARN] ApiDb:259 - Overriding images path with different value:  => C:\ST\STM32CubeIDE_1.13.2\STM32CubeIDE\plugins\com.st.stm32cube.common.mx_6.10.0.202311202037\\db\/plugins/mcufinder/images/
2024-02-02 15:06:08,174 [INFO] ApiDb:250 - Set database path to: C:\Users\aleja\.stmcufinder\plugins\mcufinder//mcu/
2024-02-02 15:06:08,176 [INFO] DbMcusAds:125 - Set database path to: C:\Users\aleja\.stmcufinder\plugins\mcufinder//mcu/
2024-02-02 15:06:08,178 [INFO] CrossReferenceDbSqlite:203 - Set database path to: C:\Users\aleja\.stmcufinder\plugins\mcufinder//mcu/cs/
2024-02-02 15:06:08,281 [INFO] RulesReader:64 - Compatibility file has been processed (297 Rules)
2024-02-02 15:06:08,354 [INFO] DbMcusXml:78 - Set database path to: C:\ST\STM32CubeIDE_1.13.2\STM32CubeIDE\plugins\com.st.stm32cube.common.mx_6.10.0.202311202037\\db\/mcu/
2024-02-02 15:06:08,354 [INFO] ApiDb:274 - Set plugin database path to: C:\ST\STM32CubeIDE_1.13.2\STM32CubeIDE\plugins\com.st.stm32cube.common.mx_6.10.0.202311202037\\db\/plugins/boardmanager/
2024-02-02 15:06:08,354 [INFO] ApiDb:261 - Set plugin images path to: C:\ST\STM32CubeIDE_1.13.2\STM32CubeIDE\plugins\com.st.stm32cube.common.mx_6.10.0.202311202037\\db\/plugins/mcufinder/images/
2024-02-02 15:06:08,355 [WARN] DbFile:41 - Overriding database path with different value: C:\Users\aleja\.stmcufinder\plugins\mcufinder/ => C:\Users\aleja\.stmcufinder\plugins\mcufinder
2024-02-02 15:06:08,355 [INFO] ApiDb:250 - Set database path to: C:\Users\aleja\.stmcufinder\plugins\mcufinder//mcu/
2024-02-02 15:06:08,355 [WARN] DbFile:41 - Overriding database path with different value: C:\Users\aleja\.stmcufinder\plugins\mcufinder/ => C:\Users\aleja\.stmcufinder\plugins\mcufinder
2024-02-02 15:06:08,355 [INFO] DbMcusAds:125 - Set database path to: C:\Users\aleja\.stmcufinder\plugins\mcufinder//mcu/
2024-02-02 15:06:08,355 [WARN] DbFile:41 - Overriding database path with different value: C:\Users\aleja\.stmcufinder\plugins\mcufinder/ => C:\Users\aleja\.stmcufinder\plugins\mcufinder
2024-02-02 15:06:08,355 [WARN] DbFile:41 - Overriding database path with different value: C:\Users\aleja\.stmcufinder\plugins\mcufinder/ => C:\Users\aleja\.stmcufinder\plugins\mcufinder
2024-02-02 15:06:08,355 [INFO] CrossReferenceDbSqlite:203 - Set database path to: C:\Users\aleja\.stmcufinder\plugins\mcufinder//mcu/cs/
2024-02-02 15:06:08,431 [INFO] MainPanel:264 - HeapMemory: 268435456
2024-02-02 15:06:08,516 [INFO] DbMcusXml:78 - Set database path to: C:\ST\STM32CubeIDE_1.13.2\STM32CubeIDE\plugins\com.st.stm32cube.common.mx_6.10.0.202311202037\\db\/mcu/
2024-02-02 15:06:08,517 [INFO] ApiDb:274 - Set plugin database path to: C:\ST\STM32CubeIDE_1.13.2\STM32CubeIDE\plugins\com.st.stm32cube.common.mx_6.10.0.202311202037\\db\/plugins/boardmanager/
2024-02-02 15:06:08,517 [INFO] ApiDb:261 - Set plugin images path to: C:\ST\STM32CubeIDE_1.13.2\STM32CubeIDE\plugins\com.st.stm32cube.common.mx_6.10.0.202311202037\\db\/plugins/mcufinder/images/
2024-02-02 15:06:08,517 [WARN] DbFile:41 - Overriding database path with different value: C:\Users\aleja\.stmcufinder\plugins\mcufinder/ => C:\Users\aleja\.stmcufinder\plugins\mcufinder
2024-02-02 15:06:08,517 [INFO] ApiDb:250 - Set database path to: C:\Users\aleja\.stmcufinder\plugins\mcufinder//mcu/
2024-02-02 15:06:08,517 [WARN] DbFile:41 - Overriding database path with different value: C:\Users\aleja\.stmcufinder\plugins\mcufinder/ => C:\Users\aleja\.stmcufinder\plugins\mcufinder
2024-02-02 15:06:08,517 [INFO] DbMcusAds:125 - Set database path to: C:\Users\aleja\.stmcufinder\plugins\mcufinder//mcu/
2024-02-02 15:06:08,517 [WARN] DbFile:41 - Overriding database path with different value: C:\Users\aleja\.stmcufinder\plugins\mcufinder/ => C:\Users\aleja\.stmcufinder\plugins\mcufinder
2024-02-02 15:06:08,517 [WARN] DbFile:41 - Overriding database path with different value: C:\Users\aleja\.stmcufinder\plugins\mcufinder/ => C:\Users\aleja\.stmcufinder\plugins\mcufinder
2024-02-02 15:06:08,517 [INFO] CrossReferenceDbSqlite:203 - Set database path to: C:\Users\aleja\.stmcufinder\plugins\mcufinder//mcu/cs/
2024-02-02 15:06:08,533 [INFO] ApplicationProperties:184 - Using Application install path: C:\ST\STM32CubeIDE_1.13.2\STM32CubeIDE\plugins\com.st.stm32cube.common.mx_6.10.0.202311202037
2024-02-02 15:06:08,535 [INFO] PluginManage:196 - Search for loadable plugins [exclusion list=, ]
2024-02-02 15:06:08,536 [INFO] PluginManage:310 - Check plugin analytics
2024-02-02 15:06:08,724 [INFO] AnalyticsPlugin:253 - Accepted Software Licenses: 
2024-02-02 15:06:08,724 [INFO] AnalyticsPlugin:255 - Accepted CMSIS Pack Licenses: 
2024-02-02 15:06:08,725 [INFO] AnalyticsPlugin:257 - Accepted Firmware Licenses: 
2024-02-02 15:06:08,729 [INFO] PluginManage:359 - Loaded plugin analytics (category:tool,tabindex:-1)
2024-02-02 15:06:08,729 [INFO] PluginManage:310 - Check plugin cadmodel
2024-02-02 15:06:08,736 [INFO] CADModel:105 - Init CAD model plugin
2024-02-02 15:06:08,736 [INFO] PluginManage:359 - Loaded plugin cadmodel (category:power,tabindex:5)
2024-02-02 15:06:08,737 [INFO] PluginManage:310 - Check plugin clock
2024-02-02 15:06:08,755 [INFO] PluginManage:359 - Loaded plugin clock (category:base,tabindex:2)
2024-02-02 15:06:08,755 [INFO] PluginManage:310 - Check plugin ddr
2024-02-02 15:06:08,759 [INFO] PluginManage:359 - Loaded plugin ddr (category:tool,tabindex:6)
2024-02-02 15:06:08,759 [INFO] PluginManage:310 - Check plugin filemanager
2024-02-02 15:06:08,924 [INFO] PluginManage:359 - Loaded plugin filemanager (category:base,tabindex:10)
2024-02-02 15:06:08,924 [INFO] PluginManage:310 - Check plugin ipmanager
2024-02-02 15:06:08,932 [INFO] PluginManage:359 - Loaded plugin ipmanager (category:base,tabindex:5)
2024-02-02 15:06:08,932 [INFO] PluginManage:310 - Check plugin lpbam
2024-02-02 15:06:08,940 [INFO] PluginManage:359 - Loaded plugin lpbam (category:base,tabindex:0)
2024-02-02 15:06:08,940 [INFO] PluginManage:310 - Check plugin memorymap
2024-02-02 15:06:08,953 [INFO] PluginManage:359 - Loaded plugin memorymap (category:base,tabindex:4)
2024-02-02 15:06:08,953 [INFO] PluginManage:310 - Check plugin pinoutandconfiguration
2024-02-02 15:06:08,960 [INFO] PluginManage:359 - Loaded plugin pinoutandconfiguration (category:base,tabindex:1)
2024-02-02 15:06:08,960 [INFO] PluginManage:310 - Check plugin pinoutconfig
2024-02-02 15:06:09,050 [WARN] SupportedApi:132 - Cannot load RTOS API schema: s4s-elt-must-match.1: The content of 'definitions' must match (annotation?, (simpleType | complexType)?, (unique | key | keyref)*)). A problem was found starting at: attribute.
2024-02-02 15:06:09,170 [INFO] PluginManage:359 - Loaded plugin pinoutconfig (category:base,tabindex:0)
2024-02-02 15:06:09,171 [INFO] PluginManage:310 - Check plugin power
2024-02-02 15:06:09,185 [INFO] PluginManage:359 - Loaded plugin power (category:power,tabindex:4)
2024-02-02 15:06:09,185 [INFO] PluginManage:310 - Check plugin projectmanager
2024-02-02 15:06:09,201 [INFO] PluginManage:359 - Loaded plugin projectmanager (category:projectmanager,tabindex:3)
2024-02-02 15:06:09,201 [INFO] PluginManage:310 - Check plugin thirdparty
2024-02-02 15:06:09,330 [WARN] IntegrityCheckThread:84 - waiting for thirdparty lock release [integrity check]
2024-02-02 15:06:09,330 [INFO] IntegrityCheckThread:86 - entering critical section [integrity check]
2024-02-02 15:06:09,330 [INFO] PluginManage:359 - Loaded plugin thirdparty (category:base,tabindex:-1)
2024-02-02 15:06:09,330 [INFO] ThirdPartyUpdaterWithRetryManager:70 - Updater plugin not ready yet. [1/15]
2024-02-02 15:06:09,330 [INFO] PluginManage:310 - Check plugin tools
2024-02-02 15:06:09,333 [INFO] PluginManage:359 - Loaded plugin tools (category:base,tabindex:7)
2024-02-02 15:06:09,333 [INFO] PluginManage:310 - Check plugin tutovideos
2024-02-02 15:06:09,507 [INFO] PluginManage:359 - Loaded plugin tutovideos (category:base,tabindex:-1)
2024-02-02 15:06:09,507 [INFO] PluginManage:310 - Check plugin updater
2024-02-02 15:06:09,521 [INFO] PluginManage:359 - Loaded plugin updater (category:base,tabindex:12)
2024-02-02 15:06:09,522 [INFO] PluginManage:310 - Check plugin userauth
2024-02-02 15:06:09,527 [INFO] UserAuth:114 - Init User Auth plugin
2024-02-02 15:06:09,528 [INFO] PluginManage:359 - Loaded plugin userauth (category:base,tabindex:14)
2024-02-02 15:06:09,528 [INFO] PluginManage:283 - PluginManage : Loaded plugins [17]
2024-02-02 15:06:09,713 [INFO] PinOutPanel:1499 - setPackage(No Configuration,No Configuration)
2024-02-02 15:06:09,778 [INFO] CADModel:165 - CPN selected for project level
2024-02-02 15:06:09,778 [INFO] CADModel:114 - Register for checkConnection events
2024-02-02 15:06:09,794 [INFO] IPUIPlugin:80 - create IPUIPlugin
2024-02-02 15:06:09,794 [INFO] PluginManager:220 - loadIPPluginJar : add adc
2024-02-02 15:06:09,796 [INFO] IPUIPlugin:80 - create IPUIPlugin
2024-02-02 15:06:09,796 [INFO] PluginManager:220 - loadIPPluginJar : add aes
2024-02-02 15:06:09,799 [INFO] IPUIPlugin:80 - create IPUIPlugin
2024-02-02 15:06:09,799 [INFO] PluginManager:220 - loadIPPluginJar : add can
2024-02-02 15:06:09,800 [INFO] IPUIPlugin:80 - create IPUIPlugin
2024-02-02 15:06:09,800 [INFO] PluginManager:220 - loadIPPluginJar : add comp
2024-02-02 15:06:09,803 [INFO] IPUIPlugin:80 - create IPUIPlugin
2024-02-02 15:06:09,803 [INFO] PluginManager:220 - loadIPPluginJar : add cryp
2024-02-02 15:06:09,805 [INFO] IPUIPlugin:80 - create IPUIPlugin
2024-02-02 15:06:09,805 [INFO] PluginManager:220 - loadIPPluginJar : add dfsdm
2024-02-02 15:06:09,810 [INFO] IPUIPlugin:80 - create IPUIPlugin
2024-02-02 15:06:09,811 [INFO] PluginManager:220 - loadIPPluginJar : add dma
2024-02-02 15:06:09,813 [INFO] IPUIPlugin:80 - create IPUIPlugin
2024-02-02 15:06:09,813 [INFO] PluginManager:220 - loadIPPluginJar : add dma3
2024-02-02 15:06:09,815 [INFO] IPUIPlugin:80 - create IPUIPlugin
2024-02-02 15:06:09,815 [INFO] PluginManager:220 - loadIPPluginJar : add fatfs
2024-02-02 15:06:09,819 [INFO] IPUIPlugin:80 - create IPUIPlugin
2024-02-02 15:06:09,819 [INFO] PluginManager:220 - loadIPPluginJar : add fmc
2024-02-02 15:06:09,824 [INFO] IPUIPlugin:80 - create IPUIPlugin
2024-02-02 15:06:09,825 [INFO] PluginManager:220 - loadIPPluginJar : add freertos
2024-02-02 15:06:09,826 [INFO] IPUIPlugin:80 - create IPUIPlugin
2024-02-02 15:06:09,826 [INFO] PluginManager:220 - loadIPPluginJar : add genericplugin
2024-02-02 15:06:09,829 [INFO] IPUIPlugin:80 - create IPUIPlugin
2024-02-02 15:06:09,830 [INFO] PluginManager:220 - loadIPPluginJar : add gfxmmu
2024-02-02 15:06:09,835 [INFO] IPUIPlugin:80 - create IPUIPlugin
2024-02-02 15:06:09,836 [INFO] PluginManager:220 - loadIPPluginJar : add gic
2024-02-02 15:06:09,841 [INFO] IPUIPlugin:80 - create IPUIPlugin
2024-02-02 15:06:09,841 [INFO] PluginManager:220 - loadIPPluginJar : add gpio
2024-02-02 15:06:09,845 [INFO] IPUIPlugin:80 - create IPUIPlugin
2024-02-02 15:06:09,845 [INFO] PluginManager:220 - loadIPPluginJar : add gtzc
2024-02-02 15:06:09,848 [INFO] IPUIPlugin:80 - create IPUIPlugin
2024-02-02 15:06:09,848 [INFO] PluginManager:220 - loadIPPluginJar : add hash
2024-02-02 15:06:09,852 [INFO] IPUIPlugin:80 - create IPUIPlugin
2024-02-02 15:06:09,852 [INFO] PluginManager:220 - loadIPPluginJar : add i2c
2024-02-02 15:06:09,856 [INFO] IPUIPlugin:80 - create IPUIPlugin
2024-02-02 15:06:09,856 [INFO] PluginManager:220 - loadIPPluginJar : add i2s
2024-02-02 15:06:09,860 [INFO] IPUIPlugin:80 - create IPUIPlugin
2024-02-02 15:06:09,860 [INFO] PluginManager:220 - loadIPPluginJar : add i3c
2024-02-02 15:06:09,864 [INFO] IPUIPlugin:80 - create IPUIPlugin
2024-02-02 15:06:09,864 [INFO] PluginManager:220 - loadIPPluginJar : add ipddr
2024-02-02 15:06:09,873 [INFO] IPUIPlugin:80 - create IPUIPlugin
2024-02-02 15:06:09,873 [INFO] PluginManager:220 - loadIPPluginJar : add linkedlist
2024-02-02 15:06:09,876 [INFO] IPUIPlugin:80 - create IPUIPlugin
2024-02-02 15:06:09,876 [INFO] PluginManager:220 - loadIPPluginJar : add lorawan
2024-02-02 15:06:09,877 [INFO] IPUIPlugin:80 - create IPUIPlugin
2024-02-02 15:06:09,877 [INFO] PluginManager:220 - loadIPPluginJar : add ltdc
2024-02-02 15:06:09,883 [INFO] IPUIPlugin:80 - create IPUIPlugin
2024-02-02 15:06:09,883 [INFO] PluginManager:220 - loadIPPluginJar : add mdma
2024-02-02 15:06:09,904 [INFO] IPUIPlugin:80 - create IPUIPlugin
2024-02-02 15:06:09,905 [INFO] PluginManager:220 - loadIPPluginJar : add nvic
2024-02-02 15:06:09,908 [INFO] IPUIPlugin:80 - create IPUIPlugin
2024-02-02 15:06:09,908 [INFO] PluginManager:220 - loadIPPluginJar : add opamp
2024-02-02 15:06:09,910 [INFO] IPUIPlugin:80 - create IPUIPlugin
2024-02-02 15:06:09,910 [INFO] PluginManager:220 - loadIPPluginJar : add openamp
2024-02-02 15:06:09,913 [INFO] IPUIPlugin:80 - create IPUIPlugin
2024-02-02 15:06:09,913 [INFO] PluginManager:220 - loadIPPluginJar : add pdm2pcm
2024-02-02 15:06:09,918 [INFO] IPUIPlugin:80 - create IPUIPlugin
2024-02-02 15:06:09,920 [INFO] PluginManager:220 - loadIPPluginJar : add plateformsettings
2024-02-02 15:06:09,928 [INFO] IPUIPlugin:80 - create IPUIPlugin
2024-02-02 15:06:09,928 [INFO] PluginManager:220 - loadIPPluginJar : add quadspi
2024-02-02 15:06:09,933 [INFO] IPUIPlugin:80 - create IPUIPlugin
2024-02-02 15:06:09,933 [INFO] PluginManager:220 - loadIPPluginJar : add resmgrutility
2024-02-02 15:06:09,936 [INFO] IPUIPlugin:80 - create IPUIPlugin
2024-02-02 15:06:09,936 [INFO] PluginManager:220 - loadIPPluginJar : add sai
2024-02-02 15:06:09,938 [INFO] IPUIPlugin:80 - create IPUIPlugin
2024-02-02 15:06:09,938 [INFO] PluginManager:220 - loadIPPluginJar : add spi
2024-02-02 15:06:09,943 [INFO] IPUIPlugin:80 - create IPUIPlugin
2024-02-02 15:06:09,943 [INFO] PluginManager:220 - loadIPPluginJar : add stm32_wpan
2024-02-02 15:06:09,945 [INFO] IPUIPlugin:80 - create IPUIPlugin
2024-02-02 15:06:09,945 [INFO] PluginManager:220 - loadIPPluginJar : add tim
2024-02-02 15:06:09,948 [INFO] IPUIPlugin:80 - create IPUIPlugin
2024-02-02 15:06:09,948 [INFO] PluginManager:220 - loadIPPluginJar : add touchsensing
2024-02-02 15:06:09,950 [INFO] IPUIPlugin:80 - create IPUIPlugin
2024-02-02 15:06:09,950 [INFO] PluginManager:220 - loadIPPluginJar : add tracer_emb
2024-02-02 15:06:09,951 [INFO] IPUIPlugin:80 - create IPUIPlugin
2024-02-02 15:06:09,952 [INFO] PluginManager:220 - loadIPPluginJar : add ts
2024-02-02 15:06:09,953 [INFO] IPUIPlugin:80 - create IPUIPlugin
2024-02-02 15:06:09,953 [INFO] PluginManager:220 - loadIPPluginJar : add tsc
2024-02-02 15:06:09,955 [INFO] IPUIPlugin:80 - create IPUIPlugin
2024-02-02 15:06:09,955 [INFO] PluginManager:220 - loadIPPluginJar : add ucpd
2024-02-02 15:06:09,957 [INFO] IPUIPlugin:80 - create IPUIPlugin
2024-02-02 15:06:09,957 [INFO] PluginManager:220 - loadIPPluginJar : add usart
2024-02-02 15:06:09,959 [INFO] IPUIPlugin:80 - create IPUIPlugin
2024-02-02 15:06:09,959 [INFO] PluginManager:220 - loadIPPluginJar : add usbx
2024-02-02 15:06:10,078 [INFO] CADModel:165 - CPN selected for project level
2024-02-02 15:06:10,078 [INFO] CADModel:114 - Register for checkConnection events
2024-02-02 15:06:10,079 [FATAL] Updater:308 - Updater called before beeing initialized
2024-02-02 15:06:10,079 [ERROR] CADModel:125 - Updater not yet initialized, retry later 
2024-02-02 15:06:10,207 [INFO] CADModel:165 - CPN selected for project level
2024-02-02 15:06:10,207 [INFO] CADModel:114 - Register for checkConnection events
2024-02-02 15:06:10,208 [FATAL] Updater:308 - Updater called before beeing initialized
2024-02-02 15:06:10,208 [ERROR] CADModel:125 - Updater not yet initialized, retry later 
2024-02-02 15:06:10,212 [FATAL] Updater:308 - Updater called before beeing initialized
2024-02-02 15:06:10,303 [FATAL] Updater:308 - Updater called before beeing initialized
2024-02-02 15:06:10,306 [INFO] DbMcusAds:53 - JSON generation date=Wed Nov 29 11:52:27 CET 2023 (1701255147200)
2024-02-02 15:06:10,306 [FATAL] Updater:308 - Updater called before beeing initialized
2024-02-02 15:06:10,338 [WARN] DetailPanel:346 - Failed to get advertising image, set to default
2024-02-02 15:06:10,411 [FATAL] Updater:308 - Updater called before beeing initialized
2024-02-02 15:06:10,413 [FATAL] Updater:308 - Updater called before beeing initialized
2024-02-02 15:06:10,413 [FATAL] Updater:308 - Updater called before beeing initialized
2024-02-02 15:06:10,413 [WARN] DetailPanel:346 - Failed to get advertising image, set to default
2024-02-02 15:06:10,414 [FATAL] Updater:308 - Updater called before beeing initialized
2024-02-02 15:06:10,459 [ERROR] Updater:1120 - MainUpdater not yet initialized. External WinMGr cannot be set.
2024-02-02 15:06:10,461 [INFO] Updater:1056 - Updater Version found : 6.10.0
2024-02-02 15:06:10,481 [INFO] ApplicationProperties:184 - Using Application install path: C:\ST\STM32CubeIDE_1.13.2\STM32CubeIDE\plugins\com.st.stm32cube.common.mx_6.10.0.202311202037
2024-02-02 15:06:12,071 [ERROR] LogOutputStream:75 - [STDERR_REDIRECT] Feb 02, 2024 3:06:12 PM java.util.prefs.WindowsPreferences <init>
2024-02-02 15:06:12,073 [ERROR] LogOutputStream:75 - [STDERR_REDIRECT] WARNING: Could not open/create prefs root node Software\JavaSoft\Prefs at root 0xffffffff80000002. Windows RegCreateKeyEx(...) returned error code 5.
2024-02-02 15:06:12,074 [ERROR] LogOutputStream:75 - [STDERR_REDIRECT] 
2024-02-02 15:06:12,331 [INFO] ThirdPartyUpdaterWithRetryManager:70 - Updater plugin not ready yet. [2/15]
2024-02-02 15:06:12,438 [INFO] MainUpdater:2873 - connection check result : 10
2024-02-02 15:06:12,439 [INFO] MainUpdater:290 - Updater Check For Update Now.
2024-02-02 15:06:12,440 [INFO] MicroXplorer:498 - Change Database Version : DB.6.0.100
2024-02-02 15:06:12,453 [INFO] McuFinderGlobals:63 - Set McuFinder mode to 2 (CubeIDE integrated)
2024-02-02 15:06:12,471 [INFO] UserAuth:404 - Internet connection configuration mode: 1
2024-02-02 15:06:12,497 [INFO] JxBrowserEngine:152 - Initiate JxBrowser Engine with user profile folder
2024-02-02 15:06:12,620 [INFO] CheckServerUpdateThread:120 - End of CheckServer Thread
2024-02-02 15:06:13,542 [INFO] WebApp:161 - Instantiating new browser for Auth
2024-02-02 15:06:14,226 [INFO] WebApp:780 - Register for checkConnection events
2024-02-02 15:06:14,226 [INFO] WebApp:414 - Apply proxy settings
2024-02-02 15:06:14,226 [INFO] WebApp:499 - Chromium requires no authentication
2024-02-02 15:06:14,238 [INFO] WebApp:442 - Direct internet connection detected
2024-02-02 15:06:14,405 [INFO] WebApp:192 - Starting web application
2024-02-02 15:06:14,405 [INFO] WebApp:544 - Web application path used C:\ST\STM32CubeIDE_1.13.2\STM32CubeIDE\plugins\com.st.stm32cube.common.mx_6.10.0.202311202037\db\plugins\mcufinder\reactClient1\index.html
2024-02-02 15:06:15,454 [WARN] PackLoader:240 - Cannot read IP mode file for STMicroelectronics.X-CUBE-SMBUS.2.1.0
2024-02-02 15:06:15,463 [WARN] PackLoader:240 - Cannot read IP mode file for STMicroelectronics.X-CUBE-TOUCHGFX.4.23.0
2024-02-02 15:06:15,490 [WARN] PackLoader:240 - Cannot read IP mode file for STMicroelectronics.X-CUBE-AZRTOS-F7.1.1.0
2024-02-02 15:06:15,498 [WARN] PackLoader:240 - Cannot read IP mode file for STMicroelectronics.FP-SNS-MOTENV1.4.3.2
2024-02-02 15:06:15,505 [WARN] PackLoader:240 - Cannot read IP mode file for STMicroelectronics.FP-SNS-FLIGHT1.5.0.2
2024-02-02 15:06:15,513 [WARN] PackLoader:240 - Cannot read IP mode file for STMicroelectronics.X-CUBE-DISPLAY.3.0.0
2024-02-02 15:06:15,523 [WARN] PackLoader:240 - Cannot read IP mode file for STMicroelectronics.X-CUBE-BLE1.7.0.0
2024-02-02 15:06:15,530 [WARN] PackLoader:240 - Cannot read IP mode file for emotas.I-CUBE-CANOPEN.1.3.0
2024-02-02 15:06:15,534 [WARN] PackLoader:240 - Cannot read IP mode file for STMicroelectronics.X-CUBE-TOUCHGFX.4.22.1
2024-02-02 15:06:15,539 [WARN] PackLoader:240 - Cannot read IP mode file for STMicroelectronics.FP-SNS-SMARTAG2.1.2.0
2024-02-02 15:06:15,553 [INFO] LogOutputStream:77 - [STDOUT_REDIRECT] 1 : Invalid condition id : UX_CORESTACK_Condition cause : null
2024-02-02 15:06:15,554 [INFO] LogOutputStream:77 - [STDOUT_REDIRECT] 1 : Invalid condition id : UX_CORESTACK_Condition cause : null
2024-02-02 15:06:15,554 [INFO] LogOutputStream:77 - [STDOUT_REDIRECT] 1 : Invalid condition id : UX_CORESTACK_Condition cause : null
2024-02-02 15:06:15,555 [INFO] LogOutputStream:77 - [STDOUT_REDIRECT] 1 : Invalid condition id : UX_CORESTACK_Condition cause : null
2024-02-02 15:06:15,556 [INFO] LogOutputStream:77 - [STDOUT_REDIRECT] 1 : Invalid condition id : UX_CORESTACK_Condition cause : null
2024-02-02 15:06:15,560 [WARN] PackLoader:240 - Cannot read IP mode file for STMicroelectronics.X-CUBE-AZRTOS-WL.2.0.0
2024-02-02 15:06:15,571 [WARN] PackLoader:240 - Cannot read IP mode file for WES.I-CUBE-Cesium.1.3.0
2024-02-02 15:06:15,575 [WARN] PackLoader:240 - Cannot read IP mode file for STMicroelectronics.X-CUBE-BLE2.3.3.0
2024-02-02 15:06:15,582 [WARN] PackLoader:240 - Cannot read IP mode file for STMicroelectronics.X-CUBE-ALGOBUILD.1.3.0
2024-02-02 15:06:15,598 [WARN] PackLoader:240 - Cannot read IP mode file for STMicroelectronics.X-CUBE-AZRTOS-G0.1.1.0
2024-02-02 15:06:15,604 [WARN] PackLoader:240 - Cannot read IP mode file for STMicroelectronics.X-CUBE-NFC4.3.0.0
2024-02-02 15:06:15,614 [WARN] PackLoader:240 - Cannot read IP mode file for STMicroelectronics.X-CUBE-BLEMGR.3.0.0
2024-02-02 15:06:15,620 [WARN] PackLoader:240 - Cannot read IP mode file for STMicroelectronics.FP-ATR-SIGFOX1.3.2.0
2024-02-02 15:06:15,626 [WARN] PackLoader:240 - Cannot read IP mode file for STMicroelectronics.X-CUBE-EEPRMA1.5.1.0
2024-02-02 15:06:15,658 [WARN] PackLoader:240 - Cannot read IP mode file for SEGGER.I-CUBE-embOS.1.3.1
2024-02-02 15:06:15,693 [WARN] PackLoader:240 - Cannot read IP mode file for STMicroelectronics.X-CUBE-GNSS1.6.0.0
2024-02-02 15:06:15,707 [WARN] PackLoader:240 - Cannot read IP mode file for STMicroelectronics.X-CUBE-AZRTOS-F4.1.1.0
2024-02-02 15:06:15,714 [WARN] PackLoader:240 - Cannot read IP mode file for wolfSSL.I-CUBE-wolfSSL.5.6.4
2024-02-02 15:06:15,725 [WARN] PackLoader:240 - Cannot read IP mode file for STMicroelectronics.X-CUBE-AZRTOS-L5.2.0.0
2024-02-02 15:06:15,733 [WARN] PackLoader:240 - Cannot read IP mode file for STMicroelectronics.X-CUBE-EEPRMA1.4.2.0
2024-02-02 15:06:15,739 [WARN] PackLoader:240 - Cannot read IP mode file for ITTIA_DB.I-CUBE-ITTIADB.8.8.0
2024-02-02 15:06:15,753 [WARN] ConditionMgr:438 - getConditionDescription Invalid condition id : UX DEVICE CLASS RTOS Condition cause : null
2024-02-02 15:06:15,753 [WARN] ConditionMgr:438 - getConditionDescription Invalid condition id : UX DEVICE CLASS RTOS Condition cause : null
2024-02-02 15:06:15,754 [WARN] PackLoader:240 - Cannot read IP mode file for STMicroelectronics.X-CUBE-AZRTOS-H7.3.1.0
2024-02-02 15:06:15,755 [WARN] ConditionMgr:1039 - genDependencies : Invalid condition id : UX DEVICE CLASS RTOS Condition cause : null
2024-02-02 15:06:15,755 [WARN] ConditionMgr:1039 - genDependencies : Invalid condition id : UX DEVICE CLASS RTOS Condition cause : null
2024-02-02 15:06:15,755 [WARN] ConditionMgr:1039 - genDependencies : Invalid condition id : UX DEVICE CLASS RTOS Condition cause : null
2024-02-02 15:06:15,756 [WARN] ConditionMgr:1039 - genDependencies : Invalid condition id : UX DEVICE CLASS RTOS Condition cause : null
2024-02-02 15:06:15,756 [WARN] ConditionMgr:1039 - genDependencies : Invalid condition id : UX DEVICE CLASS RTOS Condition cause : null
2024-02-02 15:06:15,762 [WARN] PackLoader:240 - Cannot read IP mode file for STMicroelectronics.X-CUBE-NFC7.1.0.1
2024-02-02 15:06:15,771 [WARN] PackLoader:240 - Cannot read IP mode file for STMicroelectronics.X-CUBE-NFC6.3.0.0
2024-02-02 15:06:15,780 [WARN] PackLoader:240 - Cannot read IP mode file for STMicroelectronics.X-CUBE-AI.8.1.0
2024-02-02 15:06:15,797 [WARN] ConditionMgr:438 - getConditionDescription Invalid condition id : LAN8742 Phy interface Condition cause : null
2024-02-02 15:06:15,798 [WARN] PackLoader:240 - Cannot read IP mode file for STMicroelectronics.X-CUBE-AZRTOS-L4.2.0.0
2024-02-02 15:06:15,800 [WARN] ConditionMgr:1039 - genDependencies : Invalid condition id : LAN8742 Phy interface Condition cause : null
2024-02-02 15:06:15,800 [WARN] ConditionMgr:1039 - genDependencies : Invalid condition id : LAN8742 Phy interface Condition cause : null
2024-02-02 15:06:15,801 [WARN] ConditionMgr:1039 - genDependencies : Invalid condition id : LAN8742 Phy interface Condition cause : null
2024-02-02 15:06:15,812 [WARN] PackLoader:240 - Cannot read IP mode file for STMicroelectronics.X-CUBE-SFXS2LP1.4.0.0
2024-02-02 15:06:15,819 [WARN] PackLoader:240 - Cannot read IP mode file for STMicroelectronics.X-CUBE-ISPU.1.1.0
2024-02-02 15:06:15,830 [WARN] ConditionMgr:438 - getConditionDescription Invalid condition id : UX DEVICE CLASS RTOS Condition cause : null
2024-02-02 15:06:15,830 [WARN] ConditionMgr:438 - getConditionDescription Invalid condition id : UX DEVICE CLASS RTOS Condition cause : null
2024-02-02 15:06:15,831 [WARN] PackLoader:240 - Cannot read IP mode file for STMicroelectronics.X-CUBE-AZRTOS-WB.2.0.0
2024-02-02 15:06:15,831 [WARN] ConditionMgr:1039 - genDependencies : Invalid condition id : UX DEVICE CLASS RTOS Condition cause : null
2024-02-02 15:06:15,831 [WARN] ConditionMgr:1039 - genDependencies : Invalid condition id : UX DEVICE CLASS RTOS Condition cause : null
2024-02-02 15:06:15,832 [WARN] ConditionMgr:1039 - genDependencies : Invalid condition id : UX DEVICE CLASS RTOS Condition cause : null
2024-02-02 15:06:15,832 [WARN] ConditionMgr:1039 - genDependencies : Invalid condition id : UX DEVICE CLASS RTOS Condition cause : null
2024-02-02 15:06:15,832 [WARN] ConditionMgr:1039 - genDependencies : Invalid condition id : UX DEVICE CLASS RTOS Condition cause : null
2024-02-02 15:06:15,838 [WARN] PackLoader:240 - Cannot read IP mode file for STMicroelectronics.X-CUBE-SUBG2.5.0.0
2024-02-02 15:06:15,855 [WARN] PackLoader:240 - Cannot read IP mode file for STMicroelectronics.X-CUBE-AZRTOS-G4.2.0.0
2024-02-02 15:06:15,877 [WARN] PackLoader:240 - Cannot read IP mode file for Infineon.AIROC-Wi-Fi-Bluetooth-STM32.1.5.1
2024-02-02 15:06:15,891 [WARN] PackLoader:240 - Cannot read IP mode file for STMicroelectronics.FP-SNS-MOTENVWB1.1.3.1
2024-02-02 15:06:15,896 [WARN] PackLoader:240 - Cannot read IP mode file for STMicroelectronics.X-CUBE-ISPU.2.0.0
2024-02-02 15:06:15,919 [WARN] PackLoader:240 - Cannot read IP mode file for STMicroelectronics.X-CUBE-MEMS1.10.0.0
2024-02-02 15:06:16,016 [WARN] PackLoader:240 - Cannot read IP mode file for STMicroelectronics.X-CUBE-FREERTOS.1.1.0
2024-02-02 15:06:16,023 [WARN] PackLoader:240 - Cannot read IP mode file for portGmbH.I-Cube-SoM-uGOAL.1.1.0
2024-02-02 15:06:16,027 [WARN] PackLoader:240 - Cannot read IP mode file for STMicroelectronics.X-CUBE-ALS.1.0.1
2024-02-02 15:06:16,032 [WARN] PackLoader:240 - Cannot read IP mode file for STMicroelectronics.FP-ATR-ASTRA1.2.0.0
2024-02-02 15:06:16,039 [WARN] PackLoader:240 - Cannot read IP mode file for STMicroelectronics.X-CUBE-TOF1.3.4.0
2024-02-02 15:06:16,057 [WARN] PackLoader:240 - Cannot read IP mode file for STMicroelectronics.X-CUBE-AZRTOS-H7.3.2.0
2024-02-02 15:06:16,060 [INFO] ThirdParty:978 - Integrity check success = true
2024-02-02 15:06:16,060 [INFO] IntegrityCheckThread:100 - exiting critical section [integrity check]
2024-02-02 15:06:16,060 [INFO] IntegrityCheckThread:103 - End integrity checks thread
2024-02-02 15:06:28,079 [ERROR] LogOutputStream:75 - [STDERR_REDIRECT] SLF4J: Failed to load class "org.slf4j.impl.StaticLoggerBinder".
2024-02-02 15:06:28,080 [ERROR] LogOutputStream:75 - [STDERR_REDIRECT] SLF4J: Defaulting to no-operation (NOP) logger implementation
2024-02-02 15:06:28,080 [ERROR] LogOutputStream:75 - [STDERR_REDIRECT] SLF4J: See http://www.slf4j.org/codes.html#StaticLoggerBinder for further details.
2024-02-02 15:12:08,891 [INFO] McuFinderGlobals:63 - Set McuFinder mode to 2 (CubeIDE integrated)
2024-02-02 15:12:08,921 [INFO] MainUpdater:2873 - connection check result : 10
2024-02-02 15:12:08,928 [INFO] MainUpdater:2873 - connection check result : 10
2024-02-02 15:12:09,143 [INFO] MicroXplorer:468 - Change Database Path : 
2024-02-02 15:12:09,143 [INFO] MicroXplorer:498 - Change Database Version : DB.6.0.100
2024-02-02 15:12:09,148 [WARN] ThirdParty:871 - waiting for thirdparty lock release [close project]
2024-02-02 15:12:09,148 [INFO] ThirdParty:873 - entering critical section [close project]
2024-02-02 15:12:09,148 [INFO] ThirdParty:883 - exiting critical section [close project]
2024-02-02 15:12:09,151 [INFO] PinOutPanel:1499 - setPackage(No Configuration,No Configuration)
2024-02-02 15:12:09,155 [INFO] UtilMem:75 - Begin LoadConfig() Used Memory: 592764176 Bytes (844103680)
2024-02-02 15:12:09,156 [INFO] MicroXplorer:468 - Change Database Path : 
2024-02-02 15:12:09,157 [INFO] MicroXplorer:498 - Change Database Version : DB.6.0.100
2024-02-02 15:12:09,157 [INFO] OpenFileManager:312 - Change cursor
2024-02-02 15:12:09,199 [INFO] Mcu:2016 - Initializing MCU STM32F042F4Px STM32F042F4Px STM32F042F4P6
2024-02-02 15:12:10,399 [INFO] Context:659 - Trying to add GPIOservice into a context  which must be forbidden
2024-02-02 15:12:10,836 [INFO] RtosManager:555 - Registered RTOS mode: class=CMSIS, group=RTOS, mode=CMSIS_V1, owner=FREERTOS
2024-02-02 15:12:10,837 [INFO] RtosManager:555 - Registered RTOS mode: class=CMSIS, group=RTOS2, mode=CMSIS_V2, owner=FREERTOS
2024-02-02 15:12:10,837 [INFO] RtosManager:555 - Registered RTOS mode: class=RTOS, group=Core, mode=CMSIS_V1, owner=FREERTOS
2024-02-02 15:12:10,837 [INFO] RtosManager:555 - Registered RTOS mode: class=RTOS, group=Core, mode=CMSIS_V2, owner=FREERTOS
2024-02-02 15:12:10,837 [WARN] ModelIntegratedComponent:184 - Missing modes for component STMicroelectronics:FreeRTOS:0.0.1:STMicroelectronics:RTOS:FreeRTOS:Core:::10.2.0:
2024-02-02 15:12:10,870 [WARN] ModelIntegratedComponent:63 - No mode defined for component null
2024-02-02 15:12:10,870 [WARN] ModelIntegratedComponent:63 - No mode defined for component null
2024-02-02 15:12:10,871 [WARN] ModelIntegratedComponent:63 - No mode defined for component null
2024-02-02 15:12:10,871 [WARN] ModelIntegratedComponent:63 - No mode defined for component null
2024-02-02 15:12:10,871 [WARN] ModelIntegratedComponent:63 - No mode defined for component null
2024-02-02 15:12:10,871 [WARN] ModelIntegratedComponent:63 - No mode defined for component null
2024-02-02 15:12:10,871 [WARN] ModelIntegratedComponent:63 - No mode defined for component null
2024-02-02 15:12:10,871 [WARN] ModelIntegratedComponent:63 - No mode defined for component null
2024-02-02 15:12:10,871 [WARN] ModelIntegratedComponent:63 - No mode defined for component null
2024-02-02 15:12:10,871 [WARN] ModelIntegratedComponent:63 - No mode defined for component null
2024-02-02 15:12:10,872 [WARN] ModelIntegratedComponent:63 - No mode defined for component null
2024-02-02 15:12:10,872 [WARN] ModelIntegratedComponent:63 - No mode defined for component null
2024-02-02 15:12:10,872 [WARN] ModelIntegratedComponent:63 - No mode defined for component null
2024-02-02 15:12:10,872 [WARN] ModelIntegratedComponent:63 - No mode defined for component null
2024-02-02 15:12:10,872 [WARN] ModelIntegratedComponent:63 - No mode defined for component null
2024-02-02 15:12:10,872 [WARN] ModelIntegratedComponent:63 - No mode defined for component null
2024-02-02 15:12:10,872 [WARN] ModelIntegratedComponent:63 - No mode defined for component null
2024-02-02 15:12:10,872 [WARN] ModelIntegratedComponent:63 - No mode defined for component null
2024-02-02 15:12:10,872 [WARN] ModelIntegratedComponent:63 - No mode defined for component null
2024-02-02 15:12:10,872 [WARN] ModelIntegratedComponent:63 - No mode defined for component null
2024-02-02 15:12:10,872 [WARN] ModelIntegratedComponent:63 - No mode defined for component null
2024-02-02 15:12:10,872 [WARN] ModelIntegratedComponent:63 - No mode defined for component null
2024-02-02 15:12:10,872 [WARN] ModelIntegratedComponent:63 - No mode defined for component null
2024-02-02 15:12:10,873 [WARN] ModelIntegratedComponent:63 - No mode defined for component null
2024-02-02 15:12:10,873 [WARN] ModelIntegratedComponent:63 - No mode defined for component null
2024-02-02 15:12:10,873 [WARN] ModelIntegratedComponent:63 - No mode defined for component null
2024-02-02 15:12:10,873 [WARN] ModelIntegratedComponent:63 - No mode defined for component null
2024-02-02 15:12:10,873 [WARN] ModelIntegratedComponent:63 - No mode defined for component null
2024-02-02 15:12:10,873 [WARN] ModelIntegratedComponent:63 - No mode defined for component null
2024-02-02 15:12:10,873 [WARN] ModelIntegratedComponent:63 - No mode defined for component null
2024-02-02 15:12:10,873 [WARN] ModelIntegratedComponent:63 - No mode defined for component null
2024-02-02 15:12:10,873 [WARN] ModelIntegratedComponent:63 - No mode defined for component null
2024-02-02 15:12:10,873 [WARN] ModelIntegratedComponent:63 - No mode defined for component null
2024-02-02 15:12:10,999 [INFO] ThirdPartyModel:298 - Start build external matchings
2024-02-02 15:12:11,162 [INFO] ThirdPartyModel:316 - End build external matchings
2024-02-02 15:12:11,181 [INFO] ImportTextPane:194 - (OptionalMessage_ERROR) IP (DMA) : Parameter (Instance) has Id (ADC) currently not set
2024-02-02 15:12:11,181 [INFO] ImportTextPane:194 - (OptionalMessage_ERROR) IP (DMA) : Parameter (Direction) has Id (ADC) currently not set
2024-02-02 15:12:11,181 [INFO] ImportTextPane:194 - (OptionalMessage_ERROR) IP (DMA) : Parameter (PeriphInc) has Id (ADC) currently not set
2024-02-02 15:12:11,181 [INFO] ImportTextPane:194 - (OptionalMessage_ERROR) IP (DMA) : Parameter (MemInc) has Id (ADC) currently not set
2024-02-02 15:12:11,181 [INFO] ImportTextPane:194 - (OptionalMessage_ERROR) IP (DMA) : Parameter (PeriphDataAlignment) has Id (ADC) currently not set
2024-02-02 15:12:11,182 [INFO] ImportTextPane:194 - (OptionalMessage_ERROR) IP (DMA) : Parameter (MemDataAlignment) has Id (ADC) currently not set
2024-02-02 15:12:11,182 [INFO] ImportTextPane:194 - (OptionalMessage_ERROR) IP (DMA) : Parameter (Mode) has Id (ADC) currently not set
2024-02-02 15:12:11,182 [INFO] ImportTextPane:194 - (OptionalMessage_ERROR) IP (DMA) : Parameter (Priority) has Id (ADC) currently not set
2024-02-02 15:12:11,182 [INFO] ImportTextPane:194 - (OptionalMessage_ERROR) IP (RCC) : Invalid parameter (FamilyName)
2024-02-02 15:12:11,183 [INFO] ImportTextPane:194 - (OptionalMessage_ERROR) IP (RCC) : Invalid parameter (HSICECFreq_Value)
2024-02-02 15:12:11,360 [INFO] UtilMem:75 - End LoadConfig() Used Memory: 670004104 Bytes (961544192)
2024-02-02 15:12:11,593 [INFO] ApiDb:581 - Connected to CubeFinder SQLite database (C:\Users\aleja\.stmcufinder\plugins\mcufinder\mcu\cube-finder-db.db)
2024-02-02 15:12:11,674 [INFO] ApiDb:668 - CubeFinder database Data Model version=2.1
2024-02-02 15:12:11,674 [INFO] ApiDb:669 - CubeFinder database Configuration version=3.0.39
2024-02-02 15:12:11,674 [INFO] ApiDb:670 - CubeFinder database generation date=2023-12-08 (1702028721)
2024-02-02 15:12:11,674 [INFO] ApiDb:671 - CubeFinder database FW Pack versions=[FP-ATR-ASTRA1_V2.0.0, FP-SNS-FLIGHT1_V5.0.1, FP-SNS-FLIGHT1_V5.0.2, FP-SNS-MOTENV1_V4.3.1, FP-SNS-MOTENV1_V4.3.2, FP-SNS-MOTENVWB1_V1.3.1, FP-SNS-SMARTAG2_V1.2.0, STM32Cube_FW_C0_V1.1.0, STM32Cube_FW_F4_V1.28.0, STM32Cube_FW_F7_V1.17.0, STM32Cube_FW_G0_V1.6.1, STM32Cube_FW_G4_V1.5.1, STM32Cube_FW_H5_V0.5.1, STM32Cube_FW_H5_V1.1.1, STM32Cube_FW_H5_V1.2.0RC2, STM32Cube_FW_H7_V1.11.0, STM32Cube_FW_L0_V1.12.2, STM32Cube_FW_L5_V1.5.0, STM32Cube_FW_U5_V1.3.0RC4, STM32Cube_FW_U5_V1.4.0, STM32Cube_FW_WBA_V1.0.0RC1, STM32Cube_FW_WBA_V1.1.0RC1, STM32Cube_FW_WBA_V1.2.0, STM32Cube_FW_WBA_V1.2.0RC2, STM32Cube_FW_WB_V1.15.0RC1, STM32Cube_FW_WB_V1.16.0, STM32Cube_FW_WB_V1.16.0RC2, STM32Cube_FW_WB_V1.18.0, STM32Cube_FW_WL_V1.3.0, X-CUBE-ALGOBUILD_V1.3.0, X-CUBE-ALS_V1.0.1, X-CUBE-AZRTOS-F4_V1.1.0, X-CUBE-AZRTOS-F7_V1.1.0, X-CUBE-AZRTOS-G0_V1.1.0, X-CUBE-AZRTOS-G4_V2.0.0, X-CUBE-AZRTOS-H7_V3.1.0, X-CUBE-AZRTOS-L4_V1.0.0, X-CUBE-AZRTOS-L4_V2.0.0, X-CUBE-AZRTOS-L5_V1.1.0, X-CUBE-AZRTOS-WB_V2.0.0, X-CUBE-AZRTOS-WL_V2.0.0, X-CUBE-BLE1_V7.0.0, X-CUBE-BLE2_V3.3.0, X-CUBE-BLEMGR_V3.0.0, X-CUBE-EEPRMA1_V4.1.0, X-CUBE-EEPRMA1_V4.2.0, X-CUBE-FREERTOS_V1.1.0, X-CUBE-GNSS1_V6.0.0, X-CUBE-MEMS1_V10.0.0, X-CUBE-MEMS1_V9.1.0, X-CUBE-MEMS1_V9.4.0, X-CUBE-MEMS1_V9.6.0, X-CUBE-NFC4_V3.0.0, X-CUBE-NFC7_V1.0.1, X-CUBE-SFXS2LP1_V4.0.0, X-CUBE-SUBG2_V5.0.0, X-CUBE-TOF1_V3.4.0]
2024-02-02 15:12:13,780 [INFO] ApiDb:240 - Found 371 in-development CPN: [B-G473E-ZEST1S, B-WB1M-WPAN1, B-WL5M-SUBG1, NUCLEO-C031C6, NUCLEO-H503RB, NUCLEO-H563ZI, NUCLEO-U545RE-Q, NUCLEO-U5A5ZJ-Q, NUCLEO-WBA52CG, NUCLEO-WBA55CG, STEVAL-MKBOXPRO, STEVAL-PROTEUS1, STEVAL-STWINBX1, STM320518-EVAL, STM32C0116-DK, STM32C011D6Y3TR, STM32C011D6Y6TR, STM32C011F4P3, STM32C011F4P6, STM32C011F4U3, STM32C011F4U6TR, STM32C011F6P3, STM32C011F6P6, STM32C011F6U3, STM32C011F6U6TR, STM32C011J4M3, STM32C011J4M6, STM32C011J6M3, STM32C011J6M6, STM32C0316-DK, STM32C031C4T3, STM32C031C4T6, STM32C031C4U3, STM32C031C4U6, STM32C031C6T3, STM32C031C6T6, STM32C031C6U3, STM32C031C6U6, STM32C031F4P3, STM32C031F4P6, STM32C031F6P3, STM32C031F6P6, STM32C031G4U3, STM32C031G4U6, STM32C031G6U3, STM32C031G6U6, STM32C031K4T3, STM32C031K4T6, STM32C031K4U3, STM32C031K4U6, STM32C031K6T3, STM32C031K6T6, STM32C031K6U3, STM32C031K6U6, STM32G071K8TXN, STM32G071K8UXN, STM32G081GBU6N, STM32G081KBT6N, STM32G081KBUXN, STM32G0B1CCT6N, STM32G0B1KCT6, STM32G0B1NEY6TR, STM32G0B1RCT6N, STM32G0C1CCT6, STM32G0C1CCT6N, STM32G0C1CCU6N, STM32G0C1CET6N, STM32G0C1CEU6N, STM32G0C1KCT6, STM32G0C1NEY6TR, STM32G0C1RCI6N, STM32G0C1RCT6N, STM32G0C1REI6N, STM32G0C1RET6N, STM32G0C1VCI6, STM32G0C1VEI6, STM32G471CCT6, STM32G471CCU6, STM32G471CET3, STM32G471CET6, STM32G471CEU3, STM32G471CEU6, STM32G471MCT6, STM32G471MET3, STM32G471MET6, STM32G471MEY6TR, STM32G471QCT6, STM32G471QET3, STM32G471RCT6, STM32G471RET3, STM32G471RET6, STM32G471VCH6, STM32G471VCI6, STM32G471VCT6, STM32G471VEH3, STM32G471VEH6, STM32G471VEI3, STM32G471VEI6, STM32G471VET3, STM32G471VET6, STM32G474CCT6, STM32H503CBT6, STM32H503CBU6, STM32H503EBY6TR, STM32H503KBU6, STM32H503RBT6, STM32H562AGI6, STM32H562AII6, STM32H562IGK6, STM32H562IGT6, STM32H562IIK6, STM32H562IIT6, STM32H562RGT6, STM32H562RGV6, STM32H562RIT6, STM32H562RIV6, STM32H562VGT6, STM32H562VIT6, STM32H562ZGT6, STM32H562ZIT6, STM32H563AGI6, STM32H563AII3Q, STM32H563AII6, STM32H563IGK6, STM32H563IGT6, STM32H563IIK3Q, STM32H563IIK6, STM32H563IIT3Q, STM32H563IIT6, STM32H563MIY3QTR, STM32H563RGT6, STM32H563RGV6, STM32H563RIT6, STM32H563RIV6, STM32H563VGT6, STM32H563VIT3Q, STM32H563VIT6, STM32H563ZGT6, STM32H563ZIT3Q, STM32H563ZIT6, STM32H573AII3Q, STM32H573AII6, STM32H573I-DK, STM32H573IIK3Q, STM32H573IIK6, STM32H573IIT3Q, STM32H573IIT6, STM32H573MIY3QTR, STM32H573RIT6, STM32H573RIV6, STM32H573VIT3Q, STM32H573VIT6, STM32H573ZIT3Q, STM32H573ZIT6, STM32L4R5QGI6STR, STM32MP131AAE3, STM32MP131AAF3, STM32MP131AAG3, STM32MP131CAE3, STM32MP131CAF3, STM32MP131CAG3, STM32MP131DAE7, STM32MP131DAF7, STM32MP131DAG7, STM32MP131FAE7, STM32MP131FAF7, STM32MP131FAG7, STM32MP133AAE3, STM32MP133AAF3, STM32MP133AAG3, STM32MP133CAE3, STM32MP133CAF3, STM32MP133CAG3, STM32MP133DAE7, STM32MP133DAF7, STM32MP133DAG7, STM32MP133FAE7, STM32MP133FAF7, STM32MP133FAG7, STM32MP135AAE3, STM32MP135AAF3, STM32MP135AAG3, STM32MP135CAE3, STM32MP135CAF3, STM32MP135CAG3, STM32MP135DAE7, STM32MP135DAF7, STM32MP135DAG7, STM32MP135F-DK, STM32MP135FAE7, STM32MP135FAF7, STM32MP135FAF7T, STM32MP135FAF7U, STM32MP135FAG7, STM32U535CBT6, STM32U535CBT6Q, STM32U535CBU6, STM32U535CBU6Q, STM32U535CCT6, STM32U535CCT6Q, STM32U535CCU6, STM32U535CCU6Q, STM32U535CET6, STM32U535CET6Q, STM32U535CEU6, STM32U535CEU6Q, STM32U535JEY6QTR, STM32U535NCY6QTR, STM32U535NEY6QTR, STM32U535RBI6, STM32U535RBI6Q, STM32U535RBT6, STM32U535RBT6Q, STM32U535RCI6, STM32U535RCI6Q, STM32U535RCT6, STM32U535RCT6Q, STM32U535REI6, STM32U535REI6Q, STM32U535RET6, STM32U535RET6Q, STM32U535VCI6, STM32U535VCI6Q, STM32U535VCT6, STM32U535VCT6Q, STM32U535VEI6, STM32U535VEI6Q, STM32U535VET6, STM32U535VET6Q, STM32U545CET6, STM32U545CET6Q, STM32U545CEU6, STM32U545CEU6Q, STM32U545JEY6QTR, STM32U545NEY6QTR, STM32U545REI6, STM32U545REI6Q, STM32U545RET6, STM32U545RET6Q, STM32U545VEI6, STM32U545VEI6Q, STM32U545VET6, STM32U545VET6Q, STM32U595AIH6, STM32U595AIH6Q, STM32U595AJH6, STM32U595AJH6Q, STM32U595QII6, STM32U595QII6Q, STM32U595QJI6, STM32U595QJI6Q, STM32U595RIT6, STM32U595RIT6Q, STM32U595RJT6, STM32U595RJT6Q, STM32U595VIT6, STM32U595VIT6Q, STM32U595VJT6, STM32U595VJT6Q, STM32U595ZIT6, STM32U595ZIT6Q, STM32U595ZIY6QTR, STM32U595ZJT6, STM32U595ZJT6Q, STM32U595ZJY6QTR, STM32U599BJY6QTR, STM32U599NIH6Q, STM32U599NJH6Q, STM32U599VIT6Q, STM32U599VJT6, STM32U599VJT6Q, STM32U599ZIT6Q, STM32U599ZIY6QTR, STM32U599ZJT6Q, STM32U599ZJY6QTR, STM32U5A5AJH6, STM32U5A5AJH6Q, STM32U5A5QJI6, STM32U5A5QJI6Q, STM32U5A5RJT6, STM32U5A5RJT6Q, STM32U5A5VJT6, STM32U5A5VJT6Q, STM32U5A5ZJT6, STM32U5A5ZJT6Q, STM32U5A5ZJY6QTR, STM32U5A9BJY6QTR, STM32U5A9J-DK, STM32U5A9NJH6Q, STM32U5A9VJT6Q, STM32U5A9ZJT6Q, STM32U5A9ZJY6QTR, STM32U5F7VIT6, STM32U5F7VIT6Q, STM32U5F7VJT6, STM32U5F7VJT6Q, STM32U5F9BJY6QTR, STM32U5F9NJH6Q, STM32U5F9VIT6Q, STM32U5F9VJT6Q, STM32U5F9ZIJ6QTR, STM32U5F9ZIT6Q, STM32U5F9ZJJ6QTR, STM32U5F9ZJT6Q, STM32U5G7VJT6, STM32U5G7VJT6Q, STM32U5G9BJY6QTR, STM32U5G9J-DK1, STM32U5G9J-DK2, STM32U5G9NJH6Q, STM32U5G9VJT6Q, STM32U5G9ZJJ6QTR, STM32U5G9ZJT6Q, STM32WB1MMCH6, STM32WBA50KEU6, STM32WBA50KEU6TR, STM32WBA50KGU6, STM32WBA50KGU6TR, STM32WBA52CEU6, STM32WBA52CEU6TR, STM32WBA52CEU7, STM32WBA52CEU7TR, STM32WBA52CGU6, STM32WBA52CGU6TR, STM32WBA52CGU6U, STM32WBA52CGU7, STM32WBA52CGU7TR, STM32WBA52KEU6, STM32WBA52KEU6TR, STM32WBA52KGU6, STM32WBA52KGU6TR, STM32WBA54CEU6, STM32WBA54CEU6TR, STM32WBA54CEU7, STM32WBA54CEU7TR, STM32WBA54CGU6, STM32WBA54CGU6TR, STM32WBA54CGU7, STM32WBA54CGU7TR, STM32WBA54KEU6, STM32WBA54KEU6TR, STM32WBA54KEU7, STM32WBA54KEU7TR, STM32WBA54KGU6, STM32WBA54KGU6TR, STM32WBA54KGU7, STM32WBA54KGU7TR, STM32WBA55CEU6, STM32WBA55CEU6TR, STM32WBA55CEU7, STM32WBA55CEU7TR, STM32WBA55CGU6, STM32WBA55CGU6TR, STM32WBA55CGU6U, STM32WBA55CGU7, STM32WBA55CGU7TR, STM32WBA55G-DK1, STM32WBA55HEF6, STM32WBA55HEF7, STM32WBA55HGF6, STM32WBA55HGF7, STM32WBA55UEI6, STM32WBA55UEI6TR, STM32WBA55UEI7, STM32WBA55UEI7TR, STM32WBA55UGI6, STM32WBA55UGI6TR, STM32WBA55UGI7, STM32WBA55UGI7TR, STM32WL5MOCH6, STM32WL5MOCH6TR]
2024-02-02 15:12:13,783 [INFO] DbMcus:218 - Found 3930 MCUs, 3930 are supported
2024-02-02 15:12:13,790 [INFO] ApiDb:423 - Load user favorites file C:\Users\aleja/.stm32cubeide/favorites.mcus.txt: 1 item(s)
2024-02-02 15:12:13,791 [INFO] ApiDb:427 - User favorites MCUs=[STM32F042F4P6]
2024-02-02 15:12:13,791 [INFO] DbMcus:224 - Set 1 / 1 favorites MCUs
2024-02-02 15:12:14,144 [INFO] MicroXplorer:468 - Change Database Path : 
2024-02-02 15:12:14,144 [INFO] MicroXplorer:498 - Change Database Version : DB.6.0.100
2024-02-02 15:12:14,145 [WARN] ThirdParty:833 - waiting for thirdparty lock release [change project]
2024-02-02 15:12:14,145 [INFO] ThirdParty:835 - entering critical section [change project]
2024-02-02 15:12:14,145 [INFO] ThirdParty:1030 - CMSIS Pack Vendor :STMicroelectronics X-CUBE-ISPU 1.1.0
2024-02-02 15:12:14,145 [INFO] ThirdParty:1030 - CMSIS Pack Vendor :STMicroelectronics USBPD 4.1
2024-02-02 15:12:14,145 [INFO] ThirdParty:1030 - CMSIS Pack Vendor :STMicroelectronics X-CUBE-GNSS1 6.0.0
2024-02-02 15:12:14,145 [INFO] ThirdParty:1030 - CMSIS Pack Vendor :STMicroelectronics USB_HOST 2.0.0
2024-02-02 15:12:14,145 [INFO] ThirdParty:1030 - CMSIS Pack Vendor :STMicroelectronics X-CUBE-AZRTOS-F4 1.1.0
2024-02-02 15:12:14,145 [INFO] ThirdParty:1030 - CMSIS Pack Vendor :STMicroelectronics LIBJPEG 8.0.0
2024-02-02 15:12:14,145 [INFO] ThirdParty:1030 - CMSIS Pack Vendor :wolfSSL I-CUBE-wolfSSL 5.6.4
2024-02-02 15:12:14,145 [INFO] ThirdParty:1030 - CMSIS Pack Vendor :STMicroelectronics X-CUBE-SMBUS 2.1.0
2024-02-02 15:12:14,146 [INFO] ThirdParty:1030 - CMSIS Pack Vendor :STMicroelectronics USB_DEVICE 3.0.0
2024-02-02 15:12:14,146 [INFO] ThirdParty:1030 - CMSIS Pack Vendor :STMicroelectronics X-CUBE-AZRTOS-WB 2.0.0
2024-02-02 15:12:14,146 [INFO] ThirdParty:1030 - CMSIS Pack Vendor :STMicroelectronics X-CUBE-TOUCHGFX 4.23.0
2024-02-02 15:12:14,146 [INFO] ThirdParty:1030 - CMSIS Pack Vendor :STMicroelectronics X-CUBE-AZRTOS-F7 1.1.0
2024-02-02 15:12:14,146 [INFO] ThirdParty:1030 - CMSIS Pack Vendor :STMicroelectronics X-CUBE-AZRTOS-L5 2.0.0
2024-02-02 15:12:14,146 [INFO] ThirdParty:1030 - CMSIS Pack Vendor :STMicroelectronics USB_DEVICE 2.0.0
2024-02-02 15:12:14,146 [INFO] ThirdParty:1030 - CMSIS Pack Vendor :STMicroelectronics X-CUBE-EEPRMA1 4.2.0
2024-02-02 15:12:14,146 [INFO] ThirdParty:1030 - CMSIS Pack Vendor :ITTIA_DB I-CUBE-ITTIADB 8.8.0
2024-02-02 15:12:14,146 [INFO] ThirdParty:1030 - CMSIS Pack Vendor :STMicroelectronics FP-SNS-MOTENV1 4.3.2
2024-02-02 15:12:14,146 [INFO] ThirdParty:1030 - CMSIS Pack Vendor :STMicroelectronics X-CUBE-ALGOBUILD 1.3.0
2024-02-02 15:12:14,146 [INFO] ThirdParty:1030 - CMSIS Pack Vendor :STMicroelectronics FreeRTOS 0.0.1
2024-02-02 15:12:14,146 [INFO] ThirdParty:1030 - CMSIS Pack Vendor :STMicroelectronics X-CUBE-AZRTOS-G0 1.1.0
2024-02-02 15:12:14,146 [INFO] ThirdParty:1030 - CMSIS Pack Vendor :STMicroelectronics X-CUBE-NFC4 3.0.0
2024-02-02 15:12:14,146 [INFO] ThirdParty:1030 - CMSIS Pack Vendor :STMicroelectronics X-CUBE-SUBG2 5.0.0
2024-02-02 15:12:14,146 [INFO] ThirdParty:1030 - CMSIS Pack Vendor :STMicroelectronics STM32_WPAN 1.0.0
2024-02-02 15:12:14,146 [INFO] ThirdParty:1030 - CMSIS Pack Vendor :STMicroelectronics lwIP 2.0.3
2024-02-02 15:12:14,147 [INFO] ThirdParty:1030 - CMSIS Pack Vendor :STMicroelectronics FP-SNS-FLIGHT1 5.0.2
2024-02-02 15:12:14,147 [INFO] ThirdParty:1030 - CMSIS Pack Vendor :STMicroelectronics USB_HOST 1.0.0
2024-02-02 15:12:14,147 [INFO] ThirdParty:1030 - CMSIS Pack Vendor :STMicroelectronics X-CUBE-AZRTOS-G4 2.0.0
2024-02-02 15:12:14,147 [INFO] ThirdParty:1030 - CMSIS Pack Vendor :STMicroelectronics PDM2PCM 3.1.0
2024-02-02 15:12:14,147 [INFO] ThirdParty:1030 - CMSIS Pack Vendor :STMicroelectronics X-CUBE-AZRTOS-H7 3.1.0
2024-02-02 15:12:14,147 [INFO] ThirdParty:1030 - CMSIS Pack Vendor :Infineon AIROC-Wi-Fi-Bluetooth-STM32 1.5.1
2024-02-02 15:12:14,147 [INFO] ThirdParty:1030 - CMSIS Pack Vendor :STMicroelectronics X-CUBE-BLEMGR 3.0.0
2024-02-02 15:12:14,147 [INFO] ThirdParty:1030 - CMSIS Pack Vendor :STMicroelectronics PDM2PCM 3.3.0
2024-02-02 15:12:14,147 [INFO] ThirdParty:1030 - CMSIS Pack Vendor :STMicroelectronics X-CUBE-DISPLAY 3.0.0
2024-02-02 15:12:14,147 [INFO] ThirdParty:1030 - CMSIS Pack Vendor :STMicroelectronics FP-SNS-MOTENVWB1 1.3.1
2024-02-02 15:12:14,147 [INFO] ThirdParty:1030 - CMSIS Pack Vendor :STMicroelectronics X-CUBE-BLE1 7.0.0
2024-02-02 15:12:14,147 [INFO] ThirdParty:1030 - CMSIS Pack Vendor :STMicroelectronics FP-ATR-SIGFOX1 3.2.0
2024-02-02 15:12:14,147 [INFO] ThirdParty:1030 - CMSIS Pack Vendor :STMicroelectronics X-CUBE-ISPU 2.0.0
2024-02-02 15:12:14,147 [INFO] ThirdParty:1030 - CMSIS Pack Vendor :STMicroelectronics X-CUBE-EEPRMA1 5.1.0
2024-02-02 15:12:14,147 [INFO] ThirdParty:1030 - CMSIS Pack Vendor :STMicroelectronics HAL Drivers 0.0.0
2024-02-02 15:12:14,147 [INFO] ThirdParty:1030 - CMSIS Pack Vendor :STMicroelectronics MBEDTLS 2.16.2
2024-02-02 15:12:14,148 [INFO] ThirdParty:1030 - CMSIS Pack Vendor :emotas I-CUBE-CANOPEN 1.3.0
2024-02-02 15:12:14,148 [INFO] ThirdParty:1030 - CMSIS Pack Vendor :STMicroelectronics X-CUBE-MEMS1 10.0.0
2024-02-02 15:12:14,148 [INFO] ThirdParty:1030 - CMSIS Pack Vendor :STMicroelectronics X-CUBE-FREERTOS 1.1.0
2024-02-02 15:12:14,148 [INFO] ThirdParty:1030 - CMSIS Pack Vendor :STMicroelectronics X-CUBE-NFC7 1.0.1
2024-02-02 15:12:14,148 [INFO] ThirdParty:1030 - CMSIS Pack Vendor :STMicroelectronics MBEDTLS 2.14.1
2024-02-02 15:12:14,148 [INFO] ThirdParty:1030 - CMSIS Pack Vendor :STMicroelectronics X-CUBE-TOUCHGFX 4.22.1
2024-02-02 15:12:14,148 [INFO] ThirdParty:1030 - CMSIS Pack Vendor :STMicroelectronics X-CUBE-NFC6 3.0.0
2024-02-02 15:12:14,148 [INFO] ThirdParty:1030 - CMSIS Pack Vendor :portGmbH I-Cube-SoM-uGOAL 1.1.0
2024-02-02 15:12:14,148 [INFO] ThirdParty:1030 - CMSIS Pack Vendor :STMicroelectronics X-CUBE-ALS 1.0.1
2024-02-02 15:12:14,148 [INFO] ThirdParty:1030 - CMSIS Pack Vendor :STMicroelectronics ThreadX 1.0.0
2024-02-02 15:12:14,148 [INFO] ThirdParty:1030 - CMSIS Pack Vendor :STMicroelectronics FP-SNS-SMARTAG2 1.2.0
2024-02-02 15:12:14,148 [INFO] ThirdParty:1030 - CMSIS Pack Vendor :STMicroelectronics X-CUBE-AZRTOS-WL 2.0.0
2024-02-02 15:12:14,148 [INFO] ThirdParty:1030 - CMSIS Pack Vendor :SEGGER I-CUBE-embOS 1.3.1
2024-02-02 15:12:14,148 [INFO] ThirdParty:1030 - CMSIS Pack Vendor :STMicroelectronics USB_DEVICE 1.0.0
2024-02-02 15:12:14,148 [INFO] ThirdParty:1030 - CMSIS Pack Vendor :STMicroelectronics X-CUBE-AI 8.1.0
2024-02-02 15:12:14,148 [INFO] ThirdParty:1030 - CMSIS Pack Vendor :STMicroelectronics X-CUBE-AZRTOS-L4 2.0.0
2024-02-02 15:12:14,148 [INFO] ThirdParty:1030 - CMSIS Pack Vendor :STMicroelectronics ThreadX 0.0.2
2024-02-02 15:12:14,148 [INFO] ThirdParty:1030 - CMSIS Pack Vendor :WES I-CUBE-Cesium 1.3.0
2024-02-02 15:12:14,149 [INFO] ThirdParty:1030 - CMSIS Pack Vendor :STMicroelectronics FP-ATR-ASTRA1 2.0.0
2024-02-02 15:12:14,149 [INFO] ThirdParty:1030 - CMSIS Pack Vendor :STMicroelectronics lwIP 2.1.2
2024-02-02 15:12:14,149 [INFO] ThirdParty:1030 - CMSIS Pack Vendor :STMicroelectronics X-CUBE-SFXS2LP1 4.0.0
2024-02-02 15:12:14,149 [INFO] ThirdParty:1030 - CMSIS Pack Vendor :STMicroelectronics X-CUBE-BLE2 3.3.0
2024-02-02 15:12:14,149 [INFO] ThirdParty:1030 - CMSIS Pack Vendor :STMicroelectronics X-CUBE-TOF1 3.4.0
2024-02-02 15:12:14,149 [INFO] ThirdParty:1030 - CMSIS Pack Vendor :STMicroelectronics X-CUBE-AZRTOS-H7 3.2.0
2024-02-02 15:12:14,149 [INFO] ThirdParty:1030 - CMSIS Pack Vendor :STMicroelectronics PDM2PCM 3.2.0
2024-02-02 15:12:14,149 [INFO] ThirdParty:841 - exiting critical section [change project]
2024-02-02 15:12:14,421 [INFO] PinOutPanel:1499 - setPackage(No Configuration,No Configuration)
2024-02-02 15:12:14,423 [INFO] PinOutPanel:1499 - setPackage(STM32F042F4Px,TSSOP20)
2024-02-02 15:12:15,415 [INFO] UtilMem:75 - Before build in PCC Used Memory: 645633856 Bytes (961544192)
2024-02-02 15:12:16,221 [INFO] UtilMem:75 - After build in PCC Used Memory: 721754568 Bytes (961544192)
2024-02-02 15:12:16,239 [INFO] IPUIPlugin:80 - create IPUIPlugin
2024-02-02 15:12:16,240 [INFO] IPUIPlugin:80 - create IPUIPlugin
2024-02-02 15:12:16,240 [INFO] IPUIPlugin:80 - create IPUIPlugin
2024-02-02 15:12:16,240 [INFO] IPUIPlugin:80 - create IPUIPlugin
2024-02-02 15:12:16,240 [INFO] IPUIPlugin:80 - create IPUIPlugin
2024-02-02 15:12:16,240 [INFO] IPUIPlugin:80 - create IPUIPlugin
2024-02-02 15:12:16,240 [INFO] IPUIPlugin:80 - create IPUIPlugin
2024-02-02 15:12:16,240 [INFO] IPUIPlugin:80 - create IPUIPlugin
2024-02-02 15:12:16,240 [INFO] IPUIPlugin:80 - create IPUIPlugin
2024-02-02 15:12:16,241 [INFO] IPUIPlugin:80 - create IPUIPlugin
2024-02-02 15:12:16,241 [INFO] IPUIPlugin:80 - create IPUIPlugin
2024-02-02 15:12:16,241 [INFO] IPUIPlugin:80 - create IPUIPlugin
2024-02-02 15:12:16,241 [INFO] IPUIPlugin:80 - create IPUIPlugin
2024-02-02 15:12:16,241 [INFO] IPUIPlugin:80 - create IPUIPlugin
2024-02-02 15:12:16,241 [INFO] IPUIPlugin:80 - create IPUIPlugin
2024-02-02 15:12:16,241 [INFO] IPUIPlugin:80 - create IPUIPlugin
2024-02-02 15:12:16,241 [INFO] IPUIPlugin:80 - create IPUIPlugin
2024-02-02 15:12:16,241 [INFO] IPUIPlugin:80 - create IPUIPlugin
2024-02-02 15:12:16,241 [INFO] IPUIPlugin:80 - create IPUIPlugin
2024-02-02 15:12:16,242 [INFO] IPUIPlugin:80 - create IPUIPlugin
2024-02-02 15:12:16,242 [INFO] IPUIPlugin:80 - create IPUIPlugin
2024-02-02 15:12:16,242 [INFO] IPUIPlugin:80 - create IPUIPlugin
2024-02-02 15:12:16,242 [INFO] IPUIPlugin:80 - create IPUIPlugin
2024-02-02 15:12:16,242 [INFO] IPUIPlugin:80 - create IPUIPlugin
2024-02-02 15:12:16,242 [INFO] IPUIPlugin:80 - create IPUIPlugin
2024-02-02 15:12:16,242 [INFO] IPUIPlugin:80 - create IPUIPlugin
2024-02-02 15:12:16,242 [INFO] IPUIPlugin:80 - create IPUIPlugin
2024-02-02 15:12:16,243 [INFO] IPUIPlugin:80 - create IPUIPlugin
2024-02-02 15:12:16,243 [INFO] IPUIPlugin:80 - create IPUIPlugin
2024-02-02 15:12:16,243 [INFO] IPUIPlugin:80 - create IPUIPlugin
2024-02-02 15:12:16,262 [INFO] Can:71 - Can Add PropertyChangeListener com.st.microxplorer.plugins.ip.can.Can@331e2425
2024-02-02 15:12:16,452 [INFO] CADModel:165 - CPN selected for project levelSTM32F042F4P6
2024-02-02 15:12:16,452 [INFO] CADModel:114 - Register for checkConnection events
2024-02-02 15:12:16,506 [INFO] OpenFileManager:343 - Restore cursor
2024-02-02 15:30:54,807 [INFO] Gpio:277 - dependency for GPIO [ADC, CAN, RCC, SYS]
2024-02-02 15:34:55,092 [INFO] Gpio:277 - dependency for GPIO [ADC, CAN, RCC, SYS]
2024-02-02 15:40:30,684 [INFO] DmaTabbedPanel:205 - Cannot restore the selected Tab for DMA
2024-02-02 15:49:56,602 [INFO] NvicIntPanel:101 - NVIC parent = com.st.microxplorer.plugins.ip.nvic.MultiNvicIntPanel[,0,0,0x0,invalid,layout=javax.swing.BoxLayout,alignmentX=0.0,alignmentY=0.0,border=,flags=9,maximumSize=,minimumSize=,preferredSize=]
2024-02-02 15:50:18,461 [INFO] UtilMem:75 - End SaveConfig() Used Memory: 527095968 Bytes (622854144)
2024-02-02 15:50:19,078 [INFO] UtilMem:75 - End SaveConfig() Used Memory: 203381536 Bytes (622854144)
2024-02-02 15:50:19,519 [INFO] BlockDiagram:2759 - set Specific Code input for plugin: ADC
2024-02-02 15:50:19,519 [INFO] BlockDiagram:2759 - set Specific Code input for plugin: NVIC
2024-02-02 15:50:19,519 [INFO] BlockDiagram:2759 - set Specific Code input for plugin: DMA
2024-02-02 15:50:19,519 [INFO] BlockDiagram:2759 - set Specific Code input for plugin: TIM1_8F0
2024-02-02 15:50:19,519 [INFO] BlockDiagram:2759 - set Specific Code input for plugin: SYS
2024-02-02 15:50:19,519 [INFO] BlockDiagram:2759 - set Specific Code input for plugin: GPIO
2024-02-02 15:50:19,520 [INFO] BlockDiagram:2759 - set Specific Code input for plugin: CAN
2024-02-02 15:50:19,520 [INFO] BlockDiagram:2759 - set Specific Code input for plugin: RCC
2024-02-02 15:50:19,521 [INFO] CodeGenerator:807 - code generatio: config db path: C:\ST\STM32CubeIDE_1.13.2\STM32CubeIDE\plugins\com.st.stm32cube.common.mx_6.10.0.202311202037\\db\
2024-02-02 15:50:19,756 [INFO] CodeEngine:255 - oldGeneratedFile, C:\Users\aleja\OneDrive\Escritorio\gettingStartedSTM\acumulador_Gru\MXTmpFiles\license.tmp_save
2024-02-02 15:50:20,155 [INFO] CodeEngine:279 - Generated code: C:\Users\aleja\OneDrive\Escritorio\gettingStartedSTM\acumulador_Gru\MXTmpFiles\license.tmp
2024-02-02 15:50:20,281 [INFO] CodeEngine:255 - oldGeneratedFile, C:\Users\aleja\OneDrive\Escritorio\gettingStartedSTM\acumulador_Gru\MXTmpFiles\gpio.tmp_save
2024-02-02 15:50:20,464 [INFO] CodeEngine:279 - Generated code: C:\Users\aleja\OneDrive\Escritorio\gettingStartedSTM\acumulador_Gru\MXTmpFiles\gpio.tmp
2024-02-02 15:50:20,773 [INFO] CodeEngine:255 - oldGeneratedFile, C:\Users\aleja\OneDrive\Escritorio\gettingStartedSTM\acumulador_Gru\MXTmpFiles\dma.tmp_save
2024-02-02 15:50:20,886 [INFO] CodeEngine:279 - Generated code: C:\Users\aleja\OneDrive\Escritorio\gettingStartedSTM\acumulador_Gru\MXTmpFiles\dma.tmp
2024-02-02 15:50:20,895 [INFO] CodeEngine:255 - oldGeneratedFile, C:\Users\aleja\OneDrive\Escritorio\gettingStartedSTM\acumulador_Gru\MXTmpFiles\dma_GV.tmp_save
2024-02-02 15:50:20,997 [INFO] CodeEngine:279 - Generated code: C:\Users\aleja\OneDrive\Escritorio\gettingStartedSTM\acumulador_Gru\MXTmpFiles\dma_GV.tmp
2024-02-02 15:50:21,035 [INFO] CodeEngine:255 - oldGeneratedFile, C:\Users\aleja\OneDrive\Escritorio\gettingStartedSTM\acumulador_Gru\Core\Src\stm32f0xx_it.c_save
2024-02-02 15:50:21,166 [INFO] CodeEngine:279 - Generated code: C:\Users\aleja\OneDrive\Escritorio\gettingStartedSTM\acumulador_Gru\Core\Src\stm32f0xx_it.c
2024-02-02 15:50:21,197 [INFO] CodeEngine:255 - oldGeneratedFile, C:\Users\aleja\OneDrive\Escritorio\gettingStartedSTM\acumulador_Gru\Core\Inc\stm32f0xx_it.h_save
2024-02-02 15:50:21,282 [INFO] CodeEngine:279 - Generated code: C:\Users\aleja\OneDrive\Escritorio\gettingStartedSTM\acumulador_Gru\Core\Inc\stm32f0xx_it.h
2024-02-02 15:50:21,323 [INFO] CodeEngine:255 - oldGeneratedFile, C:\Users\aleja\OneDrive\Escritorio\gettingStartedSTM\acumulador_Gru\Core\Src\stm32f0xx_hal_msp.c_save
2024-02-02 15:50:21,454 [INFO] CodeEngine:279 - Generated code: C:\Users\aleja\OneDrive\Escritorio\gettingStartedSTM\acumulador_Gru\Core\Src\stm32f0xx_hal_msp.c
2024-02-02 15:50:21,467 [INFO] CodeEngine:255 - oldGeneratedFile, C:\Users\aleja\OneDrive\Escritorio\gettingStartedSTM\acumulador_Gru\MXTmpFiles\system.tmp_save
2024-02-02 15:50:21,535 [INFO] CodeEngine:279 - Generated code: C:\Users\aleja\OneDrive\Escritorio\gettingStartedSTM\acumulador_Gru\MXTmpFiles\system.tmp
2024-02-02 15:50:21,565 [INFO] CodeEngine:311 - oldGeneratedFile, C:\Users\aleja\OneDrive\Escritorio\gettingStartedSTM\acumulador_Gru\Core\Inc\stm32f0xx_hal_conf.h_save
2024-02-02 15:50:21,669 [INFO] CodeEngine:335 - Generated code: C:\Users\aleja\OneDrive\Escritorio\gettingStartedSTM\acumulador_Gru\Core\Inc\stm32f0xx_hal_conf.h
2024-02-02 15:50:21,732 [WARN] IPConfigManager:3440 - IP not found : TIM
2024-02-02 15:50:21,735 [WARN] CodeGenerator:3939 - IP not found : null
2024-02-02 15:50:21,778 [INFO] CodeEngine:255 - oldGeneratedFile, C:\Users\aleja\OneDrive\Escritorio\gettingStartedSTM\acumulador_Gru\Core\Inc\main.h_save
2024-02-02 15:50:21,940 [INFO] CodeEngine:279 - Generated code: C:\Users\aleja\OneDrive\Escritorio\gettingStartedSTM\acumulador_Gru\Core\Inc\main.h
2024-02-02 15:50:21,969 [INFO] CodeEngine:255 - oldGeneratedFile, C:\Users\aleja\OneDrive\Escritorio\gettingStartedSTM\acumulador_Gru\Core\Src\main.c_save
2024-02-02 15:50:22,134 [INFO] CodeEngine:279 - Generated code: C:\Users\aleja\OneDrive\Escritorio\gettingStartedSTM\acumulador_Gru\Core\Src\main.c
2024-02-02 15:50:22,832 [INFO] ProjectBuilder:3076 - Time for Copy HAL[1] : 351mS.
2024-02-02 15:50:22,849 [INFO] ProjectBuilder:4485 - Project Generator version: 4.2.0-B44
2024-02-02 15:50:23,147 [INFO] ConfigFileManager:1495 - The Die is : DIE445
2024-02-02 15:50:23,174 [INFO] ApiDbMcu:508 - Load IP Config File for FATFS
2024-02-02 15:50:23,204 [INFO] ApiDbMcu:508 - Load IP Config File for FREERTOS
2024-02-02 15:50:23,344 [INFO] ApiDbMcu:508 - Load IP Config File for TOUCHSENSING
2024-02-02 15:50:23,369 [INFO] ApiDbMcu:508 - Load IP Config File for USB_DEVICE
2024-02-02 15:50:24,452 [INFO] LogOutputStream:77 - [STDOUT_REDIRECT] 
2024-02-02 15:50:26,061 [INFO] ProjectBuilder:4747 - Time for Generating toolchain IDE Files: 3211mS.
2024-02-02 15:50:26,063 [INFO] ProjectBuilder:2947 - Time for Copy CMSIS : 1mS.
2024-02-02 15:50:26,066 [INFO] ProjectBuilder:2947 - Time for Copy CMSIS : 1mS.
2024-02-02 15:50:29,210 [INFO] MainUpdater:2873 - connection check result : 10
2024-02-02 15:50:29,210 [INFO] MainUpdater:2873 - connection check result : 10
2024-02-02 15:50:29,226 [INFO] MicroXplorer:468 - Change Database Path : 
2024-02-02 15:50:29,226 [INFO] MicroXplorer:498 - Change Database Version : DB.6.0.100
2024-02-02 15:50:29,237 [ERROR] ProjectManagerView:394 - 
java.lang.NullPointerException: Cannot invoke "javax.swing.JTextField.getText()" because the return value of "java.util.List.get(int)" is null
	at com.st.microxplorer.plugins.projectmanager.gui.ProjectChoiceTab$10.caretUpdate(ProjectChoiceTab.java:2493) ~[filemanager.jar:?]
	at javax.swing.text.JTextComponent.fireCaretUpdate(JTextComponent.java:412) ~[?:?]
	at javax.swing.text.JTextComponent$MutableCaretEvent.fire(JTextComponent.java:4491) ~[?:?]
	at javax.swing.text.JTextComponent$MutableCaretEvent.stateChanged(JTextComponent.java:4513) ~[?:?]
	at javax.swing.text.DefaultCaret.fireStateChanged(DefaultCaret.java:842) ~[?:?]
	at javax.swing.text.DefaultCaret.changeCaretPosition(DefaultCaret.java:1313) ~[?:?]
	at javax.swing.text.DefaultCaret.handleSetDot(DefaultCaret.java:1212) ~[?:?]
	at javax.swing.text.DefaultCaret.setDot(DefaultCaret.java:1193) ~[?:?]
	at javax.swing.text.DefaultCaret$Handler.insertUpdate(DefaultCaret.java:1789) ~[?:?]
	at javax.swing.text.AbstractDocument.fireInsertUpdate(AbstractDocument.java:226) ~[?:?]
	at javax.swing.text.AbstractDocument.handleInsertString(AbstractDocument.java:780) ~[?:?]
	at javax.swing.text.AbstractDocument.insertString(AbstractDocument.java:739) ~[?:?]
	at javax.swing.text.PlainDocument.insertString(PlainDocument.java:131) ~[?:?]
	at javax.swing.text.AbstractDocument.replace(AbstractDocument.java:698) ~[?:?]
	at javax.swing.text.JTextComponent.setText(JTextComponent.java:1729) ~[?:?]
	at com.st.microxplorer.plugins.projectmanager.gui.ProjectChoiceTab.createHeapStackFields(ProjectChoiceTab.java:933) ~[filemanager.jar:?]
	at com.st.microxplorer.plugins.projectmanager.gui.ProjectChoiceTab.buildLinkSettingsPanel(ProjectChoiceTab.java:3426) ~[filemanager.jar:?]
	at com.st.microxplorer.plugins.projectmanager.gui.ProjectChoiceTab.defineWindowsFields(ProjectChoiceTab.java:1813) ~[filemanager.jar:?]
	at com.st.microxplorer.plugins.projectmanager.gui.ProjectChoiceTab.updateSettings(ProjectChoiceTab.java:533) ~[filemanager.jar:?]
	at com.st.microxplorer.plugins.projectmanager.gui.ProjectSettingsPanel.UpdateDialog(ProjectSettingsPanel.java:244) ~[filemanager.jar:?]
	at com.st.microxplorer.plugins.projectmanager.ProjectManagerView.propertyChange(ProjectManagerView.java:391) ~[filemanager.jar:?]
	at java.beans.PropertyChangeSupport.fire(PropertyChangeSupport.java:343) ~[?:?]
	at java.beans.PropertyChangeSupport.firePropertyChange(PropertyChangeSupport.java:335) ~[?:?]
	at java.beans.PropertyChangeSupport.firePropertyChange(PropertyChangeSupport.java:268) ~[?:?]
	at com.st.microxplorer.util.MXPropertyChangeSupport.firePropertyChange(MXPropertyChangeSupport.java:54) ~[STM32CubeMX.jar:?]
	at com.st.microxplorer.mxsystem.MxSystem.closeConfig(MxSystem.java:900) ~[STM32CubeMX.jar:?]
	at com.st.microxplorer.maingui.MainPanel.closeConfig(MainPanel.java:776) ~[STM32CubeMX.jar:?]
	at com.st.microxplorer.plugins.filemanager.engine.OpenFileManager.loadConfigurationFile(OpenFileManager.java:245) ~[filemanager.jar:?]
	at com.st.microxplorer.plugins.filemanager.engine.MainFileManager.userLoadConfig(MainFileManager.java:290) ~[filemanager.jar:?]
	at com.st.microxplorer.plugins.filemanager.FileManagerView.getSpecificTask(FileManagerView.java:247) ~[filemanager.jar:?]
	at com.st.stm32cube.common.mx.editor.CubeMxEditor.getMxTabbedPaneInstance(CubeMxEditor.java:1184) ~[com.st.stm32cube.common.mx_6.10.0.202311202037/:?]
	at com.st.stm32cube.common.mx.editor.CubeMxEditor$12$1.createSwingComponent(CubeMxEditor.java:1065) ~[com.st.stm32cube.common.mx_6.10.0.202311202037/:?]
	at com.st.stm32cube.common.mx.oss.core.awtswtbridge.EmbeddedSwingComposite.doComponentCreation(EmbeddedSwingComposite.java:492) ~[com.st.stm32cube.common.mx.oss_6.10.0.202311202037/:?]
	at com.st.stm32cube.common.mx.oss.core.awtswtbridge.EmbeddedSwingComposite$4.run(EmbeddedSwingComposite.java:291) ~[com.st.stm32cube.common.mx.oss_6.10.0.202311202037/:?]
	at com.st.stm32cube.common.mx.oss.core.awtswtbridge.AwtEnvironment$2.run(AwtEnvironment.java:166) ~[com.st.stm32cube.common.mx.oss_6.10.0.202311202037/:?]
	at java.awt.event.InvocationEvent.dispatch(InvocationEvent.java:318) ~[?:?]
	at java.awt.EventQueue.dispatchEventImpl(EventQueue.java:773) ~[?:?]
	at java.awt.EventQueue$4.run(EventQueue.java:720) ~[?:?]
	at java.awt.EventQueue$4.run(EventQueue.java:714) ~[?:?]
	at java.security.AccessController.doPrivileged(AccessController.java:399) ~[?:?]
	at java.security.ProtectionDomain$JavaSecurityAccessImpl.doIntersectionPrivilege(ProtectionDomain.java:86) ~[?:?]
	at java.awt.EventQueue.dispatchEvent(EventQueue.java:742) ~[?:?]
	at java.awt.EventDispatchThread.pumpOneEventForFilters(EventDispatchThread.java:203) ~[?:?]
	at java.awt.EventDispatchThread.pumpEventsForFilter(EventDispatchThread.java:124) ~[?:?]
	at java.awt.EventDispatchThread.pumpEventsForHierarchy(EventDispatchThread.java:113) ~[?:?]
	at java.awt.EventDispatchThread.pumpEvents(EventDispatchThread.java:109) ~[?:?]
	at java.awt.EventDispatchThread.pumpEvents(EventDispatchThread.java:101) ~[?:?]
	at java.awt.EventDispatchThread.run(EventDispatchThread.java:90) ~[?:?]
2024-02-02 15:50:29,249 [WARN] ThirdParty:871 - waiting for thirdparty lock release [close project]
2024-02-02 15:50:29,249 [INFO] ThirdParty:873 - entering critical section [close project]
2024-02-02 15:50:29,250 [INFO] ThirdParty:883 - exiting critical section [close project]
2024-02-02 15:50:29,251 [INFO] PinOutPanel:1499 - setPackage(No Configuration,No Configuration)
2024-02-02 15:50:29,255 [INFO] UtilMem:75 - Begin LoadConfig() Used Memory: 314660664 Bytes (834666496)
2024-02-02 15:50:29,256 [INFO] MicroXplorer:468 - Change Database Path : 
2024-02-02 15:50:29,256 [INFO] MicroXplorer:498 - Change Database Version : DB.6.0.100
2024-02-02 15:50:29,257 [INFO] OpenFileManager:312 - Change cursor
2024-02-02 15:50:29,274 [INFO] RulesReader:64 - Compatibility file has been processed (297 Rules)
2024-02-02 15:50:29,277 [INFO] Mcu:2016 - Initializing MCU STM32F042F4Px STM32F042F4Px STM32F042F4P6
2024-02-02 15:50:29,941 [INFO] Context:659 - Trying to add GPIOservice into a context  which must be forbidden
2024-02-02 15:50:30,136 [INFO] RtosManager:555 - Registered RTOS mode: class=CMSIS, group=RTOS, mode=CMSIS_V1, owner=FREERTOS
2024-02-02 15:50:30,137 [INFO] RtosManager:555 - Registered RTOS mode: class=CMSIS, group=RTOS2, mode=CMSIS_V2, owner=FREERTOS
2024-02-02 15:50:30,137 [INFO] RtosManager:555 - Registered RTOS mode: class=RTOS, group=Core, mode=CMSIS_V1, owner=FREERTOS
2024-02-02 15:50:30,137 [INFO] RtosManager:555 - Registered RTOS mode: class=RTOS, group=Core, mode=CMSIS_V2, owner=FREERTOS
2024-02-02 15:50:30,137 [WARN] ModelIntegratedComponent:184 - Missing modes for component STMicroelectronics:FreeRTOS:0.0.1:STMicroelectronics:RTOS:FreeRTOS:Core:::10.2.0:
2024-02-02 15:50:30,146 [WARN] ModelIntegratedComponent:63 - No mode defined for component null
2024-02-02 15:50:30,146 [WARN] ModelIntegratedComponent:63 - No mode defined for component null
2024-02-02 15:50:30,146 [WARN] ModelIntegratedComponent:63 - No mode defined for component null
2024-02-02 15:50:30,146 [WARN] ModelIntegratedComponent:63 - No mode defined for component null
2024-02-02 15:50:30,146 [WARN] ModelIntegratedComponent:63 - No mode defined for component null
2024-02-02 15:50:30,146 [WARN] ModelIntegratedComponent:63 - No mode defined for component null
2024-02-02 15:50:30,146 [WARN] ModelIntegratedComponent:63 - No mode defined for component null
2024-02-02 15:50:30,147 [WARN] ModelIntegratedComponent:63 - No mode defined for component null
2024-02-02 15:50:30,147 [WARN] ModelIntegratedComponent:63 - No mode defined for component null
2024-02-02 15:50:30,147 [WARN] ModelIntegratedComponent:63 - No mode defined for component null
2024-02-02 15:50:30,147 [WARN] ModelIntegratedComponent:63 - No mode defined for component null
2024-02-02 15:50:30,147 [WARN] ModelIntegratedComponent:63 - No mode defined for component null
2024-02-02 15:50:30,147 [WARN] ModelIntegratedComponent:63 - No mode defined for component null
2024-02-02 15:50:30,147 [WARN] ModelIntegratedComponent:63 - No mode defined for component null
2024-02-02 15:50:30,147 [WARN] ModelIntegratedComponent:63 - No mode defined for component null
2024-02-02 15:50:30,147 [WARN] ModelIntegratedComponent:63 - No mode defined for component null
2024-02-02 15:50:30,147 [WARN] ModelIntegratedComponent:63 - No mode defined for component null
2024-02-02 15:50:30,147 [WARN] ModelIntegratedComponent:63 - No mode defined for component null
2024-02-02 15:50:30,148 [WARN] ModelIntegratedComponent:63 - No mode defined for component null
2024-02-02 15:50:30,148 [WARN] ModelIntegratedComponent:63 - No mode defined for component null
2024-02-02 15:50:30,148 [WARN] ModelIntegratedComponent:63 - No mode defined for component null
2024-02-02 15:50:30,148 [WARN] ModelIntegratedComponent:63 - No mode defined for component null
2024-02-02 15:50:30,148 [WARN] ModelIntegratedComponent:63 - No mode defined for component null
2024-02-02 15:50:30,148 [WARN] ModelIntegratedComponent:63 - No mode defined for component null
2024-02-02 15:50:30,148 [WARN] ModelIntegratedComponent:63 - No mode defined for component null
2024-02-02 15:50:30,148 [WARN] ModelIntegratedComponent:63 - No mode defined for component null
2024-02-02 15:50:30,148 [WARN] ModelIntegratedComponent:63 - No mode defined for component null
2024-02-02 15:50:30,148 [WARN] ModelIntegratedComponent:63 - No mode defined for component null
2024-02-02 15:50:30,148 [WARN] ModelIntegratedComponent:63 - No mode defined for component null
2024-02-02 15:50:30,148 [WARN] ModelIntegratedComponent:63 - No mode defined for component null
2024-02-02 15:50:30,148 [WARN] ModelIntegratedComponent:63 - No mode defined for component null
2024-02-02 15:50:30,148 [WARN] ModelIntegratedComponent:63 - No mode defined for component null
2024-02-02 15:50:30,148 [WARN] ModelIntegratedComponent:63 - No mode defined for component null
2024-02-02 15:50:30,243 [INFO] ThirdPartyModel:298 - Start build external matchings
2024-02-02 15:50:30,407 [INFO] ThirdPartyModel:316 - End build external matchings
2024-02-02 15:50:30,413 [INFO] ImportTextPane:194 - (OptionalMessage_ERROR) IP (DMA) : Parameter (Instance) has Id (ADC) currently not set
2024-02-02 15:50:30,413 [INFO] ImportTextPane:194 - (OptionalMessage_ERROR) IP (DMA) : Parameter (Direction) has Id (ADC) currently not set
2024-02-02 15:50:30,413 [INFO] ImportTextPane:194 - (OptionalMessage_ERROR) IP (DMA) : Parameter (PeriphInc) has Id (ADC) currently not set
2024-02-02 15:50:30,413 [INFO] ImportTextPane:194 - (OptionalMessage_ERROR) IP (DMA) : Parameter (MemInc) has Id (ADC) currently not set
2024-02-02 15:50:30,413 [INFO] ImportTextPane:194 - (OptionalMessage_ERROR) IP (DMA) : Parameter (PeriphDataAlignment) has Id (ADC) currently not set
2024-02-02 15:50:30,413 [INFO] ImportTextPane:194 - (OptionalMessage_ERROR) IP (DMA) : Parameter (MemDataAlignment) has Id (ADC) currently not set
2024-02-02 15:50:30,413 [INFO] ImportTextPane:194 - (OptionalMessage_ERROR) IP (DMA) : Parameter (Mode) has Id (ADC) currently not set
2024-02-02 15:50:30,413 [INFO] ImportTextPane:194 - (OptionalMessage_ERROR) IP (DMA) : Parameter (Priority) has Id (ADC) currently not set
2024-02-02 15:50:30,414 [INFO] ImportTextPane:194 - (OptionalMessage_ERROR) IP (RCC) : Invalid parameter (FamilyName)
2024-02-02 15:50:30,414 [INFO] ImportTextPane:194 - (OptionalMessage_ERROR) IP (RCC) : Invalid parameter (HSICECFreq_Value)
2024-02-02 15:50:30,508 [INFO] ApiDb:668 - CubeFinder database Data Model version=2.1
2024-02-02 15:50:30,509 [INFO] ApiDb:669 - CubeFinder database Configuration version=3.0.39
2024-02-02 15:50:30,509 [INFO] ApiDb:670 - CubeFinder database generation date=2023-12-08 (1702028721)
2024-02-02 15:50:30,509 [INFO] ApiDb:671 - CubeFinder database FW Pack versions=[FP-ATR-ASTRA1_V2.0.0, FP-SNS-FLIGHT1_V5.0.1, FP-SNS-FLIGHT1_V5.0.2, FP-SNS-MOTENV1_V4.3.1, FP-SNS-MOTENV1_V4.3.2, FP-SNS-MOTENVWB1_V1.3.1, FP-SNS-SMARTAG2_V1.2.0, STM32Cube_FW_C0_V1.1.0, STM32Cube_FW_F4_V1.28.0, STM32Cube_FW_F7_V1.17.0, STM32Cube_FW_G0_V1.6.1, STM32Cube_FW_G4_V1.5.1, STM32Cube_FW_H5_V0.5.1, STM32Cube_FW_H5_V1.1.1, STM32Cube_FW_H5_V1.2.0RC2, STM32Cube_FW_H7_V1.11.0, STM32Cube_FW_L0_V1.12.2, STM32Cube_FW_L5_V1.5.0, STM32Cube_FW_U5_V1.3.0RC4, STM32Cube_FW_U5_V1.4.0, STM32Cube_FW_WBA_V1.0.0RC1, STM32Cube_FW_WBA_V1.1.0RC1, STM32Cube_FW_WBA_V1.2.0, STM32Cube_FW_WBA_V1.2.0RC2, STM32Cube_FW_WB_V1.15.0RC1, STM32Cube_FW_WB_V1.16.0, STM32Cube_FW_WB_V1.16.0RC2, STM32Cube_FW_WB_V1.18.0, STM32Cube_FW_WL_V1.3.0, X-CUBE-ALGOBUILD_V1.3.0, X-CUBE-ALS_V1.0.1, X-CUBE-AZRTOS-F4_V1.1.0, X-CUBE-AZRTOS-F7_V1.1.0, X-CUBE-AZRTOS-G0_V1.1.0, X-CUBE-AZRTOS-G4_V2.0.0, X-CUBE-AZRTOS-H7_V3.1.0, X-CUBE-AZRTOS-L4_V1.0.0, X-CUBE-AZRTOS-L4_V2.0.0, X-CUBE-AZRTOS-L5_V1.1.0, X-CUBE-AZRTOS-WB_V2.0.0, X-CUBE-AZRTOS-WL_V2.0.0, X-CUBE-BLE1_V7.0.0, X-CUBE-BLE2_V3.3.0, X-CUBE-BLEMGR_V3.0.0, X-CUBE-EEPRMA1_V4.1.0, X-CUBE-EEPRMA1_V4.2.0, X-CUBE-FREERTOS_V1.1.0, X-CUBE-GNSS1_V6.0.0, X-CUBE-MEMS1_V10.0.0, X-CUBE-MEMS1_V9.1.0, X-CUBE-MEMS1_V9.4.0, X-CUBE-MEMS1_V9.6.0, X-CUBE-NFC4_V3.0.0, X-CUBE-NFC7_V1.0.1, X-CUBE-SFXS2LP1_V4.0.0, X-CUBE-SUBG2_V5.0.0, X-CUBE-TOF1_V3.4.0]
2024-02-02 15:50:30,661 [INFO] DbBoardsSqlite:226 - include board P-NUCLEO-WB55-NUCLEO as a kit item of type 'Nucleo-64'
2024-02-02 15:50:30,662 [INFO] DbBoardsSqlite:226 - include board P-NUCLEO-WB55-USBDONGLE as a kit item of type 'Nucleo USB Dongle'
2024-02-02 15:50:30,663 [INFO] DbBoardsSqlite:226 - include board STEVAL-IDP005V1 as a kit item of type 'Evaluation Board'
2024-02-02 15:50:30,663 [INFO] DbBoardsSqlite:226 - include board STEVAL-IDP005V2 as a kit item of type 'Evaluation Board'
2024-02-02 15:50:30,950 [INFO] ApiDb:240 - Found 371 in-development CPN: [B-G473E-ZEST1S, B-WB1M-WPAN1, B-WL5M-SUBG1, NUCLEO-C031C6, NUCLEO-H503RB, NUCLEO-H563ZI, NUCLEO-U545RE-Q, NUCLEO-U5A5ZJ-Q, NUCLEO-WBA52CG, NUCLEO-WBA55CG, STEVAL-MKBOXPRO, STEVAL-PROTEUS1, STEVAL-STWINBX1, STM320518-EVAL, STM32C0116-DK, STM32C011D6Y3TR, STM32C011D6Y6TR, STM32C011F4P3, STM32C011F4P6, STM32C011F4U3, STM32C011F4U6TR, STM32C011F6P3, STM32C011F6P6, STM32C011F6U3, STM32C011F6U6TR, STM32C011J4M3, STM32C011J4M6, STM32C011J6M3, STM32C011J6M6, STM32C0316-DK, STM32C031C4T3, STM32C031C4T6, STM32C031C4U3, STM32C031C4U6, STM32C031C6T3, STM32C031C6T6, STM32C031C6U3, STM32C031C6U6, STM32C031F4P3, STM32C031F4P6, STM32C031F6P3, STM32C031F6P6, STM32C031G4U3, STM32C031G4U6, STM32C031G6U3, STM32C031G6U6, STM32C031K4T3, STM32C031K4T6, STM32C031K4U3, STM32C031K4U6, STM32C031K6T3, STM32C031K6T6, STM32C031K6U3, STM32C031K6U6, STM32G071K8TXN, STM32G071K8UXN, STM32G081GBU6N, STM32G081KBT6N, STM32G081KBUXN, STM32G0B1CCT6N, STM32G0B1KCT6, STM32G0B1NEY6TR, STM32G0B1RCT6N, STM32G0C1CCT6, STM32G0C1CCT6N, STM32G0C1CCU6N, STM32G0C1CET6N, STM32G0C1CEU6N, STM32G0C1KCT6, STM32G0C1NEY6TR, STM32G0C1RCI6N, STM32G0C1RCT6N, STM32G0C1REI6N, STM32G0C1RET6N, STM32G0C1VCI6, STM32G0C1VEI6, STM32G471CCT6, STM32G471CCU6, STM32G471CET3, STM32G471CET6, STM32G471CEU3, STM32G471CEU6, STM32G471MCT6, STM32G471MET3, STM32G471MET6, STM32G471MEY6TR, STM32G471QCT6, STM32G471QET3, STM32G471RCT6, STM32G471RET3, STM32G471RET6, STM32G471VCH6, STM32G471VCI6, STM32G471VCT6, STM32G471VEH3, STM32G471VEH6, STM32G471VEI3, STM32G471VEI6, STM32G471VET3, STM32G471VET6, STM32G474CCT6, STM32H503CBT6, STM32H503CBU6, STM32H503EBY6TR, STM32H503KBU6, STM32H503RBT6, STM32H562AGI6, STM32H562AII6, STM32H562IGK6, STM32H562IGT6, STM32H562IIK6, STM32H562IIT6, STM32H562RGT6, STM32H562RGV6, STM32H562RIT6, STM32H562RIV6, STM32H562VGT6, STM32H562VIT6, STM32H562ZGT6, STM32H562ZIT6, STM32H563AGI6, STM32H563AII3Q, STM32H563AII6, STM32H563IGK6, STM32H563IGT6, STM32H563IIK3Q, STM32H563IIK6, STM32H563IIT3Q, STM32H563IIT6, STM32H563MIY3QTR, STM32H563RGT6, STM32H563RGV6, STM32H563RIT6, STM32H563RIV6, STM32H563VGT6, STM32H563VIT3Q, STM32H563VIT6, STM32H563ZGT6, STM32H563ZIT3Q, STM32H563ZIT6, STM32H573AII3Q, STM32H573AII6, STM32H573I-DK, STM32H573IIK3Q, STM32H573IIK6, STM32H573IIT3Q, STM32H573IIT6, STM32H573MIY3QTR, STM32H573RIT6, STM32H573RIV6, STM32H573VIT3Q, STM32H573VIT6, STM32H573ZIT3Q, STM32H573ZIT6, STM32L4R5QGI6STR, STM32MP131AAE3, STM32MP131AAF3, STM32MP131AAG3, STM32MP131CAE3, STM32MP131CAF3, STM32MP131CAG3, STM32MP131DAE7, STM32MP131DAF7, STM32MP131DAG7, STM32MP131FAE7, STM32MP131FAF7, STM32MP131FAG7, STM32MP133AAE3, STM32MP133AAF3, STM32MP133AAG3, STM32MP133CAE3, STM32MP133CAF3, STM32MP133CAG3, STM32MP133DAE7, STM32MP133DAF7, STM32MP133DAG7, STM32MP133FAE7, STM32MP133FAF7, STM32MP133FAG7, STM32MP135AAE3, STM32MP135AAF3, STM32MP135AAG3, STM32MP135CAE3, STM32MP135CAF3, STM32MP135CAG3, STM32MP135DAE7, STM32MP135DAF7, STM32MP135DAG7, STM32MP135F-DK, STM32MP135FAE7, STM32MP135FAF7, STM32MP135FAF7T, STM32MP135FAF7U, STM32MP135FAG7, STM32U535CBT6, STM32U535CBT6Q, STM32U535CBU6, STM32U535CBU6Q, STM32U535CCT6, STM32U535CCT6Q, STM32U535CCU6, STM32U535CCU6Q, STM32U535CET6, STM32U535CET6Q, STM32U535CEU6, STM32U535CEU6Q, STM32U535JEY6QTR, STM32U535NCY6QTR, STM32U535NEY6QTR, STM32U535RBI6, STM32U535RBI6Q, STM32U535RBT6, STM32U535RBT6Q, STM32U535RCI6, STM32U535RCI6Q, STM32U535RCT6, STM32U535RCT6Q, STM32U535REI6, STM32U535REI6Q, STM32U535RET6, STM32U535RET6Q, STM32U535VCI6, STM32U535VCI6Q, STM32U535VCT6, STM32U535VCT6Q, STM32U535VEI6, STM32U535VEI6Q, STM32U535VET6, STM32U535VET6Q, STM32U545CET6, STM32U545CET6Q, STM32U545CEU6, STM32U545CEU6Q, STM32U545JEY6QTR, STM32U545NEY6QTR, STM32U545REI6, STM32U545REI6Q, STM32U545RET6, STM32U545RET6Q, STM32U545VEI6, STM32U545VEI6Q, STM32U545VET6, STM32U545VET6Q, STM32U595AIH6, STM32U595AIH6Q, STM32U595AJH6, STM32U595AJH6Q, STM32U595QII6, STM32U595QII6Q, STM32U595QJI6, STM32U595QJI6Q, STM32U595RIT6, STM32U595RIT6Q, STM32U595RJT6, STM32U595RJT6Q, STM32U595VIT6, STM32U595VIT6Q, STM32U595VJT6, STM32U595VJT6Q, STM32U595ZIT6, STM32U595ZIT6Q, STM32U595ZIY6QTR, STM32U595ZJT6, STM32U595ZJT6Q, STM32U595ZJY6QTR, STM32U599BJY6QTR, STM32U599NIH6Q, STM32U599NJH6Q, STM32U599VIT6Q, STM32U599VJT6, STM32U599VJT6Q, STM32U599ZIT6Q, STM32U599ZIY6QTR, STM32U599ZJT6Q, STM32U599ZJY6QTR, STM32U5A5AJH6, STM32U5A5AJH6Q, STM32U5A5QJI6, STM32U5A5QJI6Q, STM32U5A5RJT6, STM32U5A5RJT6Q, STM32U5A5VJT6, STM32U5A5VJT6Q, STM32U5A5ZJT6, STM32U5A5ZJT6Q, STM32U5A5ZJY6QTR, STM32U5A9BJY6QTR, STM32U5A9J-DK, STM32U5A9NJH6Q, STM32U5A9VJT6Q, STM32U5A9ZJT6Q, STM32U5A9ZJY6QTR, STM32U5F7VIT6, STM32U5F7VIT6Q, STM32U5F7VJT6, STM32U5F7VJT6Q, STM32U5F9BJY6QTR, STM32U5F9NJH6Q, STM32U5F9VIT6Q, STM32U5F9VJT6Q, STM32U5F9ZIJ6QTR, STM32U5F9ZIT6Q, STM32U5F9ZJJ6QTR, STM32U5F9ZJT6Q, STM32U5G7VJT6, STM32U5G7VJT6Q, STM32U5G9BJY6QTR, STM32U5G9J-DK1, STM32U5G9J-DK2, STM32U5G9NJH6Q, STM32U5G9VJT6Q, STM32U5G9ZJJ6QTR, STM32U5G9ZJT6Q, STM32WB1MMCH6, STM32WBA50KEU6, STM32WBA50KEU6TR, STM32WBA50KGU6, STM32WBA50KGU6TR, STM32WBA52CEU6, STM32WBA52CEU6TR, STM32WBA52CEU7, STM32WBA52CEU7TR, STM32WBA52CGU6, STM32WBA52CGU6TR, STM32WBA52CGU6U, STM32WBA52CGU7, STM32WBA52CGU7TR, STM32WBA52KEU6, STM32WBA52KEU6TR, STM32WBA52KGU6, STM32WBA52KGU6TR, STM32WBA54CEU6, STM32WBA54CEU6TR, STM32WBA54CEU7, STM32WBA54CEU7TR, STM32WBA54CGU6, STM32WBA54CGU6TR, STM32WBA54CGU7, STM32WBA54CGU7TR, STM32WBA54KEU6, STM32WBA54KEU6TR, STM32WBA54KEU7, STM32WBA54KEU7TR, STM32WBA54KGU6, STM32WBA54KGU6TR, STM32WBA54KGU7, STM32WBA54KGU7TR, STM32WBA55CEU6, STM32WBA55CEU6TR, STM32WBA55CEU7, STM32WBA55CEU7TR, STM32WBA55CGU6, STM32WBA55CGU6TR, STM32WBA55CGU6U, STM32WBA55CGU7, STM32WBA55CGU7TR, STM32WBA55G-DK1, STM32WBA55HEF6, STM32WBA55HEF7, STM32WBA55HGF6, STM32WBA55HGF7, STM32WBA55UEI6, STM32WBA55UEI6TR, STM32WBA55UEI7, STM32WBA55UEI7TR, STM32WBA55UGI6, STM32WBA55UGI6TR, STM32WBA55UGI7, STM32WBA55UGI7TR, STM32WL5MOCH6, STM32WL5MOCH6TR]
2024-02-02 15:50:31,066 [INFO] BoardInfo:889 - No configuration file found for board P-NUCLEO-WB55
2024-02-02 15:50:31,067 [INFO] DbBoards:161 - Kit is not supported: P-NUCLEO-WB55
2024-02-02 15:50:31,071 [INFO] BoardInfo:889 - No configuration file found for board STEVAL-BFA001V1B
2024-02-02 15:50:31,071 [INFO] DbBoards:161 - Kit is not supported: STEVAL-BFA001V1B
2024-02-02 15:50:31,072 [INFO] BoardInfo:889 - No configuration file found for board STEVAL-BFA001V2B
2024-02-02 15:50:31,073 [INFO] DbBoards:161 - Kit is not supported: STEVAL-BFA001V2B
2024-02-02 15:50:31,180 [INFO] DbBoards:168 - Found 193 boards, 190 are supported
2024-02-02 15:50:31,180 [INFO] DbBoards:169 - Found 193 boards, 3 of them is supported for  Bsp
2024-02-02 15:50:31,183 [INFO] ApiDb:423 - Load user favorites file C:\Users\aleja/.stm32cubeide/favorites.boards.txt: 0 item(s)
2024-02-02 15:50:31,183 [INFO] ApiDb:427 - User favorites Boards=[]
2024-02-02 15:50:31,183 [INFO] DbBoards:198 - Set 0 / 0 favorites Boards
2024-02-02 15:50:31,253 [INFO] UtilMem:75 - End LoadConfig() Used Memory: 515603752 Bytes (845152256)
2024-02-02 15:50:31,302 [INFO] MicroXplorer:468 - Change Database Path : 
2024-02-02 15:50:31,303 [INFO] MicroXplorer:498 - Change Database Version : DB.6.0.100
2024-02-02 15:50:31,303 [WARN] ThirdParty:833 - waiting for thirdparty lock release [change project]
2024-02-02 15:50:31,303 [INFO] ThirdParty:835 - entering critical section [change project]
2024-02-02 15:50:31,303 [INFO] ThirdParty:1030 - CMSIS Pack Vendor :STMicroelectronics X-CUBE-ISPU 1.1.0
2024-02-02 15:50:31,303 [INFO] ThirdParty:1030 - CMSIS Pack Vendor :STMicroelectronics USBPD 4.1
2024-02-02 15:50:31,303 [INFO] ThirdParty:1030 - CMSIS Pack Vendor :STMicroelectronics X-CUBE-GNSS1 6.0.0
2024-02-02 15:50:31,303 [INFO] ThirdParty:1030 - CMSIS Pack Vendor :STMicroelectronics USB_HOST 2.0.0
2024-02-02 15:50:31,304 [INFO] ThirdParty:1030 - CMSIS Pack Vendor :STMicroelectronics X-CUBE-AZRTOS-F4 1.1.0
2024-02-02 15:50:31,304 [INFO] ThirdParty:1030 - CMSIS Pack Vendor :STMicroelectronics LIBJPEG 8.0.0
2024-02-02 15:50:31,304 [INFO] ThirdParty:1030 - CMSIS Pack Vendor :wolfSSL I-CUBE-wolfSSL 5.6.4
2024-02-02 15:50:31,304 [INFO] ThirdParty:1030 - CMSIS Pack Vendor :STMicroelectronics X-CUBE-SMBUS 2.1.0
2024-02-02 15:50:31,304 [INFO] ThirdParty:1030 - CMSIS Pack Vendor :STMicroelectronics USB_DEVICE 3.0.0
2024-02-02 15:50:31,304 [INFO] ThirdParty:1030 - CMSIS Pack Vendor :STMicroelectronics X-CUBE-AZRTOS-WB 2.0.0
2024-02-02 15:50:31,304 [INFO] ThirdParty:1030 - CMSIS Pack Vendor :STMicroelectronics X-CUBE-TOUCHGFX 4.23.0
2024-02-02 15:50:31,304 [INFO] ThirdParty:1030 - CMSIS Pack Vendor :STMicroelectronics X-CUBE-AZRTOS-F7 1.1.0
2024-02-02 15:50:31,304 [INFO] ThirdParty:1030 - CMSIS Pack Vendor :STMicroelectronics X-CUBE-AZRTOS-L5 2.0.0
2024-02-02 15:50:31,304 [INFO] ThirdParty:1030 - CMSIS Pack Vendor :STMicroelectronics USB_DEVICE 2.0.0
2024-02-02 15:50:31,304 [INFO] ThirdParty:1030 - CMSIS Pack Vendor :STMicroelectronics X-CUBE-EEPRMA1 4.2.0
2024-02-02 15:50:31,304 [INFO] ThirdParty:1030 - CMSIS Pack Vendor :ITTIA_DB I-CUBE-ITTIADB 8.8.0
2024-02-02 15:50:31,304 [INFO] ThirdParty:1030 - CMSIS Pack Vendor :STMicroelectronics FP-SNS-MOTENV1 4.3.2
2024-02-02 15:50:31,304 [INFO] ThirdParty:1030 - CMSIS Pack Vendor :STMicroelectronics X-CUBE-ALGOBUILD 1.3.0
2024-02-02 15:50:31,304 [INFO] ThirdParty:1030 - CMSIS Pack Vendor :STMicroelectronics FreeRTOS 0.0.1
2024-02-02 15:50:31,304 [INFO] ThirdParty:1030 - CMSIS Pack Vendor :STMicroelectronics X-CUBE-AZRTOS-G0 1.1.0
2024-02-02 15:50:31,304 [INFO] ThirdParty:1030 - CMSIS Pack Vendor :STMicroelectronics X-CUBE-NFC4 3.0.0
2024-02-02 15:50:31,304 [INFO] ThirdParty:1030 - CMSIS Pack Vendor :STMicroelectronics X-CUBE-SUBG2 5.0.0
2024-02-02 15:50:31,304 [INFO] ThirdParty:1030 - CMSIS Pack Vendor :STMicroelectronics STM32_WPAN 1.0.0
2024-02-02 15:50:31,304 [INFO] ThirdParty:1030 - CMSIS Pack Vendor :STMicroelectronics lwIP 2.0.3
2024-02-02 15:50:31,304 [INFO] ThirdParty:1030 - CMSIS Pack Vendor :STMicroelectronics FP-SNS-FLIGHT1 5.0.2
2024-02-02 15:50:31,306 [INFO] ThirdParty:1030 - CMSIS Pack Vendor :STMicroelectronics USB_HOST 1.0.0
2024-02-02 15:50:31,306 [INFO] ThirdParty:1030 - CMSIS Pack Vendor :STMicroelectronics X-CUBE-AZRTOS-G4 2.0.0
2024-02-02 15:50:31,306 [INFO] ThirdParty:1030 - CMSIS Pack Vendor :STMicroelectronics PDM2PCM 3.1.0
2024-02-02 15:50:31,306 [INFO] ThirdParty:1030 - CMSIS Pack Vendor :STMicroelectronics X-CUBE-AZRTOS-H7 3.1.0
2024-02-02 15:50:31,306 [INFO] ThirdParty:1030 - CMSIS Pack Vendor :Infineon AIROC-Wi-Fi-Bluetooth-STM32 1.5.1
2024-02-02 15:50:31,306 [INFO] ThirdParty:1030 - CMSIS Pack Vendor :STMicroelectronics X-CUBE-BLEMGR 3.0.0
2024-02-02 15:50:31,306 [INFO] ThirdParty:1030 - CMSIS Pack Vendor :STMicroelectronics PDM2PCM 3.3.0
2024-02-02 15:50:31,306 [INFO] ThirdParty:1030 - CMSIS Pack Vendor :STMicroelectronics X-CUBE-DISPLAY 3.0.0
2024-02-02 15:50:31,306 [INFO] ThirdParty:1030 - CMSIS Pack Vendor :STMicroelectronics FP-SNS-MOTENVWB1 1.3.1
2024-02-02 15:50:31,306 [INFO] ThirdParty:1030 - CMSIS Pack Vendor :STMicroelectronics X-CUBE-BLE1 7.0.0
2024-02-02 15:50:31,306 [INFO] ThirdParty:1030 - CMSIS Pack Vendor :STMicroelectronics FP-ATR-SIGFOX1 3.2.0
2024-02-02 15:50:31,306 [INFO] ThirdParty:1030 - CMSIS Pack Vendor :STMicroelectronics X-CUBE-ISPU 2.0.0
2024-02-02 15:50:31,307 [INFO] ThirdParty:1030 - CMSIS Pack Vendor :STMicroelectronics X-CUBE-EEPRMA1 5.1.0
2024-02-02 15:50:31,307 [INFO] ThirdParty:1030 - CMSIS Pack Vendor :STMicroelectronics HAL Drivers 0.0.0
2024-02-02 15:50:31,307 [INFO] ThirdParty:1030 - CMSIS Pack Vendor :STMicroelectronics MBEDTLS 2.16.2
2024-02-02 15:50:31,307 [INFO] ThirdParty:1030 - CMSIS Pack Vendor :emotas I-CUBE-CANOPEN 1.3.0
2024-02-02 15:50:31,307 [INFO] ThirdParty:1030 - CMSIS Pack Vendor :STMicroelectronics X-CUBE-MEMS1 10.0.0
2024-02-02 15:50:31,307 [INFO] ThirdParty:1030 - CMSIS Pack Vendor :STMicroelectronics X-CUBE-FREERTOS 1.1.0
2024-02-02 15:50:31,307 [INFO] ThirdParty:1030 - CMSIS Pack Vendor :STMicroelectronics X-CUBE-NFC7 1.0.1
2024-02-02 15:50:31,307 [INFO] ThirdParty:1030 - CMSIS Pack Vendor :STMicroelectronics MBEDTLS 2.14.1
2024-02-02 15:50:31,307 [INFO] ThirdParty:1030 - CMSIS Pack Vendor :STMicroelectronics X-CUBE-TOUCHGFX 4.22.1
2024-02-02 15:50:31,307 [INFO] ThirdParty:1030 - CMSIS Pack Vendor :STMicroelectronics X-CUBE-NFC6 3.0.0
2024-02-02 15:50:31,307 [INFO] ThirdParty:1030 - CMSIS Pack Vendor :portGmbH I-Cube-SoM-uGOAL 1.1.0
2024-02-02 15:50:31,307 [INFO] ThirdParty:1030 - CMSIS Pack Vendor :STMicroelectronics X-CUBE-ALS 1.0.1
2024-02-02 15:50:31,307 [INFO] ThirdParty:1030 - CMSIS Pack Vendor :STMicroelectronics ThreadX 1.0.0
2024-02-02 15:50:31,307 [INFO] ThirdParty:1030 - CMSIS Pack Vendor :STMicroelectronics FP-SNS-SMARTAG2 1.2.0
2024-02-02 15:50:31,307 [INFO] ThirdParty:1030 - CMSIS Pack Vendor :STMicroelectronics X-CUBE-AZRTOS-WL 2.0.0
2024-02-02 15:50:31,307 [INFO] ThirdParty:1030 - CMSIS Pack Vendor :SEGGER I-CUBE-embOS 1.3.1
2024-02-02 15:50:31,307 [INFO] ThirdParty:1030 - CMSIS Pack Vendor :STMicroelectronics USB_DEVICE 1.0.0
2024-02-02 15:50:31,307 [INFO] ThirdParty:1030 - CMSIS Pack Vendor :STMicroelectronics X-CUBE-AI 8.1.0
2024-02-02 15:50:31,307 [INFO] ThirdParty:1030 - CMSIS Pack Vendor :STMicroelectronics X-CUBE-AZRTOS-L4 2.0.0
2024-02-02 15:50:31,307 [INFO] ThirdParty:1030 - CMSIS Pack Vendor :STMicroelectronics ThreadX 0.0.2
2024-02-02 15:50:31,307 [INFO] ThirdParty:1030 - CMSIS Pack Vendor :WES I-CUBE-Cesium 1.3.0
2024-02-02 15:50:31,307 [INFO] ThirdParty:1030 - CMSIS Pack Vendor :STMicroelectronics FP-ATR-ASTRA1 2.0.0
2024-02-02 15:50:31,307 [INFO] ThirdParty:1030 - CMSIS Pack Vendor :STMicroelectronics lwIP 2.1.2
2024-02-02 15:50:31,307 [INFO] ThirdParty:1030 - CMSIS Pack Vendor :STMicroelectronics X-CUBE-SFXS2LP1 4.0.0
2024-02-02 15:50:31,307 [INFO] ThirdParty:1030 - CMSIS Pack Vendor :STMicroelectronics X-CUBE-BLE2 3.3.0
2024-02-02 15:50:31,307 [INFO] ThirdParty:1030 - CMSIS Pack Vendor :STMicroelectronics X-CUBE-TOF1 3.4.0
2024-02-02 15:50:31,307 [INFO] ThirdParty:1030 - CMSIS Pack Vendor :STMicroelectronics X-CUBE-AZRTOS-H7 3.2.0
2024-02-02 15:50:31,307 [INFO] ThirdParty:1030 - CMSIS Pack Vendor :STMicroelectronics PDM2PCM 3.2.0
2024-02-02 15:50:31,307 [INFO] ThirdParty:841 - exiting critical section [change project]
2024-02-02 15:50:31,377 [INFO] PinOutPanel:1499 - setPackage(No Configuration,No Configuration)
2024-02-02 15:50:31,378 [INFO] PinOutPanel:1499 - setPackage(STM32F042F4Px,TSSOP20)
2024-02-02 15:50:32,010 [INFO] UtilMem:75 - Before build in PCC Used Memory: 310145952 Bytes (845152256)
2024-02-02 15:50:32,211 [INFO] UtilMem:75 - After build in PCC Used Memory: 352611232 Bytes (845152256)
2024-02-02 15:50:32,221 [INFO] IPUIPlugin:80 - create IPUIPlugin
2024-02-02 15:50:32,222 [INFO] IPUIPlugin:80 - create IPUIPlugin
2024-02-02 15:50:32,222 [INFO] IPUIPlugin:80 - create IPUIPlugin
2024-02-02 15:50:32,222 [INFO] IPUIPlugin:80 - create IPUIPlugin
2024-02-02 15:50:32,222 [INFO] IPUIPlugin:80 - create IPUIPlugin
2024-02-02 15:50:32,222 [INFO] IPUIPlugin:80 - create IPUIPlugin
2024-02-02 15:50:32,222 [INFO] IPUIPlugin:80 - create IPUIPlugin
2024-02-02 15:50:32,222 [INFO] IPUIPlugin:80 - create IPUIPlugin
2024-02-02 15:50:32,222 [INFO] IPUIPlugin:80 - create IPUIPlugin
2024-02-02 15:50:32,223 [INFO] IPUIPlugin:80 - create IPUIPlugin
2024-02-02 15:50:32,223 [INFO] IPUIPlugin:80 - create IPUIPlugin
2024-02-02 15:50:32,223 [INFO] IPUIPlugin:80 - create IPUIPlugin
2024-02-02 15:50:32,223 [INFO] IPUIPlugin:80 - create IPUIPlugin
2024-02-02 15:50:32,223 [INFO] IPUIPlugin:80 - create IPUIPlugin
2024-02-02 15:50:32,223 [INFO] IPUIPlugin:80 - create IPUIPlugin
2024-02-02 15:50:32,223 [INFO] IPUIPlugin:80 - create IPUIPlugin
2024-02-02 15:50:32,224 [INFO] IPUIPlugin:80 - create IPUIPlugin
2024-02-02 15:50:32,224 [INFO] IPUIPlugin:80 - create IPUIPlugin
2024-02-02 15:50:32,224 [INFO] IPUIPlugin:80 - create IPUIPlugin
2024-02-02 15:50:32,224 [INFO] IPUIPlugin:80 - create IPUIPlugin
2024-02-02 15:50:32,224 [INFO] IPUIPlugin:80 - create IPUIPlugin
2024-02-02 15:50:32,224 [INFO] IPUIPlugin:80 - create IPUIPlugin
2024-02-02 15:50:32,224 [INFO] IPUIPlugin:80 - create IPUIPlugin
2024-02-02 15:50:32,224 [INFO] IPUIPlugin:80 - create IPUIPlugin
2024-02-02 15:50:32,224 [INFO] IPUIPlugin:80 - create IPUIPlugin
2024-02-02 15:50:32,224 [INFO] IPUIPlugin:80 - create IPUIPlugin
2024-02-02 15:50:32,224 [INFO] IPUIPlugin:80 - create IPUIPlugin
2024-02-02 15:50:32,225 [INFO] IPUIPlugin:80 - create IPUIPlugin
2024-02-02 15:50:32,225 [INFO] IPUIPlugin:80 - create IPUIPlugin
2024-02-02 15:50:32,225 [INFO] IPUIPlugin:80 - create IPUIPlugin
2024-02-02 15:50:32,227 [INFO] Can:71 - Can Add PropertyChangeListener com.st.microxplorer.plugins.ip.can.Can@303c1f10
2024-02-02 15:50:32,255 [INFO] CADModel:165 - CPN selected for project levelSTM32F042F4P6
2024-02-02 15:50:32,255 [INFO] CADModel:114 - Register for checkConnection events
2024-02-02 15:50:32,331 [INFO] OpenFileManager:343 - Restore cursor
2024-02-02 15:50:56,448 [INFO] MainUpdater:2873 - connection check result : 10
2024-02-02 15:50:56,448 [INFO] MainUpdater:2873 - connection check result : 10
2024-02-02 15:50:56,463 [INFO] MicroXplorer:468 - Change Database Path : 
2024-02-02 15:50:56,463 [INFO] MicroXplorer:498 - Change Database Version : DB.6.0.100
2024-02-02 15:50:56,468 [ERROR] ProjectManagerView:394 - 
java.lang.NullPointerException: Cannot invoke "javax.swing.JTextField.getText()" because the return value of "java.util.List.get(int)" is null
	at com.st.microxplorer.plugins.projectmanager.gui.ProjectChoiceTab$10.caretUpdate(ProjectChoiceTab.java:2493) ~[filemanager.jar:?]
	at javax.swing.text.JTextComponent.fireCaretUpdate(JTextComponent.java:412) ~[?:?]
	at javax.swing.text.JTextComponent$MutableCaretEvent.fire(JTextComponent.java:4491) ~[?:?]
	at javax.swing.text.JTextComponent$MutableCaretEvent.stateChanged(JTextComponent.java:4513) ~[?:?]
	at javax.swing.text.DefaultCaret.fireStateChanged(DefaultCaret.java:842) ~[?:?]
	at javax.swing.text.DefaultCaret.changeCaretPosition(DefaultCaret.java:1313) ~[?:?]
	at javax.swing.text.DefaultCaret.handleSetDot(DefaultCaret.java:1212) ~[?:?]
	at javax.swing.text.DefaultCaret.setDot(DefaultCaret.java:1193) ~[?:?]
	at javax.swing.text.DefaultCaret$Handler.insertUpdate(DefaultCaret.java:1789) ~[?:?]
	at javax.swing.text.AbstractDocument.fireInsertUpdate(AbstractDocument.java:226) ~[?:?]
	at javax.swing.text.AbstractDocument.handleInsertString(AbstractDocument.java:780) ~[?:?]
	at javax.swing.text.AbstractDocument.insertString(AbstractDocument.java:739) ~[?:?]
	at javax.swing.text.PlainDocument.insertString(PlainDocument.java:131) ~[?:?]
	at javax.swing.text.AbstractDocument.replace(AbstractDocument.java:698) ~[?:?]
	at javax.swing.text.JTextComponent.setText(JTextComponent.java:1729) ~[?:?]
	at com.st.microxplorer.plugins.projectmanager.gui.ProjectChoiceTab.createHeapStackFields(ProjectChoiceTab.java:933) ~[filemanager.jar:?]
	at com.st.microxplorer.plugins.projectmanager.gui.ProjectChoiceTab.buildLinkSettingsPanel(ProjectChoiceTab.java:3426) ~[filemanager.jar:?]
	at com.st.microxplorer.plugins.projectmanager.gui.ProjectChoiceTab.defineWindowsFields(ProjectChoiceTab.java:1813) ~[filemanager.jar:?]
	at com.st.microxplorer.plugins.projectmanager.gui.ProjectChoiceTab.updateSettings(ProjectChoiceTab.java:533) ~[filemanager.jar:?]
	at com.st.microxplorer.plugins.projectmanager.gui.ProjectSettingsPanel.UpdateDialog(ProjectSettingsPanel.java:244) ~[filemanager.jar:?]
	at com.st.microxplorer.plugins.projectmanager.ProjectManagerView.propertyChange(ProjectManagerView.java:391) ~[filemanager.jar:?]
	at java.beans.PropertyChangeSupport.fire(PropertyChangeSupport.java:343) ~[?:?]
	at java.beans.PropertyChangeSupport.firePropertyChange(PropertyChangeSupport.java:335) ~[?:?]
	at java.beans.PropertyChangeSupport.firePropertyChange(PropertyChangeSupport.java:268) ~[?:?]
	at com.st.microxplorer.util.MXPropertyChangeSupport.firePropertyChange(MXPropertyChangeSupport.java:54) ~[STM32CubeMX.jar:?]
	at com.st.microxplorer.mxsystem.MxSystem.closeConfig(MxSystem.java:900) ~[STM32CubeMX.jar:?]
	at com.st.microxplorer.maingui.MainPanel.closeConfig(MainPanel.java:776) ~[STM32CubeMX.jar:?]
	at com.st.microxplorer.plugins.filemanager.engine.OpenFileManager.loadConfigurationFile(OpenFileManager.java:245) ~[filemanager.jar:?]
	at com.st.microxplorer.plugins.filemanager.engine.MainFileManager.userLoadConfig(MainFileManager.java:290) ~[filemanager.jar:?]
	at com.st.microxplorer.plugins.filemanager.FileManagerView.getSpecificTask(FileManagerView.java:247) ~[filemanager.jar:?]
	at com.st.stm32cube.common.mx.editor.CubeMxEditor.getMxTabbedPaneInstance(CubeMxEditor.java:1184) ~[com.st.stm32cube.common.mx_6.10.0.202311202037/:?]
	at com.st.stm32cube.common.mx.editor.CubeMxEditor$12$1.createSwingComponent(CubeMxEditor.java:1065) ~[com.st.stm32cube.common.mx_6.10.0.202311202037/:?]
	at com.st.stm32cube.common.mx.oss.core.awtswtbridge.EmbeddedSwingComposite.doComponentCreation(EmbeddedSwingComposite.java:492) ~[com.st.stm32cube.common.mx.oss_6.10.0.202311202037/:?]
	at com.st.stm32cube.common.mx.oss.core.awtswtbridge.EmbeddedSwingComposite$4.run(EmbeddedSwingComposite.java:291) ~[com.st.stm32cube.common.mx.oss_6.10.0.202311202037/:?]
	at com.st.stm32cube.common.mx.oss.core.awtswtbridge.AwtEnvironment$2.run(AwtEnvironment.java:166) ~[com.st.stm32cube.common.mx.oss_6.10.0.202311202037/:?]
	at java.awt.event.InvocationEvent.dispatch(InvocationEvent.java:318) ~[?:?]
	at java.awt.EventQueue.dispatchEventImpl(EventQueue.java:773) ~[?:?]
	at java.awt.EventQueue$4.run(EventQueue.java:720) ~[?:?]
	at java.awt.EventQueue$4.run(EventQueue.java:714) ~[?:?]
	at java.security.AccessController.doPrivileged(AccessController.java:399) ~[?:?]
	at java.security.ProtectionDomain$JavaSecurityAccessImpl.doIntersectionPrivilege(ProtectionDomain.java:86) ~[?:?]
	at java.awt.EventQueue.dispatchEvent(EventQueue.java:742) ~[?:?]
	at java.awt.EventDispatchThread.pumpOneEventForFilters(EventDispatchThread.java:203) ~[?:?]
	at java.awt.EventDispatchThread.pumpEventsForFilter(EventDispatchThread.java:124) ~[?:?]
	at java.awt.EventDispatchThread.pumpEventsForHierarchy(EventDispatchThread.java:113) ~[?:?]
	at java.awt.EventDispatchThread.pumpEvents(EventDispatchThread.java:109) ~[?:?]
	at java.awt.EventDispatchThread.pumpEvents(EventDispatchThread.java:101) ~[?:?]
	at java.awt.EventDispatchThread.run(EventDispatchThread.java:90) ~[?:?]
2024-02-02 15:50:56,469 [WARN] ThirdParty:871 - waiting for thirdparty lock release [close project]
2024-02-02 15:50:56,470 [INFO] ThirdParty:873 - entering critical section [close project]
2024-02-02 15:50:56,470 [INFO] ThirdParty:883 - exiting critical section [close project]
2024-02-02 15:50:56,471 [INFO] PinOutPanel:1499 - setPackage(No Configuration,No Configuration)
2024-02-02 15:50:56,475 [INFO] UtilMem:75 - Begin LoadConfig() Used Memory: 489072264 Bytes (845152256)
2024-02-02 15:50:56,475 [INFO] MicroXplorer:468 - Change Database Path : 
2024-02-02 15:50:56,475 [INFO] MicroXplorer:498 - Change Database Version : DB.6.0.100
2024-02-02 15:50:56,476 [INFO] OpenFileManager:312 - Change cursor
2024-02-02 15:50:56,481 [INFO] Mcu:2016 - Initializing MCU STM32F042F4Px STM32F042F4Px STM32F042F4P6
2024-02-02 15:50:57,044 [INFO] Context:659 - Trying to add GPIOservice into a context  which must be forbidden
2024-02-02 15:50:57,153 [INFO] RtosManager:555 - Registered RTOS mode: class=CMSIS, group=RTOS, mode=CMSIS_V1, owner=FREERTOS
2024-02-02 15:50:57,153 [INFO] RtosManager:555 - Registered RTOS mode: class=CMSIS, group=RTOS2, mode=CMSIS_V2, owner=FREERTOS
2024-02-02 15:50:57,153 [INFO] RtosManager:555 - Registered RTOS mode: class=RTOS, group=Core, mode=CMSIS_V1, owner=FREERTOS
2024-02-02 15:50:57,153 [INFO] RtosManager:555 - Registered RTOS mode: class=RTOS, group=Core, mode=CMSIS_V2, owner=FREERTOS
2024-02-02 15:50:57,153 [WARN] ModelIntegratedComponent:184 - Missing modes for component STMicroelectronics:FreeRTOS:0.0.1:STMicroelectronics:RTOS:FreeRTOS:Core:::10.2.0:
2024-02-02 15:50:57,160 [WARN] ModelIntegratedComponent:63 - No mode defined for component null
2024-02-02 15:50:57,161 [WARN] ModelIntegratedComponent:63 - No mode defined for component null
2024-02-02 15:50:57,161 [WARN] ModelIntegratedComponent:63 - No mode defined for component null
2024-02-02 15:50:57,161 [WARN] ModelIntegratedComponent:63 - No mode defined for component null
2024-02-02 15:50:57,161 [WARN] ModelIntegratedComponent:63 - No mode defined for component null
2024-02-02 15:50:57,161 [WARN] ModelIntegratedComponent:63 - No mode defined for component null
2024-02-02 15:50:57,161 [WARN] ModelIntegratedComponent:63 - No mode defined for component null
2024-02-02 15:50:57,161 [WARN] ModelIntegratedComponent:63 - No mode defined for component null
2024-02-02 15:50:57,161 [WARN] ModelIntegratedComponent:63 - No mode defined for component null
2024-02-02 15:50:57,161 [WARN] ModelIntegratedComponent:63 - No mode defined for component null
2024-02-02 15:50:57,161 [WARN] ModelIntegratedComponent:63 - No mode defined for component null
2024-02-02 15:50:57,161 [WARN] ModelIntegratedComponent:63 - No mode defined for component null
2024-02-02 15:50:57,161 [WARN] ModelIntegratedComponent:63 - No mode defined for component null
2024-02-02 15:50:57,161 [WARN] ModelIntegratedComponent:63 - No mode defined for component null
2024-02-02 15:50:57,161 [WARN] ModelIntegratedComponent:63 - No mode defined for component null
2024-02-02 15:50:57,161 [WARN] ModelIntegratedComponent:63 - No mode defined for component null
2024-02-02 15:50:57,161 [WARN] ModelIntegratedComponent:63 - No mode defined for component null
2024-02-02 15:50:57,161 [WARN] ModelIntegratedComponent:63 - No mode defined for component null
2024-02-02 15:50:57,161 [WARN] ModelIntegratedComponent:63 - No mode defined for component null
2024-02-02 15:50:57,161 [WARN] ModelIntegratedComponent:63 - No mode defined for component null
2024-02-02 15:50:57,161 [WARN] ModelIntegratedComponent:63 - No mode defined for component null
2024-02-02 15:50:57,161 [WARN] ModelIntegratedComponent:63 - No mode defined for component null
2024-02-02 15:50:57,161 [WARN] ModelIntegratedComponent:63 - No mode defined for component null
2024-02-02 15:50:57,161 [WARN] ModelIntegratedComponent:63 - No mode defined for component null
2024-02-02 15:50:57,161 [WARN] ModelIntegratedComponent:63 - No mode defined for component null
2024-02-02 15:50:57,161 [WARN] ModelIntegratedComponent:63 - No mode defined for component null
2024-02-02 15:50:57,161 [WARN] ModelIntegratedComponent:63 - No mode defined for component null
2024-02-02 15:50:57,161 [WARN] ModelIntegratedComponent:63 - No mode defined for component null
2024-02-02 15:50:57,161 [WARN] ModelIntegratedComponent:63 - No mode defined for component null
2024-02-02 15:50:57,161 [WARN] ModelIntegratedComponent:63 - No mode defined for component null
2024-02-02 15:50:57,161 [WARN] ModelIntegratedComponent:63 - No mode defined for component null
2024-02-02 15:50:57,161 [WARN] ModelIntegratedComponent:63 - No mode defined for component null
2024-02-02 15:50:57,161 [WARN] ModelIntegratedComponent:63 - No mode defined for component null
2024-02-02 15:50:57,206 [INFO] ThirdPartyModel:298 - Start build external matchings
2024-02-02 15:50:57,384 [INFO] ThirdPartyModel:316 - End build external matchings
2024-02-02 15:50:57,389 [INFO] ImportTextPane:194 - (OptionalMessage_ERROR) IP (DMA) : Parameter (Instance) has Id (ADC) currently not set
2024-02-02 15:50:57,389 [INFO] ImportTextPane:194 - (OptionalMessage_ERROR) IP (DMA) : Parameter (Direction) has Id (ADC) currently not set
2024-02-02 15:50:57,390 [INFO] ImportTextPane:194 - (OptionalMessage_ERROR) IP (DMA) : Parameter (PeriphInc) has Id (ADC) currently not set
2024-02-02 15:50:57,390 [INFO] ImportTextPane:194 - (OptionalMessage_ERROR) IP (DMA) : Parameter (MemInc) has Id (ADC) currently not set
2024-02-02 15:50:57,390 [INFO] ImportTextPane:194 - (OptionalMessage_ERROR) IP (DMA) : Parameter (PeriphDataAlignment) has Id (ADC) currently not set
2024-02-02 15:50:57,390 [INFO] ImportTextPane:194 - (OptionalMessage_ERROR) IP (DMA) : Parameter (MemDataAlignment) has Id (ADC) currently not set
2024-02-02 15:50:57,390 [INFO] ImportTextPane:194 - (OptionalMessage_ERROR) IP (DMA) : Parameter (Mode) has Id (ADC) currently not set
2024-02-02 15:50:57,390 [INFO] ImportTextPane:194 - (OptionalMessage_ERROR) IP (DMA) : Parameter (Priority) has Id (ADC) currently not set
2024-02-02 15:50:57,390 [INFO] ImportTextPane:194 - (OptionalMessage_ERROR) IP (RCC) : Invalid parameter (FamilyName)
2024-02-02 15:50:57,390 [INFO] ImportTextPane:194 - (OptionalMessage_ERROR) IP (RCC) : Invalid parameter (HSICECFreq_Value)
2024-02-02 15:50:57,534 [INFO] UtilMem:75 - End LoadConfig() Used Memory: 473321232 Bytes (845152256)
2024-02-02 15:50:57,601 [INFO] MicroXplorer:468 - Change Database Path : 
2024-02-02 15:50:57,601 [INFO] MicroXplorer:498 - Change Database Version : DB.6.0.100
2024-02-02 15:50:57,601 [WARN] ThirdParty:833 - waiting for thirdparty lock release [change project]
2024-02-02 15:50:57,602 [INFO] ThirdParty:835 - entering critical section [change project]
2024-02-02 15:50:57,602 [INFO] ThirdParty:1030 - CMSIS Pack Vendor :STMicroelectronics X-CUBE-ISPU 1.1.0
2024-02-02 15:50:57,602 [INFO] ThirdParty:1030 - CMSIS Pack Vendor :STMicroelectronics USBPD 4.1
2024-02-02 15:50:57,602 [INFO] ThirdParty:1030 - CMSIS Pack Vendor :STMicroelectronics X-CUBE-GNSS1 6.0.0
2024-02-02 15:50:57,602 [INFO] ThirdParty:1030 - CMSIS Pack Vendor :STMicroelectronics USB_HOST 2.0.0
2024-02-02 15:50:57,602 [INFO] ThirdParty:1030 - CMSIS Pack Vendor :STMicroelectronics X-CUBE-AZRTOS-F4 1.1.0
2024-02-02 15:50:57,602 [INFO] ThirdParty:1030 - CMSIS Pack Vendor :STMicroelectronics LIBJPEG 8.0.0
2024-02-02 15:50:57,602 [INFO] ThirdParty:1030 - CMSIS Pack Vendor :wolfSSL I-CUBE-wolfSSL 5.6.4
2024-02-02 15:50:57,602 [INFO] ThirdParty:1030 - CMSIS Pack Vendor :STMicroelectronics X-CUBE-SMBUS 2.1.0
2024-02-02 15:50:57,602 [INFO] ThirdParty:1030 - CMSIS Pack Vendor :STMicroelectronics USB_DEVICE 3.0.0
2024-02-02 15:50:57,602 [INFO] ThirdParty:1030 - CMSIS Pack Vendor :STMicroelectronics X-CUBE-AZRTOS-WB 2.0.0
2024-02-02 15:50:57,602 [INFO] ThirdParty:1030 - CMSIS Pack Vendor :STMicroelectronics X-CUBE-TOUCHGFX 4.23.0
2024-02-02 15:50:57,602 [INFO] ThirdParty:1030 - CMSIS Pack Vendor :STMicroelectronics X-CUBE-AZRTOS-F7 1.1.0
2024-02-02 15:50:57,602 [INFO] ThirdParty:1030 - CMSIS Pack Vendor :STMicroelectronics X-CUBE-AZRTOS-L5 2.0.0
2024-02-02 15:50:57,602 [INFO] ThirdParty:1030 - CMSIS Pack Vendor :STMicroelectronics USB_DEVICE 2.0.0
2024-02-02 15:50:57,602 [INFO] ThirdParty:1030 - CMSIS Pack Vendor :STMicroelectronics X-CUBE-EEPRMA1 4.2.0
2024-02-02 15:50:57,602 [INFO] ThirdParty:1030 - CMSIS Pack Vendor :ITTIA_DB I-CUBE-ITTIADB 8.8.0
2024-02-02 15:50:57,602 [INFO] ThirdParty:1030 - CMSIS Pack Vendor :STMicroelectronics FP-SNS-MOTENV1 4.3.2
2024-02-02 15:50:57,602 [INFO] ThirdParty:1030 - CMSIS Pack Vendor :STMicroelectronics X-CUBE-ALGOBUILD 1.3.0
2024-02-02 15:50:57,602 [INFO] ThirdParty:1030 - CMSIS Pack Vendor :STMicroelectronics FreeRTOS 0.0.1
2024-02-02 15:50:57,602 [INFO] ThirdParty:1030 - CMSIS Pack Vendor :STMicroelectronics X-CUBE-AZRTOS-G0 1.1.0
2024-02-02 15:50:57,602 [INFO] ThirdParty:1030 - CMSIS Pack Vendor :STMicroelectronics X-CUBE-NFC4 3.0.0
2024-02-02 15:50:57,602 [INFO] ThirdParty:1030 - CMSIS Pack Vendor :STMicroelectronics X-CUBE-SUBG2 5.0.0
2024-02-02 15:50:57,602 [INFO] ThirdParty:1030 - CMSIS Pack Vendor :STMicroelectronics STM32_WPAN 1.0.0
2024-02-02 15:50:57,602 [INFO] ThirdParty:1030 - CMSIS Pack Vendor :STMicroelectronics lwIP 2.0.3
2024-02-02 15:50:57,602 [INFO] ThirdParty:1030 - CMSIS Pack Vendor :STMicroelectronics FP-SNS-FLIGHT1 5.0.2
2024-02-02 15:50:57,602 [INFO] ThirdParty:1030 - CMSIS Pack Vendor :STMicroelectronics USB_HOST 1.0.0
2024-02-02 15:50:57,602 [INFO] ThirdParty:1030 - CMSIS Pack Vendor :STMicroelectronics X-CUBE-AZRTOS-G4 2.0.0
2024-02-02 15:50:57,602 [INFO] ThirdParty:1030 - CMSIS Pack Vendor :STMicroelectronics PDM2PCM 3.1.0
2024-02-02 15:50:57,602 [INFO] ThirdParty:1030 - CMSIS Pack Vendor :STMicroelectronics X-CUBE-AZRTOS-H7 3.1.0
2024-02-02 15:50:57,602 [INFO] ThirdParty:1030 - CMSIS Pack Vendor :Infineon AIROC-Wi-Fi-Bluetooth-STM32 1.5.1
2024-02-02 15:50:57,602 [INFO] ThirdParty:1030 - CMSIS Pack Vendor :STMicroelectronics X-CUBE-BLEMGR 3.0.0
2024-02-02 15:50:57,602 [INFO] ThirdParty:1030 - CMSIS Pack Vendor :STMicroelectronics PDM2PCM 3.3.0
2024-02-02 15:50:57,602 [INFO] ThirdParty:1030 - CMSIS Pack Vendor :STMicroelectronics X-CUBE-DISPLAY 3.0.0
2024-02-02 15:50:57,602 [INFO] ThirdParty:1030 - CMSIS Pack Vendor :STMicroelectronics FP-SNS-MOTENVWB1 1.3.1
2024-02-02 15:50:57,602 [INFO] ThirdParty:1030 - CMSIS Pack Vendor :STMicroelectronics X-CUBE-BLE1 7.0.0
2024-02-02 15:50:57,602 [INFO] ThirdParty:1030 - CMSIS Pack Vendor :STMicroelectronics FP-ATR-SIGFOX1 3.2.0
2024-02-02 15:50:57,602 [INFO] ThirdParty:1030 - CMSIS Pack Vendor :STMicroelectronics X-CUBE-ISPU 2.0.0
2024-02-02 15:50:57,602 [INFO] ThirdParty:1030 - CMSIS Pack Vendor :STMicroelectronics X-CUBE-EEPRMA1 5.1.0
2024-02-02 15:50:57,602 [INFO] ThirdParty:1030 - CMSIS Pack Vendor :STMicroelectronics HAL Drivers 0.0.0
2024-02-02 15:50:57,602 [INFO] ThirdParty:1030 - CMSIS Pack Vendor :STMicroelectronics MBEDTLS 2.16.2
2024-02-02 15:50:57,602 [INFO] ThirdParty:1030 - CMSIS Pack Vendor :emotas I-CUBE-CANOPEN 1.3.0
2024-02-02 15:50:57,602 [INFO] ThirdParty:1030 - CMSIS Pack Vendor :STMicroelectronics X-CUBE-MEMS1 10.0.0
2024-02-02 15:50:57,602 [INFO] ThirdParty:1030 - CMSIS Pack Vendor :STMicroelectronics X-CUBE-FREERTOS 1.1.0
2024-02-02 15:50:57,602 [INFO] ThirdParty:1030 - CMSIS Pack Vendor :STMicroelectronics X-CUBE-NFC7 1.0.1
2024-02-02 15:50:57,602 [INFO] ThirdParty:1030 - CMSIS Pack Vendor :STMicroelectronics MBEDTLS 2.14.1
2024-02-02 15:50:57,602 [INFO] ThirdParty:1030 - CMSIS Pack Vendor :STMicroelectronics X-CUBE-TOUCHGFX 4.22.1
2024-02-02 15:50:57,602 [INFO] ThirdParty:1030 - CMSIS Pack Vendor :STMicroelectronics X-CUBE-NFC6 3.0.0
2024-02-02 15:50:57,602 [INFO] ThirdParty:1030 - CMSIS Pack Vendor :portGmbH I-Cube-SoM-uGOAL 1.1.0
2024-02-02 15:50:57,602 [INFO] ThirdParty:1030 - CMSIS Pack Vendor :STMicroelectronics X-CUBE-ALS 1.0.1
2024-02-02 15:50:57,602 [INFO] ThirdParty:1030 - CMSIS Pack Vendor :STMicroelectronics ThreadX 1.0.0
2024-02-02 15:50:57,602 [INFO] ThirdParty:1030 - CMSIS Pack Vendor :STMicroelectronics FP-SNS-SMARTAG2 1.2.0
2024-02-02 15:50:57,602 [INFO] ThirdParty:1030 - CMSIS Pack Vendor :STMicroelectronics X-CUBE-AZRTOS-WL 2.0.0
2024-02-02 15:50:57,603 [INFO] ThirdParty:1030 - CMSIS Pack Vendor :SEGGER I-CUBE-embOS 1.3.1
2024-02-02 15:50:57,603 [INFO] ThirdParty:1030 - CMSIS Pack Vendor :STMicroelectronics USB_DEVICE 1.0.0
2024-02-02 15:50:57,603 [INFO] ThirdParty:1030 - CMSIS Pack Vendor :STMicroelectronics X-CUBE-AI 8.1.0
2024-02-02 15:50:57,603 [INFO] ThirdParty:1030 - CMSIS Pack Vendor :STMicroelectronics X-CUBE-AZRTOS-L4 2.0.0
2024-02-02 15:50:57,603 [INFO] ThirdParty:1030 - CMSIS Pack Vendor :STMicroelectronics ThreadX 0.0.2
2024-02-02 15:50:57,603 [INFO] ThirdParty:1030 - CMSIS Pack Vendor :WES I-CUBE-Cesium 1.3.0
2024-02-02 15:50:57,603 [INFO] ThirdParty:1030 - CMSIS Pack Vendor :STMicroelectronics FP-ATR-ASTRA1 2.0.0
2024-02-02 15:50:57,603 [INFO] ThirdParty:1030 - CMSIS Pack Vendor :STMicroelectronics lwIP 2.1.2
2024-02-02 15:50:57,603 [INFO] ThirdParty:1030 - CMSIS Pack Vendor :STMicroelectronics X-CUBE-SFXS2LP1 4.0.0
2024-02-02 15:50:57,603 [INFO] ThirdParty:1030 - CMSIS Pack Vendor :STMicroelectronics X-CUBE-BLE2 3.3.0
2024-02-02 15:50:57,603 [INFO] ThirdParty:1030 - CMSIS Pack Vendor :STMicroelectronics X-CUBE-TOF1 3.4.0
2024-02-02 15:50:57,603 [INFO] ThirdParty:1030 - CMSIS Pack Vendor :STMicroelectronics X-CUBE-AZRTOS-H7 3.2.0
2024-02-02 15:50:57,603 [INFO] ThirdParty:1030 - CMSIS Pack Vendor :STMicroelectronics PDM2PCM 3.2.0
2024-02-02 15:50:57,603 [INFO] ThirdParty:841 - exiting critical section [change project]
2024-02-02 15:50:57,648 [INFO] PinOutPanel:1499 - setPackage(No Configuration,No Configuration)
2024-02-02 15:50:57,649 [INFO] PinOutPanel:1499 - setPackage(STM32F042F4Px,TSSOP20)
2024-02-02 15:50:58,226 [INFO] UtilMem:75 - Before build in PCC Used Memory: 347747832 Bytes (845152256)
2024-02-02 15:50:58,361 [INFO] UtilMem:75 - After build in PCC Used Memory: 390213112 Bytes (845152256)
2024-02-02 15:50:58,373 [INFO] IPUIPlugin:80 - create IPUIPlugin
2024-02-02 15:50:58,373 [INFO] IPUIPlugin:80 - create IPUIPlugin
2024-02-02 15:50:58,373 [INFO] IPUIPlugin:80 - create IPUIPlugin
2024-02-02 15:50:58,373 [INFO] IPUIPlugin:80 - create IPUIPlugin
2024-02-02 15:50:58,373 [INFO] IPUIPlugin:80 - create IPUIPlugin
2024-02-02 15:50:58,373 [INFO] IPUIPlugin:80 - create IPUIPlugin
2024-02-02 15:50:58,374 [INFO] IPUIPlugin:80 - create IPUIPlugin
2024-02-02 15:50:58,374 [INFO] IPUIPlugin:80 - create IPUIPlugin
2024-02-02 15:50:58,374 [INFO] IPUIPlugin:80 - create IPUIPlugin
2024-02-02 15:50:58,374 [INFO] IPUIPlugin:80 - create IPUIPlugin
2024-02-02 15:50:58,374 [INFO] IPUIPlugin:80 - create IPUIPlugin
2024-02-02 15:50:58,374 [INFO] IPUIPlugin:80 - create IPUIPlugin
2024-02-02 15:50:58,374 [INFO] IPUIPlugin:80 - create IPUIPlugin
2024-02-02 15:50:58,374 [INFO] IPUIPlugin:80 - create IPUIPlugin
2024-02-02 15:50:58,375 [INFO] IPUIPlugin:80 - create IPUIPlugin
2024-02-02 15:50:58,375 [INFO] IPUIPlugin:80 - create IPUIPlugin
2024-02-02 15:50:58,375 [INFO] IPUIPlugin:80 - create IPUIPlugin
2024-02-02 15:50:58,376 [INFO] IPUIPlugin:80 - create IPUIPlugin
2024-02-02 15:50:58,376 [INFO] IPUIPlugin:80 - create IPUIPlugin
2024-02-02 15:50:58,376 [INFO] IPUIPlugin:80 - create IPUIPlugin
2024-02-02 15:50:58,376 [INFO] IPUIPlugin:80 - create IPUIPlugin
2024-02-02 15:50:58,377 [INFO] IPUIPlugin:80 - create IPUIPlugin
2024-02-02 15:50:58,377 [INFO] IPUIPlugin:80 - create IPUIPlugin
2024-02-02 15:50:58,377 [INFO] IPUIPlugin:80 - create IPUIPlugin
2024-02-02 15:50:58,378 [INFO] IPUIPlugin:80 - create IPUIPlugin
2024-02-02 15:50:58,378 [INFO] IPUIPlugin:80 - create IPUIPlugin
2024-02-02 15:50:58,378 [INFO] IPUIPlugin:80 - create IPUIPlugin
2024-02-02 15:50:58,378 [INFO] IPUIPlugin:80 - create IPUIPlugin
2024-02-02 15:50:58,378 [INFO] IPUIPlugin:80 - create IPUIPlugin
2024-02-02 15:50:58,378 [INFO] IPUIPlugin:80 - create IPUIPlugin
2024-02-02 15:50:58,380 [INFO] Can:71 - Can Add PropertyChangeListener com.st.microxplorer.plugins.ip.can.Can@5df02d49
2024-02-02 15:50:58,403 [INFO] CADModel:165 - CPN selected for project levelSTM32F042F4P6
2024-02-02 15:50:58,403 [INFO] CADModel:114 - Register for checkConnection events
2024-02-02 15:50:58,470 [INFO] OpenFileManager:343 - Restore cursor
2024-02-02 15:54:42,848 [INFO] MainUpdater:2873 - connection check result : 10
2024-02-02 15:54:42,848 [INFO] MainUpdater:2873 - connection check result : 10
2024-02-02 15:54:42,865 [INFO] MicroXplorer:468 - Change Database Path : 
2024-02-02 15:54:42,865 [INFO] MicroXplorer:498 - Change Database Version : DB.6.0.100
2024-02-02 15:54:42,874 [ERROR] ProjectManagerView:394 - 
java.lang.NullPointerException: Cannot invoke "javax.swing.JTextField.getText()" because the return value of "java.util.List.get(int)" is null
	at com.st.microxplorer.plugins.projectmanager.gui.ProjectChoiceTab$10.caretUpdate(ProjectChoiceTab.java:2493) ~[filemanager.jar:?]
	at javax.swing.text.JTextComponent.fireCaretUpdate(JTextComponent.java:412) ~[?:?]
	at javax.swing.text.JTextComponent$MutableCaretEvent.fire(JTextComponent.java:4491) ~[?:?]
	at javax.swing.text.JTextComponent$MutableCaretEvent.stateChanged(JTextComponent.java:4513) ~[?:?]
	at javax.swing.text.DefaultCaret.fireStateChanged(DefaultCaret.java:842) ~[?:?]
	at javax.swing.text.DefaultCaret.changeCaretPosition(DefaultCaret.java:1313) ~[?:?]
	at javax.swing.text.DefaultCaret.handleSetDot(DefaultCaret.java:1212) ~[?:?]
	at javax.swing.text.DefaultCaret.setDot(DefaultCaret.java:1193) ~[?:?]
	at javax.swing.text.DefaultCaret$Handler.insertUpdate(DefaultCaret.java:1789) ~[?:?]
	at javax.swing.text.AbstractDocument.fireInsertUpdate(AbstractDocument.java:226) ~[?:?]
	at javax.swing.text.AbstractDocument.handleInsertString(AbstractDocument.java:780) ~[?:?]
	at javax.swing.text.AbstractDocument.insertString(AbstractDocument.java:739) ~[?:?]
	at javax.swing.text.PlainDocument.insertString(PlainDocument.java:131) ~[?:?]
	at javax.swing.text.AbstractDocument.replace(AbstractDocument.java:698) ~[?:?]
	at javax.swing.text.JTextComponent.setText(JTextComponent.java:1729) ~[?:?]
	at com.st.microxplorer.plugins.projectmanager.gui.ProjectChoiceTab.createHeapStackFields(ProjectChoiceTab.java:933) ~[filemanager.jar:?]
	at com.st.microxplorer.plugins.projectmanager.gui.ProjectChoiceTab.buildLinkSettingsPanel(ProjectChoiceTab.java:3426) ~[filemanager.jar:?]
	at com.st.microxplorer.plugins.projectmanager.gui.ProjectChoiceTab.defineWindowsFields(ProjectChoiceTab.java:1813) ~[filemanager.jar:?]
	at com.st.microxplorer.plugins.projectmanager.gui.ProjectChoiceTab.updateSettings(ProjectChoiceTab.java:533) ~[filemanager.jar:?]
	at com.st.microxplorer.plugins.projectmanager.gui.ProjectSettingsPanel.UpdateDialog(ProjectSettingsPanel.java:244) ~[filemanager.jar:?]
	at com.st.microxplorer.plugins.projectmanager.ProjectManagerView.propertyChange(ProjectManagerView.java:391) ~[filemanager.jar:?]
	at java.beans.PropertyChangeSupport.fire(PropertyChangeSupport.java:343) ~[?:?]
	at java.beans.PropertyChangeSupport.firePropertyChange(PropertyChangeSupport.java:335) ~[?:?]
	at java.beans.PropertyChangeSupport.firePropertyChange(PropertyChangeSupport.java:268) ~[?:?]
	at com.st.microxplorer.util.MXPropertyChangeSupport.firePropertyChange(MXPropertyChangeSupport.java:54) ~[STM32CubeMX.jar:?]
	at com.st.microxplorer.mxsystem.MxSystem.closeConfig(MxSystem.java:900) ~[STM32CubeMX.jar:?]
	at com.st.microxplorer.maingui.MainPanel.closeConfig(MainPanel.java:776) ~[STM32CubeMX.jar:?]
	at com.st.microxplorer.plugins.filemanager.engine.OpenFileManager.loadConfigurationFile(OpenFileManager.java:245) ~[filemanager.jar:?]
	at com.st.microxplorer.plugins.filemanager.engine.MainFileManager.userLoadConfig(MainFileManager.java:290) ~[filemanager.jar:?]
	at com.st.microxplorer.plugins.filemanager.FileManagerView.getSpecificTask(FileManagerView.java:247) ~[filemanager.jar:?]
	at com.st.stm32cube.common.mx.editor.CubeMxEditor.getMxTabbedPaneInstance(CubeMxEditor.java:1184) ~[com.st.stm32cube.common.mx_6.10.0.202311202037/:?]
	at com.st.stm32cube.common.mx.editor.CubeMxEditor$12$1.createSwingComponent(CubeMxEditor.java:1065) ~[com.st.stm32cube.common.mx_6.10.0.202311202037/:?]
	at com.st.stm32cube.common.mx.oss.core.awtswtbridge.EmbeddedSwingComposite.doComponentCreation(EmbeddedSwingComposite.java:492) ~[com.st.stm32cube.common.mx.oss_6.10.0.202311202037/:?]
	at com.st.stm32cube.common.mx.oss.core.awtswtbridge.EmbeddedSwingComposite$4.run(EmbeddedSwingComposite.java:291) ~[com.st.stm32cube.common.mx.oss_6.10.0.202311202037/:?]
	at com.st.stm32cube.common.mx.oss.core.awtswtbridge.AwtEnvironment$2.run(AwtEnvironment.java:166) ~[com.st.stm32cube.common.mx.oss_6.10.0.202311202037/:?]
	at java.awt.event.InvocationEvent.dispatch(InvocationEvent.java:318) ~[?:?]
	at java.awt.EventQueue.dispatchEventImpl(EventQueue.java:773) ~[?:?]
	at java.awt.EventQueue$4.run(EventQueue.java:720) ~[?:?]
	at java.awt.EventQueue$4.run(EventQueue.java:714) ~[?:?]
	at java.security.AccessController.doPrivileged(AccessController.java:399) ~[?:?]
	at java.security.ProtectionDomain$JavaSecurityAccessImpl.doIntersectionPrivilege(ProtectionDomain.java:86) ~[?:?]
	at java.awt.EventQueue.dispatchEvent(EventQueue.java:742) ~[?:?]
	at java.awt.EventDispatchThread.pumpOneEventForFilters(EventDispatchThread.java:203) ~[?:?]
	at java.awt.EventDispatchThread.pumpEventsForFilter(EventDispatchThread.java:124) ~[?:?]
	at java.awt.EventDispatchThread.pumpEventsForHierarchy(EventDispatchThread.java:113) ~[?:?]
	at java.awt.EventDispatchThread.pumpEvents(EventDispatchThread.java:109) ~[?:?]
	at java.awt.EventDispatchThread.pumpEvents(EventDispatchThread.java:101) ~[?:?]
	at java.awt.EventDispatchThread.run(EventDispatchThread.java:90) ~[?:?]
2024-02-02 15:54:42,875 [WARN] ThirdParty:871 - waiting for thirdparty lock release [close project]
2024-02-02 15:54:42,875 [INFO] ThirdParty:873 - entering critical section [close project]
2024-02-02 15:54:42,875 [INFO] ThirdParty:883 - exiting critical section [close project]
2024-02-02 15:54:42,876 [INFO] PinOutPanel:1499 - setPackage(No Configuration,No Configuration)
2024-02-02 15:54:42,878 [INFO] UtilMem:75 - Begin LoadConfig() Used Memory: 324409472 Bytes (845152256)
2024-02-02 15:54:42,878 [INFO] MicroXplorer:468 - Change Database Path : 
2024-02-02 15:54:42,878 [INFO] MicroXplorer:498 - Change Database Version : DB.6.0.100
2024-02-02 15:54:42,879 [INFO] OpenFileManager:312 - Change cursor
2024-02-02 15:54:42,885 [INFO] Mcu:2016 - Initializing MCU STM32F042F4Px STM32F042F4Px STM32F042F4P6
2024-02-02 15:54:43,466 [INFO] Context:659 - Trying to add GPIOservice into a context  which must be forbidden
2024-02-02 15:54:43,580 [INFO] RtosManager:555 - Registered RTOS mode: class=CMSIS, group=RTOS, mode=CMSIS_V1, owner=FREERTOS
2024-02-02 15:54:43,581 [INFO] RtosManager:555 - Registered RTOS mode: class=CMSIS, group=RTOS2, mode=CMSIS_V2, owner=FREERTOS
2024-02-02 15:54:43,581 [INFO] RtosManager:555 - Registered RTOS mode: class=RTOS, group=Core, mode=CMSIS_V1, owner=FREERTOS
2024-02-02 15:54:43,582 [INFO] RtosManager:555 - Registered RTOS mode: class=RTOS, group=Core, mode=CMSIS_V2, owner=FREERTOS
2024-02-02 15:54:43,582 [WARN] ModelIntegratedComponent:184 - Missing modes for component STMicroelectronics:FreeRTOS:0.0.1:STMicroelectronics:RTOS:FreeRTOS:Core:::10.2.0:
2024-02-02 15:54:43,587 [WARN] ModelIntegratedComponent:63 - No mode defined for component null
2024-02-02 15:54:43,587 [WARN] ModelIntegratedComponent:63 - No mode defined for component null
2024-02-02 15:54:43,587 [WARN] ModelIntegratedComponent:63 - No mode defined for component null
2024-02-02 15:54:43,587 [WARN] ModelIntegratedComponent:63 - No mode defined for component null
2024-02-02 15:54:43,587 [WARN] ModelIntegratedComponent:63 - No mode defined for component null
2024-02-02 15:54:43,588 [WARN] ModelIntegratedComponent:63 - No mode defined for component null
2024-02-02 15:54:43,588 [WARN] ModelIntegratedComponent:63 - No mode defined for component null
2024-02-02 15:54:43,588 [WARN] ModelIntegratedComponent:63 - No mode defined for component null
2024-02-02 15:54:43,588 [WARN] ModelIntegratedComponent:63 - No mode defined for component null
2024-02-02 15:54:43,588 [WARN] ModelIntegratedComponent:63 - No mode defined for component null
2024-02-02 15:54:43,588 [WARN] ModelIntegratedComponent:63 - No mode defined for component null
2024-02-02 15:54:43,588 [WARN] ModelIntegratedComponent:63 - No mode defined for component null
2024-02-02 15:54:43,588 [WARN] ModelIntegratedComponent:63 - No mode defined for component null
2024-02-02 15:54:43,588 [WARN] ModelIntegratedComponent:63 - No mode defined for component null
2024-02-02 15:54:43,588 [WARN] ModelIntegratedComponent:63 - No mode defined for component null
2024-02-02 15:54:43,588 [WARN] ModelIntegratedComponent:63 - No mode defined for component null
2024-02-02 15:54:43,588 [WARN] ModelIntegratedComponent:63 - No mode defined for component null
2024-02-02 15:54:43,588 [WARN] ModelIntegratedComponent:63 - No mode defined for component null
2024-02-02 15:54:43,588 [WARN] ModelIntegratedComponent:63 - No mode defined for component null
2024-02-02 15:54:43,588 [WARN] ModelIntegratedComponent:63 - No mode defined for component null
2024-02-02 15:54:43,588 [WARN] ModelIntegratedComponent:63 - No mode defined for component null
2024-02-02 15:54:43,588 [WARN] ModelIntegratedComponent:63 - No mode defined for component null
2024-02-02 15:54:43,588 [WARN] ModelIntegratedComponent:63 - No mode defined for component null
2024-02-02 15:54:43,588 [WARN] ModelIntegratedComponent:63 - No mode defined for component null
2024-02-02 15:54:43,588 [WARN] ModelIntegratedComponent:63 - No mode defined for component null
2024-02-02 15:54:43,588 [WARN] ModelIntegratedComponent:63 - No mode defined for component null
2024-02-02 15:54:43,588 [WARN] ModelIntegratedComponent:63 - No mode defined for component null
2024-02-02 15:54:43,588 [WARN] ModelIntegratedComponent:63 - No mode defined for component null
2024-02-02 15:54:43,588 [WARN] ModelIntegratedComponent:63 - No mode defined for component null
2024-02-02 15:54:43,588 [WARN] ModelIntegratedComponent:63 - No mode defined for component null
2024-02-02 15:54:43,588 [WARN] ModelIntegratedComponent:63 - No mode defined for component null
2024-02-02 15:54:43,588 [WARN] ModelIntegratedComponent:63 - No mode defined for component null
2024-02-02 15:54:43,588 [WARN] ModelIntegratedComponent:63 - No mode defined for component null
2024-02-02 15:54:43,642 [INFO] ThirdPartyModel:298 - Start build external matchings
2024-02-02 15:54:43,796 [INFO] ThirdPartyModel:316 - End build external matchings
2024-02-02 15:54:43,803 [INFO] ImportTextPane:194 - (OptionalMessage_ERROR) IP (DMA) : Parameter (Instance) has Id (ADC) currently not set
2024-02-02 15:54:43,803 [INFO] ImportTextPane:194 - (OptionalMessage_ERROR) IP (DMA) : Parameter (Direction) has Id (ADC) currently not set
2024-02-02 15:54:43,803 [INFO] ImportTextPane:194 - (OptionalMessage_ERROR) IP (DMA) : Parameter (PeriphInc) has Id (ADC) currently not set
2024-02-02 15:54:43,803 [INFO] ImportTextPane:194 - (OptionalMessage_ERROR) IP (DMA) : Parameter (MemInc) has Id (ADC) currently not set
2024-02-02 15:54:43,803 [INFO] ImportTextPane:194 - (OptionalMessage_ERROR) IP (DMA) : Parameter (PeriphDataAlignment) has Id (ADC) currently not set
2024-02-02 15:54:43,803 [INFO] ImportTextPane:194 - (OptionalMessage_ERROR) IP (DMA) : Parameter (MemDataAlignment) has Id (ADC) currently not set
2024-02-02 15:54:43,804 [INFO] ImportTextPane:194 - (OptionalMessage_ERROR) IP (DMA) : Parameter (Mode) has Id (ADC) currently not set
2024-02-02 15:54:43,804 [INFO] ImportTextPane:194 - (OptionalMessage_ERROR) IP (DMA) : Parameter (Priority) has Id (ADC) currently not set
2024-02-02 15:54:43,804 [INFO] ImportTextPane:194 - (OptionalMessage_ERROR) IP (RCC) : Invalid parameter (FamilyName)
2024-02-02 15:54:43,804 [INFO] ImportTextPane:194 - (OptionalMessage_ERROR) IP (RCC) : Invalid parameter (HSICECFreq_Value)
2024-02-02 15:54:43,941 [INFO] UtilMem:75 - End LoadConfig() Used Memory: 574436640 Bytes (845152256)
2024-02-02 15:54:43,990 [INFO] MicroXplorer:468 - Change Database Path : 
2024-02-02 15:54:43,990 [INFO] MicroXplorer:498 - Change Database Version : DB.6.0.100
2024-02-02 15:54:43,991 [WARN] ThirdParty:833 - waiting for thirdparty lock release [change project]
2024-02-02 15:54:43,991 [INFO] ThirdParty:835 - entering critical section [change project]
2024-02-02 15:54:43,991 [INFO] ThirdParty:1030 - CMSIS Pack Vendor :STMicroelectronics X-CUBE-ISPU 1.1.0
2024-02-02 15:54:43,991 [INFO] ThirdParty:1030 - CMSIS Pack Vendor :STMicroelectronics USBPD 4.1
2024-02-02 15:54:43,991 [INFO] ThirdParty:1030 - CMSIS Pack Vendor :STMicroelectronics X-CUBE-GNSS1 6.0.0
2024-02-02 15:54:43,991 [INFO] ThirdParty:1030 - CMSIS Pack Vendor :STMicroelectronics USB_HOST 2.0.0
2024-02-02 15:54:43,991 [INFO] ThirdParty:1030 - CMSIS Pack Vendor :STMicroelectronics X-CUBE-AZRTOS-F4 1.1.0
2024-02-02 15:54:43,991 [INFO] ThirdParty:1030 - CMSIS Pack Vendor :STMicroelectronics LIBJPEG 8.0.0
2024-02-02 15:54:43,991 [INFO] ThirdParty:1030 - CMSIS Pack Vendor :wolfSSL I-CUBE-wolfSSL 5.6.4
2024-02-02 15:54:43,991 [INFO] ThirdParty:1030 - CMSIS Pack Vendor :STMicroelectronics X-CUBE-SMBUS 2.1.0
2024-02-02 15:54:43,991 [INFO] ThirdParty:1030 - CMSIS Pack Vendor :STMicroelectronics USB_DEVICE 3.0.0
2024-02-02 15:54:43,991 [INFO] ThirdParty:1030 - CMSIS Pack Vendor :STMicroelectronics X-CUBE-AZRTOS-WB 2.0.0
2024-02-02 15:54:43,991 [INFO] ThirdParty:1030 - CMSIS Pack Vendor :STMicroelectronics X-CUBE-TOUCHGFX 4.23.0
2024-02-02 15:54:43,991 [INFO] ThirdParty:1030 - CMSIS Pack Vendor :STMicroelectronics X-CUBE-AZRTOS-F7 1.1.0
2024-02-02 15:54:43,991 [INFO] ThirdParty:1030 - CMSIS Pack Vendor :STMicroelectronics X-CUBE-AZRTOS-L5 2.0.0
2024-02-02 15:54:43,991 [INFO] ThirdParty:1030 - CMSIS Pack Vendor :STMicroelectronics USB_DEVICE 2.0.0
2024-02-02 15:54:43,992 [INFO] ThirdParty:1030 - CMSIS Pack Vendor :STMicroelectronics X-CUBE-EEPRMA1 4.2.0
2024-02-02 15:54:43,992 [INFO] ThirdParty:1030 - CMSIS Pack Vendor :ITTIA_DB I-CUBE-ITTIADB 8.8.0
2024-02-02 15:54:43,992 [INFO] ThirdParty:1030 - CMSIS Pack Vendor :STMicroelectronics FP-SNS-MOTENV1 4.3.2
2024-02-02 15:54:43,992 [INFO] ThirdParty:1030 - CMSIS Pack Vendor :STMicroelectronics X-CUBE-ALGOBUILD 1.3.0
2024-02-02 15:54:43,992 [INFO] ThirdParty:1030 - CMSIS Pack Vendor :STMicroelectronics FreeRTOS 0.0.1
2024-02-02 15:54:43,992 [INFO] ThirdParty:1030 - CMSIS Pack Vendor :STMicroelectronics X-CUBE-AZRTOS-G0 1.1.0
2024-02-02 15:54:43,992 [INFO] ThirdParty:1030 - CMSIS Pack Vendor :STMicroelectronics X-CUBE-NFC4 3.0.0
2024-02-02 15:54:43,992 [INFO] ThirdParty:1030 - CMSIS Pack Vendor :STMicroelectronics X-CUBE-SUBG2 5.0.0
2024-02-02 15:54:43,992 [INFO] ThirdParty:1030 - CMSIS Pack Vendor :STMicroelectronics STM32_WPAN 1.0.0
2024-02-02 15:54:43,992 [INFO] ThirdParty:1030 - CMSIS Pack Vendor :STMicroelectronics lwIP 2.0.3
2024-02-02 15:54:43,992 [INFO] ThirdParty:1030 - CMSIS Pack Vendor :STMicroelectronics FP-SNS-FLIGHT1 5.0.2
2024-02-02 15:54:43,992 [INFO] ThirdParty:1030 - CMSIS Pack Vendor :STMicroelectronics USB_HOST 1.0.0
2024-02-02 15:54:43,992 [INFO] ThirdParty:1030 - CMSIS Pack Vendor :STMicroelectronics X-CUBE-AZRTOS-G4 2.0.0
2024-02-02 15:54:43,992 [INFO] ThirdParty:1030 - CMSIS Pack Vendor :STMicroelectronics PDM2PCM 3.1.0
2024-02-02 15:54:43,992 [INFO] ThirdParty:1030 - CMSIS Pack Vendor :STMicroelectronics X-CUBE-AZRTOS-H7 3.1.0
2024-02-02 15:54:43,992 [INFO] ThirdParty:1030 - CMSIS Pack Vendor :Infineon AIROC-Wi-Fi-Bluetooth-STM32 1.5.1
2024-02-02 15:54:43,992 [INFO] ThirdParty:1030 - CMSIS Pack Vendor :STMicroelectronics X-CUBE-BLEMGR 3.0.0
2024-02-02 15:54:43,992 [INFO] ThirdParty:1030 - CMSIS Pack Vendor :STMicroelectronics PDM2PCM 3.3.0
2024-02-02 15:54:43,992 [INFO] ThirdParty:1030 - CMSIS Pack Vendor :STMicroelectronics X-CUBE-DISPLAY 3.0.0
2024-02-02 15:54:43,992 [INFO] ThirdParty:1030 - CMSIS Pack Vendor :STMicroelectronics FP-SNS-MOTENVWB1 1.3.1
2024-02-02 15:54:43,992 [INFO] ThirdParty:1030 - CMSIS Pack Vendor :STMicroelectronics X-CUBE-BLE1 7.0.0
2024-02-02 15:54:43,992 [INFO] ThirdParty:1030 - CMSIS Pack Vendor :STMicroelectronics FP-ATR-SIGFOX1 3.2.0
2024-02-02 15:54:43,992 [INFO] ThirdParty:1030 - CMSIS Pack Vendor :STMicroelectronics X-CUBE-ISPU 2.0.0
2024-02-02 15:54:43,992 [INFO] ThirdParty:1030 - CMSIS Pack Vendor :STMicroelectronics X-CUBE-EEPRMA1 5.1.0
2024-02-02 15:54:43,992 [INFO] ThirdParty:1030 - CMSIS Pack Vendor :STMicroelectronics HAL Drivers 0.0.0
2024-02-02 15:54:43,992 [INFO] ThirdParty:1030 - CMSIS Pack Vendor :STMicroelectronics MBEDTLS 2.16.2
2024-02-02 15:54:43,992 [INFO] ThirdParty:1030 - CMSIS Pack Vendor :emotas I-CUBE-CANOPEN 1.3.0
2024-02-02 15:54:43,992 [INFO] ThirdParty:1030 - CMSIS Pack Vendor :STMicroelectronics X-CUBE-MEMS1 10.0.0
2024-02-02 15:54:43,992 [INFO] ThirdParty:1030 - CMSIS Pack Vendor :STMicroelectronics X-CUBE-FREERTOS 1.1.0
2024-02-02 15:54:43,992 [INFO] ThirdParty:1030 - CMSIS Pack Vendor :STMicroelectronics X-CUBE-NFC7 1.0.1
2024-02-02 15:54:43,992 [INFO] ThirdParty:1030 - CMSIS Pack Vendor :STMicroelectronics MBEDTLS 2.14.1
2024-02-02 15:54:43,992 [INFO] ThirdParty:1030 - CMSIS Pack Vendor :STMicroelectronics X-CUBE-TOUCHGFX 4.22.1
2024-02-02 15:54:43,992 [INFO] ThirdParty:1030 - CMSIS Pack Vendor :STMicroelectronics X-CUBE-NFC6 3.0.0
2024-02-02 15:54:43,992 [INFO] ThirdParty:1030 - CMSIS Pack Vendor :portGmbH I-Cube-SoM-uGOAL 1.1.0
2024-02-02 15:54:43,992 [INFO] ThirdParty:1030 - CMSIS Pack Vendor :STMicroelectronics X-CUBE-ALS 1.0.1
2024-02-02 15:54:43,992 [INFO] ThirdParty:1030 - CMSIS Pack Vendor :STMicroelectronics ThreadX 1.0.0
2024-02-02 15:54:43,992 [INFO] ThirdParty:1030 - CMSIS Pack Vendor :STMicroelectronics FP-SNS-SMARTAG2 1.2.0
2024-02-02 15:54:43,992 [INFO] ThirdParty:1030 - CMSIS Pack Vendor :STMicroelectronics X-CUBE-AZRTOS-WL 2.0.0
2024-02-02 15:54:43,992 [INFO] ThirdParty:1030 - CMSIS Pack Vendor :SEGGER I-CUBE-embOS 1.3.1
2024-02-02 15:54:43,992 [INFO] ThirdParty:1030 - CMSIS Pack Vendor :STMicroelectronics USB_DEVICE 1.0.0
2024-02-02 15:54:43,992 [INFO] ThirdParty:1030 - CMSIS Pack Vendor :STMicroelectronics X-CUBE-AI 8.1.0
2024-02-02 15:54:43,992 [INFO] ThirdParty:1030 - CMSIS Pack Vendor :STMicroelectronics X-CUBE-AZRTOS-L4 2.0.0
2024-02-02 15:54:43,992 [INFO] ThirdParty:1030 - CMSIS Pack Vendor :STMicroelectronics ThreadX 0.0.2
2024-02-02 15:54:43,992 [INFO] ThirdParty:1030 - CMSIS Pack Vendor :WES I-CUBE-Cesium 1.3.0
2024-02-02 15:54:43,992 [INFO] ThirdParty:1030 - CMSIS Pack Vendor :STMicroelectronics FP-ATR-ASTRA1 2.0.0
2024-02-02 15:54:43,992 [INFO] ThirdParty:1030 - CMSIS Pack Vendor :STMicroelectronics lwIP 2.1.2
2024-02-02 15:54:43,992 [INFO] ThirdParty:1030 - CMSIS Pack Vendor :STMicroelectronics X-CUBE-SFXS2LP1 4.0.0
2024-02-02 15:54:43,992 [INFO] ThirdParty:1030 - CMSIS Pack Vendor :STMicroelectronics X-CUBE-BLE2 3.3.0
2024-02-02 15:54:43,992 [INFO] ThirdParty:1030 - CMSIS Pack Vendor :STMicroelectronics X-CUBE-TOF1 3.4.0
2024-02-02 15:54:43,992 [INFO] ThirdParty:1030 - CMSIS Pack Vendor :STMicroelectronics X-CUBE-AZRTOS-H7 3.2.0
2024-02-02 15:54:43,992 [INFO] ThirdParty:1030 - CMSIS Pack Vendor :STMicroelectronics PDM2PCM 3.2.0
2024-02-02 15:54:43,993 [INFO] ThirdParty:841 - exiting critical section [change project]
2024-02-02 15:54:44,048 [INFO] PinOutPanel:1499 - setPackage(No Configuration,No Configuration)
2024-02-02 15:54:44,049 [INFO] PinOutPanel:1499 - setPackage(STM32F042F4Px,TSSOP20)
2024-02-02 15:54:44,607 [INFO] UtilMem:75 - Before build in PCC Used Memory: 358432960 Bytes (845152256)
2024-02-02 15:54:44,713 [INFO] UtilMem:75 - After build in PCC Used Memory: 400376000 Bytes (845152256)
2024-02-02 15:54:44,723 [INFO] IPUIPlugin:80 - create IPUIPlugin
2024-02-02 15:54:44,723 [INFO] IPUIPlugin:80 - create IPUIPlugin
2024-02-02 15:54:44,724 [INFO] IPUIPlugin:80 - create IPUIPlugin
2024-02-02 15:54:44,724 [INFO] IPUIPlugin:80 - create IPUIPlugin
2024-02-02 15:54:44,724 [INFO] IPUIPlugin:80 - create IPUIPlugin
2024-02-02 15:54:44,724 [INFO] IPUIPlugin:80 - create IPUIPlugin
2024-02-02 15:54:44,724 [INFO] IPUIPlugin:80 - create IPUIPlugin
2024-02-02 15:54:44,724 [INFO] IPUIPlugin:80 - create IPUIPlugin
2024-02-02 15:54:44,724 [INFO] IPUIPlugin:80 - create IPUIPlugin
2024-02-02 15:54:44,724 [INFO] IPUIPlugin:80 - create IPUIPlugin
2024-02-02 15:54:44,724 [INFO] IPUIPlugin:80 - create IPUIPlugin
2024-02-02 15:54:44,724 [INFO] IPUIPlugin:80 - create IPUIPlugin
2024-02-02 15:54:44,724 [INFO] IPUIPlugin:80 - create IPUIPlugin
2024-02-02 15:54:44,724 [INFO] IPUIPlugin:80 - create IPUIPlugin
2024-02-02 15:54:44,724 [INFO] IPUIPlugin:80 - create IPUIPlugin
2024-02-02 15:54:44,724 [INFO] IPUIPlugin:80 - create IPUIPlugin
2024-02-02 15:54:44,724 [INFO] IPUIPlugin:80 - create IPUIPlugin
2024-02-02 15:54:44,724 [INFO] IPUIPlugin:80 - create IPUIPlugin
2024-02-02 15:54:44,725 [INFO] IPUIPlugin:80 - create IPUIPlugin
2024-02-02 15:54:44,725 [INFO] IPUIPlugin:80 - create IPUIPlugin
2024-02-02 15:54:44,725 [INFO] IPUIPlugin:80 - create IPUIPlugin
2024-02-02 15:54:44,725 [INFO] IPUIPlugin:80 - create IPUIPlugin
2024-02-02 15:54:44,725 [INFO] IPUIPlugin:80 - create IPUIPlugin
2024-02-02 15:54:44,725 [INFO] IPUIPlugin:80 - create IPUIPlugin
2024-02-02 15:54:44,725 [INFO] IPUIPlugin:80 - create IPUIPlugin
2024-02-02 15:54:44,726 [INFO] IPUIPlugin:80 - create IPUIPlugin
2024-02-02 15:54:44,726 [INFO] IPUIPlugin:80 - create IPUIPlugin
2024-02-02 15:54:44,726 [INFO] IPUIPlugin:80 - create IPUIPlugin
2024-02-02 15:54:44,726 [INFO] IPUIPlugin:80 - create IPUIPlugin
2024-02-02 15:54:44,726 [INFO] IPUIPlugin:80 - create IPUIPlugin
2024-02-02 15:54:44,728 [INFO] Can:71 - Can Add PropertyChangeListener com.st.microxplorer.plugins.ip.can.Can@4c24a437
2024-02-02 15:54:44,751 [INFO] CADModel:165 - CPN selected for project levelSTM32F042F4P6
2024-02-02 15:54:44,752 [INFO] CADModel:114 - Register for checkConnection events
2024-02-02 15:54:44,814 [INFO] OpenFileManager:343 - Restore cursor
2024-02-02 15:55:06,870 [INFO] MainUpdater:2873 - connection check result : 10
2024-02-02 15:55:06,870 [INFO] MainUpdater:2873 - connection check result : 10
2024-02-02 15:55:06,881 [INFO] MicroXplorer:468 - Change Database Path : 
2024-02-02 15:55:06,881 [INFO] MicroXplorer:498 - Change Database Version : DB.6.0.100
2024-02-02 15:55:06,887 [ERROR] ProjectManagerView:394 - 
java.lang.NullPointerException: Cannot invoke "javax.swing.JTextField.getText()" because the return value of "java.util.List.get(int)" is null
	at com.st.microxplorer.plugins.projectmanager.gui.ProjectChoiceTab$10.caretUpdate(ProjectChoiceTab.java:2493) ~[filemanager.jar:?]
	at javax.swing.text.JTextComponent.fireCaretUpdate(JTextComponent.java:412) ~[?:?]
	at javax.swing.text.JTextComponent$MutableCaretEvent.fire(JTextComponent.java:4491) ~[?:?]
	at javax.swing.text.JTextComponent$MutableCaretEvent.stateChanged(JTextComponent.java:4513) ~[?:?]
	at javax.swing.text.DefaultCaret.fireStateChanged(DefaultCaret.java:842) ~[?:?]
	at javax.swing.text.DefaultCaret.changeCaretPosition(DefaultCaret.java:1313) ~[?:?]
	at javax.swing.text.DefaultCaret.handleSetDot(DefaultCaret.java:1212) ~[?:?]
	at javax.swing.text.DefaultCaret.setDot(DefaultCaret.java:1193) ~[?:?]
	at javax.swing.text.DefaultCaret$Handler.insertUpdate(DefaultCaret.java:1789) ~[?:?]
	at javax.swing.text.AbstractDocument.fireInsertUpdate(AbstractDocument.java:226) ~[?:?]
	at javax.swing.text.AbstractDocument.handleInsertString(AbstractDocument.java:780) ~[?:?]
	at javax.swing.text.AbstractDocument.insertString(AbstractDocument.java:739) ~[?:?]
	at javax.swing.text.PlainDocument.insertString(PlainDocument.java:131) ~[?:?]
	at javax.swing.text.AbstractDocument.replace(AbstractDocument.java:698) ~[?:?]
	at javax.swing.text.JTextComponent.setText(JTextComponent.java:1729) ~[?:?]
	at com.st.microxplorer.plugins.projectmanager.gui.ProjectChoiceTab.createHeapStackFields(ProjectChoiceTab.java:933) ~[filemanager.jar:?]
	at com.st.microxplorer.plugins.projectmanager.gui.ProjectChoiceTab.buildLinkSettingsPanel(ProjectChoiceTab.java:3426) ~[filemanager.jar:?]
	at com.st.microxplorer.plugins.projectmanager.gui.ProjectChoiceTab.defineWindowsFields(ProjectChoiceTab.java:1813) ~[filemanager.jar:?]
	at com.st.microxplorer.plugins.projectmanager.gui.ProjectChoiceTab.updateSettings(ProjectChoiceTab.java:533) ~[filemanager.jar:?]
	at com.st.microxplorer.plugins.projectmanager.gui.ProjectSettingsPanel.UpdateDialog(ProjectSettingsPanel.java:244) ~[filemanager.jar:?]
	at com.st.microxplorer.plugins.projectmanager.ProjectManagerView.propertyChange(ProjectManagerView.java:391) ~[filemanager.jar:?]
	at java.beans.PropertyChangeSupport.fire(PropertyChangeSupport.java:343) ~[?:?]
	at java.beans.PropertyChangeSupport.firePropertyChange(PropertyChangeSupport.java:335) ~[?:?]
	at java.beans.PropertyChangeSupport.firePropertyChange(PropertyChangeSupport.java:268) ~[?:?]
	at com.st.microxplorer.util.MXPropertyChangeSupport.firePropertyChange(MXPropertyChangeSupport.java:54) ~[STM32CubeMX.jar:?]
	at com.st.microxplorer.mxsystem.MxSystem.closeConfig(MxSystem.java:900) ~[STM32CubeMX.jar:?]
	at com.st.microxplorer.maingui.MainPanel.closeConfig(MainPanel.java:776) ~[STM32CubeMX.jar:?]
	at com.st.microxplorer.plugins.filemanager.engine.OpenFileManager.loadConfigurationFile(OpenFileManager.java:245) ~[filemanager.jar:?]
	at com.st.microxplorer.plugins.filemanager.engine.MainFileManager.userLoadConfig(MainFileManager.java:290) ~[filemanager.jar:?]
	at com.st.microxplorer.plugins.filemanager.FileManagerView.getSpecificTask(FileManagerView.java:247) ~[filemanager.jar:?]
	at com.st.stm32cube.common.mx.editor.CubeMxEditor.getMxTabbedPaneInstance(CubeMxEditor.java:1184) ~[com.st.stm32cube.common.mx_6.10.0.202311202037/:?]
	at com.st.stm32cube.common.mx.editor.CubeMxEditor$12$1.createSwingComponent(CubeMxEditor.java:1065) ~[com.st.stm32cube.common.mx_6.10.0.202311202037/:?]
	at com.st.stm32cube.common.mx.oss.core.awtswtbridge.EmbeddedSwingComposite.doComponentCreation(EmbeddedSwingComposite.java:492) ~[com.st.stm32cube.common.mx.oss_6.10.0.202311202037/:?]
	at com.st.stm32cube.common.mx.oss.core.awtswtbridge.EmbeddedSwingComposite$4.run(EmbeddedSwingComposite.java:291) ~[com.st.stm32cube.common.mx.oss_6.10.0.202311202037/:?]
	at com.st.stm32cube.common.mx.oss.core.awtswtbridge.AwtEnvironment$2.run(AwtEnvironment.java:166) ~[com.st.stm32cube.common.mx.oss_6.10.0.202311202037/:?]
	at java.awt.event.InvocationEvent.dispatch(InvocationEvent.java:318) ~[?:?]
	at java.awt.EventQueue.dispatchEventImpl(EventQueue.java:773) ~[?:?]
	at java.awt.EventQueue$4.run(EventQueue.java:720) ~[?:?]
	at java.awt.EventQueue$4.run(EventQueue.java:714) ~[?:?]
	at java.security.AccessController.doPrivileged(AccessController.java:399) ~[?:?]
	at java.security.ProtectionDomain$JavaSecurityAccessImpl.doIntersectionPrivilege(ProtectionDomain.java:86) ~[?:?]
	at java.awt.EventQueue.dispatchEvent(EventQueue.java:742) ~[?:?]
	at java.awt.EventDispatchThread.pumpOneEventForFilters(EventDispatchThread.java:203) ~[?:?]
	at java.awt.EventDispatchThread.pumpEventsForFilter(EventDispatchThread.java:124) ~[?:?]
	at java.awt.EventDispatchThread.pumpEventsForHierarchy(EventDispatchThread.java:113) ~[?:?]
	at java.awt.EventDispatchThread.pumpEvents(EventDispatchThread.java:109) ~[?:?]
	at java.awt.EventDispatchThread.pumpEvents(EventDispatchThread.java:101) ~[?:?]
	at java.awt.EventDispatchThread.run(EventDispatchThread.java:90) ~[?:?]
2024-02-02 15:55:06,887 [WARN] ThirdParty:871 - waiting for thirdparty lock release [close project]
2024-02-02 15:55:06,887 [INFO] ThirdParty:873 - entering critical section [close project]
2024-02-02 15:55:06,887 [INFO] ThirdParty:883 - exiting critical section [close project]
2024-02-02 15:55:06,888 [INFO] PinOutPanel:1499 - setPackage(No Configuration,No Configuration)
2024-02-02 15:55:06,889 [INFO] UtilMem:75 - Begin LoadConfig() Used Memory: 533545152 Bytes (845152256)
2024-02-02 15:55:06,889 [INFO] MicroXplorer:468 - Change Database Path : 
2024-02-02 15:55:06,889 [INFO] MicroXplorer:498 - Change Database Version : DB.6.0.100
2024-02-02 15:55:06,889 [INFO] OpenFileManager:312 - Change cursor
2024-02-02 15:55:06,894 [INFO] Mcu:2016 - Initializing MCU STM32F042F4Px STM32F042F4Px STM32F042F4P6
2024-02-02 15:55:07,380 [INFO] Context:659 - Trying to add GPIOservice into a context  which must be forbidden
2024-02-02 15:55:07,459 [INFO] RtosManager:555 - Registered RTOS mode: class=CMSIS, group=RTOS, mode=CMSIS_V1, owner=FREERTOS
2024-02-02 15:55:07,459 [INFO] RtosManager:555 - Registered RTOS mode: class=CMSIS, group=RTOS2, mode=CMSIS_V2, owner=FREERTOS
2024-02-02 15:55:07,459 [INFO] RtosManager:555 - Registered RTOS mode: class=RTOS, group=Core, mode=CMSIS_V1, owner=FREERTOS
2024-02-02 15:55:07,459 [INFO] RtosManager:555 - Registered RTOS mode: class=RTOS, group=Core, mode=CMSIS_V2, owner=FREERTOS
2024-02-02 15:55:07,459 [WARN] ModelIntegratedComponent:184 - Missing modes for component STMicroelectronics:FreeRTOS:0.0.1:STMicroelectronics:RTOS:FreeRTOS:Core:::10.2.0:
2024-02-02 15:55:07,463 [WARN] ModelIntegratedComponent:63 - No mode defined for component null
2024-02-02 15:55:07,463 [WARN] ModelIntegratedComponent:63 - No mode defined for component null
2024-02-02 15:55:07,463 [WARN] ModelIntegratedComponent:63 - No mode defined for component null
2024-02-02 15:55:07,463 [WARN] ModelIntegratedComponent:63 - No mode defined for component null
2024-02-02 15:55:07,463 [WARN] ModelIntegratedComponent:63 - No mode defined for component null
2024-02-02 15:55:07,463 [WARN] ModelIntegratedComponent:63 - No mode defined for component null
2024-02-02 15:55:07,463 [WARN] ModelIntegratedComponent:63 - No mode defined for component null
2024-02-02 15:55:07,463 [WARN] ModelIntegratedComponent:63 - No mode defined for component null
2024-02-02 15:55:07,463 [WARN] ModelIntegratedComponent:63 - No mode defined for component null
2024-02-02 15:55:07,463 [WARN] ModelIntegratedComponent:63 - No mode defined for component null
2024-02-02 15:55:07,463 [WARN] ModelIntegratedComponent:63 - No mode defined for component null
2024-02-02 15:55:07,463 [WARN] ModelIntegratedComponent:63 - No mode defined for component null
2024-02-02 15:55:07,463 [WARN] ModelIntegratedComponent:63 - No mode defined for component null
2024-02-02 15:55:07,463 [WARN] ModelIntegratedComponent:63 - No mode defined for component null
2024-02-02 15:55:07,463 [WARN] ModelIntegratedComponent:63 - No mode defined for component null
2024-02-02 15:55:07,463 [WARN] ModelIntegratedComponent:63 - No mode defined for component null
2024-02-02 15:55:07,463 [WARN] ModelIntegratedComponent:63 - No mode defined for component null
2024-02-02 15:55:07,463 [WARN] ModelIntegratedComponent:63 - No mode defined for component null
2024-02-02 15:55:07,463 [WARN] ModelIntegratedComponent:63 - No mode defined for component null
2024-02-02 15:55:07,463 [WARN] ModelIntegratedComponent:63 - No mode defined for component null
2024-02-02 15:55:07,463 [WARN] ModelIntegratedComponent:63 - No mode defined for component null
2024-02-02 15:55:07,463 [WARN] ModelIntegratedComponent:63 - No mode defined for component null
2024-02-02 15:55:07,463 [WARN] ModelIntegratedComponent:63 - No mode defined for component null
2024-02-02 15:55:07,463 [WARN] ModelIntegratedComponent:63 - No mode defined for component null
2024-02-02 15:55:07,463 [WARN] ModelIntegratedComponent:63 - No mode defined for component null
2024-02-02 15:55:07,463 [WARN] ModelIntegratedComponent:63 - No mode defined for component null
2024-02-02 15:55:07,463 [WARN] ModelIntegratedComponent:63 - No mode defined for component null
2024-02-02 15:55:07,463 [WARN] ModelIntegratedComponent:63 - No mode defined for component null
2024-02-02 15:55:07,463 [WARN] ModelIntegratedComponent:63 - No mode defined for component null
2024-02-02 15:55:07,463 [WARN] ModelIntegratedComponent:63 - No mode defined for component null
2024-02-02 15:55:07,463 [WARN] ModelIntegratedComponent:63 - No mode defined for component null
2024-02-02 15:55:07,463 [WARN] ModelIntegratedComponent:63 - No mode defined for component null
2024-02-02 15:55:07,463 [WARN] ModelIntegratedComponent:63 - No mode defined for component null
2024-02-02 15:55:07,518 [INFO] ThirdPartyModel:298 - Start build external matchings
2024-02-02 15:55:07,668 [INFO] ThirdPartyModel:316 - End build external matchings
2024-02-02 15:55:07,671 [INFO] ImportTextPane:194 - (OptionalMessage_ERROR) IP (DMA) : Parameter (Instance) has Id (ADC) currently not set
2024-02-02 15:55:07,672 [INFO] ImportTextPane:194 - (OptionalMessage_ERROR) IP (DMA) : Parameter (Direction) has Id (ADC) currently not set
2024-02-02 15:55:07,672 [INFO] ImportTextPane:194 - (OptionalMessage_ERROR) IP (DMA) : Parameter (PeriphInc) has Id (ADC) currently not set
2024-02-02 15:55:07,672 [INFO] ImportTextPane:194 - (OptionalMessage_ERROR) IP (DMA) : Parameter (MemInc) has Id (ADC) currently not set
2024-02-02 15:55:07,672 [INFO] ImportTextPane:194 - (OptionalMessage_ERROR) IP (DMA) : Parameter (PeriphDataAlignment) has Id (ADC) currently not set
2024-02-02 15:55:07,672 [INFO] ImportTextPane:194 - (OptionalMessage_ERROR) IP (DMA) : Parameter (MemDataAlignment) has Id (ADC) currently not set
2024-02-02 15:55:07,672 [INFO] ImportTextPane:194 - (OptionalMessage_ERROR) IP (DMA) : Parameter (Mode) has Id (ADC) currently not set
2024-02-02 15:55:07,672 [INFO] ImportTextPane:194 - (OptionalMessage_ERROR) IP (DMA) : Parameter (Priority) has Id (ADC) currently not set
2024-02-02 15:55:07,672 [INFO] ImportTextPane:194 - (OptionalMessage_ERROR) IP (RCC) : Invalid parameter (FamilyName)
2024-02-02 15:55:07,672 [INFO] ImportTextPane:194 - (OptionalMessage_ERROR) IP (RCC) : Invalid parameter (HSICECFreq_Value)
2024-02-02 15:55:07,837 [INFO] UtilMem:75 - End LoadConfig() Used Memory: 337581064 Bytes (845152256)
2024-02-02 15:55:07,900 [INFO] MicroXplorer:468 - Change Database Path : 
2024-02-02 15:55:07,900 [INFO] MicroXplorer:498 - Change Database Version : DB.6.0.100
2024-02-02 15:55:07,901 [WARN] ThirdParty:833 - waiting for thirdparty lock release [change project]
2024-02-02 15:55:07,901 [INFO] ThirdParty:835 - entering critical section [change project]
2024-02-02 15:55:07,901 [INFO] ThirdParty:1030 - CMSIS Pack Vendor :STMicroelectronics X-CUBE-ISPU 1.1.0
2024-02-02 15:55:07,901 [INFO] ThirdParty:1030 - CMSIS Pack Vendor :STMicroelectronics USBPD 4.1
2024-02-02 15:55:07,901 [INFO] ThirdParty:1030 - CMSIS Pack Vendor :STMicroelectronics X-CUBE-GNSS1 6.0.0
2024-02-02 15:55:07,901 [INFO] ThirdParty:1030 - CMSIS Pack Vendor :STMicroelectronics USB_HOST 2.0.0
2024-02-02 15:55:07,901 [INFO] ThirdParty:1030 - CMSIS Pack Vendor :STMicroelectronics X-CUBE-AZRTOS-F4 1.1.0
2024-02-02 15:55:07,901 [INFO] ThirdParty:1030 - CMSIS Pack Vendor :STMicroelectronics LIBJPEG 8.0.0
2024-02-02 15:55:07,901 [INFO] ThirdParty:1030 - CMSIS Pack Vendor :wolfSSL I-CUBE-wolfSSL 5.6.4
2024-02-02 15:55:07,901 [INFO] ThirdParty:1030 - CMSIS Pack Vendor :STMicroelectronics X-CUBE-SMBUS 2.1.0
2024-02-02 15:55:07,901 [INFO] ThirdParty:1030 - CMSIS Pack Vendor :STMicroelectronics USB_DEVICE 3.0.0
2024-02-02 15:55:07,901 [INFO] ThirdParty:1030 - CMSIS Pack Vendor :STMicroelectronics X-CUBE-AZRTOS-WB 2.0.0
2024-02-02 15:55:07,901 [INFO] ThirdParty:1030 - CMSIS Pack Vendor :STMicroelectronics X-CUBE-TOUCHGFX 4.23.0
2024-02-02 15:55:07,901 [INFO] ThirdParty:1030 - CMSIS Pack Vendor :STMicroelectronics X-CUBE-AZRTOS-F7 1.1.0
2024-02-02 15:55:07,901 [INFO] ThirdParty:1030 - CMSIS Pack Vendor :STMicroelectronics X-CUBE-AZRTOS-L5 2.0.0
2024-02-02 15:55:07,901 [INFO] ThirdParty:1030 - CMSIS Pack Vendor :STMicroelectronics USB_DEVICE 2.0.0
2024-02-02 15:55:07,901 [INFO] ThirdParty:1030 - CMSIS Pack Vendor :STMicroelectronics X-CUBE-EEPRMA1 4.2.0
2024-02-02 15:55:07,901 [INFO] ThirdParty:1030 - CMSIS Pack Vendor :ITTIA_DB I-CUBE-ITTIADB 8.8.0
2024-02-02 15:55:07,901 [INFO] ThirdParty:1030 - CMSIS Pack Vendor :STMicroelectronics FP-SNS-MOTENV1 4.3.2
2024-02-02 15:55:07,901 [INFO] ThirdParty:1030 - CMSIS Pack Vendor :STMicroelectronics X-CUBE-ALGOBUILD 1.3.0
2024-02-02 15:55:07,901 [INFO] ThirdParty:1030 - CMSIS Pack Vendor :STMicroelectronics FreeRTOS 0.0.1
2024-02-02 15:55:07,901 [INFO] ThirdParty:1030 - CMSIS Pack Vendor :STMicroelectronics X-CUBE-AZRTOS-G0 1.1.0
2024-02-02 15:55:07,901 [INFO] ThirdParty:1030 - CMSIS Pack Vendor :STMicroelectronics X-CUBE-NFC4 3.0.0
2024-02-02 15:55:07,901 [INFO] ThirdParty:1030 - CMSIS Pack Vendor :STMicroelectronics X-CUBE-SUBG2 5.0.0
2024-02-02 15:55:07,901 [INFO] ThirdParty:1030 - CMSIS Pack Vendor :STMicroelectronics STM32_WPAN 1.0.0
2024-02-02 15:55:07,901 [INFO] ThirdParty:1030 - CMSIS Pack Vendor :STMicroelectronics lwIP 2.0.3
2024-02-02 15:55:07,901 [INFO] ThirdParty:1030 - CMSIS Pack Vendor :STMicroelectronics FP-SNS-FLIGHT1 5.0.2
2024-02-02 15:55:07,901 [INFO] ThirdParty:1030 - CMSIS Pack Vendor :STMicroelectronics USB_HOST 1.0.0
2024-02-02 15:55:07,901 [INFO] ThirdParty:1030 - CMSIS Pack Vendor :STMicroelectronics X-CUBE-AZRTOS-G4 2.0.0
2024-02-02 15:55:07,901 [INFO] ThirdParty:1030 - CMSIS Pack Vendor :STMicroelectronics PDM2PCM 3.1.0
2024-02-02 15:55:07,901 [INFO] ThirdParty:1030 - CMSIS Pack Vendor :STMicroelectronics X-CUBE-AZRTOS-H7 3.1.0
2024-02-02 15:55:07,901 [INFO] ThirdParty:1030 - CMSIS Pack Vendor :Infineon AIROC-Wi-Fi-Bluetooth-STM32 1.5.1
2024-02-02 15:55:07,901 [INFO] ThirdParty:1030 - CMSIS Pack Vendor :STMicroelectronics X-CUBE-BLEMGR 3.0.0
2024-02-02 15:55:07,901 [INFO] ThirdParty:1030 - CMSIS Pack Vendor :STMicroelectronics PDM2PCM 3.3.0
2024-02-02 15:55:07,901 [INFO] ThirdParty:1030 - CMSIS Pack Vendor :STMicroelectronics X-CUBE-DISPLAY 3.0.0
2024-02-02 15:55:07,901 [INFO] ThirdParty:1030 - CMSIS Pack Vendor :STMicroelectronics FP-SNS-MOTENVWB1 1.3.1
2024-02-02 15:55:07,901 [INFO] ThirdParty:1030 - CMSIS Pack Vendor :STMicroelectronics X-CUBE-BLE1 7.0.0
2024-02-02 15:55:07,901 [INFO] ThirdParty:1030 - CMSIS Pack Vendor :STMicroelectronics FP-ATR-SIGFOX1 3.2.0
2024-02-02 15:55:07,901 [INFO] ThirdParty:1030 - CMSIS Pack Vendor :STMicroelectronics X-CUBE-ISPU 2.0.0
2024-02-02 15:55:07,901 [INFO] ThirdParty:1030 - CMSIS Pack Vendor :STMicroelectronics X-CUBE-EEPRMA1 5.1.0
2024-02-02 15:55:07,901 [INFO] ThirdParty:1030 - CMSIS Pack Vendor :STMicroelectronics HAL Drivers 0.0.0
2024-02-02 15:55:07,901 [INFO] ThirdParty:1030 - CMSIS Pack Vendor :STMicroelectronics MBEDTLS 2.16.2
2024-02-02 15:55:07,901 [INFO] ThirdParty:1030 - CMSIS Pack Vendor :emotas I-CUBE-CANOPEN 1.3.0
2024-02-02 15:55:07,901 [INFO] ThirdParty:1030 - CMSIS Pack Vendor :STMicroelectronics X-CUBE-MEMS1 10.0.0
2024-02-02 15:55:07,901 [INFO] ThirdParty:1030 - CMSIS Pack Vendor :STMicroelectronics X-CUBE-FREERTOS 1.1.0
2024-02-02 15:55:07,901 [INFO] ThirdParty:1030 - CMSIS Pack Vendor :STMicroelectronics X-CUBE-NFC7 1.0.1
2024-02-02 15:55:07,901 [INFO] ThirdParty:1030 - CMSIS Pack Vendor :STMicroelectronics MBEDTLS 2.14.1
2024-02-02 15:55:07,901 [INFO] ThirdParty:1030 - CMSIS Pack Vendor :STMicroelectronics X-CUBE-TOUCHGFX 4.22.1
2024-02-02 15:55:07,901 [INFO] ThirdParty:1030 - CMSIS Pack Vendor :STMicroelectronics X-CUBE-NFC6 3.0.0
2024-02-02 15:55:07,901 [INFO] ThirdParty:1030 - CMSIS Pack Vendor :portGmbH I-Cube-SoM-uGOAL 1.1.0
2024-02-02 15:55:07,901 [INFO] ThirdParty:1030 - CMSIS Pack Vendor :STMicroelectronics X-CUBE-ALS 1.0.1
2024-02-02 15:55:07,901 [INFO] ThirdParty:1030 - CMSIS Pack Vendor :STMicroelectronics ThreadX 1.0.0
2024-02-02 15:55:07,901 [INFO] ThirdParty:1030 - CMSIS Pack Vendor :STMicroelectronics FP-SNS-SMARTAG2 1.2.0
2024-02-02 15:55:07,901 [INFO] ThirdParty:1030 - CMSIS Pack Vendor :STMicroelectronics X-CUBE-AZRTOS-WL 2.0.0
2024-02-02 15:55:07,901 [INFO] ThirdParty:1030 - CMSIS Pack Vendor :SEGGER I-CUBE-embOS 1.3.1
2024-02-02 15:55:07,901 [INFO] ThirdParty:1030 - CMSIS Pack Vendor :STMicroelectronics USB_DEVICE 1.0.0
2024-02-02 15:55:07,901 [INFO] ThirdParty:1030 - CMSIS Pack Vendor :STMicroelectronics X-CUBE-AI 8.1.0
2024-02-02 15:55:07,901 [INFO] ThirdParty:1030 - CMSIS Pack Vendor :STMicroelectronics X-CUBE-AZRTOS-L4 2.0.0
2024-02-02 15:55:07,901 [INFO] ThirdParty:1030 - CMSIS Pack Vendor :STMicroelectronics ThreadX 0.0.2
2024-02-02 15:55:07,901 [INFO] ThirdParty:1030 - CMSIS Pack Vendor :WES I-CUBE-Cesium 1.3.0
2024-02-02 15:55:07,901 [INFO] ThirdParty:1030 - CMSIS Pack Vendor :STMicroelectronics FP-ATR-ASTRA1 2.0.0
2024-02-02 15:55:07,901 [INFO] ThirdParty:1030 - CMSIS Pack Vendor :STMicroelectronics lwIP 2.1.2
2024-02-02 15:55:07,901 [INFO] ThirdParty:1030 - CMSIS Pack Vendor :STMicroelectronics X-CUBE-SFXS2LP1 4.0.0
2024-02-02 15:55:07,901 [INFO] ThirdParty:1030 - CMSIS Pack Vendor :STMicroelectronics X-CUBE-BLE2 3.3.0
2024-02-02 15:55:07,901 [INFO] ThirdParty:1030 - CMSIS Pack Vendor :STMicroelectronics X-CUBE-TOF1 3.4.0
2024-02-02 15:55:07,901 [INFO] ThirdParty:1030 - CMSIS Pack Vendor :STMicroelectronics X-CUBE-AZRTOS-H7 3.2.0
2024-02-02 15:55:07,902 [INFO] ThirdParty:1030 - CMSIS Pack Vendor :STMicroelectronics PDM2PCM 3.2.0
2024-02-02 15:55:07,902 [INFO] ThirdParty:841 - exiting critical section [change project]
2024-02-02 15:55:07,948 [INFO] PinOutPanel:1499 - setPackage(No Configuration,No Configuration)
2024-02-02 15:55:07,949 [INFO] PinOutPanel:1499 - setPackage(STM32F042F4Px,TSSOP20)
2024-02-02 15:55:08,442 [INFO] UtilMem:75 - Before build in PCC Used Memory: 479955776 Bytes (845152256)
2024-02-02 15:55:08,532 [INFO] UtilMem:75 - After build in PCC Used Memory: 521898816 Bytes (845152256)
2024-02-02 15:55:08,540 [INFO] IPUIPlugin:80 - create IPUIPlugin
2024-02-02 15:55:08,540 [INFO] IPUIPlugin:80 - create IPUIPlugin
2024-02-02 15:55:08,540 [INFO] IPUIPlugin:80 - create IPUIPlugin
2024-02-02 15:55:08,540 [INFO] IPUIPlugin:80 - create IPUIPlugin
2024-02-02 15:55:08,540 [INFO] IPUIPlugin:80 - create IPUIPlugin
2024-02-02 15:55:08,540 [INFO] IPUIPlugin:80 - create IPUIPlugin
2024-02-02 15:55:08,540 [INFO] IPUIPlugin:80 - create IPUIPlugin
2024-02-02 15:55:08,540 [INFO] IPUIPlugin:80 - create IPUIPlugin
2024-02-02 15:55:08,540 [INFO] IPUIPlugin:80 - create IPUIPlugin
2024-02-02 15:55:08,540 [INFO] IPUIPlugin:80 - create IPUIPlugin
2024-02-02 15:55:08,540 [INFO] IPUIPlugin:80 - create IPUIPlugin
2024-02-02 15:55:08,541 [INFO] IPUIPlugin:80 - create IPUIPlugin
2024-02-02 15:55:08,541 [INFO] IPUIPlugin:80 - create IPUIPlugin
2024-02-02 15:55:08,541 [INFO] IPUIPlugin:80 - create IPUIPlugin
2024-02-02 15:55:08,541 [INFO] IPUIPlugin:80 - create IPUIPlugin
2024-02-02 15:55:08,541 [INFO] IPUIPlugin:80 - create IPUIPlugin
2024-02-02 15:55:08,541 [INFO] IPUIPlugin:80 - create IPUIPlugin
2024-02-02 15:55:08,541 [INFO] IPUIPlugin:80 - create IPUIPlugin
2024-02-02 15:55:08,541 [INFO] IPUIPlugin:80 - create IPUIPlugin
2024-02-02 15:55:08,541 [INFO] IPUIPlugin:80 - create IPUIPlugin
2024-02-02 15:55:08,541 [INFO] IPUIPlugin:80 - create IPUIPlugin
2024-02-02 15:55:08,541 [INFO] IPUIPlugin:80 - create IPUIPlugin
2024-02-02 15:55:08,541 [INFO] IPUIPlugin:80 - create IPUIPlugin
2024-02-02 15:55:08,541 [INFO] IPUIPlugin:80 - create IPUIPlugin
2024-02-02 15:55:08,541 [INFO] IPUIPlugin:80 - create IPUIPlugin
2024-02-02 15:55:08,542 [INFO] IPUIPlugin:80 - create IPUIPlugin
2024-02-02 15:55:08,542 [INFO] IPUIPlugin:80 - create IPUIPlugin
2024-02-02 15:55:08,542 [INFO] IPUIPlugin:80 - create IPUIPlugin
2024-02-02 15:55:08,542 [INFO] IPUIPlugin:80 - create IPUIPlugin
2024-02-02 15:55:08,542 [INFO] IPUIPlugin:80 - create IPUIPlugin
2024-02-02 15:55:08,543 [INFO] Can:71 - Can Add PropertyChangeListener com.st.microxplorer.plugins.ip.can.Can@5fc37946
2024-02-02 15:55:08,566 [INFO] CADModel:165 - CPN selected for project levelSTM32F042F4P6
2024-02-02 15:55:08,566 [INFO] CADModel:114 - Register for checkConnection events
2024-02-02 15:55:08,639 [INFO] OpenFileManager:343 - Restore cursor
2024-02-02 15:56:41,576 [INFO] NvicIntPanel:101 - NVIC parent = com.st.microxplorer.plugins.ip.nvic.MultiNvicIntPanel[,0,0,450x291,layout=javax.swing.BoxLayout,alignmentX=0.0,alignmentY=0.0,border=,flags=9,maximumSize=,minimumSize=,preferredSize=]
2024-02-02 16:15:56,658 [INFO] NvicIntPanel:101 - NVIC parent = com.st.microxplorer.plugins.ip.nvic.MultiNvicIntPanel[,0,0,450x338,layout=javax.swing.BoxLayout,alignmentX=0.0,alignmentY=0.0,border=,flags=9,maximumSize=,minimumSize=,preferredSize=]
2024-02-02 16:16:06,291 [INFO] DmaTabbedPanel:205 - Cannot restore the selected Tab for DMA
2024-02-02 16:39:14,794 [INFO] UtilMem:75 - End SaveConfig() Used Memory: 800976064 Bytes (851443712)
2024-02-02 16:39:15,334 [INFO] UtilMem:75 - End SaveConfig() Used Memory: 422859168 Bytes (851443712)
2024-02-02 16:39:15,543 [INFO] BlockDiagram:2759 - set Specific Code input for plugin: ADC
2024-02-02 16:39:15,543 [INFO] BlockDiagram:2759 - set Specific Code input for plugin: NVIC
2024-02-02 16:39:15,543 [INFO] BlockDiagram:2759 - set Specific Code input for plugin: DMA
2024-02-02 16:39:15,543 [INFO] BlockDiagram:2759 - set Specific Code input for plugin: TIM1_8F0
2024-02-02 16:39:15,543 [INFO] BlockDiagram:2759 - set Specific Code input for plugin: SYS
2024-02-02 16:39:15,543 [INFO] BlockDiagram:2759 - set Specific Code input for plugin: GPIO
2024-02-02 16:39:15,544 [INFO] BlockDiagram:2759 - set Specific Code input for plugin: CAN
2024-02-02 16:39:15,544 [INFO] BlockDiagram:2759 - set Specific Code input for plugin: RCC
2024-02-02 16:39:15,545 [INFO] CodeGenerator:807 - code generatio: config db path: C:\ST\STM32CubeIDE_1.13.2\STM32CubeIDE\plugins\com.st.stm32cube.common.mx_6.10.0.202311202037\\db\
2024-02-02 16:39:15,548 [INFO] Argument:325 - Argument : hdmavalue: null
2024-02-02 16:39:15,548 [INFO] Argument:327 - 	 sub Args: 
2024-02-02 16:39:15,548 [INFO] Argument:325 - Argument : Instancevalue: DMA1_Channel1
2024-02-02 16:39:15,548 [INFO] Argument:335 - Argument : Instancevalue: DMA1_Channel1
2024-02-02 16:39:15,548 [INFO] Argument:325 - Argument : Initvalue: null
2024-02-02 16:39:15,548 [INFO] Argument:327 - 	 sub Args: 
2024-02-02 16:39:15,548 [INFO] Argument:325 - Argument : Directionvalue: DMA_PERIPH_TO_MEMORY
2024-02-02 16:39:15,548 [INFO] Argument:335 - Argument : Directionvalue: DMA_PERIPH_TO_MEMORY
2024-02-02 16:39:15,548 [INFO] Argument:325 - Argument : PeriphIncvalue: DMA_PINC_DISABLE
2024-02-02 16:39:15,548 [INFO] Argument:335 - Argument : PeriphIncvalue: DMA_PINC_DISABLE
2024-02-02 16:39:15,548 [INFO] Argument:325 - Argument : MemIncvalue: DMA_MINC_ENABLE
2024-02-02 16:39:15,548 [INFO] Argument:335 - Argument : MemIncvalue: DMA_MINC_ENABLE
2024-02-02 16:39:15,548 [INFO] Argument:325 - Argument : PeriphDataAlignmentvalue: DMA_PDATAALIGN_HALFWORD
2024-02-02 16:39:15,548 [INFO] Argument:335 - Argument : PeriphDataAlignmentvalue: DMA_PDATAALIGN_HALFWORD
2024-02-02 16:39:15,548 [INFO] Argument:325 - Argument : MemDataAlignmentvalue: DMA_MDATAALIGN_HALFWORD
2024-02-02 16:39:15,548 [INFO] Argument:335 - Argument : MemDataAlignmentvalue: DMA_MDATAALIGN_HALFWORD
2024-02-02 16:39:15,549 [INFO] Argument:325 - Argument : Modevalue: DMA_CIRCULAR
2024-02-02 16:39:15,549 [INFO] Argument:335 - Argument : Modevalue: DMA_CIRCULAR
2024-02-02 16:39:15,549 [INFO] Argument:325 - Argument : Priorityvalue: DMA_PRIORITY_LOW
2024-02-02 16:39:15,549 [INFO] Argument:335 - Argument : Priorityvalue: DMA_PRIORITY_LOW
2024-02-02 16:39:15,549 [INFO] Argument:325 - Argument : Lockvalue: null
2024-02-02 16:39:15,549 [INFO] Argument:335 - Argument : Lockvalue: null
2024-02-02 16:39:15,549 [INFO] Argument:325 - Argument : Statevalue: null
2024-02-02 16:39:15,549 [INFO] Argument:335 - Argument : Statevalue: null
2024-02-02 16:39:15,549 [INFO] Argument:325 - Argument : Parentvalue: null
2024-02-02 16:39:15,549 [INFO] Argument:335 - Argument : Parentvalue: null
2024-02-02 16:39:15,549 [INFO] Argument:325 - Argument : XferCpltCallbackvalue: null
2024-02-02 16:39:15,549 [INFO] Argument:335 - Argument : XferCpltCallbackvalue: null
2024-02-02 16:39:15,549 [INFO] Argument:325 - Argument : XferHalfCpltCallbackvalue: null
2024-02-02 16:39:15,549 [INFO] Argument:335 - Argument : XferHalfCpltCallbackvalue: null
2024-02-02 16:39:15,549 [INFO] Argument:325 - Argument : XferErrorCallbackvalue: null
2024-02-02 16:39:15,549 [INFO] Argument:335 - Argument : XferErrorCallbackvalue: null
2024-02-02 16:39:15,549 [INFO] Argument:325 - Argument : ErrorCodevalue: null
2024-02-02 16:39:15,549 [INFO] Argument:335 - Argument : ErrorCodevalue: null
2024-02-02 16:39:15,549 [INFO] Argument:325 - Argument : DMA_Remapvalue: null
2024-02-02 16:39:15,549 [INFO] Argument:335 - Argument : DMA_Remapvalue: null
2024-02-02 16:39:15,697 [INFO] CodeEngine:255 - oldGeneratedFile, C:\Users\aleja\OneDrive\Escritorio\gettingStartedSTM\acumulador_Gru\MXTmpFiles\license.tmp_save
2024-02-02 16:39:15,790 [INFO] CodeEngine:279 - Generated code: C:\Users\aleja\OneDrive\Escritorio\gettingStartedSTM\acumulador_Gru\MXTmpFiles\license.tmp
2024-02-02 16:39:15,830 [INFO] CodeEngine:255 - oldGeneratedFile, C:\Users\aleja\OneDrive\Escritorio\gettingStartedSTM\acumulador_Gru\MXTmpFiles\gpio.tmp_save
2024-02-02 16:39:15,943 [INFO] CodeEngine:279 - Generated code: C:\Users\aleja\OneDrive\Escritorio\gettingStartedSTM\acumulador_Gru\MXTmpFiles\gpio.tmp
2024-02-02 16:39:16,141 [INFO] CodeEngine:255 - oldGeneratedFile, C:\Users\aleja\OneDrive\Escritorio\gettingStartedSTM\acumulador_Gru\MXTmpFiles\dma.tmp_save
2024-02-02 16:39:16,238 [INFO] CodeEngine:279 - Generated code: C:\Users\aleja\OneDrive\Escritorio\gettingStartedSTM\acumulador_Gru\MXTmpFiles\dma.tmp
2024-02-02 16:39:16,245 [INFO] CodeEngine:255 - oldGeneratedFile, C:\Users\aleja\OneDrive\Escritorio\gettingStartedSTM\acumulador_Gru\MXTmpFiles\dma_GV.tmp_save
2024-02-02 16:39:16,294 [INFO] CodeEngine:279 - Generated code: C:\Users\aleja\OneDrive\Escritorio\gettingStartedSTM\acumulador_Gru\MXTmpFiles\dma_GV.tmp
2024-02-02 16:39:16,328 [INFO] CodeEngine:255 - oldGeneratedFile, C:\Users\aleja\OneDrive\Escritorio\gettingStartedSTM\acumulador_Gru\Core\Src\stm32f0xx_it.c_save
2024-02-02 16:39:16,484 [INFO] CodeEngine:279 - Generated code: C:\Users\aleja\OneDrive\Escritorio\gettingStartedSTM\acumulador_Gru\Core\Src\stm32f0xx_it.c
2024-02-02 16:39:16,492 [INFO] CodeEngine:255 - oldGeneratedFile, C:\Users\aleja\OneDrive\Escritorio\gettingStartedSTM\acumulador_Gru\Core\Inc\stm32f0xx_it.h_save
2024-02-02 16:39:16,546 [INFO] CodeEngine:279 - Generated code: C:\Users\aleja\OneDrive\Escritorio\gettingStartedSTM\acumulador_Gru\Core\Inc\stm32f0xx_it.h
2024-02-02 16:39:16,571 [INFO] CodeEngine:255 - oldGeneratedFile, C:\Users\aleja\OneDrive\Escritorio\gettingStartedSTM\acumulador_Gru\Core\Src\stm32f0xx_hal_msp.c_save
2024-02-02 16:39:16,751 [INFO] CodeEngine:279 - Generated code: C:\Users\aleja\OneDrive\Escritorio\gettingStartedSTM\acumulador_Gru\Core\Src\stm32f0xx_hal_msp.c
2024-02-02 16:39:16,756 [INFO] CodeEngine:255 - oldGeneratedFile, C:\Users\aleja\OneDrive\Escritorio\gettingStartedSTM\acumulador_Gru\MXTmpFiles\system.tmp_save
2024-02-02 16:39:16,810 [INFO] CodeEngine:279 - Generated code: C:\Users\aleja\OneDrive\Escritorio\gettingStartedSTM\acumulador_Gru\MXTmpFiles\system.tmp
2024-02-02 16:39:16,837 [INFO] CodeEngine:311 - oldGeneratedFile, C:\Users\aleja\OneDrive\Escritorio\gettingStartedSTM\acumulador_Gru\Core\Inc\stm32f0xx_hal_conf.h_save
2024-02-02 16:39:16,969 [INFO] CodeEngine:335 - Generated code: C:\Users\aleja\OneDrive\Escritorio\gettingStartedSTM\acumulador_Gru\Core\Inc\stm32f0xx_hal_conf.h
2024-02-02 16:39:16,999 [WARN] IPConfigManager:3440 - IP not found : TIM
2024-02-02 16:39:17,000 [WARN] CodeGenerator:3939 - IP not found : null
2024-02-02 16:39:17,022 [INFO] CodeEngine:255 - oldGeneratedFile, C:\Users\aleja\OneDrive\Escritorio\gettingStartedSTM\acumulador_Gru\Core\Inc\main.h_save
2024-02-02 16:39:17,175 [INFO] CodeEngine:279 - Generated code: C:\Users\aleja\OneDrive\Escritorio\gettingStartedSTM\acumulador_Gru\Core\Inc\main.h
2024-02-02 16:39:17,199 [INFO] CodeEngine:255 - oldGeneratedFile, C:\Users\aleja\OneDrive\Escritorio\gettingStartedSTM\acumulador_Gru\Core\Src\main.c_save
2024-02-02 16:39:17,326 [INFO] CodeEngine:279 - Generated code: C:\Users\aleja\OneDrive\Escritorio\gettingStartedSTM\acumulador_Gru\Core\Src\main.c
2024-02-02 16:39:17,948 [INFO] ProjectBuilder:3076 - Time for Copy HAL[1] : 296mS.
2024-02-02 16:39:17,952 [INFO] ProjectBuilder:4485 - Project Generator version: 4.2.0-B44
2024-02-02 16:39:18,088 [INFO] ConfigFileManager:1495 - The Die is : DIE445
2024-02-02 16:39:18,094 [INFO] ApiDbMcu:508 - Load IP Config File for FATFS
2024-02-02 16:39:18,114 [INFO] ApiDbMcu:508 - Load IP Config File for FREERTOS
2024-02-02 16:39:18,244 [INFO] ApiDbMcu:508 - Load IP Config File for TOUCHSENSING
2024-02-02 16:39:18,259 [INFO] ApiDbMcu:508 - Load IP Config File for USB_DEVICE
2024-02-02 16:39:19,567 [INFO] ProjectBuilder:4747 - Time for Generating toolchain IDE Files: 1616mS.
2024-02-02 16:39:19,568 [INFO] ProjectBuilder:2947 - Time for Copy CMSIS : 1mS.
2024-02-02 16:39:19,571 [INFO] ProjectBuilder:2947 - Time for Copy CMSIS : 0mS.
2024-02-02 17:54:19,552 [INFO] MainUpdater:2873 - connection check result : 10
2024-02-02 17:54:19,553 [INFO] MainUpdater:2873 - connection check result : 10
2024-02-02 17:54:19,593 [INFO] MicroXplorer:468 - Change Database Path : 
2024-02-02 17:54:19,594 [INFO] MicroXplorer:498 - Change Database Version : DB.6.0.100
2024-02-02 17:54:19,633 [ERROR] ProjectManagerView:394 - 
java.lang.NullPointerException: Cannot invoke "javax.swing.JTextField.getText()" because the return value of "java.util.List.get(int)" is null
	at com.st.microxplorer.plugins.projectmanager.gui.ProjectChoiceTab$10.caretUpdate(ProjectChoiceTab.java:2493) ~[filemanager.jar:?]
	at javax.swing.text.JTextComponent.fireCaretUpdate(JTextComponent.java:412) ~[?:?]
	at javax.swing.text.JTextComponent$MutableCaretEvent.fire(JTextComponent.java:4491) ~[?:?]
	at javax.swing.text.JTextComponent$MutableCaretEvent.stateChanged(JTextComponent.java:4513) ~[?:?]
	at javax.swing.text.DefaultCaret.fireStateChanged(DefaultCaret.java:842) ~[?:?]
	at javax.swing.text.DefaultCaret.changeCaretPosition(DefaultCaret.java:1313) ~[?:?]
	at javax.swing.text.DefaultCaret.handleSetDot(DefaultCaret.java:1212) ~[?:?]
	at javax.swing.text.DefaultCaret.setDot(DefaultCaret.java:1193) ~[?:?]
	at javax.swing.text.DefaultCaret$Handler.insertUpdate(DefaultCaret.java:1789) ~[?:?]
	at javax.swing.text.AbstractDocument.fireInsertUpdate(AbstractDocument.java:226) ~[?:?]
	at javax.swing.text.AbstractDocument.handleInsertString(AbstractDocument.java:780) ~[?:?]
	at javax.swing.text.AbstractDocument.insertString(AbstractDocument.java:739) ~[?:?]
	at javax.swing.text.PlainDocument.insertString(PlainDocument.java:131) ~[?:?]
	at javax.swing.text.AbstractDocument.replace(AbstractDocument.java:698) ~[?:?]
	at javax.swing.text.JTextComponent.setText(JTextComponent.java:1729) ~[?:?]
	at com.st.microxplorer.plugins.projectmanager.gui.ProjectChoiceTab.createHeapStackFields(ProjectChoiceTab.java:933) ~[filemanager.jar:?]
	at com.st.microxplorer.plugins.projectmanager.gui.ProjectChoiceTab.buildLinkSettingsPanel(ProjectChoiceTab.java:3426) ~[filemanager.jar:?]
	at com.st.microxplorer.plugins.projectmanager.gui.ProjectChoiceTab.defineWindowsFields(ProjectChoiceTab.java:1813) ~[filemanager.jar:?]
	at com.st.microxplorer.plugins.projectmanager.gui.ProjectChoiceTab.updateSettings(ProjectChoiceTab.java:533) ~[filemanager.jar:?]
	at com.st.microxplorer.plugins.projectmanager.gui.ProjectSettingsPanel.UpdateDialog(ProjectSettingsPanel.java:244) ~[filemanager.jar:?]
	at com.st.microxplorer.plugins.projectmanager.ProjectManagerView.propertyChange(ProjectManagerView.java:391) ~[filemanager.jar:?]
	at java.beans.PropertyChangeSupport.fire(PropertyChangeSupport.java:343) ~[?:?]
	at java.beans.PropertyChangeSupport.firePropertyChange(PropertyChangeSupport.java:335) ~[?:?]
	at java.beans.PropertyChangeSupport.firePropertyChange(PropertyChangeSupport.java:268) ~[?:?]
	at com.st.microxplorer.util.MXPropertyChangeSupport.firePropertyChange(MXPropertyChangeSupport.java:54) ~[STM32CubeMX.jar:?]
	at com.st.microxplorer.mxsystem.MxSystem.closeConfig(MxSystem.java:900) ~[STM32CubeMX.jar:?]
	at com.st.microxplorer.maingui.MainPanel.closeConfig(MainPanel.java:776) ~[STM32CubeMX.jar:?]
	at com.st.microxplorer.plugins.filemanager.engine.OpenFileManager.loadConfigurationFile(OpenFileManager.java:245) ~[filemanager.jar:?]
	at com.st.microxplorer.plugins.filemanager.engine.MainFileManager.userLoadConfig(MainFileManager.java:290) ~[filemanager.jar:?]
	at com.st.microxplorer.plugins.filemanager.FileManagerView.getSpecificTask(FileManagerView.java:247) ~[filemanager.jar:?]
	at com.st.stm32cube.common.mx.editor.CubeMxEditor.getMxTabbedPaneInstance(CubeMxEditor.java:1184) ~[com.st.stm32cube.common.mx_6.10.0.202311202037/:?]
	at com.st.stm32cube.common.mx.editor.CubeMxEditor$12$1.createSwingComponent(CubeMxEditor.java:1065) ~[com.st.stm32cube.common.mx_6.10.0.202311202037/:?]
	at com.st.stm32cube.common.mx.oss.core.awtswtbridge.EmbeddedSwingComposite.doComponentCreation(EmbeddedSwingComposite.java:492) ~[com.st.stm32cube.common.mx.oss_6.10.0.202311202037/:?]
	at com.st.stm32cube.common.mx.oss.core.awtswtbridge.EmbeddedSwingComposite$4.run(EmbeddedSwingComposite.java:291) ~[com.st.stm32cube.common.mx.oss_6.10.0.202311202037/:?]
	at com.st.stm32cube.common.mx.oss.core.awtswtbridge.AwtEnvironment$2.run(AwtEnvironment.java:166) ~[com.st.stm32cube.common.mx.oss_6.10.0.202311202037/:?]
	at java.awt.event.InvocationEvent.dispatch(InvocationEvent.java:318) ~[?:?]
	at java.awt.EventQueue.dispatchEventImpl(EventQueue.java:773) ~[?:?]
	at java.awt.EventQueue$4.run(EventQueue.java:720) ~[?:?]
	at java.awt.EventQueue$4.run(EventQueue.java:714) ~[?:?]
	at java.security.AccessController.doPrivileged(AccessController.java:399) ~[?:?]
	at java.security.ProtectionDomain$JavaSecurityAccessImpl.doIntersectionPrivilege(ProtectionDomain.java:86) ~[?:?]
	at java.awt.EventQueue.dispatchEvent(EventQueue.java:742) ~[?:?]
	at java.awt.EventDispatchThread.pumpOneEventForFilters(EventDispatchThread.java:203) ~[?:?]
	at java.awt.EventDispatchThread.pumpEventsForFilter(EventDispatchThread.java:124) ~[?:?]
	at java.awt.EventDispatchThread.pumpEventsForHierarchy(EventDispatchThread.java:113) ~[?:?]
	at java.awt.EventDispatchThread.pumpEvents(EventDispatchThread.java:109) ~[?:?]
	at java.awt.EventDispatchThread.pumpEvents(EventDispatchThread.java:101) ~[?:?]
	at java.awt.EventDispatchThread.run(EventDispatchThread.java:90) ~[?:?]
2024-02-02 17:54:19,635 [WARN] ThirdParty:871 - waiting for thirdparty lock release [close project]
2024-02-02 17:54:19,635 [INFO] ThirdParty:873 - entering critical section [close project]
2024-02-02 17:54:19,635 [INFO] ThirdParty:883 - exiting critical section [close project]
2024-02-02 17:54:19,637 [INFO] PinOutPanel:1499 - setPackage(No Configuration,No Configuration)
2024-02-02 17:54:19,643 [INFO] UtilMem:75 - Begin LoadConfig() Used Memory: 605797352 Bytes (993001472)
2024-02-02 17:54:19,645 [INFO] MicroXplorer:468 - Change Database Path : 
2024-02-02 17:54:19,645 [INFO] MicroXplorer:498 - Change Database Version : DB.6.0.100
2024-02-02 17:54:19,645 [INFO] OpenFileManager:312 - Change cursor
2024-02-02 17:54:19,691 [INFO] RulesReader:64 - Compatibility file has been processed (297 Rules)
2024-02-02 17:54:19,724 [INFO] Mcu:2016 - Initializing MCU STM32F042F4Px STM32F042F4Px STM32F042F4P6
2024-02-02 17:54:20,692 [INFO] Context:659 - Trying to add GPIOservice into a context  which must be forbidden
2024-02-02 17:54:21,000 [INFO] RtosManager:555 - Registered RTOS mode: class=CMSIS, group=RTOS, mode=CMSIS_V1, owner=FREERTOS
2024-02-02 17:54:21,000 [INFO] RtosManager:555 - Registered RTOS mode: class=CMSIS, group=RTOS2, mode=CMSIS_V2, owner=FREERTOS
2024-02-02 17:54:21,000 [INFO] RtosManager:555 - Registered RTOS mode: class=RTOS, group=Core, mode=CMSIS_V1, owner=FREERTOS
2024-02-02 17:54:21,000 [INFO] RtosManager:555 - Registered RTOS mode: class=RTOS, group=Core, mode=CMSIS_V2, owner=FREERTOS
2024-02-02 17:54:21,000 [WARN] ModelIntegratedComponent:184 - Missing modes for component STMicroelectronics:FreeRTOS:0.0.1:STMicroelectronics:RTOS:FreeRTOS:Core:::10.2.0:
2024-02-02 17:54:21,006 [WARN] ModelIntegratedComponent:63 - No mode defined for component null
2024-02-02 17:54:21,006 [WARN] ModelIntegratedComponent:63 - No mode defined for component null
2024-02-02 17:54:21,006 [WARN] ModelIntegratedComponent:63 - No mode defined for component null
2024-02-02 17:54:21,006 [WARN] ModelIntegratedComponent:63 - No mode defined for component null
2024-02-02 17:54:21,006 [WARN] ModelIntegratedComponent:63 - No mode defined for component null
2024-02-02 17:54:21,006 [WARN] ModelIntegratedComponent:63 - No mode defined for component null
2024-02-02 17:54:21,006 [WARN] ModelIntegratedComponent:63 - No mode defined for component null
2024-02-02 17:54:21,006 [WARN] ModelIntegratedComponent:63 - No mode defined for component null
2024-02-02 17:54:21,006 [WARN] ModelIntegratedComponent:63 - No mode defined for component null
2024-02-02 17:54:21,006 [WARN] ModelIntegratedComponent:63 - No mode defined for component null
2024-02-02 17:54:21,006 [WARN] ModelIntegratedComponent:63 - No mode defined for component null
2024-02-02 17:54:21,006 [WARN] ModelIntegratedComponent:63 - No mode defined for component null
2024-02-02 17:54:21,006 [WARN] ModelIntegratedComponent:63 - No mode defined for component null
2024-02-02 17:54:21,006 [WARN] ModelIntegratedComponent:63 - No mode defined for component null
2024-02-02 17:54:21,006 [WARN] ModelIntegratedComponent:63 - No mode defined for component null
2024-02-02 17:54:21,006 [WARN] ModelIntegratedComponent:63 - No mode defined for component null
2024-02-02 17:54:21,006 [WARN] ModelIntegratedComponent:63 - No mode defined for component null
2024-02-02 17:54:21,006 [WARN] ModelIntegratedComponent:63 - No mode defined for component null
2024-02-02 17:54:21,006 [WARN] ModelIntegratedComponent:63 - No mode defined for component null
2024-02-02 17:54:21,006 [WARN] ModelIntegratedComponent:63 - No mode defined for component null
2024-02-02 17:54:21,006 [WARN] ModelIntegratedComponent:63 - No mode defined for component null
2024-02-02 17:54:21,006 [WARN] ModelIntegratedComponent:63 - No mode defined for component null
2024-02-02 17:54:21,006 [WARN] ModelIntegratedComponent:63 - No mode defined for component null
2024-02-02 17:54:21,006 [WARN] ModelIntegratedComponent:63 - No mode defined for component null
2024-02-02 17:54:21,006 [WARN] ModelIntegratedComponent:63 - No mode defined for component null
2024-02-02 17:54:21,006 [WARN] ModelIntegratedComponent:63 - No mode defined for component null
2024-02-02 17:54:21,006 [WARN] ModelIntegratedComponent:63 - No mode defined for component null
2024-02-02 17:54:21,006 [WARN] ModelIntegratedComponent:63 - No mode defined for component null
2024-02-02 17:54:21,006 [WARN] ModelIntegratedComponent:63 - No mode defined for component null
2024-02-02 17:54:21,007 [WARN] ModelIntegratedComponent:63 - No mode defined for component null
2024-02-02 17:54:21,007 [WARN] ModelIntegratedComponent:63 - No mode defined for component null
2024-02-02 17:54:21,007 [WARN] ModelIntegratedComponent:63 - No mode defined for component null
2024-02-02 17:54:21,007 [WARN] ModelIntegratedComponent:63 - No mode defined for component null
2024-02-02 17:54:21,079 [INFO] ThirdPartyModel:298 - Start build external matchings
2024-02-02 17:54:21,280 [INFO] ThirdPartyModel:316 - End build external matchings
2024-02-02 17:54:21,287 [INFO] ImportTextPane:194 - (OptionalMessage_ERROR) IP (DMA) : Parameter (Instance) has Id (ADC) currently not set
2024-02-02 17:54:21,287 [INFO] ImportTextPane:194 - (OptionalMessage_ERROR) IP (DMA) : Parameter (Direction) has Id (ADC) currently not set
2024-02-02 17:54:21,287 [INFO] ImportTextPane:194 - (OptionalMessage_ERROR) IP (DMA) : Parameter (PeriphInc) has Id (ADC) currently not set
2024-02-02 17:54:21,287 [INFO] ImportTextPane:194 - (OptionalMessage_ERROR) IP (DMA) : Parameter (MemInc) has Id (ADC) currently not set
2024-02-02 17:54:21,287 [INFO] ImportTextPane:194 - (OptionalMessage_ERROR) IP (DMA) : Parameter (PeriphDataAlignment) has Id (ADC) currently not set
2024-02-02 17:54:21,287 [INFO] ImportTextPane:194 - (OptionalMessage_ERROR) IP (DMA) : Parameter (MemDataAlignment) has Id (ADC) currently not set
2024-02-02 17:54:21,287 [INFO] ImportTextPane:194 - (OptionalMessage_ERROR) IP (DMA) : Parameter (Mode) has Id (ADC) currently not set
2024-02-02 17:54:21,287 [INFO] ImportTextPane:194 - (OptionalMessage_ERROR) IP (DMA) : Parameter (Priority) has Id (ADC) currently not set
2024-02-02 17:54:21,288 [INFO] ImportTextPane:194 - (OptionalMessage_ERROR) IP (RCC) : Invalid parameter (FamilyName)
2024-02-02 17:54:21,288 [INFO] ImportTextPane:194 - (OptionalMessage_ERROR) IP (RCC) : Invalid parameter (HSICECFreq_Value)
2024-02-02 17:54:21,467 [INFO] UtilMem:75 - End LoadConfig() Used Memory: 662765880 Bytes (993001472)
2024-02-02 17:54:21,523 [INFO] MicroXplorer:468 - Change Database Path : 
2024-02-02 17:54:21,523 [INFO] MicroXplorer:498 - Change Database Version : DB.6.0.100
2024-02-02 17:54:21,524 [WARN] ThirdParty:833 - waiting for thirdparty lock release [change project]
2024-02-02 17:54:21,524 [INFO] ThirdParty:835 - entering critical section [change project]
2024-02-02 17:54:21,524 [INFO] ThirdParty:1030 - CMSIS Pack Vendor :STMicroelectronics X-CUBE-ISPU 1.1.0
2024-02-02 17:54:21,524 [INFO] ThirdParty:1030 - CMSIS Pack Vendor :STMicroelectronics USBPD 4.1
2024-02-02 17:54:21,524 [INFO] ThirdParty:1030 - CMSIS Pack Vendor :STMicroelectronics X-CUBE-GNSS1 6.0.0
2024-02-02 17:54:21,524 [INFO] ThirdParty:1030 - CMSIS Pack Vendor :STMicroelectronics USB_HOST 2.0.0
2024-02-02 17:54:21,524 [INFO] ThirdParty:1030 - CMSIS Pack Vendor :STMicroelectronics X-CUBE-AZRTOS-F4 1.1.0
2024-02-02 17:54:21,524 [INFO] ThirdParty:1030 - CMSIS Pack Vendor :STMicroelectronics LIBJPEG 8.0.0
2024-02-02 17:54:21,524 [INFO] ThirdParty:1030 - CMSIS Pack Vendor :wolfSSL I-CUBE-wolfSSL 5.6.4
2024-02-02 17:54:21,524 [INFO] ThirdParty:1030 - CMSIS Pack Vendor :STMicroelectronics X-CUBE-SMBUS 2.1.0
2024-02-02 17:54:21,524 [INFO] ThirdParty:1030 - CMSIS Pack Vendor :STMicroelectronics USB_DEVICE 3.0.0
2024-02-02 17:54:21,525 [INFO] ThirdParty:1030 - CMSIS Pack Vendor :STMicroelectronics X-CUBE-AZRTOS-WB 2.0.0
2024-02-02 17:54:21,525 [INFO] ThirdParty:1030 - CMSIS Pack Vendor :STMicroelectronics X-CUBE-TOUCHGFX 4.23.0
2024-02-02 17:54:21,525 [INFO] ThirdParty:1030 - CMSIS Pack Vendor :STMicroelectronics X-CUBE-AZRTOS-F7 1.1.0
2024-02-02 17:54:21,525 [INFO] ThirdParty:1030 - CMSIS Pack Vendor :STMicroelectronics X-CUBE-AZRTOS-L5 2.0.0
2024-02-02 17:54:21,525 [INFO] ThirdParty:1030 - CMSIS Pack Vendor :STMicroelectronics USB_DEVICE 2.0.0
2024-02-02 17:54:21,525 [INFO] ThirdParty:1030 - CMSIS Pack Vendor :STMicroelectronics X-CUBE-EEPRMA1 4.2.0
2024-02-02 17:54:21,525 [INFO] ThirdParty:1030 - CMSIS Pack Vendor :ITTIA_DB I-CUBE-ITTIADB 8.8.0
2024-02-02 17:54:21,525 [INFO] ThirdParty:1030 - CMSIS Pack Vendor :STMicroelectronics FP-SNS-MOTENV1 4.3.2
2024-02-02 17:54:21,525 [INFO] ThirdParty:1030 - CMSIS Pack Vendor :STMicroelectronics X-CUBE-ALGOBUILD 1.3.0
2024-02-02 17:54:21,525 [INFO] ThirdParty:1030 - CMSIS Pack Vendor :STMicroelectronics FreeRTOS 0.0.1
2024-02-02 17:54:21,525 [INFO] ThirdParty:1030 - CMSIS Pack Vendor :STMicroelectronics X-CUBE-AZRTOS-G0 1.1.0
2024-02-02 17:54:21,525 [INFO] ThirdParty:1030 - CMSIS Pack Vendor :STMicroelectronics X-CUBE-NFC4 3.0.0
2024-02-02 17:54:21,525 [INFO] ThirdParty:1030 - CMSIS Pack Vendor :STMicroelectronics X-CUBE-SUBG2 5.0.0
2024-02-02 17:54:21,525 [INFO] ThirdParty:1030 - CMSIS Pack Vendor :STMicroelectronics STM32_WPAN 1.0.0
2024-02-02 17:54:21,525 [INFO] ThirdParty:1030 - CMSIS Pack Vendor :STMicroelectronics lwIP 2.0.3
2024-02-02 17:54:21,525 [INFO] ThirdParty:1030 - CMSIS Pack Vendor :STMicroelectronics FP-SNS-FLIGHT1 5.0.2
2024-02-02 17:54:21,525 [INFO] ThirdParty:1030 - CMSIS Pack Vendor :STMicroelectronics USB_HOST 1.0.0
2024-02-02 17:54:21,525 [INFO] ThirdParty:1030 - CMSIS Pack Vendor :STMicroelectronics X-CUBE-AZRTOS-G4 2.0.0
2024-02-02 17:54:21,525 [INFO] ThirdParty:1030 - CMSIS Pack Vendor :STMicroelectronics PDM2PCM 3.1.0
2024-02-02 17:54:21,525 [INFO] ThirdParty:1030 - CMSIS Pack Vendor :STMicroelectronics X-CUBE-AZRTOS-H7 3.1.0
2024-02-02 17:54:21,525 [INFO] ThirdParty:1030 - CMSIS Pack Vendor :Infineon AIROC-Wi-Fi-Bluetooth-STM32 1.5.1
2024-02-02 17:54:21,525 [INFO] ThirdParty:1030 - CMSIS Pack Vendor :STMicroelectronics X-CUBE-BLEMGR 3.0.0
2024-02-02 17:54:21,525 [INFO] ThirdParty:1030 - CMSIS Pack Vendor :STMicroelectronics PDM2PCM 3.3.0
2024-02-02 17:54:21,525 [INFO] ThirdParty:1030 - CMSIS Pack Vendor :STMicroelectronics X-CUBE-DISPLAY 3.0.0
2024-02-02 17:54:21,525 [INFO] ThirdParty:1030 - CMSIS Pack Vendor :STMicroelectronics FP-SNS-MOTENVWB1 1.3.1
2024-02-02 17:54:21,525 [INFO] ThirdParty:1030 - CMSIS Pack Vendor :STMicroelectronics X-CUBE-BLE1 7.0.0
2024-02-02 17:54:21,525 [INFO] ThirdParty:1030 - CMSIS Pack Vendor :STMicroelectronics FP-ATR-SIGFOX1 3.2.0
2024-02-02 17:54:21,525 [INFO] ThirdParty:1030 - CMSIS Pack Vendor :STMicroelectronics X-CUBE-ISPU 2.0.0
2024-02-02 17:54:21,525 [INFO] ThirdParty:1030 - CMSIS Pack Vendor :STMicroelectronics X-CUBE-EEPRMA1 5.1.0
2024-02-02 17:54:21,525 [INFO] ThirdParty:1030 - CMSIS Pack Vendor :STMicroelectronics HAL Drivers 0.0.0
2024-02-02 17:54:21,525 [INFO] ThirdParty:1030 - CMSIS Pack Vendor :STMicroelectronics MBEDTLS 2.16.2
2024-02-02 17:54:21,525 [INFO] ThirdParty:1030 - CMSIS Pack Vendor :emotas I-CUBE-CANOPEN 1.3.0
2024-02-02 17:54:21,525 [INFO] ThirdParty:1030 - CMSIS Pack Vendor :STMicroelectronics X-CUBE-MEMS1 10.0.0
2024-02-02 17:54:21,525 [INFO] ThirdParty:1030 - CMSIS Pack Vendor :STMicroelectronics X-CUBE-FREERTOS 1.1.0
2024-02-02 17:54:21,526 [INFO] ThirdParty:1030 - CMSIS Pack Vendor :STMicroelectronics X-CUBE-NFC7 1.0.1
2024-02-02 17:54:21,526 [INFO] ThirdParty:1030 - CMSIS Pack Vendor :STMicroelectronics MBEDTLS 2.14.1
2024-02-02 17:54:21,526 [INFO] ThirdParty:1030 - CMSIS Pack Vendor :STMicroelectronics X-CUBE-TOUCHGFX 4.22.1
2024-02-02 17:54:21,526 [INFO] ThirdParty:1030 - CMSIS Pack Vendor :STMicroelectronics X-CUBE-NFC6 3.0.0
2024-02-02 17:54:21,526 [INFO] ThirdParty:1030 - CMSIS Pack Vendor :portGmbH I-Cube-SoM-uGOAL 1.1.0
2024-02-02 17:54:21,526 [INFO] ThirdParty:1030 - CMSIS Pack Vendor :STMicroelectronics X-CUBE-ALS 1.0.1
2024-02-02 17:54:21,526 [INFO] ThirdParty:1030 - CMSIS Pack Vendor :STMicroelectronics ThreadX 1.0.0
2024-02-02 17:54:21,526 [INFO] ThirdParty:1030 - CMSIS Pack Vendor :STMicroelectronics FP-SNS-SMARTAG2 1.2.0
2024-02-02 17:54:21,526 [INFO] ThirdParty:1030 - CMSIS Pack Vendor :STMicroelectronics X-CUBE-AZRTOS-WL 2.0.0
2024-02-02 17:54:21,526 [INFO] ThirdParty:1030 - CMSIS Pack Vendor :SEGGER I-CUBE-embOS 1.3.1
2024-02-02 17:54:21,526 [INFO] ThirdParty:1030 - CMSIS Pack Vendor :STMicroelectronics USB_DEVICE 1.0.0
2024-02-02 17:54:21,526 [INFO] ThirdParty:1030 - CMSIS Pack Vendor :STMicroelectronics X-CUBE-AI 8.1.0
2024-02-02 17:54:21,526 [INFO] ThirdParty:1030 - CMSIS Pack Vendor :STMicroelectronics X-CUBE-AZRTOS-L4 2.0.0
2024-02-02 17:54:21,526 [INFO] ThirdParty:1030 - CMSIS Pack Vendor :STMicroelectronics ThreadX 0.0.2
2024-02-02 17:54:21,526 [INFO] ThirdParty:1030 - CMSIS Pack Vendor :WES I-CUBE-Cesium 1.3.0
2024-02-02 17:54:21,526 [INFO] ThirdParty:1030 - CMSIS Pack Vendor :STMicroelectronics FP-ATR-ASTRA1 2.0.0
2024-02-02 17:54:21,526 [INFO] ThirdParty:1030 - CMSIS Pack Vendor :STMicroelectronics lwIP 2.1.2
2024-02-02 17:54:21,526 [INFO] ThirdParty:1030 - CMSIS Pack Vendor :STMicroelectronics X-CUBE-SFXS2LP1 4.0.0
2024-02-02 17:54:21,526 [INFO] ThirdParty:1030 - CMSIS Pack Vendor :STMicroelectronics X-CUBE-BLE2 3.3.0
2024-02-02 17:54:21,526 [INFO] ThirdParty:1030 - CMSIS Pack Vendor :STMicroelectronics X-CUBE-TOF1 3.4.0
2024-02-02 17:54:21,526 [INFO] ThirdParty:1030 - CMSIS Pack Vendor :STMicroelectronics X-CUBE-AZRTOS-H7 3.2.0
2024-02-02 17:54:21,526 [INFO] ThirdParty:1030 - CMSIS Pack Vendor :STMicroelectronics PDM2PCM 3.2.0
2024-02-02 17:54:21,529 [INFO] ThirdParty:841 - exiting critical section [change project]
2024-02-02 17:54:21,635 [INFO] PinOutPanel:1499 - setPackage(No Configuration,No Configuration)
2024-02-02 17:54:21,636 [INFO] PinOutPanel:1499 - setPackage(STM32F042F4Px,TSSOP20)
2024-02-02 17:54:22,588 [INFO] UtilMem:75 - Before build in PCC Used Memory: 386830320 Bytes (993001472)
2024-02-02 17:54:22,896 [INFO] UtilMem:75 - After build in PCC Used Memory: 429299696 Bytes (993001472)
2024-02-02 17:54:22,911 [INFO] IPUIPlugin:80 - create IPUIPlugin
2024-02-02 17:54:22,911 [INFO] IPUIPlugin:80 - create IPUIPlugin
2024-02-02 17:54:22,911 [INFO] IPUIPlugin:80 - create IPUIPlugin
2024-02-02 17:54:22,911 [INFO] IPUIPlugin:80 - create IPUIPlugin
2024-02-02 17:54:22,911 [INFO] IPUIPlugin:80 - create IPUIPlugin
2024-02-02 17:54:22,911 [INFO] IPUIPlugin:80 - create IPUIPlugin
2024-02-02 17:54:22,911 [INFO] IPUIPlugin:80 - create IPUIPlugin
2024-02-02 17:54:22,911 [INFO] IPUIPlugin:80 - create IPUIPlugin
2024-02-02 17:54:22,911 [INFO] IPUIPlugin:80 - create IPUIPlugin
2024-02-02 17:54:22,911 [INFO] IPUIPlugin:80 - create IPUIPlugin
2024-02-02 17:54:22,911 [INFO] IPUIPlugin:80 - create IPUIPlugin
2024-02-02 17:54:22,911 [INFO] IPUIPlugin:80 - create IPUIPlugin
2024-02-02 17:54:22,911 [INFO] IPUIPlugin:80 - create IPUIPlugin
2024-02-02 17:54:22,911 [INFO] IPUIPlugin:80 - create IPUIPlugin
2024-02-02 17:54:22,911 [INFO] IPUIPlugin:80 - create IPUIPlugin
2024-02-02 17:54:22,911 [INFO] IPUIPlugin:80 - create IPUIPlugin
2024-02-02 17:54:22,911 [INFO] IPUIPlugin:80 - create IPUIPlugin
2024-02-02 17:54:22,911 [INFO] IPUIPlugin:80 - create IPUIPlugin
2024-02-02 17:54:22,911 [INFO] IPUIPlugin:80 - create IPUIPlugin
2024-02-02 17:54:22,911 [INFO] IPUIPlugin:80 - create IPUIPlugin
2024-02-02 17:54:22,911 [INFO] IPUIPlugin:80 - create IPUIPlugin
2024-02-02 17:54:22,911 [INFO] IPUIPlugin:80 - create IPUIPlugin
2024-02-02 17:54:22,911 [INFO] IPUIPlugin:80 - create IPUIPlugin
2024-02-02 17:54:22,911 [INFO] IPUIPlugin:80 - create IPUIPlugin
2024-02-02 17:54:22,911 [INFO] IPUIPlugin:80 - create IPUIPlugin
2024-02-02 17:54:22,911 [INFO] IPUIPlugin:80 - create IPUIPlugin
2024-02-02 17:54:22,911 [INFO] IPUIPlugin:80 - create IPUIPlugin
2024-02-02 17:54:22,911 [INFO] IPUIPlugin:80 - create IPUIPlugin
2024-02-02 17:54:22,911 [INFO] IPUIPlugin:80 - create IPUIPlugin
2024-02-02 17:54:22,911 [INFO] IPUIPlugin:80 - create IPUIPlugin
2024-02-02 17:54:22,925 [INFO] Can:71 - Can Add PropertyChangeListener com.st.microxplorer.plugins.ip.can.Can@3c435af2
2024-02-02 17:54:22,967 [INFO] CADModel:165 - CPN selected for project levelSTM32F042F4P6
2024-02-02 17:54:22,967 [INFO] CADModel:114 - Register for checkConnection events
2024-02-02 17:54:23,061 [INFO] OpenFileManager:343 - Restore cursor
2024-02-02 17:54:43,629 [INFO] NvicIntPanel:101 - NVIC parent = com.st.microxplorer.plugins.ip.nvic.MultiNvicIntPanel[,0,0,0x0,invalid,layout=javax.swing.BoxLayout,alignmentX=0.0,alignmentY=0.0,border=,flags=9,maximumSize=,minimumSize=,preferredSize=]
2024-02-02 17:55:10,043 [INFO] NvicIntPanel:101 - NVIC parent = com.st.microxplorer.plugins.ip.nvic.MultiNvicIntPanel[,0,0,450x338,layout=javax.swing.BoxLayout,alignmentX=0.0,alignmentY=0.0,border=,flags=9,maximumSize=,minimumSize=,preferredSize=]
2024-02-02 18:11:00,562 [ERROR] LogOutputStream:75 - [STDERR_REDIRECT] 
2024-02-02 18:11:00,564 [ERROR] LogOutputStream:75 - [STDERR_REDIRECT] 
