2024-02-08 13:39:59,620 [INFO] Activator:176 - 


2024-02-08 13:39:59,637 [INFO] Activator:177 - !SESSION log4j initialized
2024-02-08 13:40:10,575 [INFO] LogOutputStream:77 - [STDOUT_REDIRECT] 
2024-02-08 13:40:12,403 [INFO] ApplicationProperties:184 - Using Application install path: C:\ST\STM32CubeIDE_1.13.2\STM32CubeIDE\plugins\com.st.stm32cube.common.mx_6.10.0.202311202037
2024-02-08 13:40:12,430 [INFO] DbMcusXml:78 - Set database path to: C:\ST\STM32CubeIDE_1.13.2\STM32CubeIDE\plugins\com.st.stm32cube.common.mx_6.10.0.202311202037\\db\/mcu/
2024-02-08 13:40:12,432 [INFO] ApiDb:274 - Set plugin database path to: C:\ST\STM32CubeIDE_1.13.2\STM32CubeIDE\plugins\com.st.stm32cube.common.mx_6.10.0.202311202037\\db\/plugins/boardmanager/
2024-02-08 13:40:12,432 [WARN] ApiDb:259 - Overriding images path with different value:  => C:\ST\STM32CubeIDE_1.13.2\STM32CubeIDE\plugins\com.st.stm32cube.common.mx_6.10.0.202311202037\\db\/plugins/mcufinder/images/
2024-02-08 13:40:12,448 [INFO] ApiDb:250 - Set database path to: C:\Users\aleja\.stmcufinder\plugins\mcufinder//mcu/
2024-02-08 13:40:12,450 [INFO] DbMcusAds:125 - Set database path to: C:\Users\aleja\.stmcufinder\plugins\mcufinder//mcu/
2024-02-08 13:40:12,452 [INFO] CrossReferenceDbSqlite:203 - Set database path to: C:\Users\aleja\.stmcufinder\plugins\mcufinder//mcu/cs/
2024-02-08 13:40:12,585 [INFO] RulesReader:64 - Compatibility file has been processed (297 Rules)
2024-02-08 13:40:12,661 [INFO] DbMcusXml:78 - Set database path to: C:\ST\STM32CubeIDE_1.13.2\STM32CubeIDE\plugins\com.st.stm32cube.common.mx_6.10.0.202311202037\\db\/mcu/
2024-02-08 13:40:12,661 [INFO] ApiDb:274 - Set plugin database path to: C:\ST\STM32CubeIDE_1.13.2\STM32CubeIDE\plugins\com.st.stm32cube.common.mx_6.10.0.202311202037\\db\/plugins/boardmanager/
2024-02-08 13:40:12,661 [INFO] ApiDb:261 - Set plugin images path to: C:\ST\STM32CubeIDE_1.13.2\STM32CubeIDE\plugins\com.st.stm32cube.common.mx_6.10.0.202311202037\\db\/plugins/mcufinder/images/
2024-02-08 13:40:12,662 [WARN] DbFile:41 - Overriding database path with different value: C:\Users\aleja\.stmcufinder\plugins\mcufinder/ => C:\Users\aleja\.stmcufinder\plugins\mcufinder
2024-02-08 13:40:12,662 [INFO] ApiDb:250 - Set database path to: C:\Users\aleja\.stmcufinder\plugins\mcufinder//mcu/
2024-02-08 13:40:12,662 [WARN] DbFile:41 - Overriding database path with different value: C:\Users\aleja\.stmcufinder\plugins\mcufinder/ => C:\Users\aleja\.stmcufinder\plugins\mcufinder
2024-02-08 13:40:12,662 [INFO] DbMcusAds:125 - Set database path to: C:\Users\aleja\.stmcufinder\plugins\mcufinder//mcu/
2024-02-08 13:40:12,662 [WARN] DbFile:41 - Overriding database path with different value: C:\Users\aleja\.stmcufinder\plugins\mcufinder/ => C:\Users\aleja\.stmcufinder\plugins\mcufinder
2024-02-08 13:40:12,662 [WARN] DbFile:41 - Overriding database path with different value: C:\Users\aleja\.stmcufinder\plugins\mcufinder/ => C:\Users\aleja\.stmcufinder\plugins\mcufinder
2024-02-08 13:40:12,662 [INFO] CrossReferenceDbSqlite:203 - Set database path to: C:\Users\aleja\.stmcufinder\plugins\mcufinder//mcu/cs/
2024-02-08 13:40:13,108 [INFO] MainPanel:264 - HeapMemory: 268435456
2024-02-08 13:40:13,289 [INFO] DbMcusXml:78 - Set database path to: C:\ST\STM32CubeIDE_1.13.2\STM32CubeIDE\plugins\com.st.stm32cube.common.mx_6.10.0.202311202037\\db\/mcu/
2024-02-08 13:40:13,289 [INFO] ApiDb:274 - Set plugin database path to: C:\ST\STM32CubeIDE_1.13.2\STM32CubeIDE\plugins\com.st.stm32cube.common.mx_6.10.0.202311202037\\db\/plugins/boardmanager/
2024-02-08 13:40:13,289 [INFO] ApiDb:261 - Set plugin images path to: C:\ST\STM32CubeIDE_1.13.2\STM32CubeIDE\plugins\com.st.stm32cube.common.mx_6.10.0.202311202037\\db\/plugins/mcufinder/images/
2024-02-08 13:40:13,289 [WARN] DbFile:41 - Overriding database path with different value: C:\Users\aleja\.stmcufinder\plugins\mcufinder/ => C:\Users\aleja\.stmcufinder\plugins\mcufinder
2024-02-08 13:40:13,289 [INFO] ApiDb:250 - Set database path to: C:\Users\aleja\.stmcufinder\plugins\mcufinder//mcu/
2024-02-08 13:40:13,289 [WARN] DbFile:41 - Overriding database path with different value: C:\Users\aleja\.stmcufinder\plugins\mcufinder/ => C:\Users\aleja\.stmcufinder\plugins\mcufinder
2024-02-08 13:40:13,289 [INFO] DbMcusAds:125 - Set database path to: C:\Users\aleja\.stmcufinder\plugins\mcufinder//mcu/
2024-02-08 13:40:13,289 [WARN] DbFile:41 - Overriding database path with different value: C:\Users\aleja\.stmcufinder\plugins\mcufinder/ => C:\Users\aleja\.stmcufinder\plugins\mcufinder
2024-02-08 13:40:13,289 [WARN] DbFile:41 - Overriding database path with different value: C:\Users\aleja\.stmcufinder\plugins\mcufinder/ => C:\Users\aleja\.stmcufinder\plugins\mcufinder
2024-02-08 13:40:13,289 [INFO] CrossReferenceDbSqlite:203 - Set database path to: C:\Users\aleja\.stmcufinder\plugins\mcufinder//mcu/cs/
2024-02-08 13:40:13,312 [INFO] ApplicationProperties:184 - Using Application install path: C:\ST\STM32CubeIDE_1.13.2\STM32CubeIDE\plugins\com.st.stm32cube.common.mx_6.10.0.202311202037
2024-02-08 13:40:13,314 [INFO] PluginManage:196 - Search for loadable plugins [exclusion list=, ]
2024-02-08 13:40:13,316 [INFO] PluginManage:310 - Check plugin analytics
2024-02-08 13:40:13,507 [INFO] AnalyticsPlugin:253 - Accepted Software Licenses: 
2024-02-08 13:40:13,507 [INFO] AnalyticsPlugin:255 - Accepted CMSIS Pack Licenses: 
2024-02-08 13:40:13,507 [INFO] AnalyticsPlugin:257 - Accepted Firmware Licenses: 
2024-02-08 13:40:13,512 [INFO] PluginManage:359 - Loaded plugin analytics (category:tool,tabindex:-1)
2024-02-08 13:40:13,512 [INFO] PluginManage:310 - Check plugin cadmodel
2024-02-08 13:40:13,536 [INFO] CADModel:105 - Init CAD model plugin
2024-02-08 13:40:13,536 [INFO] PluginManage:359 - Loaded plugin cadmodel (category:power,tabindex:5)
2024-02-08 13:40:13,536 [INFO] PluginManage:310 - Check plugin clock
2024-02-08 13:40:13,567 [INFO] PluginManage:359 - Loaded plugin clock (category:base,tabindex:2)
2024-02-08 13:40:13,568 [INFO] PluginManage:310 - Check plugin ddr
2024-02-08 13:40:13,571 [INFO] PluginManage:359 - Loaded plugin ddr (category:tool,tabindex:6)
2024-02-08 13:40:13,572 [INFO] PluginManage:310 - Check plugin filemanager
2024-02-08 13:40:13,727 [INFO] PluginManage:359 - Loaded plugin filemanager (category:base,tabindex:10)
2024-02-08 13:40:13,728 [INFO] PluginManage:310 - Check plugin ipmanager
2024-02-08 13:40:13,734 [INFO] PluginManage:359 - Loaded plugin ipmanager (category:base,tabindex:5)
2024-02-08 13:40:13,734 [INFO] PluginManage:310 - Check plugin lpbam
2024-02-08 13:40:13,750 [INFO] PluginManage:359 - Loaded plugin lpbam (category:base,tabindex:0)
2024-02-08 13:40:13,750 [INFO] PluginManage:310 - Check plugin memorymap
2024-02-08 13:40:13,771 [INFO] PluginManage:359 - Loaded plugin memorymap (category:base,tabindex:4)
2024-02-08 13:40:13,771 [INFO] PluginManage:310 - Check plugin pinoutandconfiguration
2024-02-08 13:40:13,786 [INFO] PluginManage:359 - Loaded plugin pinoutandconfiguration (category:base,tabindex:1)
2024-02-08 13:40:13,786 [INFO] PluginManage:310 - Check plugin pinoutconfig
2024-02-08 13:40:13,883 [WARN] SupportedApi:132 - Cannot load RTOS API schema: s4s-elt-must-match.1: The content of 'definitions' must match (annotation?, (simpleType | complexType)?, (unique | key | keyref)*)). A problem was found starting at: attribute.
2024-02-08 13:40:14,043 [INFO] PluginManage:359 - Loaded plugin pinoutconfig (category:base,tabindex:0)
2024-02-08 13:40:14,043 [INFO] PluginManage:310 - Check plugin power
2024-02-08 13:40:14,066 [INFO] PluginManage:359 - Loaded plugin power (category:power,tabindex:4)
2024-02-08 13:40:14,066 [INFO] PluginManage:310 - Check plugin projectmanager
2024-02-08 13:40:14,080 [INFO] PluginManage:359 - Loaded plugin projectmanager (category:projectmanager,tabindex:3)
2024-02-08 13:40:14,081 [INFO] PluginManage:310 - Check plugin thirdparty
2024-02-08 13:40:14,403 [INFO] PluginManage:359 - Loaded plugin thirdparty (category:base,tabindex:-1)
2024-02-08 13:40:14,403 [INFO] PluginManage:310 - Check plugin tools
2024-02-08 13:40:14,403 [WARN] IntegrityCheckThread:84 - waiting for thirdparty lock release [integrity check]
2024-02-08 13:40:14,403 [INFO] IntegrityCheckThread:86 - entering critical section [integrity check]
2024-02-08 13:40:14,404 [INFO] ThirdPartyUpdaterWithRetryManager:70 - Updater plugin not ready yet. [1/15]
2024-02-08 13:40:14,438 [INFO] PluginManage:359 - Loaded plugin tools (category:base,tabindex:7)
2024-02-08 13:40:14,438 [INFO] PluginManage:310 - Check plugin tutovideos
2024-02-08 13:40:14,710 [INFO] PluginManage:359 - Loaded plugin tutovideos (category:base,tabindex:-1)
2024-02-08 13:40:14,711 [INFO] PluginManage:310 - Check plugin updater
2024-02-08 13:40:14,727 [INFO] PluginManage:359 - Loaded plugin updater (category:base,tabindex:12)
2024-02-08 13:40:14,727 [INFO] PluginManage:310 - Check plugin userauth
2024-02-08 13:40:14,734 [INFO] UserAuth:114 - Init User Auth plugin
2024-02-08 13:40:14,734 [INFO] PluginManage:359 - Loaded plugin userauth (category:base,tabindex:14)
2024-02-08 13:40:14,734 [INFO] PluginManage:283 - PluginManage : Loaded plugins [17]
2024-02-08 13:40:15,006 [INFO] PinOutPanel:1499 - setPackage(No Configuration,No Configuration)
2024-02-08 13:40:15,125 [INFO] CADModel:165 - CPN selected for project level
2024-02-08 13:40:15,125 [INFO] CADModel:114 - Register for checkConnection events
2024-02-08 13:40:15,175 [INFO] IPUIPlugin:80 - create IPUIPlugin
2024-02-08 13:40:15,175 [INFO] PluginManager:220 - loadIPPluginJar : add adc
2024-02-08 13:40:15,241 [INFO] IPUIPlugin:80 - create IPUIPlugin
2024-02-08 13:40:15,241 [INFO] PluginManager:220 - loadIPPluginJar : add aes
2024-02-08 13:40:15,294 [INFO] IPUIPlugin:80 - create IPUIPlugin
2024-02-08 13:40:15,294 [INFO] PluginManager:220 - loadIPPluginJar : add can
2024-02-08 13:40:15,320 [INFO] IPUIPlugin:80 - create IPUIPlugin
2024-02-08 13:40:15,320 [INFO] PluginManager:220 - loadIPPluginJar : add comp
2024-02-08 13:40:15,360 [INFO] IPUIPlugin:80 - create IPUIPlugin
2024-02-08 13:40:15,360 [INFO] PluginManager:220 - loadIPPluginJar : add cryp
2024-02-08 13:40:15,393 [INFO] IPUIPlugin:80 - create IPUIPlugin
2024-02-08 13:40:15,393 [INFO] PluginManager:220 - loadIPPluginJar : add dfsdm
2024-02-08 13:40:15,407 [INFO] IPUIPlugin:80 - create IPUIPlugin
2024-02-08 13:40:15,408 [INFO] PluginManager:220 - loadIPPluginJar : add dma
2024-02-08 13:40:15,450 [INFO] IPUIPlugin:80 - create IPUIPlugin
2024-02-08 13:40:15,450 [INFO] PluginManager:220 - loadIPPluginJar : add dma3
2024-02-08 13:40:15,470 [INFO] IPUIPlugin:80 - create IPUIPlugin
2024-02-08 13:40:15,471 [INFO] PluginManager:220 - loadIPPluginJar : add fatfs
2024-02-08 13:40:15,519 [INFO] IPUIPlugin:80 - create IPUIPlugin
2024-02-08 13:40:15,520 [INFO] PluginManager:220 - loadIPPluginJar : add fmc
2024-02-08 13:40:15,536 [INFO] IPUIPlugin:80 - create IPUIPlugin
2024-02-08 13:40:15,536 [INFO] PluginManager:220 - loadIPPluginJar : add freertos
2024-02-08 13:40:15,559 [INFO] IPUIPlugin:80 - create IPUIPlugin
2024-02-08 13:40:15,559 [INFO] PluginManager:220 - loadIPPluginJar : add genericplugin
2024-02-08 13:40:15,651 [INFO] IPUIPlugin:80 - create IPUIPlugin
2024-02-08 13:40:15,651 [INFO] PluginManager:220 - loadIPPluginJar : add gfxmmu
2024-02-08 13:40:15,759 [INFO] IPUIPlugin:80 - create IPUIPlugin
2024-02-08 13:40:15,760 [INFO] PluginManager:220 - loadIPPluginJar : add gic
2024-02-08 13:40:15,771 [INFO] IPUIPlugin:80 - create IPUIPlugin
2024-02-08 13:40:15,771 [INFO] PluginManager:220 - loadIPPluginJar : add gpio
2024-02-08 13:40:15,842 [INFO] IPUIPlugin:80 - create IPUIPlugin
2024-02-08 13:40:15,842 [INFO] PluginManager:220 - loadIPPluginJar : add gtzc
2024-02-08 13:40:15,867 [INFO] IPUIPlugin:80 - create IPUIPlugin
2024-02-08 13:40:15,867 [INFO] PluginManager:220 - loadIPPluginJar : add hash
2024-02-08 13:40:15,908 [INFO] IPUIPlugin:80 - create IPUIPlugin
2024-02-08 13:40:15,908 [INFO] PluginManager:220 - loadIPPluginJar : add i2c
2024-02-08 13:40:15,940 [INFO] IPUIPlugin:80 - create IPUIPlugin
2024-02-08 13:40:15,940 [INFO] PluginManager:220 - loadIPPluginJar : add i2s
2024-02-08 13:40:15,972 [INFO] IPUIPlugin:80 - create IPUIPlugin
2024-02-08 13:40:15,973 [INFO] PluginManager:220 - loadIPPluginJar : add i3c
2024-02-08 13:40:16,050 [INFO] IPUIPlugin:80 - create IPUIPlugin
2024-02-08 13:40:16,050 [INFO] PluginManager:220 - loadIPPluginJar : add ipddr
2024-02-08 13:40:16,128 [INFO] IPUIPlugin:80 - create IPUIPlugin
2024-02-08 13:40:16,128 [INFO] PluginManager:220 - loadIPPluginJar : add linkedlist
2024-02-08 13:40:16,156 [INFO] IPUIPlugin:80 - create IPUIPlugin
2024-02-08 13:40:16,156 [INFO] PluginManager:220 - loadIPPluginJar : add lorawan
2024-02-08 13:40:16,186 [INFO] IPUIPlugin:80 - create IPUIPlugin
2024-02-08 13:40:16,186 [INFO] PluginManager:220 - loadIPPluginJar : add ltdc
2024-02-08 13:40:16,198 [INFO] IPUIPlugin:80 - create IPUIPlugin
2024-02-08 13:40:16,199 [INFO] PluginManager:220 - loadIPPluginJar : add mdma
2024-02-08 13:40:16,208 [INFO] IPUIPlugin:80 - create IPUIPlugin
2024-02-08 13:40:16,209 [INFO] PluginManager:220 - loadIPPluginJar : add nvic
2024-02-08 13:40:16,236 [INFO] IPUIPlugin:80 - create IPUIPlugin
2024-02-08 13:40:16,236 [INFO] PluginManager:220 - loadIPPluginJar : add opamp
2024-02-08 13:40:16,280 [INFO] IPUIPlugin:80 - create IPUIPlugin
2024-02-08 13:40:16,280 [INFO] PluginManager:220 - loadIPPluginJar : add openamp
2024-02-08 13:40:16,315 [INFO] IPUIPlugin:80 - create IPUIPlugin
2024-02-08 13:40:16,315 [INFO] PluginManager:220 - loadIPPluginJar : add pdm2pcm
2024-02-08 13:40:16,327 [INFO] IPUIPlugin:80 - create IPUIPlugin
2024-02-08 13:40:16,329 [INFO] PluginManager:220 - loadIPPluginJar : add plateformsettings
2024-02-08 13:40:16,346 [INFO] IPUIPlugin:80 - create IPUIPlugin
2024-02-08 13:40:16,346 [INFO] PluginManager:220 - loadIPPluginJar : add quadspi
2024-02-08 13:40:16,356 [INFO] IPUIPlugin:80 - create IPUIPlugin
2024-02-08 13:40:16,356 [INFO] PluginManager:220 - loadIPPluginJar : add resmgrutility
2024-02-08 13:40:16,390 [INFO] IPUIPlugin:80 - create IPUIPlugin
2024-02-08 13:40:16,391 [INFO] PluginManager:220 - loadIPPluginJar : add sai
2024-02-08 13:40:16,418 [INFO] IPUIPlugin:80 - create IPUIPlugin
2024-02-08 13:40:16,418 [INFO] PluginManager:220 - loadIPPluginJar : add spi
2024-02-08 13:40:16,468 [INFO] IPUIPlugin:80 - create IPUIPlugin
2024-02-08 13:40:16,468 [INFO] PluginManager:220 - loadIPPluginJar : add stm32_wpan
2024-02-08 13:40:16,489 [INFO] IPUIPlugin:80 - create IPUIPlugin
2024-02-08 13:40:16,489 [INFO] PluginManager:220 - loadIPPluginJar : add tim
2024-02-08 13:40:16,535 [INFO] IPUIPlugin:80 - create IPUIPlugin
2024-02-08 13:40:16,535 [INFO] PluginManager:220 - loadIPPluginJar : add touchsensing
2024-02-08 13:40:16,555 [INFO] IPUIPlugin:80 - create IPUIPlugin
2024-02-08 13:40:16,555 [INFO] PluginManager:220 - loadIPPluginJar : add tracer_emb
2024-02-08 13:40:16,574 [INFO] IPUIPlugin:80 - create IPUIPlugin
2024-02-08 13:40:16,574 [INFO] PluginManager:220 - loadIPPluginJar : add ts
2024-02-08 13:40:16,591 [INFO] IPUIPlugin:80 - create IPUIPlugin
2024-02-08 13:40:16,591 [INFO] PluginManager:220 - loadIPPluginJar : add tsc
2024-02-08 13:40:16,608 [INFO] IPUIPlugin:80 - create IPUIPlugin
2024-02-08 13:40:16,608 [INFO] PluginManager:220 - loadIPPluginJar : add ucpd
2024-02-08 13:40:16,640 [INFO] IPUIPlugin:80 - create IPUIPlugin
2024-02-08 13:40:16,640 [INFO] PluginManager:220 - loadIPPluginJar : add usart
2024-02-08 13:40:16,673 [INFO] IPUIPlugin:80 - create IPUIPlugin
2024-02-08 13:40:16,673 [INFO] PluginManager:220 - loadIPPluginJar : add usbx
2024-02-08 13:40:16,788 [INFO] CADModel:165 - CPN selected for project level
2024-02-08 13:40:16,788 [INFO] CADModel:114 - Register for checkConnection events
2024-02-08 13:40:16,788 [FATAL] Updater:308 - Updater called before beeing initialized
2024-02-08 13:40:16,789 [ERROR] CADModel:125 - Updater not yet initialized, retry later 
2024-02-08 13:40:16,911 [INFO] CADModel:165 - CPN selected for project level
2024-02-08 13:40:16,911 [INFO] CADModel:114 - Register for checkConnection events
2024-02-08 13:40:16,911 [FATAL] Updater:308 - Updater called before beeing initialized
2024-02-08 13:40:16,911 [ERROR] CADModel:125 - Updater not yet initialized, retry later 
2024-02-08 13:40:16,914 [FATAL] Updater:308 - Updater called before beeing initialized
2024-02-08 13:40:17,012 [FATAL] Updater:308 - Updater called before beeing initialized
2024-02-08 13:40:17,022 [INFO] DbMcusAds:53 - JSON generation date=Wed Nov 29 11:52:27 CET 2023 (1701255147200)
2024-02-08 13:40:17,022 [FATAL] Updater:308 - Updater called before beeing initialized
2024-02-08 13:40:17,057 [WARN] DetailPanel:346 - Failed to get advertising image, set to default
2024-02-08 13:40:17,136 [FATAL] Updater:308 - Updater called before beeing initialized
2024-02-08 13:40:17,139 [FATAL] Updater:308 - Updater called before beeing initialized
2024-02-08 13:40:17,139 [FATAL] Updater:308 - Updater called before beeing initialized
2024-02-08 13:40:17,139 [WARN] DetailPanel:346 - Failed to get advertising image, set to default
2024-02-08 13:40:17,139 [FATAL] Updater:308 - Updater called before beeing initialized
2024-02-08 13:40:17,217 [ERROR] Updater:1120 - MainUpdater not yet initialized. External WinMGr cannot be set.
2024-02-08 13:40:17,229 [INFO] Updater:1056 - Updater Version found : 6.10.0
2024-02-08 13:40:17,254 [INFO] ApplicationProperties:184 - Using Application install path: C:\ST\STM32CubeIDE_1.13.2\STM32CubeIDE\plugins\com.st.stm32cube.common.mx_6.10.0.202311202037
2024-02-08 13:40:17,404 [INFO] ThirdPartyUpdaterWithRetryManager:70 - Updater plugin not ready yet. [2/15]
2024-02-08 13:40:18,838 [ERROR] LogOutputStream:75 - [STDERR_REDIRECT] Feb 08, 2024 1:40:18 PM java.util.prefs.WindowsPreferences <init>
2024-02-08 13:40:18,839 [ERROR] LogOutputStream:75 - [STDERR_REDIRECT] WARNING: Could not open/create prefs root node Software\JavaSoft\Prefs at root 0xffffffff80000002. Windows RegCreateKeyEx(...) returned error code 5.
2024-02-08 13:40:18,839 [ERROR] LogOutputStream:75 - [STDERR_REDIRECT] 
2024-02-08 13:40:19,245 [INFO] MainUpdater:2873 - connection check result : 10
2024-02-08 13:40:19,245 [INFO] MainUpdater:290 - Updater Check For Update Now.
2024-02-08 13:40:19,246 [INFO] MicroXplorer:498 - Change Database Version : DB.6.0.100
2024-02-08 13:40:19,263 [INFO] McuFinderGlobals:63 - Set McuFinder mode to 2 (CubeIDE integrated)
2024-02-08 13:40:19,284 [INFO] UserAuth:404 - Internet connection configuration mode: 1
2024-02-08 13:40:19,335 [INFO] JxBrowserEngine:152 - Initiate JxBrowser Engine with user profile folder
2024-02-08 13:40:19,447 [INFO] CheckServerUpdateThread:120 - End of CheckServer Thread
2024-02-08 13:40:20,555 [WARN] PackLoader:240 - Cannot read IP mode file for STMicroelectronics.X-CUBE-SMBUS.2.1.0
2024-02-08 13:40:20,571 [WARN] PackLoader:240 - Cannot read IP mode file for STMicroelectronics.X-CUBE-TOUCHGFX.4.23.0
2024-02-08 13:40:20,614 [WARN] PackLoader:240 - Cannot read IP mode file for STMicroelectronics.X-CUBE-AZRTOS-F7.1.1.0
2024-02-08 13:40:20,630 [WARN] PackLoader:240 - Cannot read IP mode file for STMicroelectronics.FP-SNS-MOTENV1.4.3.2
2024-02-08 13:40:20,642 [WARN] PackLoader:240 - Cannot read IP mode file for STMicroelectronics.FP-SNS-FLIGHT1.5.0.2
2024-02-08 13:40:20,659 [WARN] PackLoader:240 - Cannot read IP mode file for STMicroelectronics.X-CUBE-DISPLAY.3.0.0
2024-02-08 13:40:20,677 [WARN] PackLoader:240 - Cannot read IP mode file for STMicroelectronics.X-CUBE-BLE1.7.0.0
2024-02-08 13:40:20,690 [WARN] PackLoader:240 - Cannot read IP mode file for emotas.I-CUBE-CANOPEN.1.3.0
2024-02-08 13:40:20,701 [WARN] PackLoader:240 - Cannot read IP mode file for STMicroelectronics.X-CUBE-TOUCHGFX.4.22.1
2024-02-08 13:40:20,712 [WARN] PackLoader:240 - Cannot read IP mode file for STMicroelectronics.FP-SNS-SMARTAG2.1.2.0
2024-02-08 13:40:20,728 [INFO] LogOutputStream:77 - [STDOUT_REDIRECT] 1 : Invalid condition id : UX_CORESTACK_Condition cause : null
2024-02-08 13:40:20,729 [INFO] LogOutputStream:77 - [STDOUT_REDIRECT] 1 : Invalid condition id : UX_CORESTACK_Condition cause : null
2024-02-08 13:40:20,730 [INFO] LogOutputStream:77 - [STDOUT_REDIRECT] 1 : Invalid condition id : UX_CORESTACK_Condition cause : null
2024-02-08 13:40:20,732 [INFO] LogOutputStream:77 - [STDOUT_REDIRECT] 1 : Invalid condition id : UX_CORESTACK_Condition cause : null
2024-02-08 13:40:20,734 [INFO] LogOutputStream:77 - [STDOUT_REDIRECT] 1 : Invalid condition id : UX_CORESTACK_Condition cause : null
2024-02-08 13:40:20,736 [WARN] PackLoader:240 - Cannot read IP mode file for STMicroelectronics.X-CUBE-AZRTOS-WL.2.0.0
2024-02-08 13:40:20,750 [WARN] PackLoader:240 - Cannot read IP mode file for WES.I-CUBE-Cesium.1.3.0
2024-02-08 13:40:20,761 [WARN] PackLoader:240 - Cannot read IP mode file for STMicroelectronics.X-CUBE-BLE2.3.3.0
2024-02-08 13:40:20,773 [WARN] PackLoader:240 - Cannot read IP mode file for STMicroelectronics.X-CUBE-ALGOBUILD.1.3.0
2024-02-08 13:40:20,798 [WARN] PackLoader:240 - Cannot read IP mode file for STMicroelectronics.X-CUBE-AZRTOS-G0.1.1.0
2024-02-08 13:40:20,812 [WARN] PackLoader:240 - Cannot read IP mode file for STMicroelectronics.X-CUBE-NFC4.3.0.0
2024-02-08 13:40:20,825 [WARN] PackLoader:240 - Cannot read IP mode file for STMicroelectronics.X-CUBE-BLEMGR.3.0.0
2024-02-08 13:40:20,836 [WARN] PackLoader:240 - Cannot read IP mode file for STMicroelectronics.FP-ATR-SIGFOX1.3.2.0
2024-02-08 13:40:20,846 [WARN] PackLoader:240 - Cannot read IP mode file for STMicroelectronics.X-CUBE-EEPRMA1.5.1.0
2024-02-08 13:40:20,877 [WARN] PackLoader:240 - Cannot read IP mode file for SEGGER.I-CUBE-embOS.1.3.1
2024-02-08 13:40:20,927 [WARN] PackLoader:240 - Cannot read IP mode file for STMicroelectronics.X-CUBE-GNSS1.6.0.0
2024-02-08 13:40:20,959 [WARN] PackLoader:240 - Cannot read IP mode file for STMicroelectronics.X-CUBE-AZRTOS-F4.1.1.0
2024-02-08 13:40:20,972 [WARN] PackLoader:240 - Cannot read IP mode file for wolfSSL.I-CUBE-wolfSSL.5.6.4
2024-02-08 13:40:21,002 [WARN] PackLoader:240 - Cannot read IP mode file for STMicroelectronics.X-CUBE-AZRTOS-L5.2.0.0
2024-02-08 13:40:21,016 [WARN] PackLoader:240 - Cannot read IP mode file for STMicroelectronics.X-CUBE-EEPRMA1.4.2.0
2024-02-08 13:40:21,030 [WARN] PackLoader:240 - Cannot read IP mode file for ITTIA_DB.I-CUBE-ITTIADB.8.8.0
2024-02-08 13:40:21,056 [WARN] ConditionMgr:438 - getConditionDescription Invalid condition id : UX DEVICE CLASS RTOS Condition cause : null
2024-02-08 13:40:21,056 [WARN] ConditionMgr:438 - getConditionDescription Invalid condition id : UX DEVICE CLASS RTOS Condition cause : null
2024-02-08 13:40:21,058 [WARN] PackLoader:240 - Cannot read IP mode file for STMicroelectronics.X-CUBE-AZRTOS-H7.3.1.0
2024-02-08 13:40:21,059 [WARN] ConditionMgr:1039 - genDependencies : Invalid condition id : UX DEVICE CLASS RTOS Condition cause : null
2024-02-08 13:40:21,059 [WARN] ConditionMgr:1039 - genDependencies : Invalid condition id : UX DEVICE CLASS RTOS Condition cause : null
2024-02-08 13:40:21,059 [WARN] ConditionMgr:1039 - genDependencies : Invalid condition id : UX DEVICE CLASS RTOS Condition cause : null
2024-02-08 13:40:21,059 [WARN] ConditionMgr:1039 - genDependencies : Invalid condition id : UX DEVICE CLASS RTOS Condition cause : null
2024-02-08 13:40:21,059 [WARN] ConditionMgr:1039 - genDependencies : Invalid condition id : UX DEVICE CLASS RTOS Condition cause : null
2024-02-08 13:40:21,074 [WARN] PackLoader:240 - Cannot read IP mode file for STMicroelectronics.X-CUBE-NFC7.1.0.1
2024-02-08 13:40:21,089 [WARN] PackLoader:240 - Cannot read IP mode file for STMicroelectronics.X-CUBE-NFC6.3.0.0
2024-02-08 13:40:21,101 [WARN] PackLoader:240 - Cannot read IP mode file for STMicroelectronics.X-CUBE-AI.8.1.0
2024-02-08 13:40:21,139 [WARN] ConditionMgr:438 - getConditionDescription Invalid condition id : LAN8742 Phy interface Condition cause : null
2024-02-08 13:40:21,140 [WARN] PackLoader:240 - Cannot read IP mode file for STMicroelectronics.X-CUBE-AZRTOS-L4.2.0.0
2024-02-08 13:40:21,142 [WARN] ConditionMgr:1039 - genDependencies : Invalid condition id : LAN8742 Phy interface Condition cause : null
2024-02-08 13:40:21,142 [WARN] ConditionMgr:1039 - genDependencies : Invalid condition id : LAN8742 Phy interface Condition cause : null
2024-02-08 13:40:21,143 [WARN] ConditionMgr:1039 - genDependencies : Invalid condition id : LAN8742 Phy interface Condition cause : null
2024-02-08 13:40:21,164 [WARN] PackLoader:240 - Cannot read IP mode file for STMicroelectronics.X-CUBE-SFXS2LP1.4.0.0
2024-02-08 13:40:21,181 [WARN] PackLoader:240 - Cannot read IP mode file for STMicroelectronics.X-CUBE-ISPU.1.1.0
2024-02-08 13:40:21,204 [WARN] ConditionMgr:438 - getConditionDescription Invalid condition id : UX DEVICE CLASS RTOS Condition cause : null
2024-02-08 13:40:21,204 [WARN] ConditionMgr:438 - getConditionDescription Invalid condition id : UX DEVICE CLASS RTOS Condition cause : null
2024-02-08 13:40:21,205 [WARN] PackLoader:240 - Cannot read IP mode file for STMicroelectronics.X-CUBE-AZRTOS-WB.2.0.0
2024-02-08 13:40:21,205 [WARN] ConditionMgr:1039 - genDependencies : Invalid condition id : UX DEVICE CLASS RTOS Condition cause : null
2024-02-08 13:40:21,205 [WARN] ConditionMgr:1039 - genDependencies : Invalid condition id : UX DEVICE CLASS RTOS Condition cause : null
2024-02-08 13:40:21,206 [WARN] ConditionMgr:1039 - genDependencies : Invalid condition id : UX DEVICE CLASS RTOS Condition cause : null
2024-02-08 13:40:21,207 [WARN] ConditionMgr:1039 - genDependencies : Invalid condition id : UX DEVICE CLASS RTOS Condition cause : null
2024-02-08 13:40:21,207 [WARN] ConditionMgr:1039 - genDependencies : Invalid condition id : UX DEVICE CLASS RTOS Condition cause : null
2024-02-08 13:40:21,229 [WARN] PackLoader:240 - Cannot read IP mode file for STMicroelectronics.X-CUBE-SUBG2.5.0.0
2024-02-08 13:40:21,259 [WARN] PackLoader:240 - Cannot read IP mode file for STMicroelectronics.X-CUBE-AZRTOS-G4.2.0.0
2024-02-08 13:40:21,281 [WARN] PackLoader:240 - Cannot read IP mode file for Infineon.AIROC-Wi-Fi-Bluetooth-STM32.1.5.1
2024-02-08 13:40:21,295 [WARN] PackLoader:240 - Cannot read IP mode file for STMicroelectronics.FP-SNS-MOTENVWB1.1.3.1
2024-02-08 13:40:21,307 [WARN] PackLoader:240 - Cannot read IP mode file for STMicroelectronics.X-CUBE-ISPU.2.0.0
2024-02-08 13:40:21,352 [WARN] PackLoader:240 - Cannot read IP mode file for STMicroelectronics.X-CUBE-MEMS1.10.0.0
2024-02-08 13:40:21,487 [WARN] PackLoader:240 - Cannot read IP mode file for STMicroelectronics.X-CUBE-FREERTOS.1.1.0
2024-02-08 13:40:21,502 [WARN] PackLoader:240 - Cannot read IP mode file for portGmbH.I-Cube-SoM-uGOAL.1.1.0
2024-02-08 13:40:21,514 [WARN] PackLoader:240 - Cannot read IP mode file for STMicroelectronics.X-CUBE-ALS.1.0.1
2024-02-08 13:40:21,528 [WARN] PackLoader:240 - Cannot read IP mode file for STMicroelectronics.FP-ATR-ASTRA1.2.0.0
2024-02-08 13:40:21,549 [WARN] PackLoader:240 - Cannot read IP mode file for STMicroelectronics.X-CUBE-TOF1.3.4.0
2024-02-08 13:40:21,584 [WARN] PackLoader:240 - Cannot read IP mode file for STMicroelectronics.X-CUBE-AZRTOS-H7.3.2.0
2024-02-08 13:40:21,588 [INFO] ThirdParty:978 - Integrity check success = true
2024-02-08 13:40:21,588 [INFO] IntegrityCheckThread:100 - exiting critical section [integrity check]
2024-02-08 13:40:21,588 [INFO] IntegrityCheckThread:103 - End integrity checks thread
2024-02-08 13:40:22,408 [INFO] WebApp:161 - Instantiating new browser for Auth
2024-02-08 13:40:23,004 [INFO] WebApp:780 - Register for checkConnection events
2024-02-08 13:40:23,004 [INFO] WebApp:414 - Apply proxy settings
2024-02-08 13:40:23,004 [INFO] WebApp:499 - Chromium requires no authentication
2024-02-08 13:40:23,011 [INFO] WebApp:442 - Direct internet connection detected
2024-02-08 13:40:23,140 [INFO] WebApp:192 - Starting web application
2024-02-08 13:40:23,140 [INFO] WebApp:544 - Web application path used C:\ST\STM32CubeIDE_1.13.2\STM32CubeIDE\plugins\com.st.stm32cube.common.mx_6.10.0.202311202037\db\plugins\mcufinder\reactClient1\index.html
2024-02-08 13:40:32,039 [ERROR] LogOutputStream:75 - [STDERR_REDIRECT] SLF4J: Failed to load class "org.slf4j.impl.StaticLoggerBinder".
2024-02-08 13:40:32,039 [ERROR] LogOutputStream:75 - [STDERR_REDIRECT] SLF4J: Defaulting to no-operation (NOP) logger implementation
2024-02-08 13:40:32,040 [ERROR] LogOutputStream:75 - [STDERR_REDIRECT] SLF4J: See http://www.slf4j.org/codes.html#StaticLoggerBinder for further details.
2024-02-08 14:41:45,765 [INFO] McuFinderGlobals:63 - Set McuFinder mode to 2 (CubeIDE integrated)
2024-02-08 14:41:45,788 [INFO] MainUpdater:2873 - connection check result : 10
2024-02-08 14:41:45,811 [INFO] McuFinderGlobals:76 - Set McuFinderConnectedMode to true
2024-02-08 14:41:46,096 [INFO] ServerAccessManage:473 - Download File mcusAds.json._tmp_
2024-02-08 14:41:46,217 [INFO] LoadUrlFilesThread:156 - End of LoadUrlFiles Thread
2024-02-08 14:41:46,398 [INFO] ServerAccessManage:473 - Download File cube-finder-db.zip
2024-02-08 14:41:47,394 [INFO] FileExtend:240 - Unzip File : cube-finder-db.zip
2024-02-08 14:41:47,394 [INFO] FileExtend:255 - Standard Zip Deflate
2024-02-08 14:41:48,632 [INFO] LoadUrlFilesThread:156 - End of LoadUrlFiles Thread
2024-02-08 14:41:48,927 [INFO] ServerAccessManage:473 - Download File crdb.zip
2024-02-08 14:41:49,118 [INFO] FileExtend:240 - Unzip File : crdb.zip
2024-02-08 14:41:49,119 [INFO] FileExtend:255 - Standard Zip Deflate
2024-02-08 14:41:49,280 [INFO] LoadUrlFilesThread:156 - End of LoadUrlFiles Thread
2024-02-08 14:41:49,408 [INFO] ServerAccessManage:473 - Download File tutoVideoDB.zip
2024-02-08 14:41:49,416 [INFO] FileExtend:240 - Unzip File : tutoVideoDB.zip
2024-02-08 14:41:49,416 [INFO] FileExtend:255 - Standard Zip Deflate
2024-02-08 14:41:49,551 [INFO] LoadUrlFilesThread:156 - End of LoadUrlFiles Thread
2024-02-08 14:41:49,557 [WARN] DbFile:41 - Overriding database path with different value: C:\Users\aleja\.stmcufinder\plugins\mcufinder/ => C:\Users\aleja\.stmcufinder\plugins\mcufinder
2024-02-08 14:41:49,672 [INFO] ServerAccessManage:473 - Download File api_config.json
2024-02-08 14:41:49,799 [INFO] LoadUrlFilesThread:156 - End of LoadUrlFiles Thread
2024-02-08 14:41:49,804 [INFO] DbMcusAds:53 - JSON generation date=Wed Nov 29 11:52:27 CET 2023 (1701255147200)
2024-02-08 14:41:49,849 [INFO] LoadUrlFilesThread:185 - End of LoadServerUrlFiles without Thread
2024-02-08 14:41:49,850 [INFO] TargetSelectorAdapter:259 - Refresh data is successful
2024-02-08 14:41:50,045 [INFO] ApiDb:581 - Connected to CubeFinder SQLite database (C:\Users\aleja\.stmcufinder\plugins\mcufinder\mcu\cube-finder-db.db)
2024-02-08 14:41:50,103 [INFO] ApiDb:668 - CubeFinder database Data Model version=2.1
2024-02-08 14:41:50,103 [INFO] ApiDb:669 - CubeFinder database Configuration version=3.0.39
2024-02-08 14:41:50,103 [INFO] ApiDb:670 - CubeFinder database generation date=2024-01-11 (1704964531)
2024-02-08 14:41:50,104 [INFO] ApiDb:671 - CubeFinder database FW Pack versions=[FP-ATR-ASTRA1_V2.0.0, FP-SNS-FLIGHT1_V5.0.1, FP-SNS-FLIGHT1_V5.0.2, FP-SNS-MOTENV1_V4.3.1, FP-SNS-MOTENV1_V4.3.2, FP-SNS-MOTENVWB1_V1.3.1, FP-SNS-SMARTAG2_V1.2.0, STM32Cube_FW_C0_V1.1.0, STM32Cube_FW_F4_V1.28.0, STM32Cube_FW_F7_V1.17.0, STM32Cube_FW_G0_V1.6.2, STM32Cube_FW_G4_V1.5.2, STM32Cube_FW_H5_V0.5.1, STM32Cube_FW_H5_V1.1.1, STM32Cube_FW_H5_V1.2.0RC2, STM32Cube_FW_H7_V1.11.0, STM32Cube_FW_L0_V1.12.2, STM32Cube_FW_L5_V1.5.0, STM32Cube_FW_U5_V1.3.0RC4, STM32Cube_FW_U5_V1.4.0, STM32Cube_FW_WBA_V1.0.0RC1, STM32Cube_FW_WBA_V1.1.0RC1, STM32Cube_FW_WBA_V1.2.0, STM32Cube_FW_WBA_V1.2.0RC2, STM32Cube_FW_WB_V1.15.0RC1, STM32Cube_FW_WB_V1.16.0, STM32Cube_FW_WB_V1.16.0RC2, STM32Cube_FW_WB_V1.18.0, STM32Cube_FW_WL_V1.3.0, X-CUBE-ALGOBUILD_V1.3.0, X-CUBE-ALS_V1.0.1, X-CUBE-AZRTOS-F4_V1.1.0, X-CUBE-AZRTOS-F7_V1.1.0, X-CUBE-AZRTOS-G0_V1.1.0, X-CUBE-AZRTOS-G4_V2.0.0, X-CUBE-AZRTOS-H7_V3.2.0, X-CUBE-AZRTOS-L4_V1.0.0, X-CUBE-AZRTOS-L4_V2.0.0, X-CUBE-AZRTOS-L5_V1.1.0, X-CUBE-AZRTOS-WB_V2.0.0, X-CUBE-AZRTOS-WL_V2.0.0, X-CUBE-BLE1_V7.0.0, X-CUBE-BLE2_V3.3.0, X-CUBE-BLEMGR_V3.0.0, X-CUBE-EEPRMA1_V4.1.0, X-CUBE-EEPRMA1_V4.2.0, X-CUBE-FREERTOS_V1.1.0, X-CUBE-GNSS1_V6.0.0, X-CUBE-MEMS1_V10.0.0, X-CUBE-MEMS1_V9.1.0, X-CUBE-MEMS1_V9.4.0, X-CUBE-MEMS1_V9.6.0, X-CUBE-NFC4_V3.0.0, X-CUBE-NFC7_V1.0.1, X-CUBE-SFXS2LP1_V4.0.0, X-CUBE-SUBG2_V5.0.0, X-CUBE-TOF1_V3.4.0]
2024-02-08 14:41:51,684 [INFO] ApiDb:240 - Found 371 in-development CPN: [B-G473E-ZEST1S, B-WB1M-WPAN1, B-WL5M-SUBG1, NUCLEO-C031C6, NUCLEO-H503RB, NUCLEO-H563ZI, NUCLEO-U545RE-Q, NUCLEO-U5A5ZJ-Q, NUCLEO-WBA52CG, NUCLEO-WBA55CG, STEVAL-MKBOXPRO, STEVAL-PROTEUS1, STEVAL-STWINBX1, STM320518-EVAL, STM32C0116-DK, STM32C011D6Y3TR, STM32C011D6Y6TR, STM32C011F4P3, STM32C011F4P6, STM32C011F4U3, STM32C011F4U6TR, STM32C011F6P3, STM32C011F6P6, STM32C011F6U3, STM32C011F6U6TR, STM32C011J4M3, STM32C011J4M6, STM32C011J6M3, STM32C011J6M6, STM32C0316-DK, STM32C031C4T3, STM32C031C4T6, STM32C031C4U3, STM32C031C4U6, STM32C031C6T3, STM32C031C6T6, STM32C031C6U3, STM32C031C6U6, STM32C031F4P3, STM32C031F4P6, STM32C031F6P3, STM32C031F6P6, STM32C031G4U3, STM32C031G4U6, STM32C031G6U3, STM32C031G6U6, STM32C031K4T3, STM32C031K4T6, STM32C031K4U3, STM32C031K4U6, STM32C031K6T3, STM32C031K6T6, STM32C031K6U3, STM32C031K6U6, STM32G071K8TXN, STM32G071K8UXN, STM32G081GBU6N, STM32G081KBT6N, STM32G081KBUXN, STM32G0B1CCT6N, STM32G0B1KCT6, STM32G0B1NEY6TR, STM32G0B1RCT6N, STM32G0C1CCT6, STM32G0C1CCT6N, STM32G0C1CCU6N, STM32G0C1CET6N, STM32G0C1CEU6N, STM32G0C1KCT6, STM32G0C1NEY6TR, STM32G0C1RCI6N, STM32G0C1RCT6N, STM32G0C1REI6N, STM32G0C1RET6N, STM32G0C1VCI6, STM32G0C1VEI6, STM32G471CCT6, STM32G471CCU6, STM32G471CET3, STM32G471CET6, STM32G471CEU3, STM32G471CEU6, STM32G471MCT6, STM32G471MET3, STM32G471MET6, STM32G471MEY6TR, STM32G471QCT6, STM32G471QET3, STM32G471RCT6, STM32G471RET3, STM32G471RET6, STM32G471VCH6, STM32G471VCI6, STM32G471VCT6, STM32G471VEH3, STM32G471VEH6, STM32G471VEI3, STM32G471VEI6, STM32G471VET3, STM32G471VET6, STM32G474CCT6, STM32H503CBT6, STM32H503CBU6, STM32H503EBY6TR, STM32H503KBU6, STM32H503RBT6, STM32H562AGI6, STM32H562AII6, STM32H562IGK6, STM32H562IGT6, STM32H562IIK6, STM32H562IIT6, STM32H562RGT6, STM32H562RGV6, STM32H562RIT6, STM32H562RIV6, STM32H562VGT6, STM32H562VIT6, STM32H562ZGT6, STM32H562ZIT6, STM32H563AGI6, STM32H563AII3Q, STM32H563AII6, STM32H563IGK6, STM32H563IGT6, STM32H563IIK3Q, STM32H563IIK6, STM32H563IIT3Q, STM32H563IIT6, STM32H563MIY3QTR, STM32H563RGT6, STM32H563RGV6, STM32H563RIT6, STM32H563RIV6, STM32H563VGT6, STM32H563VIT3Q, STM32H563VIT6, STM32H563ZGT6, STM32H563ZIT3Q, STM32H563ZIT6, STM32H573AII3Q, STM32H573AII6, STM32H573I-DK, STM32H573IIK3Q, STM32H573IIK6, STM32H573IIT3Q, STM32H573IIT6, STM32H573MIY3QTR, STM32H573RIT6, STM32H573RIV6, STM32H573VIT3Q, STM32H573VIT6, STM32H573ZIT3Q, STM32H573ZIT6, STM32L4R5QGI6STR, STM32MP131AAE3, STM32MP131AAF3, STM32MP131AAG3, STM32MP131CAE3, STM32MP131CAF3, STM32MP131CAG3, STM32MP131DAE7, STM32MP131DAF7, STM32MP131DAG7, STM32MP131FAE7, STM32MP131FAF7, STM32MP131FAG7, STM32MP133AAE3, STM32MP133AAF3, STM32MP133AAG3, STM32MP133CAE3, STM32MP133CAF3, STM32MP133CAG3, STM32MP133DAE7, STM32MP133DAF7, STM32MP133DAG7, STM32MP133FAE7, STM32MP133FAF7, STM32MP133FAG7, STM32MP135AAE3, STM32MP135AAF3, STM32MP135AAG3, STM32MP135CAE3, STM32MP135CAF3, STM32MP135CAG3, STM32MP135DAE7, STM32MP135DAF7, STM32MP135DAG7, STM32MP135F-DK, STM32MP135FAE7, STM32MP135FAF7, STM32MP135FAF7T, STM32MP135FAF7U, STM32MP135FAG7, STM32U535CBT6, STM32U535CBT6Q, STM32U535CBU6, STM32U535CBU6Q, STM32U535CCT6, STM32U535CCT6Q, STM32U535CCU6, STM32U535CCU6Q, STM32U535CET6, STM32U535CET6Q, STM32U535CEU6, STM32U535CEU6Q, STM32U535JEY6QTR, STM32U535NCY6QTR, STM32U535NEY6QTR, STM32U535RBI6, STM32U535RBI6Q, STM32U535RBT6, STM32U535RBT6Q, STM32U535RCI6, STM32U535RCI6Q, STM32U535RCT6, STM32U535RCT6Q, STM32U535REI6, STM32U535REI6Q, STM32U535RET6, STM32U535RET6Q, STM32U535VCI6, STM32U535VCI6Q, STM32U535VCT6, STM32U535VCT6Q, STM32U535VEI6, STM32U535VEI6Q, STM32U535VET6, STM32U535VET6Q, STM32U545CET6, STM32U545CET6Q, STM32U545CEU6, STM32U545CEU6Q, STM32U545JEY6QTR, STM32U545NEY6QTR, STM32U545REI6, STM32U545REI6Q, STM32U545RET6, STM32U545RET6Q, STM32U545VEI6, STM32U545VEI6Q, STM32U545VET6, STM32U545VET6Q, STM32U595AIH6, STM32U595AIH6Q, STM32U595AJH6, STM32U595AJH6Q, STM32U595QII6, STM32U595QII6Q, STM32U595QJI6, STM32U595QJI6Q, STM32U595RIT6, STM32U595RIT6Q, STM32U595RJT6, STM32U595RJT6Q, STM32U595VIT6, STM32U595VIT6Q, STM32U595VJT6, STM32U595VJT6Q, STM32U595ZIT6, STM32U595ZIT6Q, STM32U595ZIY6QTR, STM32U595ZJT6, STM32U595ZJT6Q, STM32U595ZJY6QTR, STM32U599BJY6QTR, STM32U599NIH6Q, STM32U599NJH6Q, STM32U599VIT6Q, STM32U599VJT6, STM32U599VJT6Q, STM32U599ZIT6Q, STM32U599ZIY6QTR, STM32U599ZJT6Q, STM32U599ZJY6QTR, STM32U5A5AJH6, STM32U5A5AJH6Q, STM32U5A5QJI6, STM32U5A5QJI6Q, STM32U5A5RJT6, STM32U5A5RJT6Q, STM32U5A5VJT6, STM32U5A5VJT6Q, STM32U5A5ZJT6, STM32U5A5ZJT6Q, STM32U5A5ZJY6QTR, STM32U5A9BJY6QTR, STM32U5A9J-DK, STM32U5A9NJH6Q, STM32U5A9VJT6Q, STM32U5A9ZJT6Q, STM32U5A9ZJY6QTR, STM32U5F7VIT6, STM32U5F7VIT6Q, STM32U5F7VJT6, STM32U5F7VJT6Q, STM32U5F9BJY6QTR, STM32U5F9NJH6Q, STM32U5F9VIT6Q, STM32U5F9VJT6Q, STM32U5F9ZIJ6QTR, STM32U5F9ZIT6Q, STM32U5F9ZJJ6QTR, STM32U5F9ZJT6Q, STM32U5G7VJT6, STM32U5G7VJT6Q, STM32U5G9BJY6QTR, STM32U5G9J-DK1, STM32U5G9J-DK2, STM32U5G9NJH6Q, STM32U5G9VJT6Q, STM32U5G9ZJJ6QTR, STM32U5G9ZJT6Q, STM32WB1MMCH6, STM32WBA50KEU6, STM32WBA50KEU6TR, STM32WBA50KGU6, STM32WBA50KGU6TR, STM32WBA52CEU6, STM32WBA52CEU6TR, STM32WBA52CEU7, STM32WBA52CEU7TR, STM32WBA52CGU6, STM32WBA52CGU6TR, STM32WBA52CGU6U, STM32WBA52CGU7, STM32WBA52CGU7TR, STM32WBA52KEU6, STM32WBA52KEU6TR, STM32WBA52KGU6, STM32WBA52KGU6TR, STM32WBA54CEU6, STM32WBA54CEU6TR, STM32WBA54CEU7, STM32WBA54CEU7TR, STM32WBA54CGU6, STM32WBA54CGU6TR, STM32WBA54CGU7, STM32WBA54CGU7TR, STM32WBA54KEU6, STM32WBA54KEU6TR, STM32WBA54KEU7, STM32WBA54KEU7TR, STM32WBA54KGU6, STM32WBA54KGU6TR, STM32WBA54KGU7, STM32WBA54KGU7TR, STM32WBA55CEU6, STM32WBA55CEU6TR, STM32WBA55CEU7, STM32WBA55CEU7TR, STM32WBA55CGU6, STM32WBA55CGU6TR, STM32WBA55CGU6U, STM32WBA55CGU7, STM32WBA55CGU7TR, STM32WBA55G-DK1, STM32WBA55HEF6, STM32WBA55HEF7, STM32WBA55HGF6, STM32WBA55HGF7, STM32WBA55UEI6, STM32WBA55UEI6TR, STM32WBA55UEI7, STM32WBA55UEI7TR, STM32WBA55UGI6, STM32WBA55UGI6TR, STM32WBA55UGI7, STM32WBA55UGI7TR, STM32WL5MOCH6, STM32WL5MOCH6TR]
2024-02-08 14:41:51,687 [INFO] DbMcus:218 - Found 3930 MCUs, 3930 are supported
2024-02-08 14:41:51,693 [INFO] ApiDb:423 - Load user favorites file C:\Users\aleja/.stm32cubeide/favorites.mcus.txt: 1 item(s)
2024-02-08 14:41:51,693 [INFO] ApiDb:427 - User favorites MCUs=[STM32F042F4P6]
2024-02-08 14:41:51,693 [INFO] DbMcus:224 - Set 1 / 1 favorites MCUs
2024-02-08 14:41:51,925 [INFO] ApiDb:668 - CubeFinder database Data Model version=2.1
2024-02-08 14:41:51,925 [INFO] ApiDb:669 - CubeFinder database Configuration version=3.0.39
2024-02-08 14:41:51,925 [INFO] ApiDb:670 - CubeFinder database generation date=2024-01-11 (1704964531)
2024-02-08 14:41:51,925 [INFO] ApiDb:671 - CubeFinder database FW Pack versions=[FP-ATR-ASTRA1_V2.0.0, FP-SNS-FLIGHT1_V5.0.1, FP-SNS-FLIGHT1_V5.0.2, FP-SNS-MOTENV1_V4.3.1, FP-SNS-MOTENV1_V4.3.2, FP-SNS-MOTENVWB1_V1.3.1, FP-SNS-SMARTAG2_V1.2.0, STM32Cube_FW_C0_V1.1.0, STM32Cube_FW_F4_V1.28.0, STM32Cube_FW_F7_V1.17.0, STM32Cube_FW_G0_V1.6.2, STM32Cube_FW_G4_V1.5.2, STM32Cube_FW_H5_V0.5.1, STM32Cube_FW_H5_V1.1.1, STM32Cube_FW_H5_V1.2.0RC2, STM32Cube_FW_H7_V1.11.0, STM32Cube_FW_L0_V1.12.2, STM32Cube_FW_L5_V1.5.0, STM32Cube_FW_U5_V1.3.0RC4, STM32Cube_FW_U5_V1.4.0, STM32Cube_FW_WBA_V1.0.0RC1, STM32Cube_FW_WBA_V1.1.0RC1, STM32Cube_FW_WBA_V1.2.0, STM32Cube_FW_WBA_V1.2.0RC2, STM32Cube_FW_WB_V1.15.0RC1, STM32Cube_FW_WB_V1.16.0, STM32Cube_FW_WB_V1.16.0RC2, STM32Cube_FW_WB_V1.18.0, STM32Cube_FW_WL_V1.3.0, X-CUBE-ALGOBUILD_V1.3.0, X-CUBE-ALS_V1.0.1, X-CUBE-AZRTOS-F4_V1.1.0, X-CUBE-AZRTOS-F7_V1.1.0, X-CUBE-AZRTOS-G0_V1.1.0, X-CUBE-AZRTOS-G4_V2.0.0, X-CUBE-AZRTOS-H7_V3.2.0, X-CUBE-AZRTOS-L4_V1.0.0, X-CUBE-AZRTOS-L4_V2.0.0, X-CUBE-AZRTOS-L5_V1.1.0, X-CUBE-AZRTOS-WB_V2.0.0, X-CUBE-AZRTOS-WL_V2.0.0, X-CUBE-BLE1_V7.0.0, X-CUBE-BLE2_V3.3.0, X-CUBE-BLEMGR_V3.0.0, X-CUBE-EEPRMA1_V4.1.0, X-CUBE-EEPRMA1_V4.2.0, X-CUBE-FREERTOS_V1.1.0, X-CUBE-GNSS1_V6.0.0, X-CUBE-MEMS1_V10.0.0, X-CUBE-MEMS1_V9.1.0, X-CUBE-MEMS1_V9.4.0, X-CUBE-MEMS1_V9.6.0, X-CUBE-NFC4_V3.0.0, X-CUBE-NFC7_V1.0.1, X-CUBE-SFXS2LP1_V4.0.0, X-CUBE-SUBG2_V5.0.0, X-CUBE-TOF1_V3.4.0]
2024-02-08 14:41:51,970 [INFO] DbBoardsSqlite:226 - include board P-NUCLEO-WB55-NUCLEO as a kit item of type 'Nucleo-64'
2024-02-08 14:41:51,970 [INFO] DbBoardsSqlite:226 - include board P-NUCLEO-WB55-USBDONGLE as a kit item of type 'Nucleo USB Dongle'
2024-02-08 14:41:51,971 [INFO] DbBoardsSqlite:226 - include board STEVAL-IDP005V1 as a kit item of type 'Evaluation Board'
2024-02-08 14:41:51,971 [INFO] DbBoardsSqlite:226 - include board STEVAL-IDP005V2 as a kit item of type 'Evaluation Board'
2024-02-08 14:41:52,009 [INFO] ApiDb:240 - Found 371 in-development CPN: [B-G473E-ZEST1S, B-WB1M-WPAN1, B-WL5M-SUBG1, NUCLEO-C031C6, NUCLEO-H503RB, NUCLEO-H563ZI, NUCLEO-U545RE-Q, NUCLEO-U5A5ZJ-Q, NUCLEO-WBA52CG, NUCLEO-WBA55CG, STEVAL-MKBOXPRO, STEVAL-PROTEUS1, STEVAL-STWINBX1, STM320518-EVAL, STM32C0116-DK, STM32C011D6Y3TR, STM32C011D6Y6TR, STM32C011F4P3, STM32C011F4P6, STM32C011F4U3, STM32C011F4U6TR, STM32C011F6P3, STM32C011F6P6, STM32C011F6U3, STM32C011F6U6TR, STM32C011J4M3, STM32C011J4M6, STM32C011J6M3, STM32C011J6M6, STM32C0316-DK, STM32C031C4T3, STM32C031C4T6, STM32C031C4U3, STM32C031C4U6, STM32C031C6T3, STM32C031C6T6, STM32C031C6U3, STM32C031C6U6, STM32C031F4P3, STM32C031F4P6, STM32C031F6P3, STM32C031F6P6, STM32C031G4U3, STM32C031G4U6, STM32C031G6U3, STM32C031G6U6, STM32C031K4T3, STM32C031K4T6, STM32C031K4U3, STM32C031K4U6, STM32C031K6T3, STM32C031K6T6, STM32C031K6U3, STM32C031K6U6, STM32G071K8TXN, STM32G071K8UXN, STM32G081GBU6N, STM32G081KBT6N, STM32G081KBUXN, STM32G0B1CCT6N, STM32G0B1KCT6, STM32G0B1NEY6TR, STM32G0B1RCT6N, STM32G0C1CCT6, STM32G0C1CCT6N, STM32G0C1CCU6N, STM32G0C1CET6N, STM32G0C1CEU6N, STM32G0C1KCT6, STM32G0C1NEY6TR, STM32G0C1RCI6N, STM32G0C1RCT6N, STM32G0C1REI6N, STM32G0C1RET6N, STM32G0C1VCI6, STM32G0C1VEI6, STM32G471CCT6, STM32G471CCU6, STM32G471CET3, STM32G471CET6, STM32G471CEU3, STM32G471CEU6, STM32G471MCT6, STM32G471MET3, STM32G471MET6, STM32G471MEY6TR, STM32G471QCT6, STM32G471QET3, STM32G471RCT6, STM32G471RET3, STM32G471RET6, STM32G471VCH6, STM32G471VCI6, STM32G471VCT6, STM32G471VEH3, STM32G471VEH6, STM32G471VEI3, STM32G471VEI6, STM32G471VET3, STM32G471VET6, STM32G474CCT6, STM32H503CBT6, STM32H503CBU6, STM32H503EBY6TR, STM32H503KBU6, STM32H503RBT6, STM32H562AGI6, STM32H562AII6, STM32H562IGK6, STM32H562IGT6, STM32H562IIK6, STM32H562IIT6, STM32H562RGT6, STM32H562RGV6, STM32H562RIT6, STM32H562RIV6, STM32H562VGT6, STM32H562VIT6, STM32H562ZGT6, STM32H562ZIT6, STM32H563AGI6, STM32H563AII3Q, STM32H563AII6, STM32H563IGK6, STM32H563IGT6, STM32H563IIK3Q, STM32H563IIK6, STM32H563IIT3Q, STM32H563IIT6, STM32H563MIY3QTR, STM32H563RGT6, STM32H563RGV6, STM32H563RIT6, STM32H563RIV6, STM32H563VGT6, STM32H563VIT3Q, STM32H563VIT6, STM32H563ZGT6, STM32H563ZIT3Q, STM32H563ZIT6, STM32H573AII3Q, STM32H573AII6, STM32H573I-DK, STM32H573IIK3Q, STM32H573IIK6, STM32H573IIT3Q, STM32H573IIT6, STM32H573MIY3QTR, STM32H573RIT6, STM32H573RIV6, STM32H573VIT3Q, STM32H573VIT6, STM32H573ZIT3Q, STM32H573ZIT6, STM32L4R5QGI6STR, STM32MP131AAE3, STM32MP131AAF3, STM32MP131AAG3, STM32MP131CAE3, STM32MP131CAF3, STM32MP131CAG3, STM32MP131DAE7, STM32MP131DAF7, STM32MP131DAG7, STM32MP131FAE7, STM32MP131FAF7, STM32MP131FAG7, STM32MP133AAE3, STM32MP133AAF3, STM32MP133AAG3, STM32MP133CAE3, STM32MP133CAF3, STM32MP133CAG3, STM32MP133DAE7, STM32MP133DAF7, STM32MP133DAG7, STM32MP133FAE7, STM32MP133FAF7, STM32MP133FAG7, STM32MP135AAE3, STM32MP135AAF3, STM32MP135AAG3, STM32MP135CAE3, STM32MP135CAF3, STM32MP135CAG3, STM32MP135DAE7, STM32MP135DAF7, STM32MP135DAG7, STM32MP135F-DK, STM32MP135FAE7, STM32MP135FAF7, STM32MP135FAF7T, STM32MP135FAF7U, STM32MP135FAG7, STM32U535CBT6, STM32U535CBT6Q, STM32U535CBU6, STM32U535CBU6Q, STM32U535CCT6, STM32U535CCT6Q, STM32U535CCU6, STM32U535CCU6Q, STM32U535CET6, STM32U535CET6Q, STM32U535CEU6, STM32U535CEU6Q, STM32U535JEY6QTR, STM32U535NCY6QTR, STM32U535NEY6QTR, STM32U535RBI6, STM32U535RBI6Q, STM32U535RBT6, STM32U535RBT6Q, STM32U535RCI6, STM32U535RCI6Q, STM32U535RCT6, STM32U535RCT6Q, STM32U535REI6, STM32U535REI6Q, STM32U535RET6, STM32U535RET6Q, STM32U535VCI6, STM32U535VCI6Q, STM32U535VCT6, STM32U535VCT6Q, STM32U535VEI6, STM32U535VEI6Q, STM32U535VET6, STM32U535VET6Q, STM32U545CET6, STM32U545CET6Q, STM32U545CEU6, STM32U545CEU6Q, STM32U545JEY6QTR, STM32U545NEY6QTR, STM32U545REI6, STM32U545REI6Q, STM32U545RET6, STM32U545RET6Q, STM32U545VEI6, STM32U545VEI6Q, STM32U545VET6, STM32U545VET6Q, STM32U595AIH6, STM32U595AIH6Q, STM32U595AJH6, STM32U595AJH6Q, STM32U595QII6, STM32U595QII6Q, STM32U595QJI6, STM32U595QJI6Q, STM32U595RIT6, STM32U595RIT6Q, STM32U595RJT6, STM32U595RJT6Q, STM32U595VIT6, STM32U595VIT6Q, STM32U595VJT6, STM32U595VJT6Q, STM32U595ZIT6, STM32U595ZIT6Q, STM32U595ZIY6QTR, STM32U595ZJT6, STM32U595ZJT6Q, STM32U595ZJY6QTR, STM32U599BJY6QTR, STM32U599NIH6Q, STM32U599NJH6Q, STM32U599VIT6Q, STM32U599VJT6, STM32U599VJT6Q, STM32U599ZIT6Q, STM32U599ZIY6QTR, STM32U599ZJT6Q, STM32U599ZJY6QTR, STM32U5A5AJH6, STM32U5A5AJH6Q, STM32U5A5QJI6, STM32U5A5QJI6Q, STM32U5A5RJT6, STM32U5A5RJT6Q, STM32U5A5VJT6, STM32U5A5VJT6Q, STM32U5A5ZJT6, STM32U5A5ZJT6Q, STM32U5A5ZJY6QTR, STM32U5A9BJY6QTR, STM32U5A9J-DK, STM32U5A9NJH6Q, STM32U5A9VJT6Q, STM32U5A9ZJT6Q, STM32U5A9ZJY6QTR, STM32U5F7VIT6, STM32U5F7VIT6Q, STM32U5F7VJT6, STM32U5F7VJT6Q, STM32U5F9BJY6QTR, STM32U5F9NJH6Q, STM32U5F9VIT6Q, STM32U5F9VJT6Q, STM32U5F9ZIJ6QTR, STM32U5F9ZIT6Q, STM32U5F9ZJJ6QTR, STM32U5F9ZJT6Q, STM32U5G7VJT6, STM32U5G7VJT6Q, STM32U5G9BJY6QTR, STM32U5G9J-DK1, STM32U5G9J-DK2, STM32U5G9NJH6Q, STM32U5G9VJT6Q, STM32U5G9ZJJ6QTR, STM32U5G9ZJT6Q, STM32WB1MMCH6, STM32WBA50KEU6, STM32WBA50KEU6TR, STM32WBA50KGU6, STM32WBA50KGU6TR, STM32WBA52CEU6, STM32WBA52CEU6TR, STM32WBA52CEU7, STM32WBA52CEU7TR, STM32WBA52CGU6, STM32WBA52CGU6TR, STM32WBA52CGU6U, STM32WBA52CGU7, STM32WBA52CGU7TR, STM32WBA52KEU6, STM32WBA52KEU6TR, STM32WBA52KGU6, STM32WBA52KGU6TR, STM32WBA54CEU6, STM32WBA54CEU6TR, STM32WBA54CEU7, STM32WBA54CEU7TR, STM32WBA54CGU6, STM32WBA54CGU6TR, STM32WBA54CGU7, STM32WBA54CGU7TR, STM32WBA54KEU6, STM32WBA54KEU6TR, STM32WBA54KEU7, STM32WBA54KEU7TR, STM32WBA54KGU6, STM32WBA54KGU6TR, STM32WBA54KGU7, STM32WBA54KGU7TR, STM32WBA55CEU6, STM32WBA55CEU6TR, STM32WBA55CEU7, STM32WBA55CEU7TR, STM32WBA55CGU6, STM32WBA55CGU6TR, STM32WBA55CGU6U, STM32WBA55CGU7, STM32WBA55CGU7TR, STM32WBA55G-DK1, STM32WBA55HEF6, STM32WBA55HEF7, STM32WBA55HGF6, STM32WBA55HGF7, STM32WBA55UEI6, STM32WBA55UEI6TR, STM32WBA55UEI7, STM32WBA55UEI7TR, STM32WBA55UGI6, STM32WBA55UGI6TR, STM32WBA55UGI7, STM32WBA55UGI7TR, STM32WL5MOCH6, STM32WL5MOCH6TR]
2024-02-08 14:41:52,117 [INFO] BoardInfo:889 - No configuration file found for board P-NUCLEO-WB55
2024-02-08 14:41:52,118 [INFO] DbBoards:161 - Kit is not supported: P-NUCLEO-WB55
2024-02-08 14:41:52,122 [INFO] BoardInfo:889 - No configuration file found for board STEVAL-BFA001V1B
2024-02-08 14:41:52,122 [INFO] DbBoards:161 - Kit is not supported: STEVAL-BFA001V1B
2024-02-08 14:41:52,123 [INFO] BoardInfo:889 - No configuration file found for board STEVAL-BFA001V2B
2024-02-08 14:41:52,123 [INFO] DbBoards:161 - Kit is not supported: STEVAL-BFA001V2B
2024-02-08 14:41:52,287 [INFO] DbBoards:168 - Found 193 boards, 190 are supported
2024-02-08 14:41:52,287 [INFO] DbBoards:169 - Found 193 boards, 3 of them is supported for  Bsp
2024-02-08 14:41:52,289 [INFO] ApiDb:423 - Load user favorites file C:\Users\aleja/.stm32cubeide/favorites.boards.txt: 0 item(s)
2024-02-08 14:41:52,289 [INFO] ApiDb:427 - User favorites Boards=[]
2024-02-08 14:41:52,290 [INFO] DbBoards:198 - Set 0 / 0 favorites Boards
2024-02-08 14:41:52,293 [INFO] ApiDb:668 - CubeFinder database Data Model version=2.1
2024-02-08 14:41:52,293 [INFO] ApiDb:669 - CubeFinder database Configuration version=3.0.39
2024-02-08 14:41:52,293 [INFO] ApiDb:670 - CubeFinder database generation date=2024-01-11 (1704964531)
2024-02-08 14:41:52,293 [INFO] ApiDb:671 - CubeFinder database FW Pack versions=[FP-ATR-ASTRA1_V2.0.0, FP-SNS-FLIGHT1_V5.0.1, FP-SNS-FLIGHT1_V5.0.2, FP-SNS-MOTENV1_V4.3.1, FP-SNS-MOTENV1_V4.3.2, FP-SNS-MOTENVWB1_V1.3.1, FP-SNS-SMARTAG2_V1.2.0, STM32Cube_FW_C0_V1.1.0, STM32Cube_FW_F4_V1.28.0, STM32Cube_FW_F7_V1.17.0, STM32Cube_FW_G0_V1.6.2, STM32Cube_FW_G4_V1.5.2, STM32Cube_FW_H5_V0.5.1, STM32Cube_FW_H5_V1.1.1, STM32Cube_FW_H5_V1.2.0RC2, STM32Cube_FW_H7_V1.11.0, STM32Cube_FW_L0_V1.12.2, STM32Cube_FW_L5_V1.5.0, STM32Cube_FW_U5_V1.3.0RC4, STM32Cube_FW_U5_V1.4.0, STM32Cube_FW_WBA_V1.0.0RC1, STM32Cube_FW_WBA_V1.1.0RC1, STM32Cube_FW_WBA_V1.2.0, STM32Cube_FW_WBA_V1.2.0RC2, STM32Cube_FW_WB_V1.15.0RC1, STM32Cube_FW_WB_V1.16.0, STM32Cube_FW_WB_V1.16.0RC2, STM32Cube_FW_WB_V1.18.0, STM32Cube_FW_WL_V1.3.0, X-CUBE-ALGOBUILD_V1.3.0, X-CUBE-ALS_V1.0.1, X-CUBE-AZRTOS-F4_V1.1.0, X-CUBE-AZRTOS-F7_V1.1.0, X-CUBE-AZRTOS-G0_V1.1.0, X-CUBE-AZRTOS-G4_V2.0.0, X-CUBE-AZRTOS-H7_V3.2.0, X-CUBE-AZRTOS-L4_V1.0.0, X-CUBE-AZRTOS-L4_V2.0.0, X-CUBE-AZRTOS-L5_V1.1.0, X-CUBE-AZRTOS-WB_V2.0.0, X-CUBE-AZRTOS-WL_V2.0.0, X-CUBE-BLE1_V7.0.0, X-CUBE-BLE2_V3.3.0, X-CUBE-BLEMGR_V3.0.0, X-CUBE-EEPRMA1_V4.1.0, X-CUBE-EEPRMA1_V4.2.0, X-CUBE-FREERTOS_V1.1.0, X-CUBE-GNSS1_V6.0.0, X-CUBE-MEMS1_V10.0.0, X-CUBE-MEMS1_V9.1.0, X-CUBE-MEMS1_V9.4.0, X-CUBE-MEMS1_V9.6.0, X-CUBE-NFC4_V3.0.0, X-CUBE-NFC7_V1.0.1, X-CUBE-SFXS2LP1_V4.0.0, X-CUBE-SUBG2_V5.0.0, X-CUBE-TOF1_V3.4.0]
2024-02-08 14:41:53,020 [ERROR] DbExamplesSqlite:437 - Missing JSON key: board_cpn
2024-02-08 14:41:53,020 [ERROR] DbExamplesSqlite:437 - Missing JSON key: board_cpn
2024-02-08 14:41:53,020 [ERROR] DbExamplesSqlite:437 - Missing JSON key: board_cpn
2024-02-08 14:41:53,020 [ERROR] DbExamplesSqlite:437 - Missing JSON key: board_cpn
2024-02-08 14:41:53,056 [INFO] DbExamplesSqlite:395 - Ignored 55 examples not supported by CubeIDE
2024-02-08 14:41:53,056 [INFO] DbExamplesSqlite:396 - Found 7560 examples active
2024-02-08 14:41:53,056 [INFO] DbExamplesSqlite:397 - Found 844 examples obsolete
2024-02-08 14:41:53,056 [INFO] DbExamplesSqlite:398 - Found 0 examples under development
2024-02-08 14:41:53,056 [INFO] DbExamplesSqlite:399 - Found 8 examples not building
2024-02-08 14:41:53,057 [INFO] DbExamples:125 - Found 7513 examples
2024-02-08 14:41:53,068 [INFO] DbExamples:222 - Found 95 boards with related examples
2024-02-08 14:41:53,069 [INFO] DbExamples:235 - Found 80 MCUs with related examples
2024-02-08 14:41:53,083 [INFO] ApiDb:423 - Load user favorites file C:\Users\aleja/.stm32cubeide/favorites.examples.txt: 0 item(s)
2024-02-08 14:41:53,084 [INFO] ApiDb:427 - User favorites Examples=[]
2024-02-08 14:41:53,084 [INFO] DbExamples:250 - Set 0 / 0 favorites Examples
2024-02-08 14:41:53,689 [INFO] McuFinderGlobals:76 - Set McuFinderConnectedMode to true
2024-02-08 14:41:53,700 [INFO] MultiScanPanel:200 - Auto-refresh data requested => check proxy status ongoing
2024-02-08 14:41:53,705 [INFO] FinderPluginLoader:95 - Searching for filters in installed packs
2024-02-08 14:41:55,189 [INFO] LoadUrlFilesThread:185 - End of LoadServerUrlFiles without Thread
2024-02-08 14:41:55,207 [INFO] DetailPanel:341 - Set advertising image to C:/Users/aleja/STM32Cube/Repository/\en.prom-stm32wl3-mcu-finder.jpg
2024-02-08 14:42:28,601 [INFO] MainUpdater:2873 - connection check result : 10
2024-02-08 14:42:28,602 [INFO] MainUpdater:2873 - connection check result : 10
2024-02-08 14:42:28,640 [INFO] MicroXplorer:468 - Change Database Path : 
2024-02-08 14:42:28,640 [INFO] MicroXplorer:498 - Change Database Version : DB.6.0.100
2024-02-08 14:42:28,651 [WARN] ThirdParty:871 - waiting for thirdparty lock release [close project]
2024-02-08 14:42:28,651 [INFO] ThirdParty:873 - entering critical section [close project]
2024-02-08 14:42:28,655 [INFO] ThirdParty:883 - exiting critical section [close project]
2024-02-08 14:42:28,659 [INFO] PinOutPanel:1499 - setPackage(No Configuration,No Configuration)
2024-02-08 14:42:28,666 [INFO] UtilMem:75 - Begin LoadConfig() Used Memory: 677665072 Bytes (1073741824)
2024-02-08 14:42:28,667 [INFO] MicroXplorer:468 - Change Database Path : 
2024-02-08 14:42:28,668 [INFO] MicroXplorer:498 - Change Database Version : DB.6.0.100
2024-02-08 14:42:28,668 [INFO] OpenFileManager:312 - Change cursor
2024-02-08 14:42:28,707 [INFO] Mcu:2016 - Initializing MCU STM32F042F4Px STM32F042F4Px STM32F042F4P6
2024-02-08 14:42:29,949 [INFO] Context:659 - Trying to add GPIOservice into a context  which must be forbidden
2024-02-08 14:42:30,253 [INFO] ImportTextPane:194 - (OptionalMessage_ERROR) Unable to find key (Mcu.ThirdPartyNb) in loaded IOC file
2024-02-08 14:42:30,254 [INFO] ImportTextPane:194 - (OptionalMessage_ERROR) Unable to find key (Mcu.PinsNb) in loaded IOC file
2024-02-08 14:42:30,254 [INFO] ImportTextPane:194 - (OptionalMessage_ERROR) Unable to find key (Mcu.IPNb) in loaded IOC file
2024-02-08 14:42:30,346 [INFO] RtosManager:555 - Registered RTOS mode: class=CMSIS, group=RTOS, mode=CMSIS_V1, owner=FREERTOS
2024-02-08 14:42:30,346 [INFO] RtosManager:555 - Registered RTOS mode: class=CMSIS, group=RTOS2, mode=CMSIS_V2, owner=FREERTOS
2024-02-08 14:42:30,346 [INFO] RtosManager:555 - Registered RTOS mode: class=RTOS, group=Core, mode=CMSIS_V1, owner=FREERTOS
2024-02-08 14:42:30,346 [INFO] RtosManager:555 - Registered RTOS mode: class=RTOS, group=Core, mode=CMSIS_V2, owner=FREERTOS
2024-02-08 14:42:30,346 [WARN] ModelIntegratedComponent:184 - Missing modes for component STMicroelectronics:FreeRTOS:0.0.1:STMicroelectronics:RTOS:FreeRTOS:Core:::10.2.0:
2024-02-08 14:42:30,366 [WARN] ModelIntegratedComponent:63 - No mode defined for component null
2024-02-08 14:42:30,367 [WARN] ModelIntegratedComponent:63 - No mode defined for component null
2024-02-08 14:42:30,367 [WARN] ModelIntegratedComponent:63 - No mode defined for component null
2024-02-08 14:42:30,367 [WARN] ModelIntegratedComponent:63 - No mode defined for component null
2024-02-08 14:42:30,367 [WARN] ModelIntegratedComponent:63 - No mode defined for component null
2024-02-08 14:42:30,367 [WARN] ModelIntegratedComponent:63 - No mode defined for component null
2024-02-08 14:42:30,367 [WARN] ModelIntegratedComponent:63 - No mode defined for component null
2024-02-08 14:42:30,367 [WARN] ModelIntegratedComponent:63 - No mode defined for component null
2024-02-08 14:42:30,367 [WARN] ModelIntegratedComponent:63 - No mode defined for component null
2024-02-08 14:42:30,367 [WARN] ModelIntegratedComponent:63 - No mode defined for component null
2024-02-08 14:42:30,367 [WARN] ModelIntegratedComponent:63 - No mode defined for component null
2024-02-08 14:42:30,368 [WARN] ModelIntegratedComponent:63 - No mode defined for component null
2024-02-08 14:42:30,368 [WARN] ModelIntegratedComponent:63 - No mode defined for component null
2024-02-08 14:42:30,368 [WARN] ModelIntegratedComponent:63 - No mode defined for component null
2024-02-08 14:42:30,368 [WARN] ModelIntegratedComponent:63 - No mode defined for component null
2024-02-08 14:42:30,368 [WARN] ModelIntegratedComponent:63 - No mode defined for component null
2024-02-08 14:42:30,368 [WARN] ModelIntegratedComponent:63 - No mode defined for component null
2024-02-08 14:42:30,368 [WARN] ModelIntegratedComponent:63 - No mode defined for component null
2024-02-08 14:42:30,368 [WARN] ModelIntegratedComponent:63 - No mode defined for component null
2024-02-08 14:42:30,368 [WARN] ModelIntegratedComponent:63 - No mode defined for component null
2024-02-08 14:42:30,368 [WARN] ModelIntegratedComponent:63 - No mode defined for component null
2024-02-08 14:42:30,369 [WARN] ModelIntegratedComponent:63 - No mode defined for component null
2024-02-08 14:42:30,369 [WARN] ModelIntegratedComponent:63 - No mode defined for component null
2024-02-08 14:42:30,369 [WARN] ModelIntegratedComponent:63 - No mode defined for component null
2024-02-08 14:42:30,369 [WARN] ModelIntegratedComponent:63 - No mode defined for component null
2024-02-08 14:42:30,369 [WARN] ModelIntegratedComponent:63 - No mode defined for component null
2024-02-08 14:42:30,369 [WARN] ModelIntegratedComponent:63 - No mode defined for component null
2024-02-08 14:42:30,369 [WARN] ModelIntegratedComponent:63 - No mode defined for component null
2024-02-08 14:42:30,369 [WARN] ModelIntegratedComponent:63 - No mode defined for component null
2024-02-08 14:42:30,369 [WARN] ModelIntegratedComponent:63 - No mode defined for component null
2024-02-08 14:42:30,369 [WARN] ModelIntegratedComponent:63 - No mode defined for component null
2024-02-08 14:42:30,369 [WARN] ModelIntegratedComponent:63 - No mode defined for component null
2024-02-08 14:42:30,369 [WARN] ModelIntegratedComponent:63 - No mode defined for component null
2024-02-08 14:42:30,482 [INFO] ThirdPartyModel:298 - Start build external matchings
2024-02-08 14:42:30,706 [INFO] ThirdPartyModel:316 - End build external matchings
2024-02-08 14:42:30,882 [INFO] UtilMem:75 - End LoadConfig() Used Memory: 842673272 Bytes (1073741824)
2024-02-08 14:42:30,918 [INFO] MicroXplorer:468 - Change Database Path : 
2024-02-08 14:42:30,918 [INFO] MicroXplorer:498 - Change Database Version : DB.6.0.100
2024-02-08 14:42:30,918 [WARN] ThirdParty:833 - waiting for thirdparty lock release [change project]
2024-02-08 14:42:30,918 [INFO] ThirdParty:835 - entering critical section [change project]
2024-02-08 14:42:30,919 [INFO] ThirdParty:1030 - CMSIS Pack Vendor :STMicroelectronics X-CUBE-ISPU 1.1.0
2024-02-08 14:42:30,919 [INFO] ThirdParty:1030 - CMSIS Pack Vendor :STMicroelectronics USBPD 4.1
2024-02-08 14:42:30,919 [INFO] ThirdParty:1030 - CMSIS Pack Vendor :STMicroelectronics X-CUBE-GNSS1 6.0.0
2024-02-08 14:42:30,919 [INFO] ThirdParty:1030 - CMSIS Pack Vendor :STMicroelectronics USB_HOST 2.0.0
2024-02-08 14:42:30,919 [INFO] ThirdParty:1030 - CMSIS Pack Vendor :STMicroelectronics X-CUBE-AZRTOS-F4 1.1.0
2024-02-08 14:42:30,919 [INFO] ThirdParty:1030 - CMSIS Pack Vendor :STMicroelectronics LIBJPEG 8.0.0
2024-02-08 14:42:30,919 [INFO] ThirdParty:1030 - CMSIS Pack Vendor :wolfSSL I-CUBE-wolfSSL 5.6.4
2024-02-08 14:42:30,919 [INFO] ThirdParty:1030 - CMSIS Pack Vendor :STMicroelectronics X-CUBE-SMBUS 2.1.0
2024-02-08 14:42:30,919 [INFO] ThirdParty:1030 - CMSIS Pack Vendor :STMicroelectronics USB_DEVICE 3.0.0
2024-02-08 14:42:30,919 [INFO] ThirdParty:1030 - CMSIS Pack Vendor :STMicroelectronics X-CUBE-AZRTOS-WB 2.0.0
2024-02-08 14:42:30,919 [INFO] ThirdParty:1030 - CMSIS Pack Vendor :STMicroelectronics X-CUBE-TOUCHGFX 4.23.0
2024-02-08 14:42:30,919 [INFO] ThirdParty:1030 - CMSIS Pack Vendor :STMicroelectronics X-CUBE-AZRTOS-F7 1.1.0
2024-02-08 14:42:30,919 [INFO] ThirdParty:1030 - CMSIS Pack Vendor :STMicroelectronics X-CUBE-AZRTOS-L5 2.0.0
2024-02-08 14:42:30,919 [INFO] ThirdParty:1030 - CMSIS Pack Vendor :STMicroelectronics USB_DEVICE 2.0.0
2024-02-08 14:42:30,919 [INFO] ThirdParty:1030 - CMSIS Pack Vendor :STMicroelectronics X-CUBE-EEPRMA1 4.2.0
2024-02-08 14:42:30,919 [INFO] ThirdParty:1030 - CMSIS Pack Vendor :ITTIA_DB I-CUBE-ITTIADB 8.8.0
2024-02-08 14:42:30,919 [INFO] ThirdParty:1030 - CMSIS Pack Vendor :STMicroelectronics FP-SNS-MOTENV1 4.3.2
2024-02-08 14:42:30,919 [INFO] ThirdParty:1030 - CMSIS Pack Vendor :STMicroelectronics X-CUBE-ALGOBUILD 1.3.0
2024-02-08 14:42:30,919 [INFO] ThirdParty:1030 - CMSIS Pack Vendor :STMicroelectronics FreeRTOS 0.0.1
2024-02-08 14:42:30,919 [INFO] ThirdParty:1030 - CMSIS Pack Vendor :STMicroelectronics X-CUBE-AZRTOS-G0 1.1.0
2024-02-08 14:42:30,919 [INFO] ThirdParty:1030 - CMSIS Pack Vendor :STMicroelectronics X-CUBE-NFC4 3.0.0
2024-02-08 14:42:30,919 [INFO] ThirdParty:1030 - CMSIS Pack Vendor :STMicroelectronics X-CUBE-SUBG2 5.0.0
2024-02-08 14:42:30,919 [INFO] ThirdParty:1030 - CMSIS Pack Vendor :STMicroelectronics STM32_WPAN 1.0.0
2024-02-08 14:42:30,919 [INFO] ThirdParty:1030 - CMSIS Pack Vendor :STMicroelectronics lwIP 2.0.3
2024-02-08 14:42:30,919 [INFO] ThirdParty:1030 - CMSIS Pack Vendor :STMicroelectronics FP-SNS-FLIGHT1 5.0.2
2024-02-08 14:42:30,919 [INFO] ThirdParty:1030 - CMSIS Pack Vendor :STMicroelectronics USB_HOST 1.0.0
2024-02-08 14:42:30,919 [INFO] ThirdParty:1030 - CMSIS Pack Vendor :STMicroelectronics X-CUBE-AZRTOS-G4 2.0.0
2024-02-08 14:42:30,919 [INFO] ThirdParty:1030 - CMSIS Pack Vendor :STMicroelectronics PDM2PCM 3.1.0
2024-02-08 14:42:30,919 [INFO] ThirdParty:1030 - CMSIS Pack Vendor :STMicroelectronics X-CUBE-AZRTOS-H7 3.1.0
2024-02-08 14:42:30,919 [INFO] ThirdParty:1030 - CMSIS Pack Vendor :Infineon AIROC-Wi-Fi-Bluetooth-STM32 1.5.1
2024-02-08 14:42:30,919 [INFO] ThirdParty:1030 - CMSIS Pack Vendor :STMicroelectronics X-CUBE-BLEMGR 3.0.0
2024-02-08 14:42:30,919 [INFO] ThirdParty:1030 - CMSIS Pack Vendor :STMicroelectronics PDM2PCM 3.3.0
2024-02-08 14:42:30,919 [INFO] ThirdParty:1030 - CMSIS Pack Vendor :STMicroelectronics X-CUBE-DISPLAY 3.0.0
2024-02-08 14:42:30,919 [INFO] ThirdParty:1030 - CMSIS Pack Vendor :STMicroelectronics FP-SNS-MOTENVWB1 1.3.1
2024-02-08 14:42:30,919 [INFO] ThirdParty:1030 - CMSIS Pack Vendor :STMicroelectronics X-CUBE-BLE1 7.0.0
2024-02-08 14:42:30,919 [INFO] ThirdParty:1030 - CMSIS Pack Vendor :STMicroelectronics FP-ATR-SIGFOX1 3.2.0
2024-02-08 14:42:30,919 [INFO] ThirdParty:1030 - CMSIS Pack Vendor :STMicroelectronics X-CUBE-ISPU 2.0.0
2024-02-08 14:42:30,919 [INFO] ThirdParty:1030 - CMSIS Pack Vendor :STMicroelectronics X-CUBE-EEPRMA1 5.1.0
2024-02-08 14:42:30,919 [INFO] ThirdParty:1030 - CMSIS Pack Vendor :STMicroelectronics HAL Drivers 0.0.0
2024-02-08 14:42:30,920 [INFO] ThirdParty:1030 - CMSIS Pack Vendor :STMicroelectronics MBEDTLS 2.16.2
2024-02-08 14:42:30,920 [INFO] ThirdParty:1030 - CMSIS Pack Vendor :emotas I-CUBE-CANOPEN 1.3.0
2024-02-08 14:42:30,920 [INFO] ThirdParty:1030 - CMSIS Pack Vendor :STMicroelectronics X-CUBE-MEMS1 10.0.0
2024-02-08 14:42:30,920 [INFO] ThirdParty:1030 - CMSIS Pack Vendor :STMicroelectronics X-CUBE-FREERTOS 1.1.0
2024-02-08 14:42:30,920 [INFO] ThirdParty:1030 - CMSIS Pack Vendor :STMicroelectronics X-CUBE-NFC7 1.0.1
2024-02-08 14:42:30,920 [INFO] ThirdParty:1030 - CMSIS Pack Vendor :STMicroelectronics MBEDTLS 2.14.1
2024-02-08 14:42:30,920 [INFO] ThirdParty:1030 - CMSIS Pack Vendor :STMicroelectronics X-CUBE-TOUCHGFX 4.22.1
2024-02-08 14:42:30,920 [INFO] ThirdParty:1030 - CMSIS Pack Vendor :STMicroelectronics X-CUBE-NFC6 3.0.0
2024-02-08 14:42:30,920 [INFO] ThirdParty:1030 - CMSIS Pack Vendor :portGmbH I-Cube-SoM-uGOAL 1.1.0
2024-02-08 14:42:30,920 [INFO] ThirdParty:1030 - CMSIS Pack Vendor :STMicroelectronics X-CUBE-ALS 1.0.1
2024-02-08 14:42:30,920 [INFO] ThirdParty:1030 - CMSIS Pack Vendor :STMicroelectronics ThreadX 1.0.0
2024-02-08 14:42:30,920 [INFO] ThirdParty:1030 - CMSIS Pack Vendor :STMicroelectronics FP-SNS-SMARTAG2 1.2.0
2024-02-08 14:42:30,920 [INFO] ThirdParty:1030 - CMSIS Pack Vendor :STMicroelectronics X-CUBE-AZRTOS-WL 2.0.0
2024-02-08 14:42:30,920 [INFO] ThirdParty:1030 - CMSIS Pack Vendor :SEGGER I-CUBE-embOS 1.3.1
2024-02-08 14:42:30,920 [INFO] ThirdParty:1030 - CMSIS Pack Vendor :STMicroelectronics USB_DEVICE 1.0.0
2024-02-08 14:42:30,920 [INFO] ThirdParty:1030 - CMSIS Pack Vendor :STMicroelectronics X-CUBE-AI 8.1.0
2024-02-08 14:42:30,920 [INFO] ThirdParty:1030 - CMSIS Pack Vendor :STMicroelectronics X-CUBE-AZRTOS-L4 2.0.0
2024-02-08 14:42:30,920 [INFO] ThirdParty:1030 - CMSIS Pack Vendor :STMicroelectronics ThreadX 0.0.2
2024-02-08 14:42:30,920 [INFO] ThirdParty:1030 - CMSIS Pack Vendor :WES I-CUBE-Cesium 1.3.0
2024-02-08 14:42:30,920 [INFO] ThirdParty:1030 - CMSIS Pack Vendor :STMicroelectronics FP-ATR-ASTRA1 2.0.0
2024-02-08 14:42:30,920 [INFO] ThirdParty:1030 - CMSIS Pack Vendor :STMicroelectronics lwIP 2.1.2
2024-02-08 14:42:30,920 [INFO] ThirdParty:1030 - CMSIS Pack Vendor :STMicroelectronics X-CUBE-SFXS2LP1 4.0.0
2024-02-08 14:42:30,920 [INFO] ThirdParty:1030 - CMSIS Pack Vendor :STMicroelectronics X-CUBE-BLE2 3.3.0
2024-02-08 14:42:30,920 [INFO] ThirdParty:1030 - CMSIS Pack Vendor :STMicroelectronics X-CUBE-TOF1 3.4.0
2024-02-08 14:42:30,920 [INFO] ThirdParty:1030 - CMSIS Pack Vendor :STMicroelectronics X-CUBE-AZRTOS-H7 3.2.0
2024-02-08 14:42:30,920 [INFO] ThirdParty:1030 - CMSIS Pack Vendor :STMicroelectronics PDM2PCM 3.2.0
2024-02-08 14:42:30,920 [INFO] ThirdParty:841 - exiting critical section [change project]
2024-02-08 14:42:31,167 [INFO] PinOutPanel:1499 - setPackage(No Configuration,No Configuration)
2024-02-08 14:42:31,170 [INFO] PinOutPanel:1499 - setPackage(STM32F042F4Px,TSSOP20)
2024-02-08 14:42:32,123 [INFO] UtilMem:75 - Before build in PCC Used Memory: 689003392 Bytes (1073741824)
2024-02-08 14:42:33,001 [INFO] UtilMem:75 - After build in PCC Used Memory: 760306560 Bytes (1073741824)
2024-02-08 14:42:33,019 [INFO] IPUIPlugin:80 - create IPUIPlugin
2024-02-08 14:42:33,019 [INFO] IPUIPlugin:80 - create IPUIPlugin
2024-02-08 14:42:33,019 [INFO] IPUIPlugin:80 - create IPUIPlugin
2024-02-08 14:42:33,019 [INFO] IPUIPlugin:80 - create IPUIPlugin
2024-02-08 14:42:33,019 [INFO] IPUIPlugin:80 - create IPUIPlugin
2024-02-08 14:42:33,019 [INFO] IPUIPlugin:80 - create IPUIPlugin
2024-02-08 14:42:33,019 [INFO] IPUIPlugin:80 - create IPUIPlugin
2024-02-08 14:42:33,020 [INFO] IPUIPlugin:80 - create IPUIPlugin
2024-02-08 14:42:33,020 [INFO] IPUIPlugin:80 - create IPUIPlugin
2024-02-08 14:42:33,020 [INFO] IPUIPlugin:80 - create IPUIPlugin
2024-02-08 14:42:33,020 [INFO] IPUIPlugin:80 - create IPUIPlugin
2024-02-08 14:42:33,020 [INFO] IPUIPlugin:80 - create IPUIPlugin
2024-02-08 14:42:33,020 [INFO] IPUIPlugin:80 - create IPUIPlugin
2024-02-08 14:42:33,020 [INFO] IPUIPlugin:80 - create IPUIPlugin
2024-02-08 14:42:33,020 [INFO] IPUIPlugin:80 - create IPUIPlugin
2024-02-08 14:42:33,020 [INFO] IPUIPlugin:80 - create IPUIPlugin
2024-02-08 14:42:33,020 [INFO] IPUIPlugin:80 - create IPUIPlugin
2024-02-08 14:42:33,020 [INFO] IPUIPlugin:80 - create IPUIPlugin
2024-02-08 14:42:33,021 [INFO] IPUIPlugin:80 - create IPUIPlugin
2024-02-08 14:42:33,021 [INFO] IPUIPlugin:80 - create IPUIPlugin
2024-02-08 14:42:33,021 [INFO] IPUIPlugin:80 - create IPUIPlugin
2024-02-08 14:42:33,021 [INFO] IPUIPlugin:80 - create IPUIPlugin
2024-02-08 14:42:33,021 [INFO] IPUIPlugin:80 - create IPUIPlugin
2024-02-08 14:42:33,021 [INFO] IPUIPlugin:80 - create IPUIPlugin
2024-02-08 14:42:33,021 [INFO] IPUIPlugin:80 - create IPUIPlugin
2024-02-08 14:42:33,021 [INFO] IPUIPlugin:80 - create IPUIPlugin
2024-02-08 14:42:33,022 [INFO] IPUIPlugin:80 - create IPUIPlugin
2024-02-08 14:42:33,022 [INFO] IPUIPlugin:80 - create IPUIPlugin
2024-02-08 14:42:33,022 [INFO] IPUIPlugin:80 - create IPUIPlugin
2024-02-08 14:42:33,022 [INFO] IPUIPlugin:80 - create IPUIPlugin
2024-02-08 14:42:33,252 [INFO] CADModel:165 - CPN selected for project levelSTM32F042F4P6
2024-02-08 14:42:33,252 [INFO] CADModel:114 - Register for checkConnection events
2024-02-08 14:42:33,306 [INFO] OpenFileManager:343 - Restore cursor
2024-02-08 14:42:34,601 [INFO] UtilMem:75 - End SaveConfig() Used Memory: 838712200 Bytes (1073741824)
2024-02-08 14:42:34,661 [INFO] UtilMem:75 - End SaveConfig() Used Memory: 849517544 Bytes (1073741824)
2024-02-08 14:42:35,071 [INFO] BlockDiagram:2759 - set Specific Code input for plugin: NVIC
2024-02-08 14:42:35,071 [INFO] BlockDiagram:2759 - set Specific Code input for plugin: RCC
2024-02-08 14:42:35,073 [INFO] CodeGenerator:807 - code generatio: config db path: C:\ST\STM32CubeIDE_1.13.2\STM32CubeIDE\plugins\com.st.stm32cube.common.mx_6.10.0.202311202037\\db\
2024-02-08 14:42:35,419 [INFO] CodeEngine:255 - oldGeneratedFile, C:\Users\aleja\OneDrive\Escritorio\gettingStartedSTM\test_flash\MXTmpFiles\license.tmp_save
2024-02-08 14:42:35,884 [INFO] CodeEngine:279 - Generated code: C:\Users\aleja\OneDrive\Escritorio\gettingStartedSTM\test_flash\MXTmpFiles\license.tmp
2024-02-08 14:42:35,910 [INFO] CodeEngine:255 - oldGeneratedFile, C:\Users\aleja\OneDrive\Escritorio\gettingStartedSTM\test_flash\Core\Src\stm32f0xx_it.c_save
2024-02-08 14:42:36,086 [INFO] CodeEngine:279 - Generated code: C:\Users\aleja\OneDrive\Escritorio\gettingStartedSTM\test_flash\Core\Src\stm32f0xx_it.c
2024-02-08 14:42:36,098 [INFO] CodeEngine:255 - oldGeneratedFile, C:\Users\aleja\OneDrive\Escritorio\gettingStartedSTM\test_flash\Core\Inc\stm32f0xx_it.h_save
2024-02-08 14:42:36,202 [INFO] CodeEngine:279 - Generated code: C:\Users\aleja\OneDrive\Escritorio\gettingStartedSTM\test_flash\Core\Inc\stm32f0xx_it.h
2024-02-08 14:42:36,366 [INFO] CodeEngine:255 - oldGeneratedFile, C:\Users\aleja\OneDrive\Escritorio\gettingStartedSTM\test_flash\Core\Src\stm32f0xx_hal_msp.c_save
2024-02-08 14:42:36,503 [INFO] CodeEngine:279 - Generated code: C:\Users\aleja\OneDrive\Escritorio\gettingStartedSTM\test_flash\Core\Src\stm32f0xx_hal_msp.c
2024-02-08 14:42:36,518 [INFO] CodeEngine:255 - oldGeneratedFile, C:\Users\aleja\OneDrive\Escritorio\gettingStartedSTM\test_flash\MXTmpFiles\system.tmp_save
2024-02-08 14:42:36,603 [INFO] CodeEngine:279 - Generated code: C:\Users\aleja\OneDrive\Escritorio\gettingStartedSTM\test_flash\MXTmpFiles\system.tmp
2024-02-08 14:42:36,624 [INFO] CodeEngine:311 - oldGeneratedFile, C:\Users\aleja\OneDrive\Escritorio\gettingStartedSTM\test_flash\Core\Inc\stm32f0xx_hal_conf.h_save
2024-02-08 14:42:36,748 [INFO] CodeEngine:335 - Generated code: C:\Users\aleja\OneDrive\Escritorio\gettingStartedSTM\test_flash\Core\Inc\stm32f0xx_hal_conf.h
2024-02-08 14:42:36,821 [INFO] CodeEngine:255 - oldGeneratedFile, C:\Users\aleja\OneDrive\Escritorio\gettingStartedSTM\test_flash\Core\Inc\main.h_save
2024-02-08 14:42:36,969 [INFO] CodeEngine:279 - Generated code: C:\Users\aleja\OneDrive\Escritorio\gettingStartedSTM\test_flash\Core\Inc\main.h
2024-02-08 14:42:36,982 [INFO] CodeEngine:255 - oldGeneratedFile, C:\Users\aleja\OneDrive\Escritorio\gettingStartedSTM\test_flash\Core\Src\main.c_save
2024-02-08 14:42:37,125 [INFO] CodeEngine:279 - Generated code: C:\Users\aleja\OneDrive\Escritorio\gettingStartedSTM\test_flash\Core\Src\main.c
2024-02-08 14:42:37,767 [INFO] ProjectBuilder:3076 - Time for Copy HAL[1] : 230mS.
2024-02-08 14:42:37,775 [INFO] ProjectBuilder:4485 - Project Generator version: 4.2.0-B44
2024-02-08 14:42:37,995 [INFO] ConfigFileManager:1495 - The Die is : DIE445
2024-02-08 14:42:38,089 [INFO] ApiDbMcu:508 - Load IP Config File for FATFS
2024-02-08 14:42:38,108 [INFO] ApiDbMcu:508 - Load IP Config File for FREERTOS
2024-02-08 14:42:38,135 [INFO] ApiDbMcu:508 - Load IP Config File for TOUCHSENSING
2024-02-08 14:42:38,153 [INFO] ApiDbMcu:508 - Load IP Config File for USB_DEVICE
2024-02-08 14:42:39,266 [INFO] LogOutputStream:77 - [STDOUT_REDIRECT] 
2024-02-08 14:42:42,533 [INFO] ProjectBuilder:4747 - Time for Generating toolchain IDE Files: 4757mS.
2024-02-08 14:42:42,534 [INFO] ProjectBuilder:2947 - Time for Copy CMSIS : 1mS.
2024-02-08 14:42:42,535 [INFO] ProjectBuilder:2947 - Time for Copy CMSIS : 0mS.
2024-02-08 14:42:43,613 [INFO] McuFinderGlobals:76 - Set McuFinderConnectedMode to true
2024-02-08 14:42:43,617 [INFO] ApiDb:448 - Save user favorites file C:\Users\aleja/.stm32cubeide/favorites.mcus.txt: 1 item(s)
2024-02-08 14:42:43,617 [INFO] ApiDb:452 - User favorites MCUs=[STM32F042F4P6]
2024-02-08 14:43:59,924 [INFO] UtilMem:75 - End SaveConfig() Used Memory: 843168752 Bytes (1073741824)
2024-02-08 14:44:00,813 [INFO] UtilMem:75 - End SaveConfig() Used Memory: 909040936 Bytes (1073741824)
2024-02-08 14:44:01,041 [INFO] BlockDiagram:2759 - set Specific Code input for plugin: NVIC
2024-02-08 14:44:01,041 [INFO] BlockDiagram:2759 - set Specific Code input for plugin: SYS
2024-02-08 14:44:01,041 [INFO] BlockDiagram:2759 - set Specific Code input for plugin: GPIO
2024-02-08 14:44:01,041 [INFO] BlockDiagram:2759 - set Specific Code input for plugin: RCC
2024-02-08 14:44:01,044 [INFO] CodeGenerator:807 - code generatio: config db path: C:\ST\STM32CubeIDE_1.13.2\STM32CubeIDE\plugins\com.st.stm32cube.common.mx_6.10.0.202311202037\\db\
2024-02-08 14:44:01,208 [INFO] CodeEngine:255 - oldGeneratedFile, C:\Users\aleja\OneDrive\Escritorio\gettingStartedSTM\test_flash\MXTmpFiles\license.tmp_save
2024-02-08 14:44:01,328 [INFO] CodeEngine:279 - Generated code: C:\Users\aleja\OneDrive\Escritorio\gettingStartedSTM\test_flash\MXTmpFiles\license.tmp
2024-02-08 14:44:01,356 [INFO] CodeEngine:255 - oldGeneratedFile, C:\Users\aleja\OneDrive\Escritorio\gettingStartedSTM\test_flash\MXTmpFiles\gpio.tmp_save
2024-02-08 14:44:01,499 [INFO] CodeEngine:279 - Generated code: C:\Users\aleja\OneDrive\Escritorio\gettingStartedSTM\test_flash\MXTmpFiles\gpio.tmp
2024-02-08 14:44:01,530 [INFO] CodeEngine:255 - oldGeneratedFile, C:\Users\aleja\OneDrive\Escritorio\gettingStartedSTM\test_flash\Core\Src\stm32f0xx_it.c_save
2024-02-08 14:44:01,615 [INFO] CodeEngine:279 - Generated code: C:\Users\aleja\OneDrive\Escritorio\gettingStartedSTM\test_flash\Core\Src\stm32f0xx_it.c
2024-02-08 14:44:01,622 [INFO] CodeEngine:255 - oldGeneratedFile, C:\Users\aleja\OneDrive\Escritorio\gettingStartedSTM\test_flash\Core\Inc\stm32f0xx_it.h_save
2024-02-08 14:44:01,682 [INFO] CodeEngine:279 - Generated code: C:\Users\aleja\OneDrive\Escritorio\gettingStartedSTM\test_flash\Core\Inc\stm32f0xx_it.h
2024-02-08 14:44:01,710 [INFO] CodeEngine:255 - oldGeneratedFile, C:\Users\aleja\OneDrive\Escritorio\gettingStartedSTM\test_flash\Core\Src\stm32f0xx_hal_msp.c_save
2024-02-08 14:44:01,811 [INFO] CodeEngine:279 - Generated code: C:\Users\aleja\OneDrive\Escritorio\gettingStartedSTM\test_flash\Core\Src\stm32f0xx_hal_msp.c
2024-02-08 14:44:01,817 [INFO] CodeEngine:255 - oldGeneratedFile, C:\Users\aleja\OneDrive\Escritorio\gettingStartedSTM\test_flash\MXTmpFiles\system.tmp_save
2024-02-08 14:44:01,880 [INFO] CodeEngine:279 - Generated code: C:\Users\aleja\OneDrive\Escritorio\gettingStartedSTM\test_flash\MXTmpFiles\system.tmp
2024-02-08 14:44:01,911 [INFO] CodeEngine:311 - oldGeneratedFile, C:\Users\aleja\OneDrive\Escritorio\gettingStartedSTM\test_flash\Core\Inc\stm32f0xx_hal_conf.h_save
2024-02-08 14:44:02,065 [INFO] CodeEngine:335 - Generated code: C:\Users\aleja\OneDrive\Escritorio\gettingStartedSTM\test_flash\Core\Inc\stm32f0xx_hal_conf.h
2024-02-08 14:44:02,166 [INFO] CodeEngine:255 - oldGeneratedFile, C:\Users\aleja\OneDrive\Escritorio\gettingStartedSTM\test_flash\Core\Inc\main.h_save
2024-02-08 14:44:02,268 [INFO] CodeEngine:279 - Generated code: C:\Users\aleja\OneDrive\Escritorio\gettingStartedSTM\test_flash\Core\Inc\main.h
2024-02-08 14:44:02,288 [INFO] CodeEngine:255 - oldGeneratedFile, C:\Users\aleja\OneDrive\Escritorio\gettingStartedSTM\test_flash\Core\Src\main.c_save
2024-02-08 14:44:02,415 [INFO] CodeEngine:279 - Generated code: C:\Users\aleja\OneDrive\Escritorio\gettingStartedSTM\test_flash\Core\Src\main.c
2024-02-08 14:44:02,931 [INFO] ProjectBuilder:3076 - Time for Copy HAL[1] : 200mS.
2024-02-08 14:44:02,936 [INFO] ProjectBuilder:4485 - Project Generator version: 4.2.0-B44
2024-02-08 14:44:03,148 [INFO] ConfigFileManager:1495 - The Die is : DIE445
2024-02-08 14:44:04,814 [INFO] ProjectBuilder:4747 - Time for Generating toolchain IDE Files: 1879mS.
2024-02-08 14:44:04,815 [INFO] ProjectBuilder:2947 - Time for Copy CMSIS : 1mS.
2024-02-08 14:44:04,818 [INFO] ProjectBuilder:2947 - Time for Copy CMSIS : 0mS.
2024-02-08 15:10:43,256 [INFO] Gpio:277 - dependency for GPIO [RCC, SYS]
2024-02-08 15:12:18,402 [INFO] UtilMem:75 - End SaveConfig() Used Memory: 431682760 Bytes (856686592)
2024-02-08 15:12:18,832 [INFO] UtilMem:75 - End SaveConfig() Used Memory: 519763144 Bytes (856686592)
2024-02-08 15:12:18,998 [INFO] BlockDiagram:2759 - set Specific Code input for plugin: NVIC
2024-02-08 15:12:18,998 [INFO] BlockDiagram:2759 - set Specific Code input for plugin: SYS
2024-02-08 15:12:18,998 [INFO] BlockDiagram:2759 - set Specific Code input for plugin: GPIO
2024-02-08 15:12:18,998 [INFO] BlockDiagram:2759 - set Specific Code input for plugin: RCC
2024-02-08 15:12:18,999 [INFO] CodeGenerator:807 - code generatio: config db path: C:\ST\STM32CubeIDE_1.13.2\STM32CubeIDE\plugins\com.st.stm32cube.common.mx_6.10.0.202311202037\\db\
2024-02-08 15:12:19,087 [INFO] CodeEngine:255 - oldGeneratedFile, C:\Users\aleja\OneDrive\Escritorio\gettingStartedSTM\test_flash\MXTmpFiles\license.tmp_save
2024-02-08 15:12:19,211 [INFO] CodeEngine:279 - Generated code: C:\Users\aleja\OneDrive\Escritorio\gettingStartedSTM\test_flash\MXTmpFiles\license.tmp
2024-02-08 15:12:19,248 [INFO] CodeEngine:255 - oldGeneratedFile, C:\Users\aleja\OneDrive\Escritorio\gettingStartedSTM\test_flash\MXTmpFiles\gpio.tmp_save
2024-02-08 15:12:19,373 [INFO] CodeEngine:279 - Generated code: C:\Users\aleja\OneDrive\Escritorio\gettingStartedSTM\test_flash\MXTmpFiles\gpio.tmp
2024-02-08 15:12:19,418 [INFO] CodeEngine:255 - oldGeneratedFile, C:\Users\aleja\OneDrive\Escritorio\gettingStartedSTM\test_flash\Core\Src\stm32f0xx_it.c_save
2024-02-08 15:12:19,644 [INFO] CodeEngine:279 - Generated code: C:\Users\aleja\OneDrive\Escritorio\gettingStartedSTM\test_flash\Core\Src\stm32f0xx_it.c
2024-02-08 15:12:19,675 [INFO] CodeEngine:255 - oldGeneratedFile, C:\Users\aleja\OneDrive\Escritorio\gettingStartedSTM\test_flash\Core\Inc\stm32f0xx_it.h_save
2024-02-08 15:12:19,744 [INFO] CodeEngine:279 - Generated code: C:\Users\aleja\OneDrive\Escritorio\gettingStartedSTM\test_flash\Core\Inc\stm32f0xx_it.h
2024-02-08 15:12:19,772 [INFO] CodeEngine:255 - oldGeneratedFile, C:\Users\aleja\OneDrive\Escritorio\gettingStartedSTM\test_flash\Core\Src\stm32f0xx_hal_msp.c_save
2024-02-08 15:12:19,849 [INFO] CodeEngine:279 - Generated code: C:\Users\aleja\OneDrive\Escritorio\gettingStartedSTM\test_flash\Core\Src\stm32f0xx_hal_msp.c
2024-02-08 15:12:19,853 [INFO] CodeEngine:255 - oldGeneratedFile, C:\Users\aleja\OneDrive\Escritorio\gettingStartedSTM\test_flash\MXTmpFiles\system.tmp_save
2024-02-08 15:12:19,894 [INFO] CodeEngine:279 - Generated code: C:\Users\aleja\OneDrive\Escritorio\gettingStartedSTM\test_flash\MXTmpFiles\system.tmp
2024-02-08 15:12:19,935 [INFO] CodeEngine:311 - oldGeneratedFile, C:\Users\aleja\OneDrive\Escritorio\gettingStartedSTM\test_flash\Core\Inc\stm32f0xx_hal_conf.h_save
2024-02-08 15:12:20,067 [INFO] CodeEngine:335 - Generated code: C:\Users\aleja\OneDrive\Escritorio\gettingStartedSTM\test_flash\Core\Inc\stm32f0xx_hal_conf.h
2024-02-08 15:12:20,124 [INFO] CodeEngine:255 - oldGeneratedFile, C:\Users\aleja\OneDrive\Escritorio\gettingStartedSTM\test_flash\Core\Inc\main.h_save
2024-02-08 15:12:20,233 [INFO] CodeEngine:279 - Generated code: C:\Users\aleja\OneDrive\Escritorio\gettingStartedSTM\test_flash\Core\Inc\main.h
2024-02-08 15:12:20,257 [INFO] CodeEngine:255 - oldGeneratedFile, C:\Users\aleja\OneDrive\Escritorio\gettingStartedSTM\test_flash\Core\Src\main.c_save
2024-02-08 15:12:20,375 [INFO] CodeEngine:279 - Generated code: C:\Users\aleja\OneDrive\Escritorio\gettingStartedSTM\test_flash\Core\Src\main.c
2024-02-08 15:12:20,963 [INFO] ProjectBuilder:3076 - Time for Copy HAL[1] : 266mS.
2024-02-08 15:12:20,969 [INFO] ProjectBuilder:4485 - Project Generator version: 4.2.0-B44
2024-02-08 15:12:21,108 [INFO] ConfigFileManager:1495 - The Die is : DIE445
2024-02-08 15:12:22,210 [INFO] ProjectBuilder:4747 - Time for Generating toolchain IDE Files: 1241mS.
2024-02-08 15:12:22,212 [INFO] ProjectBuilder:2947 - Time for Copy CMSIS : 0mS.
2024-02-08 15:12:22,217 [INFO] ProjectBuilder:2947 - Time for Copy CMSIS : 0mS.
2024-02-08 15:17:20,092 [INFO] UtilMem:75 - End SaveConfig() Used Memory: 484122360 Bytes (916455424)
2024-02-08 15:17:20,659 [INFO] UtilMem:75 - End SaveConfig() Used Memory: 754413848 Bytes (916455424)
2024-02-08 15:17:20,917 [INFO] BlockDiagram:2759 - set Specific Code input for plugin: NVIC
2024-02-08 15:17:20,917 [INFO] BlockDiagram:2759 - set Specific Code input for plugin: SYS
2024-02-08 15:17:20,917 [INFO] BlockDiagram:2759 - set Specific Code input for plugin: GPIO
2024-02-08 15:17:20,917 [INFO] BlockDiagram:2759 - set Specific Code input for plugin: RCC
2024-02-08 15:17:20,918 [INFO] CodeGenerator:807 - code generatio: config db path: C:\ST\STM32CubeIDE_1.13.2\STM32CubeIDE\plugins\com.st.stm32cube.common.mx_6.10.0.202311202037\\db\
2024-02-08 15:17:20,997 [INFO] CodeEngine:255 - oldGeneratedFile, C:\Users\aleja\OneDrive\Escritorio\gettingStartedSTM\test_flash\MXTmpFiles\license.tmp_save
2024-02-08 15:17:21,117 [INFO] CodeEngine:279 - Generated code: C:\Users\aleja\OneDrive\Escritorio\gettingStartedSTM\test_flash\MXTmpFiles\license.tmp
2024-02-08 15:17:21,136 [INFO] CodeEngine:255 - oldGeneratedFile, C:\Users\aleja\OneDrive\Escritorio\gettingStartedSTM\test_flash\MXTmpFiles\gpio.tmp_save
2024-02-08 15:17:21,276 [INFO] CodeEngine:279 - Generated code: C:\Users\aleja\OneDrive\Escritorio\gettingStartedSTM\test_flash\MXTmpFiles\gpio.tmp
2024-02-08 15:17:21,311 [INFO] CodeEngine:255 - oldGeneratedFile, C:\Users\aleja\OneDrive\Escritorio\gettingStartedSTM\test_flash\Core\Src\stm32f0xx_it.c_save
2024-02-08 15:17:21,411 [INFO] CodeEngine:279 - Generated code: C:\Users\aleja\OneDrive\Escritorio\gettingStartedSTM\test_flash\Core\Src\stm32f0xx_it.c
2024-02-08 15:17:21,416 [INFO] CodeEngine:255 - oldGeneratedFile, C:\Users\aleja\OneDrive\Escritorio\gettingStartedSTM\test_flash\Core\Inc\stm32f0xx_it.h_save
2024-02-08 15:17:21,476 [INFO] CodeEngine:279 - Generated code: C:\Users\aleja\OneDrive\Escritorio\gettingStartedSTM\test_flash\Core\Inc\stm32f0xx_it.h
2024-02-08 15:17:21,492 [INFO] CodeEngine:255 - oldGeneratedFile, C:\Users\aleja\OneDrive\Escritorio\gettingStartedSTM\test_flash\Core\Src\stm32f0xx_hal_msp.c_save
2024-02-08 15:17:21,598 [INFO] CodeEngine:279 - Generated code: C:\Users\aleja\OneDrive\Escritorio\gettingStartedSTM\test_flash\Core\Src\stm32f0xx_hal_msp.c
2024-02-08 15:17:21,602 [INFO] CodeEngine:255 - oldGeneratedFile, C:\Users\aleja\OneDrive\Escritorio\gettingStartedSTM\test_flash\MXTmpFiles\system.tmp_save
2024-02-08 15:17:21,647 [INFO] CodeEngine:279 - Generated code: C:\Users\aleja\OneDrive\Escritorio\gettingStartedSTM\test_flash\MXTmpFiles\system.tmp
2024-02-08 15:17:21,671 [INFO] CodeEngine:311 - oldGeneratedFile, C:\Users\aleja\OneDrive\Escritorio\gettingStartedSTM\test_flash\Core\Inc\stm32f0xx_hal_conf.h_save
2024-02-08 15:17:21,787 [INFO] CodeEngine:335 - Generated code: C:\Users\aleja\OneDrive\Escritorio\gettingStartedSTM\test_flash\Core\Inc\stm32f0xx_hal_conf.h
2024-02-08 15:17:21,828 [INFO] CodeEngine:255 - oldGeneratedFile, C:\Users\aleja\OneDrive\Escritorio\gettingStartedSTM\test_flash\Core\Inc\main.h_save
2024-02-08 15:17:21,949 [INFO] CodeEngine:279 - Generated code: C:\Users\aleja\OneDrive\Escritorio\gettingStartedSTM\test_flash\Core\Inc\main.h
2024-02-08 15:17:21,977 [INFO] CodeEngine:255 - oldGeneratedFile, C:\Users\aleja\OneDrive\Escritorio\gettingStartedSTM\test_flash\Core\Src\main.c_save
2024-02-08 15:17:22,093 [INFO] CodeEngine:279 - Generated code: C:\Users\aleja\OneDrive\Escritorio\gettingStartedSTM\test_flash\Core\Src\main.c
2024-02-08 15:17:22,417 [INFO] ProjectBuilder:3076 - Time for Copy HAL[1] : 106mS.
2024-02-08 15:17:22,420 [INFO] ProjectBuilder:4485 - Project Generator version: 4.2.0-B44
2024-02-08 15:17:22,561 [INFO] ConfigFileManager:1495 - The Die is : DIE445
2024-02-08 15:17:23,588 [INFO] ProjectBuilder:4747 - Time for Generating toolchain IDE Files: 1168mS.
2024-02-08 15:17:23,590 [INFO] ProjectBuilder:2947 - Time for Copy CMSIS : 1mS.
2024-02-08 15:17:23,594 [INFO] ProjectBuilder:2947 - Time for Copy CMSIS : 0mS.
2024-02-08 15:19:40,559 [INFO] MainUpdater:2873 - connection check result : 10
2024-02-08 15:19:40,559 [INFO] MainUpdater:2873 - connection check result : 10
2024-02-08 15:19:40,570 [INFO] MicroXplorer:468 - Change Database Path : 
2024-02-08 15:19:40,571 [INFO] MicroXplorer:498 - Change Database Version : DB.6.0.100
2024-02-08 15:19:40,581 [ERROR] ProjectManagerView:394 - 
java.lang.NullPointerException: Cannot invoke "javax.swing.JTextField.getText()" because the return value of "java.util.List.get(int)" is null
	at com.st.microxplorer.plugins.projectmanager.gui.ProjectChoiceTab$10.caretUpdate(ProjectChoiceTab.java:2493) ~[filemanager.jar:?]
	at javax.swing.text.JTextComponent.fireCaretUpdate(JTextComponent.java:412) ~[?:?]
	at javax.swing.text.JTextComponent$MutableCaretEvent.fire(JTextComponent.java:4491) ~[?:?]
	at javax.swing.text.JTextComponent$MutableCaretEvent.stateChanged(JTextComponent.java:4513) ~[?:?]
	at javax.swing.text.DefaultCaret.fireStateChanged(DefaultCaret.java:842) ~[?:?]
	at javax.swing.text.DefaultCaret.changeCaretPosition(DefaultCaret.java:1313) ~[?:?]
	at javax.swing.text.DefaultCaret.handleSetDot(DefaultCaret.java:1212) ~[?:?]
	at javax.swing.text.DefaultCaret.setDot(DefaultCaret.java:1193) ~[?:?]
	at javax.swing.text.DefaultCaret$Handler.insertUpdate(DefaultCaret.java:1789) ~[?:?]
	at javax.swing.text.AbstractDocument.fireInsertUpdate(AbstractDocument.java:226) ~[?:?]
	at javax.swing.text.AbstractDocument.handleInsertString(AbstractDocument.java:780) ~[?:?]
	at javax.swing.text.AbstractDocument.insertString(AbstractDocument.java:739) ~[?:?]
	at javax.swing.text.PlainDocument.insertString(PlainDocument.java:131) ~[?:?]
	at javax.swing.text.AbstractDocument.replace(AbstractDocument.java:698) ~[?:?]
	at javax.swing.text.JTextComponent.setText(JTextComponent.java:1729) ~[?:?]
	at com.st.microxplorer.plugins.projectmanager.gui.ProjectChoiceTab.createHeapStackFields(ProjectChoiceTab.java:933) ~[filemanager.jar:?]
	at com.st.microxplorer.plugins.projectmanager.gui.ProjectChoiceTab.buildLinkSettingsPanel(ProjectChoiceTab.java:3426) ~[filemanager.jar:?]
	at com.st.microxplorer.plugins.projectmanager.gui.ProjectChoiceTab.defineWindowsFields(ProjectChoiceTab.java:1813) ~[filemanager.jar:?]
	at com.st.microxplorer.plugins.projectmanager.gui.ProjectChoiceTab.updateSettings(ProjectChoiceTab.java:533) ~[filemanager.jar:?]
	at com.st.microxplorer.plugins.projectmanager.gui.ProjectSettingsPanel.UpdateDialog(ProjectSettingsPanel.java:244) ~[filemanager.jar:?]
	at com.st.microxplorer.plugins.projectmanager.ProjectManagerView.propertyChange(ProjectManagerView.java:391) ~[filemanager.jar:?]
	at java.beans.PropertyChangeSupport.fire(PropertyChangeSupport.java:343) ~[?:?]
	at java.beans.PropertyChangeSupport.firePropertyChange(PropertyChangeSupport.java:335) ~[?:?]
	at java.beans.PropertyChangeSupport.firePropertyChange(PropertyChangeSupport.java:268) ~[?:?]
	at com.st.microxplorer.util.MXPropertyChangeSupport.firePropertyChange(MXPropertyChangeSupport.java:54) ~[STM32CubeMX.jar:?]
	at com.st.microxplorer.mxsystem.MxSystem.closeConfig(MxSystem.java:900) ~[STM32CubeMX.jar:?]
	at com.st.microxplorer.maingui.MainPanel.closeConfig(MainPanel.java:776) ~[STM32CubeMX.jar:?]
	at com.st.microxplorer.plugins.filemanager.engine.OpenFileManager.loadConfigurationFile(OpenFileManager.java:245) ~[filemanager.jar:?]
	at com.st.microxplorer.plugins.filemanager.engine.MainFileManager.userLoadConfig(MainFileManager.java:290) ~[filemanager.jar:?]
	at com.st.microxplorer.plugins.filemanager.FileManagerView.getSpecificTask(FileManagerView.java:247) ~[filemanager.jar:?]
	at com.st.stm32cube.common.mx.editor.CubeMxEditor.getMxTabbedPaneInstance(CubeMxEditor.java:1184) ~[com.st.stm32cube.common.mx_6.10.0.202311202037/:?]
	at com.st.stm32cube.common.mx.editor.CubeMxEditor$12$1.createSwingComponent(CubeMxEditor.java:1065) ~[com.st.stm32cube.common.mx_6.10.0.202311202037/:?]
	at com.st.stm32cube.common.mx.oss.core.awtswtbridge.EmbeddedSwingComposite.doComponentCreation(EmbeddedSwingComposite.java:492) ~[com.st.stm32cube.common.mx.oss_6.10.0.202311202037/:?]
	at com.st.stm32cube.common.mx.oss.core.awtswtbridge.EmbeddedSwingComposite$4.run(EmbeddedSwingComposite.java:291) ~[com.st.stm32cube.common.mx.oss_6.10.0.202311202037/:?]
	at com.st.stm32cube.common.mx.oss.core.awtswtbridge.AwtEnvironment$2.run(AwtEnvironment.java:166) ~[com.st.stm32cube.common.mx.oss_6.10.0.202311202037/:?]
	at java.awt.event.InvocationEvent.dispatch(InvocationEvent.java:318) ~[?:?]
	at java.awt.EventQueue.dispatchEventImpl(EventQueue.java:773) ~[?:?]
	at java.awt.EventQueue$4.run(EventQueue.java:720) ~[?:?]
	at java.awt.EventQueue$4.run(EventQueue.java:714) ~[?:?]
	at java.security.AccessController.doPrivileged(AccessController.java:399) ~[?:?]
	at java.security.ProtectionDomain$JavaSecurityAccessImpl.doIntersectionPrivilege(ProtectionDomain.java:86) ~[?:?]
	at java.awt.EventQueue.dispatchEvent(EventQueue.java:742) ~[?:?]
	at java.awt.EventDispatchThread.pumpOneEventForFilters(EventDispatchThread.java:203) ~[?:?]
	at java.awt.EventDispatchThread.pumpEventsForFilter(EventDispatchThread.java:124) ~[?:?]
	at java.awt.EventDispatchThread.pumpEventsForHierarchy(EventDispatchThread.java:113) ~[?:?]
	at java.awt.EventDispatchThread.pumpEvents(EventDispatchThread.java:109) ~[?:?]
	at java.awt.EventDispatchThread.pumpEvents(EventDispatchThread.java:101) ~[?:?]
	at java.awt.EventDispatchThread.run(EventDispatchThread.java:90) ~[?:?]
2024-02-08 15:19:40,594 [WARN] ThirdParty:871 - waiting for thirdparty lock release [close project]
2024-02-08 15:19:40,594 [INFO] ThirdParty:873 - entering critical section [close project]
2024-02-08 15:19:40,594 [INFO] ThirdParty:883 - exiting critical section [close project]
2024-02-08 15:19:40,595 [INFO] PinOutPanel:1499 - setPackage(No Configuration,No Configuration)
2024-02-08 15:19:40,602 [INFO] UtilMem:75 - Begin LoadConfig() Used Memory: 597246680 Bytes (880803840)
2024-02-08 15:19:40,603 [INFO] MicroXplorer:468 - Change Database Path : 
2024-02-08 15:19:40,603 [INFO] MicroXplorer:498 - Change Database Version : DB.6.0.100
2024-02-08 15:19:40,603 [INFO] OpenFileManager:312 - Change cursor
2024-02-08 15:19:40,634 [INFO] RulesReader:64 - Compatibility file has been processed (297 Rules)
2024-02-08 15:19:40,637 [INFO] Mcu:2016 - Initializing MCU STM32F042F4Px STM32F042F4Px STM32F042F4P6
2024-02-08 15:19:41,166 [INFO] Context:659 - Trying to add GPIOservice into a context  which must be forbidden
2024-02-08 15:19:41,345 [INFO] RtosManager:555 - Registered RTOS mode: class=CMSIS, group=RTOS, mode=CMSIS_V1, owner=FREERTOS
2024-02-08 15:19:41,345 [INFO] RtosManager:555 - Registered RTOS mode: class=CMSIS, group=RTOS2, mode=CMSIS_V2, owner=FREERTOS
2024-02-08 15:19:41,345 [INFO] RtosManager:555 - Registered RTOS mode: class=RTOS, group=Core, mode=CMSIS_V1, owner=FREERTOS
2024-02-08 15:19:41,345 [INFO] RtosManager:555 - Registered RTOS mode: class=RTOS, group=Core, mode=CMSIS_V2, owner=FREERTOS
2024-02-08 15:19:41,345 [WARN] ModelIntegratedComponent:184 - Missing modes for component STMicroelectronics:FreeRTOS:0.0.1:STMicroelectronics:RTOS:FreeRTOS:Core:::10.2.0:
2024-02-08 15:19:41,350 [WARN] ModelIntegratedComponent:63 - No mode defined for component null
2024-02-08 15:19:41,350 [WARN] ModelIntegratedComponent:63 - No mode defined for component null
2024-02-08 15:19:41,350 [WARN] ModelIntegratedComponent:63 - No mode defined for component null
2024-02-08 15:19:41,350 [WARN] ModelIntegratedComponent:63 - No mode defined for component null
2024-02-08 15:19:41,350 [WARN] ModelIntegratedComponent:63 - No mode defined for component null
2024-02-08 15:19:41,350 [WARN] ModelIntegratedComponent:63 - No mode defined for component null
2024-02-08 15:19:41,350 [WARN] ModelIntegratedComponent:63 - No mode defined for component null
2024-02-08 15:19:41,350 [WARN] ModelIntegratedComponent:63 - No mode defined for component null
2024-02-08 15:19:41,350 [WARN] ModelIntegratedComponent:63 - No mode defined for component null
2024-02-08 15:19:41,350 [WARN] ModelIntegratedComponent:63 - No mode defined for component null
2024-02-08 15:19:41,350 [WARN] ModelIntegratedComponent:63 - No mode defined for component null
2024-02-08 15:19:41,350 [WARN] ModelIntegratedComponent:63 - No mode defined for component null
2024-02-08 15:19:41,350 [WARN] ModelIntegratedComponent:63 - No mode defined for component null
2024-02-08 15:19:41,350 [WARN] ModelIntegratedComponent:63 - No mode defined for component null
2024-02-08 15:19:41,350 [WARN] ModelIntegratedComponent:63 - No mode defined for component null
2024-02-08 15:19:41,350 [WARN] ModelIntegratedComponent:63 - No mode defined for component null
2024-02-08 15:19:41,350 [WARN] ModelIntegratedComponent:63 - No mode defined for component null
2024-02-08 15:19:41,350 [WARN] ModelIntegratedComponent:63 - No mode defined for component null
2024-02-08 15:19:41,350 [WARN] ModelIntegratedComponent:63 - No mode defined for component null
2024-02-08 15:19:41,350 [WARN] ModelIntegratedComponent:63 - No mode defined for component null
2024-02-08 15:19:41,350 [WARN] ModelIntegratedComponent:63 - No mode defined for component null
2024-02-08 15:19:41,350 [WARN] ModelIntegratedComponent:63 - No mode defined for component null
2024-02-08 15:19:41,351 [WARN] ModelIntegratedComponent:63 - No mode defined for component null
2024-02-08 15:19:41,351 [WARN] ModelIntegratedComponent:63 - No mode defined for component null
2024-02-08 15:19:41,351 [WARN] ModelIntegratedComponent:63 - No mode defined for component null
2024-02-08 15:19:41,351 [WARN] ModelIntegratedComponent:63 - No mode defined for component null
2024-02-08 15:19:41,351 [WARN] ModelIntegratedComponent:63 - No mode defined for component null
2024-02-08 15:19:41,351 [WARN] ModelIntegratedComponent:63 - No mode defined for component null
2024-02-08 15:19:41,351 [WARN] ModelIntegratedComponent:63 - No mode defined for component null
2024-02-08 15:19:41,351 [WARN] ModelIntegratedComponent:63 - No mode defined for component null
2024-02-08 15:19:41,351 [WARN] ModelIntegratedComponent:63 - No mode defined for component null
2024-02-08 15:19:41,352 [WARN] ModelIntegratedComponent:63 - No mode defined for component null
2024-02-08 15:19:41,352 [WARN] ModelIntegratedComponent:63 - No mode defined for component null
2024-02-08 15:19:41,407 [INFO] ThirdPartyModel:298 - Start build external matchings
2024-02-08 15:19:41,616 [INFO] ThirdPartyModel:316 - End build external matchings
2024-02-08 15:19:41,630 [INFO] ImportTextPane:194 - (OptionalMessage_ERROR) IP (DMA) : Parameter (Instance) has Id (ADC) currently not set
2024-02-08 15:19:41,630 [INFO] ImportTextPane:194 - (OptionalMessage_ERROR) IP (DMA) : Parameter (Direction) has Id (ADC) currently not set
2024-02-08 15:19:41,630 [INFO] ImportTextPane:194 - (OptionalMessage_ERROR) IP (DMA) : Parameter (PeriphInc) has Id (ADC) currently not set
2024-02-08 15:19:41,630 [INFO] ImportTextPane:194 - (OptionalMessage_ERROR) IP (DMA) : Parameter (MemInc) has Id (ADC) currently not set
2024-02-08 15:19:41,631 [INFO] ImportTextPane:194 - (OptionalMessage_ERROR) IP (DMA) : Parameter (PeriphDataAlignment) has Id (ADC) currently not set
2024-02-08 15:19:41,631 [INFO] ImportTextPane:194 - (OptionalMessage_ERROR) IP (DMA) : Parameter (MemDataAlignment) has Id (ADC) currently not set
2024-02-08 15:19:41,631 [INFO] ImportTextPane:194 - (OptionalMessage_ERROR) IP (DMA) : Parameter (Mode) has Id (ADC) currently not set
2024-02-08 15:19:41,631 [INFO] ImportTextPane:194 - (OptionalMessage_ERROR) IP (DMA) : Parameter (Priority) has Id (ADC) currently not set
2024-02-08 15:19:41,631 [INFO] ImportTextPane:194 - (OptionalMessage_ERROR) IP (RCC) : Invalid parameter (FamilyName)
2024-02-08 15:19:41,631 [INFO] ImportTextPane:194 - (OptionalMessage_ERROR) IP (RCC) : Invalid parameter (HSICECFreq_Value)
2024-02-08 15:19:41,778 [INFO] UtilMem:75 - End LoadConfig() Used Memory: 714521472 Bytes (880803840)
2024-02-08 15:19:41,822 [INFO] MicroXplorer:468 - Change Database Path : 
2024-02-08 15:19:41,822 [INFO] MicroXplorer:498 - Change Database Version : DB.6.0.100
2024-02-08 15:19:41,822 [WARN] ThirdParty:833 - waiting for thirdparty lock release [change project]
2024-02-08 15:19:41,822 [INFO] ThirdParty:835 - entering critical section [change project]
2024-02-08 15:19:41,822 [INFO] ThirdParty:1030 - CMSIS Pack Vendor :STMicroelectronics X-CUBE-ISPU 1.1.0
2024-02-08 15:19:41,822 [INFO] ThirdParty:1030 - CMSIS Pack Vendor :STMicroelectronics USBPD 4.1
2024-02-08 15:19:41,822 [INFO] ThirdParty:1030 - CMSIS Pack Vendor :STMicroelectronics X-CUBE-GNSS1 6.0.0
2024-02-08 15:19:41,822 [INFO] ThirdParty:1030 - CMSIS Pack Vendor :STMicroelectronics USB_HOST 2.0.0
2024-02-08 15:19:41,822 [INFO] ThirdParty:1030 - CMSIS Pack Vendor :STMicroelectronics X-CUBE-AZRTOS-F4 1.1.0
2024-02-08 15:19:41,823 [INFO] ThirdParty:1030 - CMSIS Pack Vendor :STMicroelectronics LIBJPEG 8.0.0
2024-02-08 15:19:41,823 [INFO] ThirdParty:1030 - CMSIS Pack Vendor :wolfSSL I-CUBE-wolfSSL 5.6.4
2024-02-08 15:19:41,823 [INFO] ThirdParty:1030 - CMSIS Pack Vendor :STMicroelectronics X-CUBE-SMBUS 2.1.0
2024-02-08 15:19:41,823 [INFO] ThirdParty:1030 - CMSIS Pack Vendor :STMicroelectronics USB_DEVICE 3.0.0
2024-02-08 15:19:41,823 [INFO] ThirdParty:1030 - CMSIS Pack Vendor :STMicroelectronics X-CUBE-AZRTOS-WB 2.0.0
2024-02-08 15:19:41,823 [INFO] ThirdParty:1030 - CMSIS Pack Vendor :STMicroelectronics X-CUBE-TOUCHGFX 4.23.0
2024-02-08 15:19:41,823 [INFO] ThirdParty:1030 - CMSIS Pack Vendor :STMicroelectronics X-CUBE-AZRTOS-F7 1.1.0
2024-02-08 15:19:41,823 [INFO] ThirdParty:1030 - CMSIS Pack Vendor :STMicroelectronics X-CUBE-AZRTOS-L5 2.0.0
2024-02-08 15:19:41,823 [INFO] ThirdParty:1030 - CMSIS Pack Vendor :STMicroelectronics USB_DEVICE 2.0.0
2024-02-08 15:19:41,823 [INFO] ThirdParty:1030 - CMSIS Pack Vendor :STMicroelectronics X-CUBE-EEPRMA1 4.2.0
2024-02-08 15:19:41,823 [INFO] ThirdParty:1030 - CMSIS Pack Vendor :ITTIA_DB I-CUBE-ITTIADB 8.8.0
2024-02-08 15:19:41,823 [INFO] ThirdParty:1030 - CMSIS Pack Vendor :STMicroelectronics FP-SNS-MOTENV1 4.3.2
2024-02-08 15:19:41,823 [INFO] ThirdParty:1030 - CMSIS Pack Vendor :STMicroelectronics X-CUBE-ALGOBUILD 1.3.0
2024-02-08 15:19:41,823 [INFO] ThirdParty:1030 - CMSIS Pack Vendor :STMicroelectronics FreeRTOS 0.0.1
2024-02-08 15:19:41,823 [INFO] ThirdParty:1030 - CMSIS Pack Vendor :STMicroelectronics X-CUBE-AZRTOS-G0 1.1.0
2024-02-08 15:19:41,823 [INFO] ThirdParty:1030 - CMSIS Pack Vendor :STMicroelectronics X-CUBE-NFC4 3.0.0
2024-02-08 15:19:41,823 [INFO] ThirdParty:1030 - CMSIS Pack Vendor :STMicroelectronics X-CUBE-SUBG2 5.0.0
2024-02-08 15:19:41,823 [INFO] ThirdParty:1030 - CMSIS Pack Vendor :STMicroelectronics STM32_WPAN 1.0.0
2024-02-08 15:19:41,823 [INFO] ThirdParty:1030 - CMSIS Pack Vendor :STMicroelectronics lwIP 2.0.3
2024-02-08 15:19:41,823 [INFO] ThirdParty:1030 - CMSIS Pack Vendor :STMicroelectronics FP-SNS-FLIGHT1 5.0.2
2024-02-08 15:19:41,823 [INFO] ThirdParty:1030 - CMSIS Pack Vendor :STMicroelectronics USB_HOST 1.0.0
2024-02-08 15:19:41,823 [INFO] ThirdParty:1030 - CMSIS Pack Vendor :STMicroelectronics X-CUBE-AZRTOS-G4 2.0.0
2024-02-08 15:19:41,823 [INFO] ThirdParty:1030 - CMSIS Pack Vendor :STMicroelectronics PDM2PCM 3.1.0
2024-02-08 15:19:41,823 [INFO] ThirdParty:1030 - CMSIS Pack Vendor :STMicroelectronics X-CUBE-AZRTOS-H7 3.1.0
2024-02-08 15:19:41,823 [INFO] ThirdParty:1030 - CMSIS Pack Vendor :Infineon AIROC-Wi-Fi-Bluetooth-STM32 1.5.1
2024-02-08 15:19:41,823 [INFO] ThirdParty:1030 - CMSIS Pack Vendor :STMicroelectronics X-CUBE-BLEMGR 3.0.0
2024-02-08 15:19:41,823 [INFO] ThirdParty:1030 - CMSIS Pack Vendor :STMicroelectronics PDM2PCM 3.3.0
2024-02-08 15:19:41,823 [INFO] ThirdParty:1030 - CMSIS Pack Vendor :STMicroelectronics X-CUBE-DISPLAY 3.0.0
2024-02-08 15:19:41,823 [INFO] ThirdParty:1030 - CMSIS Pack Vendor :STMicroelectronics FP-SNS-MOTENVWB1 1.3.1
2024-02-08 15:19:41,823 [INFO] ThirdParty:1030 - CMSIS Pack Vendor :STMicroelectronics X-CUBE-BLE1 7.0.0
2024-02-08 15:19:41,823 [INFO] ThirdParty:1030 - CMSIS Pack Vendor :STMicroelectronics FP-ATR-SIGFOX1 3.2.0
2024-02-08 15:19:41,823 [INFO] ThirdParty:1030 - CMSIS Pack Vendor :STMicroelectronics X-CUBE-ISPU 2.0.0
2024-02-08 15:19:41,823 [INFO] ThirdParty:1030 - CMSIS Pack Vendor :STMicroelectronics X-CUBE-EEPRMA1 5.1.0
2024-02-08 15:19:41,823 [INFO] ThirdParty:1030 - CMSIS Pack Vendor :STMicroelectronics HAL Drivers 0.0.0
2024-02-08 15:19:41,823 [INFO] ThirdParty:1030 - CMSIS Pack Vendor :STMicroelectronics MBEDTLS 2.16.2
2024-02-08 15:19:41,823 [INFO] ThirdParty:1030 - CMSIS Pack Vendor :emotas I-CUBE-CANOPEN 1.3.0
2024-02-08 15:19:41,823 [INFO] ThirdParty:1030 - CMSIS Pack Vendor :STMicroelectronics X-CUBE-MEMS1 10.0.0
2024-02-08 15:19:41,823 [INFO] ThirdParty:1030 - CMSIS Pack Vendor :STMicroelectronics X-CUBE-FREERTOS 1.1.0
2024-02-08 15:19:41,823 [INFO] ThirdParty:1030 - CMSIS Pack Vendor :STMicroelectronics X-CUBE-NFC7 1.0.1
2024-02-08 15:19:41,823 [INFO] ThirdParty:1030 - CMSIS Pack Vendor :STMicroelectronics MBEDTLS 2.14.1
2024-02-08 15:19:41,823 [INFO] ThirdParty:1030 - CMSIS Pack Vendor :STMicroelectronics X-CUBE-TOUCHGFX 4.22.1
2024-02-08 15:19:41,823 [INFO] ThirdParty:1030 - CMSIS Pack Vendor :STMicroelectronics X-CUBE-NFC6 3.0.0
2024-02-08 15:19:41,823 [INFO] ThirdParty:1030 - CMSIS Pack Vendor :portGmbH I-Cube-SoM-uGOAL 1.1.0
2024-02-08 15:19:41,823 [INFO] ThirdParty:1030 - CMSIS Pack Vendor :STMicroelectronics X-CUBE-ALS 1.0.1
2024-02-08 15:19:41,823 [INFO] ThirdParty:1030 - CMSIS Pack Vendor :STMicroelectronics ThreadX 1.0.0
2024-02-08 15:19:41,823 [INFO] ThirdParty:1030 - CMSIS Pack Vendor :STMicroelectronics FP-SNS-SMARTAG2 1.2.0
2024-02-08 15:19:41,823 [INFO] ThirdParty:1030 - CMSIS Pack Vendor :STMicroelectronics X-CUBE-AZRTOS-WL 2.0.0
2024-02-08 15:19:41,823 [INFO] ThirdParty:1030 - CMSIS Pack Vendor :SEGGER I-CUBE-embOS 1.3.1
2024-02-08 15:19:41,823 [INFO] ThirdParty:1030 - CMSIS Pack Vendor :STMicroelectronics USB_DEVICE 1.0.0
2024-02-08 15:19:41,823 [INFO] ThirdParty:1030 - CMSIS Pack Vendor :STMicroelectronics X-CUBE-AI 8.1.0
2024-02-08 15:19:41,823 [INFO] ThirdParty:1030 - CMSIS Pack Vendor :STMicroelectronics X-CUBE-AZRTOS-L4 2.0.0
2024-02-08 15:19:41,823 [INFO] ThirdParty:1030 - CMSIS Pack Vendor :STMicroelectronics ThreadX 0.0.2
2024-02-08 15:19:41,823 [INFO] ThirdParty:1030 - CMSIS Pack Vendor :WES I-CUBE-Cesium 1.3.0
2024-02-08 15:19:41,823 [INFO] ThirdParty:1030 - CMSIS Pack Vendor :STMicroelectronics FP-ATR-ASTRA1 2.0.0
2024-02-08 15:19:41,823 [INFO] ThirdParty:1030 - CMSIS Pack Vendor :STMicroelectronics lwIP 2.1.2
2024-02-08 15:19:41,824 [INFO] ThirdParty:1030 - CMSIS Pack Vendor :STMicroelectronics X-CUBE-SFXS2LP1 4.0.0
2024-02-08 15:19:41,824 [INFO] ThirdParty:1030 - CMSIS Pack Vendor :STMicroelectronics X-CUBE-BLE2 3.3.0
2024-02-08 15:19:41,824 [INFO] ThirdParty:1030 - CMSIS Pack Vendor :STMicroelectronics X-CUBE-TOF1 3.4.0
2024-02-08 15:19:41,824 [INFO] ThirdParty:1030 - CMSIS Pack Vendor :STMicroelectronics X-CUBE-AZRTOS-H7 3.2.0
2024-02-08 15:19:41,824 [INFO] ThirdParty:1030 - CMSIS Pack Vendor :STMicroelectronics PDM2PCM 3.2.0
2024-02-08 15:19:41,824 [INFO] ThirdParty:841 - exiting critical section [change project]
2024-02-08 15:19:41,920 [INFO] PinOutPanel:1499 - setPackage(No Configuration,No Configuration)
2024-02-08 15:19:41,921 [INFO] PinOutPanel:1499 - setPackage(STM32F042F4Px,TSSOP20)
2024-02-08 15:19:42,515 [INFO] UtilMem:75 - Before build in PCC Used Memory: 374660960 Bytes (880803840)
2024-02-08 15:19:42,689 [INFO] UtilMem:75 - After build in PCC Used Memory: 418178912 Bytes (880803840)
2024-02-08 15:19:42,704 [INFO] IPUIPlugin:80 - create IPUIPlugin
2024-02-08 15:19:42,704 [INFO] IPUIPlugin:80 - create IPUIPlugin
2024-02-08 15:19:42,704 [INFO] IPUIPlugin:80 - create IPUIPlugin
2024-02-08 15:19:42,704 [INFO] IPUIPlugin:80 - create IPUIPlugin
2024-02-08 15:19:42,704 [INFO] IPUIPlugin:80 - create IPUIPlugin
2024-02-08 15:19:42,704 [INFO] IPUIPlugin:80 - create IPUIPlugin
2024-02-08 15:19:42,704 [INFO] IPUIPlugin:80 - create IPUIPlugin
2024-02-08 15:19:42,704 [INFO] IPUIPlugin:80 - create IPUIPlugin
2024-02-08 15:19:42,704 [INFO] IPUIPlugin:80 - create IPUIPlugin
2024-02-08 15:19:42,704 [INFO] IPUIPlugin:80 - create IPUIPlugin
2024-02-08 15:19:42,704 [INFO] IPUIPlugin:80 - create IPUIPlugin
2024-02-08 15:19:42,704 [INFO] IPUIPlugin:80 - create IPUIPlugin
2024-02-08 15:19:42,704 [INFO] IPUIPlugin:80 - create IPUIPlugin
2024-02-08 15:19:42,704 [INFO] IPUIPlugin:80 - create IPUIPlugin
2024-02-08 15:19:42,705 [INFO] IPUIPlugin:80 - create IPUIPlugin
2024-02-08 15:19:42,705 [INFO] IPUIPlugin:80 - create IPUIPlugin
2024-02-08 15:19:42,705 [INFO] IPUIPlugin:80 - create IPUIPlugin
2024-02-08 15:19:42,705 [INFO] IPUIPlugin:80 - create IPUIPlugin
2024-02-08 15:19:42,705 [INFO] IPUIPlugin:80 - create IPUIPlugin
2024-02-08 15:19:42,705 [INFO] IPUIPlugin:80 - create IPUIPlugin
2024-02-08 15:19:42,705 [INFO] IPUIPlugin:80 - create IPUIPlugin
2024-02-08 15:19:42,705 [INFO] IPUIPlugin:80 - create IPUIPlugin
2024-02-08 15:19:42,705 [INFO] IPUIPlugin:80 - create IPUIPlugin
2024-02-08 15:19:42,705 [INFO] IPUIPlugin:80 - create IPUIPlugin
2024-02-08 15:19:42,705 [INFO] IPUIPlugin:80 - create IPUIPlugin
2024-02-08 15:19:42,705 [INFO] IPUIPlugin:80 - create IPUIPlugin
2024-02-08 15:19:42,706 [INFO] IPUIPlugin:80 - create IPUIPlugin
2024-02-08 15:19:42,706 [INFO] IPUIPlugin:80 - create IPUIPlugin
2024-02-08 15:19:42,706 [INFO] IPUIPlugin:80 - create IPUIPlugin
2024-02-08 15:19:42,706 [INFO] IPUIPlugin:80 - create IPUIPlugin
2024-02-08 15:19:42,712 [INFO] Can:71 - Can Add PropertyChangeListener com.st.microxplorer.plugins.ip.can.Can@332886ed
2024-02-08 15:19:42,736 [INFO] CADModel:165 - CPN selected for project levelSTM32F042F4P6
2024-02-08 15:19:42,736 [INFO] CADModel:114 - Register for checkConnection events
2024-02-08 15:19:42,807 [INFO] OpenFileManager:343 - Restore cursor
2024-02-08 15:19:42,813 [INFO] ApiDb:581 - Connected to CubeFinder SQLite database (C:\Users\aleja\.stmcufinder\plugins\mcufinder\mcu\cube-finder-db.db)
2024-02-08 15:22:54,329 [INFO] Gpio:277 - dependency for GPIO [ADC, CAN, RCC, SYS]
2024-02-08 15:25:48,581 [INFO] Gpio:277 - dependency for GPIO [ADC, CAN, RCC, SYS]
2024-02-08 15:25:48,716 [INFO] Gpio:277 - dependency for GPIO [ADC, CAN, RCC, SYS]
2024-02-08 15:25:55,532 [INFO] Gpio:277 - dependency for GPIO [ADC, CAN, RCC, SYS]
2024-02-08 15:25:55,677 [INFO] Gpio:277 - dependency for GPIO [ADC, CAN, RCC, SYS]
2024-02-08 15:26:01,172 [INFO] UtilMem:75 - End SaveConfig() Used Memory: 606227696 Bytes (880803840)
2024-02-08 15:26:01,645 [INFO] UtilMem:75 - End SaveConfig() Used Memory: 661862648 Bytes (880803840)
2024-02-08 15:26:01,780 [INFO] BlockDiagram:2759 - set Specific Code input for plugin: ADC
2024-02-08 15:26:01,780 [INFO] BlockDiagram:2759 - set Specific Code input for plugin: NVIC
2024-02-08 15:26:01,780 [INFO] BlockDiagram:2759 - set Specific Code input for plugin: DMA
2024-02-08 15:26:01,780 [INFO] BlockDiagram:2759 - set Specific Code input for plugin: TIM1_8F0
2024-02-08 15:26:01,780 [INFO] BlockDiagram:2759 - set Specific Code input for plugin: SYS
2024-02-08 15:26:01,780 [INFO] BlockDiagram:2759 - set Specific Code input for plugin: GPIO
2024-02-08 15:26:01,780 [INFO] BlockDiagram:2759 - set Specific Code input for plugin: CAN
2024-02-08 15:26:01,780 [INFO] BlockDiagram:2759 - set Specific Code input for plugin: RCC
2024-02-08 15:26:01,781 [INFO] CodeGenerator:807 - code generatio: config db path: C:\ST\STM32CubeIDE_1.13.2\STM32CubeIDE\plugins\com.st.stm32cube.common.mx_6.10.0.202311202037\\db\
2024-02-08 15:26:01,902 [INFO] CodeEngine:255 - oldGeneratedFile, C:\Users\aleja\OneDrive\Escritorio\gettingStartedSTM\acumulador_Gru\MXTmpFiles\license.tmp_save
2024-02-08 15:26:02,021 [INFO] CodeEngine:279 - Generated code: C:\Users\aleja\OneDrive\Escritorio\gettingStartedSTM\acumulador_Gru\MXTmpFiles\license.tmp
2024-02-08 15:26:02,056 [INFO] CodeEngine:255 - oldGeneratedFile, C:\Users\aleja\OneDrive\Escritorio\gettingStartedSTM\acumulador_Gru\MXTmpFiles\gpio.tmp_save
2024-02-08 15:26:02,200 [INFO] CodeEngine:279 - Generated code: C:\Users\aleja\OneDrive\Escritorio\gettingStartedSTM\acumulador_Gru\MXTmpFiles\gpio.tmp
2024-02-08 15:26:02,378 [INFO] CodeEngine:255 - oldGeneratedFile, C:\Users\aleja\OneDrive\Escritorio\gettingStartedSTM\acumulador_Gru\MXTmpFiles\dma.tmp_save
2024-02-08 15:26:02,483 [INFO] CodeEngine:279 - Generated code: C:\Users\aleja\OneDrive\Escritorio\gettingStartedSTM\acumulador_Gru\MXTmpFiles\dma.tmp
2024-02-08 15:26:02,494 [INFO] CodeEngine:255 - oldGeneratedFile, C:\Users\aleja\OneDrive\Escritorio\gettingStartedSTM\acumulador_Gru\MXTmpFiles\dma_GV.tmp_save
2024-02-08 15:26:02,548 [INFO] CodeEngine:279 - Generated code: C:\Users\aleja\OneDrive\Escritorio\gettingStartedSTM\acumulador_Gru\MXTmpFiles\dma_GV.tmp
2024-02-08 15:26:02,572 [INFO] CodeEngine:255 - oldGeneratedFile, C:\Users\aleja\OneDrive\Escritorio\gettingStartedSTM\acumulador_Gru\Core\Src\stm32f0xx_it.c_save
2024-02-08 15:26:02,711 [INFO] CodeEngine:279 - Generated code: C:\Users\aleja\OneDrive\Escritorio\gettingStartedSTM\acumulador_Gru\Core\Src\stm32f0xx_it.c
2024-02-08 15:26:02,723 [INFO] CodeEngine:255 - oldGeneratedFile, C:\Users\aleja\OneDrive\Escritorio\gettingStartedSTM\acumulador_Gru\Core\Inc\stm32f0xx_it.h_save
2024-02-08 15:26:02,830 [INFO] CodeEngine:279 - Generated code: C:\Users\aleja\OneDrive\Escritorio\gettingStartedSTM\acumulador_Gru\Core\Inc\stm32f0xx_it.h
2024-02-08 15:26:02,880 [INFO] CodeEngine:255 - oldGeneratedFile, C:\Users\aleja\OneDrive\Escritorio\gettingStartedSTM\acumulador_Gru\Core\Src\stm32f0xx_hal_msp.c_save
2024-02-08 15:26:02,994 [INFO] CodeEngine:279 - Generated code: C:\Users\aleja\OneDrive\Escritorio\gettingStartedSTM\acumulador_Gru\Core\Src\stm32f0xx_hal_msp.c
2024-02-08 15:26:02,998 [INFO] CodeEngine:255 - oldGeneratedFile, C:\Users\aleja\OneDrive\Escritorio\gettingStartedSTM\acumulador_Gru\MXTmpFiles\system.tmp_save
2024-02-08 15:26:03,049 [INFO] CodeEngine:279 - Generated code: C:\Users\aleja\OneDrive\Escritorio\gettingStartedSTM\acumulador_Gru\MXTmpFiles\system.tmp
2024-02-08 15:26:03,079 [INFO] CodeEngine:311 - oldGeneratedFile, C:\Users\aleja\OneDrive\Escritorio\gettingStartedSTM\acumulador_Gru\Core\Inc\stm32f0xx_hal_conf.h_save
2024-02-08 15:26:03,229 [INFO] CodeEngine:335 - Generated code: C:\Users\aleja\OneDrive\Escritorio\gettingStartedSTM\acumulador_Gru\Core\Inc\stm32f0xx_hal_conf.h
2024-02-08 15:26:03,259 [WARN] IPConfigManager:3440 - IP not found : TIM
2024-02-08 15:26:03,260 [WARN] CodeGenerator:3939 - IP not found : null
2024-02-08 15:26:03,283 [INFO] CodeEngine:255 - oldGeneratedFile, C:\Users\aleja\OneDrive\Escritorio\gettingStartedSTM\acumulador_Gru\Core\Inc\main.h_save
2024-02-08 15:26:03,410 [INFO] CodeEngine:279 - Generated code: C:\Users\aleja\OneDrive\Escritorio\gettingStartedSTM\acumulador_Gru\Core\Inc\main.h
2024-02-08 15:26:03,444 [INFO] CodeEngine:255 - oldGeneratedFile, C:\Users\aleja\OneDrive\Escritorio\gettingStartedSTM\acumulador_Gru\Core\Src\main.c_save
2024-02-08 15:26:03,601 [INFO] CodeEngine:279 - Generated code: C:\Users\aleja\OneDrive\Escritorio\gettingStartedSTM\acumulador_Gru\Core\Src\main.c
2024-02-08 15:26:04,165 [INFO] ProjectBuilder:3076 - Time for Copy HAL[1] : 280mS.
2024-02-08 15:26:04,168 [INFO] ProjectBuilder:4485 - Project Generator version: 4.2.0-B44
2024-02-08 15:26:04,292 [INFO] ConfigFileManager:1495 - The Die is : DIE445
2024-02-08 15:26:04,295 [INFO] ApiDbMcu:508 - Load IP Config File for FATFS
2024-02-08 15:26:04,298 [INFO] ApiDbMcu:508 - Load IP Config File for FREERTOS
2024-02-08 15:26:04,307 [INFO] ApiDbMcu:508 - Load IP Config File for TOUCHSENSING
2024-02-08 15:26:04,312 [INFO] ApiDbMcu:508 - Load IP Config File for USB_DEVICE
2024-02-08 15:26:05,716 [INFO] ProjectBuilder:4747 - Time for Generating toolchain IDE Files: 1548mS.
2024-02-08 15:26:05,717 [INFO] ProjectBuilder:2947 - Time for Copy CMSIS : 1mS.
2024-02-08 15:26:05,720 [INFO] ProjectBuilder:2947 - Time for Copy CMSIS : 0mS.
2024-02-08 15:26:19,432 [INFO] UtilMem:75 - End SaveConfig() Used Memory: 446178608 Bytes (1059061760)
2024-02-08 15:26:19,512 [INFO] UtilMem:75 - End SaveConfig() Used Memory: 456383048 Bytes (1059061760)
2024-02-08 15:26:19,945 [INFO] UtilMem:75 - End SaveConfig() Used Memory: 511816968 Bytes (1059061760)
2024-02-08 15:26:20,062 [INFO] BlockDiagram:2759 - set Specific Code input for plugin: ADC
2024-02-08 15:26:20,062 [INFO] BlockDiagram:2759 - set Specific Code input for plugin: NVIC
2024-02-08 15:26:20,062 [INFO] BlockDiagram:2759 - set Specific Code input for plugin: DMA
2024-02-08 15:26:20,062 [INFO] BlockDiagram:2759 - set Specific Code input for plugin: TIM1_8F0
2024-02-08 15:26:20,062 [INFO] BlockDiagram:2759 - set Specific Code input for plugin: SYS
2024-02-08 15:26:20,062 [INFO] BlockDiagram:2759 - set Specific Code input for plugin: GPIO
2024-02-08 15:26:20,062 [INFO] BlockDiagram:2759 - set Specific Code input for plugin: CAN
2024-02-08 15:26:20,062 [INFO] BlockDiagram:2759 - set Specific Code input for plugin: RCC
2024-02-08 15:26:20,063 [INFO] CodeGenerator:807 - code generatio: config db path: C:\ST\STM32CubeIDE_1.13.2\STM32CubeIDE\plugins\com.st.stm32cube.common.mx_6.10.0.202311202037\\db\
2024-02-08 15:26:20,064 [INFO] Argument:325 - Argument : hdmavalue: null
2024-02-08 15:26:20,064 [INFO] Argument:327 - 	 sub Args: 
2024-02-08 15:26:20,064 [INFO] Argument:325 - Argument : Instancevalue: DMA1_Channel1
2024-02-08 15:26:20,064 [INFO] Argument:335 - Argument : Instancevalue: DMA1_Channel1
2024-02-08 15:26:20,064 [INFO] Argument:325 - Argument : Initvalue: null
2024-02-08 15:26:20,064 [INFO] Argument:327 - 	 sub Args: 
2024-02-08 15:26:20,064 [INFO] Argument:325 - Argument : Directionvalue: DMA_PERIPH_TO_MEMORY
2024-02-08 15:26:20,064 [INFO] Argument:335 - Argument : Directionvalue: DMA_PERIPH_TO_MEMORY
2024-02-08 15:26:20,064 [INFO] Argument:325 - Argument : PeriphIncvalue: DMA_PINC_DISABLE
2024-02-08 15:26:20,064 [INFO] Argument:335 - Argument : PeriphIncvalue: DMA_PINC_DISABLE
2024-02-08 15:26:20,064 [INFO] Argument:325 - Argument : MemIncvalue: DMA_MINC_ENABLE
2024-02-08 15:26:20,064 [INFO] Argument:335 - Argument : MemIncvalue: DMA_MINC_ENABLE
2024-02-08 15:26:20,064 [INFO] Argument:325 - Argument : PeriphDataAlignmentvalue: DMA_PDATAALIGN_HALFWORD
2024-02-08 15:26:20,064 [INFO] Argument:335 - Argument : PeriphDataAlignmentvalue: DMA_PDATAALIGN_HALFWORD
2024-02-08 15:26:20,064 [INFO] Argument:325 - Argument : MemDataAlignmentvalue: DMA_MDATAALIGN_HALFWORD
2024-02-08 15:26:20,064 [INFO] Argument:335 - Argument : MemDataAlignmentvalue: DMA_MDATAALIGN_HALFWORD
2024-02-08 15:26:20,064 [INFO] Argument:325 - Argument : Modevalue: DMA_CIRCULAR
2024-02-08 15:26:20,064 [INFO] Argument:335 - Argument : Modevalue: DMA_CIRCULAR
2024-02-08 15:26:20,064 [INFO] Argument:325 - Argument : Priorityvalue: DMA_PRIORITY_LOW
2024-02-08 15:26:20,065 [INFO] Argument:335 - Argument : Priorityvalue: DMA_PRIORITY_LOW
2024-02-08 15:26:20,065 [INFO] Argument:325 - Argument : Lockvalue: null
2024-02-08 15:26:20,065 [INFO] Argument:335 - Argument : Lockvalue: null
2024-02-08 15:26:20,065 [INFO] Argument:325 - Argument : Statevalue: null
2024-02-08 15:26:20,065 [INFO] Argument:335 - Argument : Statevalue: null
2024-02-08 15:26:20,065 [INFO] Argument:325 - Argument : Parentvalue: null
2024-02-08 15:26:20,065 [INFO] Argument:335 - Argument : Parentvalue: null
2024-02-08 15:26:20,065 [INFO] Argument:325 - Argument : XferCpltCallbackvalue: null
2024-02-08 15:26:20,065 [INFO] Argument:335 - Argument : XferCpltCallbackvalue: null
2024-02-08 15:26:20,065 [INFO] Argument:325 - Argument : XferHalfCpltCallbackvalue: null
2024-02-08 15:26:20,065 [INFO] Argument:335 - Argument : XferHalfCpltCallbackvalue: null
2024-02-08 15:26:20,065 [INFO] Argument:325 - Argument : XferErrorCallbackvalue: null
2024-02-08 15:26:20,065 [INFO] Argument:335 - Argument : XferErrorCallbackvalue: null
2024-02-08 15:26:20,065 [INFO] Argument:325 - Argument : ErrorCodevalue: null
2024-02-08 15:26:20,065 [INFO] Argument:335 - Argument : ErrorCodevalue: null
2024-02-08 15:26:20,065 [INFO] Argument:325 - Argument : DMA_Remapvalue: null
2024-02-08 15:26:20,065 [INFO] Argument:335 - Argument : DMA_Remapvalue: null
2024-02-08 15:26:20,148 [INFO] CodeEngine:255 - oldGeneratedFile, C:\Users\aleja\OneDrive\Escritorio\gettingStartedSTM\acumulador_Gru\MXTmpFiles\license.tmp_save
2024-02-08 15:26:20,310 [INFO] CodeEngine:279 - Generated code: C:\Users\aleja\OneDrive\Escritorio\gettingStartedSTM\acumulador_Gru\MXTmpFiles\license.tmp
2024-02-08 15:26:20,327 [INFO] CodeEngine:255 - oldGeneratedFile, C:\Users\aleja\OneDrive\Escritorio\gettingStartedSTM\acumulador_Gru\MXTmpFiles\gpio.tmp_save
2024-02-08 15:26:20,460 [INFO] CodeEngine:279 - Generated code: C:\Users\aleja\OneDrive\Escritorio\gettingStartedSTM\acumulador_Gru\MXTmpFiles\gpio.tmp
2024-02-08 15:26:20,534 [INFO] CodeEngine:255 - oldGeneratedFile, C:\Users\aleja\OneDrive\Escritorio\gettingStartedSTM\acumulador_Gru\MXTmpFiles\dma.tmp_save
2024-02-08 15:26:20,631 [INFO] CodeEngine:279 - Generated code: C:\Users\aleja\OneDrive\Escritorio\gettingStartedSTM\acumulador_Gru\MXTmpFiles\dma.tmp
2024-02-08 15:26:20,634 [INFO] CodeEngine:255 - oldGeneratedFile, C:\Users\aleja\OneDrive\Escritorio\gettingStartedSTM\acumulador_Gru\MXTmpFiles\dma_GV.tmp_save
2024-02-08 15:26:20,694 [INFO] CodeEngine:279 - Generated code: C:\Users\aleja\OneDrive\Escritorio\gettingStartedSTM\acumulador_Gru\MXTmpFiles\dma_GV.tmp
2024-02-08 15:26:20,738 [INFO] CodeEngine:255 - oldGeneratedFile, C:\Users\aleja\OneDrive\Escritorio\gettingStartedSTM\acumulador_Gru\Core\Src\stm32f0xx_it.c_save
2024-02-08 15:26:20,815 [INFO] CodeEngine:279 - Generated code: C:\Users\aleja\OneDrive\Escritorio\gettingStartedSTM\acumulador_Gru\Core\Src\stm32f0xx_it.c
2024-02-08 15:26:20,820 [INFO] CodeEngine:255 - oldGeneratedFile, C:\Users\aleja\OneDrive\Escritorio\gettingStartedSTM\acumulador_Gru\Core\Inc\stm32f0xx_it.h_save
2024-02-08 15:26:20,865 [INFO] CodeEngine:279 - Generated code: C:\Users\aleja\OneDrive\Escritorio\gettingStartedSTM\acumulador_Gru\Core\Inc\stm32f0xx_it.h
2024-02-08 15:26:20,896 [INFO] CodeEngine:255 - oldGeneratedFile, C:\Users\aleja\OneDrive\Escritorio\gettingStartedSTM\acumulador_Gru\Core\Src\stm32f0xx_hal_msp.c_save
2024-02-08 15:26:21,000 [INFO] CodeEngine:279 - Generated code: C:\Users\aleja\OneDrive\Escritorio\gettingStartedSTM\acumulador_Gru\Core\Src\stm32f0xx_hal_msp.c
2024-02-08 15:26:21,003 [INFO] CodeEngine:255 - oldGeneratedFile, C:\Users\aleja\OneDrive\Escritorio\gettingStartedSTM\acumulador_Gru\MXTmpFiles\system.tmp_save
2024-02-08 15:26:21,046 [INFO] CodeEngine:279 - Generated code: C:\Users\aleja\OneDrive\Escritorio\gettingStartedSTM\acumulador_Gru\MXTmpFiles\system.tmp
2024-02-08 15:26:21,075 [INFO] CodeEngine:311 - oldGeneratedFile, C:\Users\aleja\OneDrive\Escritorio\gettingStartedSTM\acumulador_Gru\Core\Inc\stm32f0xx_hal_conf.h_save
2024-02-08 15:26:21,223 [INFO] CodeEngine:335 - Generated code: C:\Users\aleja\OneDrive\Escritorio\gettingStartedSTM\acumulador_Gru\Core\Inc\stm32f0xx_hal_conf.h
2024-02-08 15:26:21,257 [WARN] IPConfigManager:3440 - IP not found : TIM
2024-02-08 15:26:21,258 [WARN] CodeGenerator:3939 - IP not found : null
2024-02-08 15:26:21,294 [INFO] CodeEngine:255 - oldGeneratedFile, C:\Users\aleja\OneDrive\Escritorio\gettingStartedSTM\acumulador_Gru\Core\Inc\main.h_save
2024-02-08 15:26:21,387 [INFO] CodeEngine:279 - Generated code: C:\Users\aleja\OneDrive\Escritorio\gettingStartedSTM\acumulador_Gru\Core\Inc\main.h
2024-02-08 15:26:21,412 [INFO] CodeEngine:255 - oldGeneratedFile, C:\Users\aleja\OneDrive\Escritorio\gettingStartedSTM\acumulador_Gru\Core\Src\main.c_save
2024-02-08 15:26:21,565 [INFO] CodeEngine:279 - Generated code: C:\Users\aleja\OneDrive\Escritorio\gettingStartedSTM\acumulador_Gru\Core\Src\main.c
2024-02-08 15:26:22,014 [INFO] ProjectBuilder:3076 - Time for Copy HAL[1] : 127mS.
2024-02-08 15:26:22,018 [INFO] ProjectBuilder:4485 - Project Generator version: 4.2.0-B44
2024-02-08 15:26:22,149 [INFO] ConfigFileManager:1495 - The Die is : DIE445
2024-02-08 15:26:23,132 [INFO] ProjectBuilder:4747 - Time for Generating toolchain IDE Files: 1114mS.
2024-02-08 15:26:23,134 [INFO] ProjectBuilder:2947 - Time for Copy CMSIS : 1mS.
2024-02-08 15:26:23,137 [INFO] ProjectBuilder:2947 - Time for Copy CMSIS : 0mS.
2024-02-08 15:26:31,692 [INFO] UtilMem:75 - End SaveConfig() Used Memory: 567548464 Bytes (1068498944)
2024-02-08 15:26:31,776 [INFO] UtilMem:75 - End SaveConfig() Used Memory: 577901832 Bytes (1068498944)
2024-02-08 15:26:32,182 [INFO] UtilMem:75 - End SaveConfig() Used Memory: 602578112 Bytes (1068498944)
2024-02-08 15:26:32,337 [INFO] BlockDiagram:2759 - set Specific Code input for plugin: ADC
2024-02-08 15:26:32,337 [INFO] BlockDiagram:2759 - set Specific Code input for plugin: NVIC
2024-02-08 15:26:32,337 [INFO] BlockDiagram:2759 - set Specific Code input for plugin: DMA
2024-02-08 15:26:32,337 [INFO] BlockDiagram:2759 - set Specific Code input for plugin: TIM1_8F0
2024-02-08 15:26:32,337 [INFO] BlockDiagram:2759 - set Specific Code input for plugin: SYS
2024-02-08 15:26:32,338 [INFO] BlockDiagram:2759 - set Specific Code input for plugin: GPIO
2024-02-08 15:26:32,338 [INFO] BlockDiagram:2759 - set Specific Code input for plugin: CAN
2024-02-08 15:26:32,338 [INFO] BlockDiagram:2759 - set Specific Code input for plugin: RCC
2024-02-08 15:26:32,339 [INFO] CodeGenerator:807 - code generatio: config db path: C:\ST\STM32CubeIDE_1.13.2\STM32CubeIDE\plugins\com.st.stm32cube.common.mx_6.10.0.202311202037\\db\
2024-02-08 15:26:32,342 [INFO] Argument:325 - Argument : hdmavalue: null
2024-02-08 15:26:32,342 [INFO] Argument:327 - 	 sub Args: 
2024-02-08 15:26:32,342 [INFO] Argument:325 - Argument : Instancevalue: DMA1_Channel1
2024-02-08 15:26:32,342 [INFO] Argument:335 - Argument : Instancevalue: DMA1_Channel1
2024-02-08 15:26:32,342 [INFO] Argument:325 - Argument : Initvalue: null
2024-02-08 15:26:32,342 [INFO] Argument:327 - 	 sub Args: 
2024-02-08 15:26:32,342 [INFO] Argument:325 - Argument : Directionvalue: DMA_PERIPH_TO_MEMORY
2024-02-08 15:26:32,342 [INFO] Argument:335 - Argument : Directionvalue: DMA_PERIPH_TO_MEMORY
2024-02-08 15:26:32,342 [INFO] Argument:325 - Argument : PeriphIncvalue: DMA_PINC_DISABLE
2024-02-08 15:26:32,342 [INFO] Argument:335 - Argument : PeriphIncvalue: DMA_PINC_DISABLE
2024-02-08 15:26:32,343 [INFO] Argument:325 - Argument : MemIncvalue: DMA_MINC_ENABLE
2024-02-08 15:26:32,343 [INFO] Argument:335 - Argument : MemIncvalue: DMA_MINC_ENABLE
2024-02-08 15:26:32,343 [INFO] Argument:325 - Argument : PeriphDataAlignmentvalue: DMA_PDATAALIGN_HALFWORD
2024-02-08 15:26:32,343 [INFO] Argument:335 - Argument : PeriphDataAlignmentvalue: DMA_PDATAALIGN_HALFWORD
2024-02-08 15:26:32,343 [INFO] Argument:325 - Argument : MemDataAlignmentvalue: DMA_MDATAALIGN_HALFWORD
2024-02-08 15:26:32,343 [INFO] Argument:335 - Argument : MemDataAlignmentvalue: DMA_MDATAALIGN_HALFWORD
2024-02-08 15:26:32,343 [INFO] Argument:325 - Argument : Modevalue: DMA_CIRCULAR
2024-02-08 15:26:32,343 [INFO] Argument:335 - Argument : Modevalue: DMA_CIRCULAR
2024-02-08 15:26:32,343 [INFO] Argument:325 - Argument : Priorityvalue: DMA_PRIORITY_LOW
2024-02-08 15:26:32,343 [INFO] Argument:335 - Argument : Priorityvalue: DMA_PRIORITY_LOW
2024-02-08 15:26:32,343 [INFO] Argument:325 - Argument : Lockvalue: null
2024-02-08 15:26:32,343 [INFO] Argument:335 - Argument : Lockvalue: null
2024-02-08 15:26:32,343 [INFO] Argument:325 - Argument : Statevalue: null
2024-02-08 15:26:32,343 [INFO] Argument:335 - Argument : Statevalue: null
2024-02-08 15:26:32,343 [INFO] Argument:325 - Argument : Parentvalue: null
2024-02-08 15:26:32,343 [INFO] Argument:335 - Argument : Parentvalue: null
2024-02-08 15:26:32,343 [INFO] Argument:325 - Argument : XferCpltCallbackvalue: null
2024-02-08 15:26:32,343 [INFO] Argument:335 - Argument : XferCpltCallbackvalue: null
2024-02-08 15:26:32,343 [INFO] Argument:325 - Argument : XferHalfCpltCallbackvalue: null
2024-02-08 15:26:32,343 [INFO] Argument:335 - Argument : XferHalfCpltCallbackvalue: null
2024-02-08 15:26:32,343 [INFO] Argument:325 - Argument : XferErrorCallbackvalue: null
2024-02-08 15:26:32,343 [INFO] Argument:335 - Argument : XferErrorCallbackvalue: null
2024-02-08 15:26:32,343 [INFO] Argument:325 - Argument : ErrorCodevalue: null
2024-02-08 15:26:32,343 [INFO] Argument:335 - Argument : ErrorCodevalue: null
2024-02-08 15:26:32,344 [INFO] Argument:325 - Argument : DMA_Remapvalue: null
2024-02-08 15:26:32,344 [INFO] Argument:335 - Argument : DMA_Remapvalue: null
2024-02-08 15:26:32,487 [INFO] CodeEngine:255 - oldGeneratedFile, C:\Users\aleja\OneDrive\Escritorio\gettingStartedSTM\acumulador_Gru\MXTmpFiles\license.tmp_save
2024-02-08 15:26:32,615 [INFO] CodeEngine:279 - Generated code: C:\Users\aleja\OneDrive\Escritorio\gettingStartedSTM\acumulador_Gru\MXTmpFiles\license.tmp
2024-02-08 15:26:32,643 [INFO] CodeEngine:255 - oldGeneratedFile, C:\Users\aleja\OneDrive\Escritorio\gettingStartedSTM\acumulador_Gru\MXTmpFiles\gpio.tmp_save
2024-02-08 15:26:32,767 [INFO] CodeEngine:279 - Generated code: C:\Users\aleja\OneDrive\Escritorio\gettingStartedSTM\acumulador_Gru\MXTmpFiles\gpio.tmp
2024-02-08 15:26:32,860 [INFO] CodeEngine:255 - oldGeneratedFile, C:\Users\aleja\OneDrive\Escritorio\gettingStartedSTM\acumulador_Gru\MXTmpFiles\dma.tmp_save
2024-02-08 15:26:32,959 [INFO] CodeEngine:279 - Generated code: C:\Users\aleja\OneDrive\Escritorio\gettingStartedSTM\acumulador_Gru\MXTmpFiles\dma.tmp
2024-02-08 15:26:32,963 [INFO] CodeEngine:255 - oldGeneratedFile, C:\Users\aleja\OneDrive\Escritorio\gettingStartedSTM\acumulador_Gru\MXTmpFiles\dma_GV.tmp_save
2024-02-08 15:26:33,014 [INFO] CodeEngine:279 - Generated code: C:\Users\aleja\OneDrive\Escritorio\gettingStartedSTM\acumulador_Gru\MXTmpFiles\dma_GV.tmp
2024-02-08 15:26:33,042 [INFO] CodeEngine:255 - oldGeneratedFile, C:\Users\aleja\OneDrive\Escritorio\gettingStartedSTM\acumulador_Gru\Core\Src\stm32f0xx_it.c_save
2024-02-08 15:26:33,122 [INFO] CodeEngine:279 - Generated code: C:\Users\aleja\OneDrive\Escritorio\gettingStartedSTM\acumulador_Gru\Core\Src\stm32f0xx_it.c
2024-02-08 15:26:33,128 [INFO] CodeEngine:255 - oldGeneratedFile, C:\Users\aleja\OneDrive\Escritorio\gettingStartedSTM\acumulador_Gru\Core\Inc\stm32f0xx_it.h_save
2024-02-08 15:26:33,172 [INFO] CodeEngine:279 - Generated code: C:\Users\aleja\OneDrive\Escritorio\gettingStartedSTM\acumulador_Gru\Core\Inc\stm32f0xx_it.h
2024-02-08 15:26:33,197 [INFO] CodeEngine:255 - oldGeneratedFile, C:\Users\aleja\OneDrive\Escritorio\gettingStartedSTM\acumulador_Gru\Core\Src\stm32f0xx_hal_msp.c_save
2024-02-08 15:26:33,299 [INFO] CodeEngine:279 - Generated code: C:\Users\aleja\OneDrive\Escritorio\gettingStartedSTM\acumulador_Gru\Core\Src\stm32f0xx_hal_msp.c
2024-02-08 15:26:33,303 [INFO] CodeEngine:255 - oldGeneratedFile, C:\Users\aleja\OneDrive\Escritorio\gettingStartedSTM\acumulador_Gru\MXTmpFiles\system.tmp_save
2024-02-08 15:26:33,346 [INFO] CodeEngine:279 - Generated code: C:\Users\aleja\OneDrive\Escritorio\gettingStartedSTM\acumulador_Gru\MXTmpFiles\system.tmp
2024-02-08 15:26:33,377 [INFO] CodeEngine:311 - oldGeneratedFile, C:\Users\aleja\OneDrive\Escritorio\gettingStartedSTM\acumulador_Gru\Core\Inc\stm32f0xx_hal_conf.h_save
2024-02-08 15:26:33,523 [INFO] CodeEngine:335 - Generated code: C:\Users\aleja\OneDrive\Escritorio\gettingStartedSTM\acumulador_Gru\Core\Inc\stm32f0xx_hal_conf.h
2024-02-08 15:26:33,558 [WARN] IPConfigManager:3440 - IP not found : TIM
2024-02-08 15:26:33,559 [WARN] CodeGenerator:3939 - IP not found : null
2024-02-08 15:26:33,593 [INFO] CodeEngine:255 - oldGeneratedFile, C:\Users\aleja\OneDrive\Escritorio\gettingStartedSTM\acumulador_Gru\Core\Inc\main.h_save
2024-02-08 15:26:33,755 [INFO] CodeEngine:279 - Generated code: C:\Users\aleja\OneDrive\Escritorio\gettingStartedSTM\acumulador_Gru\Core\Inc\main.h
2024-02-08 15:26:33,786 [INFO] CodeEngine:255 - oldGeneratedFile, C:\Users\aleja\OneDrive\Escritorio\gettingStartedSTM\acumulador_Gru\Core\Src\main.c_save
2024-02-08 15:26:33,932 [INFO] CodeEngine:279 - Generated code: C:\Users\aleja\OneDrive\Escritorio\gettingStartedSTM\acumulador_Gru\Core\Src\main.c
2024-02-08 15:26:34,476 [INFO] ProjectBuilder:3076 - Time for Copy HAL[1] : 191mS.
2024-02-08 15:26:34,478 [INFO] ProjectBuilder:4485 - Project Generator version: 4.2.0-B44
2024-02-08 15:26:34,612 [INFO] ConfigFileManager:1495 - The Die is : DIE445
2024-02-08 15:26:35,490 [INFO] ProjectBuilder:4747 - Time for Generating toolchain IDE Files: 1011mS.
2024-02-08 15:26:35,491 [INFO] ProjectBuilder:2947 - Time for Copy CMSIS : 1mS.
2024-02-08 15:26:35,495 [INFO] ProjectBuilder:2947 - Time for Copy CMSIS : 1mS.
2024-02-08 15:27:56,439 [ERROR] LogOutputStream:75 - [STDERR_REDIRECT] 
2024-02-08 15:27:56,441 [ERROR] LogOutputStream:75 - [STDERR_REDIRECT] 
2024-02-08 15:53:29,604 [INFO] Activator:176 - 


2024-02-08 15:53:29,604 [INFO] Activator:177 - !SESSION log4j initialized
2024-02-08 15:53:39,280 [INFO] LogOutputStream:77 - [STDOUT_REDIRECT] 
2024-02-08 15:53:40,401 [INFO] ApplicationProperties:184 - Using Application install path: C:\ST\STM32CubeIDE_1.13.2\STM32CubeIDE\plugins\com.st.stm32cube.common.mx_6.10.0.202311202037
2024-02-08 15:53:40,425 [INFO] DbMcusXml:78 - Set database path to: C:\ST\STM32CubeIDE_1.13.2\STM32CubeIDE\plugins\com.st.stm32cube.common.mx_6.10.0.202311202037\\db\/mcu/
2024-02-08 15:53:40,425 [INFO] ApiDb:274 - Set plugin database path to: C:\ST\STM32CubeIDE_1.13.2\STM32CubeIDE\plugins\com.st.stm32cube.common.mx_6.10.0.202311202037\\db\/plugins/boardmanager/
2024-02-08 15:53:40,425 [WARN] ApiDb:259 - Overriding images path with different value:  => C:\ST\STM32CubeIDE_1.13.2\STM32CubeIDE\plugins\com.st.stm32cube.common.mx_6.10.0.202311202037\\db\/plugins/mcufinder/images/
2024-02-08 15:53:40,437 [INFO] ApiDb:250 - Set database path to: C:\Users\aleja\.stmcufinder\plugins\mcufinder//mcu/
2024-02-08 15:53:40,438 [INFO] DbMcusAds:125 - Set database path to: C:\Users\aleja\.stmcufinder\plugins\mcufinder//mcu/
2024-02-08 15:53:40,439 [INFO] CrossReferenceDbSqlite:203 - Set database path to: C:\Users\aleja\.stmcufinder\plugins\mcufinder//mcu/cs/
2024-02-08 15:53:40,548 [INFO] RulesReader:64 - Compatibility file has been processed (297 Rules)
2024-02-08 15:53:40,623 [INFO] DbMcusXml:78 - Set database path to: C:\ST\STM32CubeIDE_1.13.2\STM32CubeIDE\plugins\com.st.stm32cube.common.mx_6.10.0.202311202037\\db\/mcu/
2024-02-08 15:53:40,623 [INFO] ApiDb:274 - Set plugin database path to: C:\ST\STM32CubeIDE_1.13.2\STM32CubeIDE\plugins\com.st.stm32cube.common.mx_6.10.0.202311202037\\db\/plugins/boardmanager/
2024-02-08 15:53:40,623 [INFO] ApiDb:261 - Set plugin images path to: C:\ST\STM32CubeIDE_1.13.2\STM32CubeIDE\plugins\com.st.stm32cube.common.mx_6.10.0.202311202037\\db\/plugins/mcufinder/images/
2024-02-08 15:53:40,623 [WARN] DbFile:41 - Overriding database path with different value: C:\Users\aleja\.stmcufinder\plugins\mcufinder/ => C:\Users\aleja\.stmcufinder\plugins\mcufinder
2024-02-08 15:53:40,623 [INFO] ApiDb:250 - Set database path to: C:\Users\aleja\.stmcufinder\plugins\mcufinder//mcu/
2024-02-08 15:53:40,623 [WARN] DbFile:41 - Overriding database path with different value: C:\Users\aleja\.stmcufinder\plugins\mcufinder/ => C:\Users\aleja\.stmcufinder\plugins\mcufinder
2024-02-08 15:53:40,623 [INFO] DbMcusAds:125 - Set database path to: C:\Users\aleja\.stmcufinder\plugins\mcufinder//mcu/
2024-02-08 15:53:40,623 [WARN] DbFile:41 - Overriding database path with different value: C:\Users\aleja\.stmcufinder\plugins\mcufinder/ => C:\Users\aleja\.stmcufinder\plugins\mcufinder
2024-02-08 15:53:40,623 [WARN] DbFile:41 - Overriding database path with different value: C:\Users\aleja\.stmcufinder\plugins\mcufinder/ => C:\Users\aleja\.stmcufinder\plugins\mcufinder
2024-02-08 15:53:40,623 [INFO] CrossReferenceDbSqlite:203 - Set database path to: C:\Users\aleja\.stmcufinder\plugins\mcufinder//mcu/cs/
2024-02-08 15:53:40,699 [INFO] MainPanel:264 - HeapMemory: 268435456
2024-02-08 15:53:40,778 [INFO] DbMcusXml:78 - Set database path to: C:\ST\STM32CubeIDE_1.13.2\STM32CubeIDE\plugins\com.st.stm32cube.common.mx_6.10.0.202311202037\\db\/mcu/
2024-02-08 15:53:40,778 [INFO] ApiDb:274 - Set plugin database path to: C:\ST\STM32CubeIDE_1.13.2\STM32CubeIDE\plugins\com.st.stm32cube.common.mx_6.10.0.202311202037\\db\/plugins/boardmanager/
2024-02-08 15:53:40,778 [INFO] ApiDb:261 - Set plugin images path to: C:\ST\STM32CubeIDE_1.13.2\STM32CubeIDE\plugins\com.st.stm32cube.common.mx_6.10.0.202311202037\\db\/plugins/mcufinder/images/
2024-02-08 15:53:40,779 [WARN] DbFile:41 - Overriding database path with different value: C:\Users\aleja\.stmcufinder\plugins\mcufinder/ => C:\Users\aleja\.stmcufinder\plugins\mcufinder
2024-02-08 15:53:40,779 [INFO] ApiDb:250 - Set database path to: C:\Users\aleja\.stmcufinder\plugins\mcufinder//mcu/
2024-02-08 15:53:40,779 [WARN] DbFile:41 - Overriding database path with different value: C:\Users\aleja\.stmcufinder\plugins\mcufinder/ => C:\Users\aleja\.stmcufinder\plugins\mcufinder
2024-02-08 15:53:40,779 [INFO] DbMcusAds:125 - Set database path to: C:\Users\aleja\.stmcufinder\plugins\mcufinder//mcu/
2024-02-08 15:53:40,779 [WARN] DbFile:41 - Overriding database path with different value: C:\Users\aleja\.stmcufinder\plugins\mcufinder/ => C:\Users\aleja\.stmcufinder\plugins\mcufinder
2024-02-08 15:53:40,779 [WARN] DbFile:41 - Overriding database path with different value: C:\Users\aleja\.stmcufinder\plugins\mcufinder/ => C:\Users\aleja\.stmcufinder\plugins\mcufinder
2024-02-08 15:53:40,779 [INFO] CrossReferenceDbSqlite:203 - Set database path to: C:\Users\aleja\.stmcufinder\plugins\mcufinder//mcu/cs/
2024-02-08 15:53:40,795 [INFO] ApplicationProperties:184 - Using Application install path: C:\ST\STM32CubeIDE_1.13.2\STM32CubeIDE\plugins\com.st.stm32cube.common.mx_6.10.0.202311202037
2024-02-08 15:53:40,797 [INFO] PluginManage:196 - Search for loadable plugins [exclusion list=, ]
2024-02-08 15:53:40,798 [INFO] PluginManage:310 - Check plugin analytics
2024-02-08 15:53:40,984 [INFO] AnalyticsPlugin:253 - Accepted Software Licenses: 
2024-02-08 15:53:40,984 [INFO] AnalyticsPlugin:255 - Accepted CMSIS Pack Licenses: 
2024-02-08 15:53:40,985 [INFO] AnalyticsPlugin:257 - Accepted Firmware Licenses: 
2024-02-08 15:53:40,988 [INFO] PluginManage:359 - Loaded plugin analytics (category:tool,tabindex:-1)
2024-02-08 15:53:40,989 [INFO] PluginManage:310 - Check plugin cadmodel
2024-02-08 15:53:41,004 [INFO] CADModel:105 - Init CAD model plugin
2024-02-08 15:53:41,004 [INFO] PluginManage:359 - Loaded plugin cadmodel (category:power,tabindex:5)
2024-02-08 15:53:41,004 [INFO] PluginManage:310 - Check plugin clock
2024-02-08 15:53:41,025 [INFO] PluginManage:359 - Loaded plugin clock (category:base,tabindex:2)
2024-02-08 15:53:41,025 [INFO] PluginManage:310 - Check plugin ddr
2024-02-08 15:53:41,027 [INFO] PluginManage:359 - Loaded plugin ddr (category:tool,tabindex:6)
2024-02-08 15:53:41,028 [INFO] PluginManage:310 - Check plugin filemanager
2024-02-08 15:53:41,159 [INFO] PluginManage:359 - Loaded plugin filemanager (category:base,tabindex:10)
2024-02-08 15:53:41,159 [INFO] PluginManage:310 - Check plugin ipmanager
2024-02-08 15:53:41,165 [INFO] PluginManage:359 - Loaded plugin ipmanager (category:base,tabindex:5)
2024-02-08 15:53:41,165 [INFO] PluginManage:310 - Check plugin lpbam
2024-02-08 15:53:41,180 [INFO] PluginManage:359 - Loaded plugin lpbam (category:base,tabindex:0)
2024-02-08 15:53:41,180 [INFO] PluginManage:310 - Check plugin memorymap
2024-02-08 15:53:41,203 [INFO] PluginManage:359 - Loaded plugin memorymap (category:base,tabindex:4)
2024-02-08 15:53:41,203 [INFO] PluginManage:310 - Check plugin pinoutandconfiguration
2024-02-08 15:53:41,216 [INFO] PluginManage:359 - Loaded plugin pinoutandconfiguration (category:base,tabindex:1)
2024-02-08 15:53:41,216 [INFO] PluginManage:310 - Check plugin pinoutconfig
2024-02-08 15:53:41,306 [WARN] SupportedApi:132 - Cannot load RTOS API schema: s4s-elt-must-match.1: The content of 'definitions' must match (annotation?, (simpleType | complexType)?, (unique | key | keyref)*)). A problem was found starting at: attribute.
2024-02-08 15:53:41,429 [INFO] PluginManage:359 - Loaded plugin pinoutconfig (category:base,tabindex:0)
2024-02-08 15:53:41,429 [INFO] PluginManage:310 - Check plugin power
2024-02-08 15:53:41,447 [INFO] PluginManage:359 - Loaded plugin power (category:power,tabindex:4)
2024-02-08 15:53:41,447 [INFO] PluginManage:310 - Check plugin projectmanager
2024-02-08 15:53:41,465 [INFO] PluginManage:359 - Loaded plugin projectmanager (category:projectmanager,tabindex:3)
2024-02-08 15:53:41,465 [INFO] PluginManage:310 - Check plugin thirdparty
2024-02-08 15:53:41,707 [INFO] PluginManage:359 - Loaded plugin thirdparty (category:base,tabindex:-1)
2024-02-08 15:53:41,707 [INFO] PluginManage:310 - Check plugin tools
2024-02-08 15:53:41,707 [WARN] IntegrityCheckThread:84 - waiting for thirdparty lock release [integrity check]
2024-02-08 15:53:41,707 [INFO] IntegrityCheckThread:86 - entering critical section [integrity check]
2024-02-08 15:53:41,708 [INFO] ThirdPartyUpdaterWithRetryManager:70 - Updater plugin not ready yet. [1/15]
2024-02-08 15:53:41,735 [INFO] PluginManage:359 - Loaded plugin tools (category:base,tabindex:7)
2024-02-08 15:53:41,735 [INFO] PluginManage:310 - Check plugin tutovideos
2024-02-08 15:53:41,958 [INFO] PluginManage:359 - Loaded plugin tutovideos (category:base,tabindex:-1)
2024-02-08 15:53:41,958 [INFO] PluginManage:310 - Check plugin updater
2024-02-08 15:53:41,975 [INFO] PluginManage:359 - Loaded plugin updater (category:base,tabindex:12)
2024-02-08 15:53:41,975 [INFO] PluginManage:310 - Check plugin userauth
2024-02-08 15:53:41,998 [INFO] UserAuth:114 - Init User Auth plugin
2024-02-08 15:53:41,998 [INFO] PluginManage:359 - Loaded plugin userauth (category:base,tabindex:14)
2024-02-08 15:53:41,999 [INFO] PluginManage:283 - PluginManage : Loaded plugins [17]
2024-02-08 15:53:42,391 [INFO] PinOutPanel:1499 - setPackage(No Configuration,No Configuration)
2024-02-08 15:53:42,524 [INFO] CADModel:165 - CPN selected for project level
2024-02-08 15:53:42,525 [INFO] CADModel:114 - Register for checkConnection events
2024-02-08 15:53:42,570 [INFO] IPUIPlugin:80 - create IPUIPlugin
2024-02-08 15:53:42,570 [INFO] PluginManager:220 - loadIPPluginJar : add adc
2024-02-08 15:53:42,625 [INFO] IPUIPlugin:80 - create IPUIPlugin
2024-02-08 15:53:42,625 [INFO] PluginManager:220 - loadIPPluginJar : add aes
2024-02-08 15:53:42,696 [INFO] IPUIPlugin:80 - create IPUIPlugin
2024-02-08 15:53:42,696 [INFO] PluginManager:220 - loadIPPluginJar : add can
2024-02-08 15:53:42,727 [INFO] IPUIPlugin:80 - create IPUIPlugin
2024-02-08 15:53:42,728 [INFO] PluginManager:220 - loadIPPluginJar : add comp
2024-02-08 15:53:42,769 [INFO] IPUIPlugin:80 - create IPUIPlugin
2024-02-08 15:53:42,769 [INFO] PluginManager:220 - loadIPPluginJar : add cryp
2024-02-08 15:53:42,811 [INFO] IPUIPlugin:80 - create IPUIPlugin
2024-02-08 15:53:42,811 [INFO] PluginManager:220 - loadIPPluginJar : add dfsdm
2024-02-08 15:53:42,827 [INFO] IPUIPlugin:80 - create IPUIPlugin
2024-02-08 15:53:42,828 [INFO] PluginManager:220 - loadIPPluginJar : add dma
2024-02-08 15:53:42,907 [INFO] IPUIPlugin:80 - create IPUIPlugin
2024-02-08 15:53:42,907 [INFO] PluginManager:220 - loadIPPluginJar : add dma3
2024-02-08 15:53:42,931 [INFO] IPUIPlugin:80 - create IPUIPlugin
2024-02-08 15:53:42,932 [INFO] PluginManager:220 - loadIPPluginJar : add fatfs
2024-02-08 15:53:42,983 [INFO] IPUIPlugin:80 - create IPUIPlugin
2024-02-08 15:53:42,983 [INFO] PluginManager:220 - loadIPPluginJar : add fmc
2024-02-08 15:53:42,999 [INFO] IPUIPlugin:80 - create IPUIPlugin
2024-02-08 15:53:42,999 [INFO] PluginManager:220 - loadIPPluginJar : add freertos
2024-02-08 15:53:43,021 [INFO] IPUIPlugin:80 - create IPUIPlugin
2024-02-08 15:53:43,022 [INFO] PluginManager:220 - loadIPPluginJar : add genericplugin
2024-02-08 15:53:43,110 [INFO] IPUIPlugin:80 - create IPUIPlugin
2024-02-08 15:53:43,110 [INFO] PluginManager:220 - loadIPPluginJar : add gfxmmu
2024-02-08 15:53:43,212 [INFO] IPUIPlugin:80 - create IPUIPlugin
2024-02-08 15:53:43,212 [INFO] PluginManager:220 - loadIPPluginJar : add gic
2024-02-08 15:53:43,224 [INFO] IPUIPlugin:80 - create IPUIPlugin
2024-02-08 15:53:43,224 [INFO] PluginManager:220 - loadIPPluginJar : add gpio
2024-02-08 15:53:43,289 [INFO] IPUIPlugin:80 - create IPUIPlugin
2024-02-08 15:53:43,289 [INFO] PluginManager:220 - loadIPPluginJar : add gtzc
2024-02-08 15:53:43,313 [INFO] IPUIPlugin:80 - create IPUIPlugin
2024-02-08 15:53:43,313 [INFO] PluginManager:220 - loadIPPluginJar : add hash
2024-02-08 15:53:43,348 [INFO] IPUIPlugin:80 - create IPUIPlugin
2024-02-08 15:53:43,348 [INFO] PluginManager:220 - loadIPPluginJar : add i2c
2024-02-08 15:53:43,377 [INFO] IPUIPlugin:80 - create IPUIPlugin
2024-02-08 15:53:43,377 [INFO] PluginManager:220 - loadIPPluginJar : add i2s
2024-02-08 15:53:43,410 [INFO] IPUIPlugin:80 - create IPUIPlugin
2024-02-08 15:53:43,410 [INFO] PluginManager:220 - loadIPPluginJar : add i3c
2024-02-08 15:53:43,505 [INFO] IPUIPlugin:80 - create IPUIPlugin
2024-02-08 15:53:43,505 [INFO] PluginManager:220 - loadIPPluginJar : add ipddr
2024-02-08 15:53:43,619 [INFO] IPUIPlugin:80 - create IPUIPlugin
2024-02-08 15:53:43,620 [INFO] PluginManager:220 - loadIPPluginJar : add linkedlist
2024-02-08 15:53:43,656 [INFO] IPUIPlugin:80 - create IPUIPlugin
2024-02-08 15:53:43,656 [INFO] PluginManager:220 - loadIPPluginJar : add lorawan
2024-02-08 15:53:43,690 [INFO] IPUIPlugin:80 - create IPUIPlugin
2024-02-08 15:53:43,690 [INFO] PluginManager:220 - loadIPPluginJar : add ltdc
2024-02-08 15:53:43,704 [INFO] IPUIPlugin:80 - create IPUIPlugin
2024-02-08 15:53:43,704 [INFO] PluginManager:220 - loadIPPluginJar : add mdma
2024-02-08 15:53:43,715 [INFO] IPUIPlugin:80 - create IPUIPlugin
2024-02-08 15:53:43,715 [INFO] PluginManager:220 - loadIPPluginJar : add nvic
2024-02-08 15:53:43,748 [INFO] IPUIPlugin:80 - create IPUIPlugin
2024-02-08 15:53:43,748 [INFO] PluginManager:220 - loadIPPluginJar : add opamp
2024-02-08 15:53:43,800 [INFO] IPUIPlugin:80 - create IPUIPlugin
2024-02-08 15:53:43,800 [INFO] PluginManager:220 - loadIPPluginJar : add openamp
2024-02-08 15:53:43,836 [INFO] IPUIPlugin:80 - create IPUIPlugin
2024-02-08 15:53:43,836 [INFO] PluginManager:220 - loadIPPluginJar : add pdm2pcm
2024-02-08 15:53:43,849 [INFO] IPUIPlugin:80 - create IPUIPlugin
2024-02-08 15:53:43,850 [INFO] PluginManager:220 - loadIPPluginJar : add plateformsettings
2024-02-08 15:53:43,868 [INFO] IPUIPlugin:80 - create IPUIPlugin
2024-02-08 15:53:43,868 [INFO] PluginManager:220 - loadIPPluginJar : add quadspi
2024-02-08 15:53:43,878 [INFO] IPUIPlugin:80 - create IPUIPlugin
2024-02-08 15:53:43,878 [INFO] PluginManager:220 - loadIPPluginJar : add resmgrutility
2024-02-08 15:53:43,916 [INFO] IPUIPlugin:80 - create IPUIPlugin
2024-02-08 15:53:43,916 [INFO] PluginManager:220 - loadIPPluginJar : add sai
2024-02-08 15:53:43,944 [INFO] IPUIPlugin:80 - create IPUIPlugin
2024-02-08 15:53:43,944 [INFO] PluginManager:220 - loadIPPluginJar : add spi
2024-02-08 15:53:43,997 [INFO] IPUIPlugin:80 - create IPUIPlugin
2024-02-08 15:53:43,997 [INFO] PluginManager:220 - loadIPPluginJar : add stm32_wpan
2024-02-08 15:53:44,015 [INFO] IPUIPlugin:80 - create IPUIPlugin
2024-02-08 15:53:44,015 [INFO] PluginManager:220 - loadIPPluginJar : add tim
2024-02-08 15:53:44,057 [INFO] IPUIPlugin:80 - create IPUIPlugin
2024-02-08 15:53:44,057 [INFO] PluginManager:220 - loadIPPluginJar : add touchsensing
2024-02-08 15:53:44,075 [INFO] IPUIPlugin:80 - create IPUIPlugin
2024-02-08 15:53:44,076 [INFO] PluginManager:220 - loadIPPluginJar : add tracer_emb
2024-02-08 15:53:44,094 [INFO] IPUIPlugin:80 - create IPUIPlugin
2024-02-08 15:53:44,094 [INFO] PluginManager:220 - loadIPPluginJar : add ts
2024-02-08 15:53:44,111 [INFO] IPUIPlugin:80 - create IPUIPlugin
2024-02-08 15:53:44,112 [INFO] PluginManager:220 - loadIPPluginJar : add tsc
2024-02-08 15:53:44,128 [INFO] IPUIPlugin:80 - create IPUIPlugin
2024-02-08 15:53:44,129 [INFO] PluginManager:220 - loadIPPluginJar : add ucpd
2024-02-08 15:53:44,170 [INFO] IPUIPlugin:80 - create IPUIPlugin
2024-02-08 15:53:44,170 [INFO] PluginManager:220 - loadIPPluginJar : add usart
2024-02-08 15:53:44,211 [INFO] IPUIPlugin:80 - create IPUIPlugin
2024-02-08 15:53:44,211 [INFO] PluginManager:220 - loadIPPluginJar : add usbx
2024-02-08 15:53:44,354 [INFO] CADModel:165 - CPN selected for project level
2024-02-08 15:53:44,354 [INFO] CADModel:114 - Register for checkConnection events
2024-02-08 15:53:44,354 [FATAL] Updater:308 - Updater called before beeing initialized
2024-02-08 15:53:44,354 [ERROR] CADModel:125 - Updater not yet initialized, retry later 
2024-02-08 15:53:44,467 [INFO] CADModel:165 - CPN selected for project level
2024-02-08 15:53:44,467 [INFO] CADModel:114 - Register for checkConnection events
2024-02-08 15:53:44,467 [FATAL] Updater:308 - Updater called before beeing initialized
2024-02-08 15:53:44,467 [ERROR] CADModel:125 - Updater not yet initialized, retry later 
2024-02-08 15:53:44,470 [FATAL] Updater:308 - Updater called before beeing initialized
2024-02-08 15:53:44,567 [FATAL] Updater:308 - Updater called before beeing initialized
2024-02-08 15:53:44,575 [INFO] DbMcusAds:53 - JSON generation date=Wed Nov 29 11:52:27 CET 2023 (1701255147200)
2024-02-08 15:53:44,575 [FATAL] Updater:308 - Updater called before beeing initialized
2024-02-08 15:53:44,604 [WARN] DetailPanel:346 - Failed to get advertising image, set to default
2024-02-08 15:53:44,669 [FATAL] Updater:308 - Updater called before beeing initialized
2024-02-08 15:53:44,671 [FATAL] Updater:308 - Updater called before beeing initialized
2024-02-08 15:53:44,671 [FATAL] Updater:308 - Updater called before beeing initialized
2024-02-08 15:53:44,672 [WARN] DetailPanel:346 - Failed to get advertising image, set to default
2024-02-08 15:53:44,672 [FATAL] Updater:308 - Updater called before beeing initialized
2024-02-08 15:53:44,709 [INFO] ThirdPartyUpdaterWithRetryManager:70 - Updater plugin not ready yet. [2/15]
2024-02-08 15:53:44,728 [ERROR] Updater:1120 - MainUpdater not yet initialized. External WinMGr cannot be set.
2024-02-08 15:53:44,738 [INFO] Updater:1056 - Updater Version found : 6.10.0
2024-02-08 15:53:44,756 [INFO] ApplicationProperties:184 - Using Application install path: C:\ST\STM32CubeIDE_1.13.2\STM32CubeIDE\plugins\com.st.stm32cube.common.mx_6.10.0.202311202037
2024-02-08 15:53:46,334 [ERROR] LogOutputStream:75 - [STDERR_REDIRECT] Feb 08, 2024 3:53:46 PM java.util.prefs.WindowsPreferences <init>
2024-02-08 15:53:46,334 [ERROR] LogOutputStream:75 - [STDERR_REDIRECT] WARNING: Could not open/create prefs root node Software\JavaSoft\Prefs at root 0xffffffff80000002. Windows RegCreateKeyEx(...) returned error code 5.
2024-02-08 15:53:46,335 [ERROR] LogOutputStream:75 - [STDERR_REDIRECT] 
2024-02-08 15:53:46,636 [INFO] MainUpdater:2873 - connection check result : 10
2024-02-08 15:53:46,637 [INFO] MainUpdater:290 - Updater Check For Update Now.
2024-02-08 15:53:46,637 [INFO] MicroXplorer:498 - Change Database Version : DB.6.0.100
2024-02-08 15:53:46,657 [INFO] McuFinderGlobals:63 - Set McuFinder mode to 2 (CubeIDE integrated)
2024-02-08 15:53:46,673 [INFO] UserAuth:404 - Internet connection configuration mode: 1
2024-02-08 15:53:46,707 [INFO] JxBrowserEngine:152 - Initiate JxBrowser Engine with user profile folder
2024-02-08 15:53:46,817 [INFO] CheckServerUpdateThread:120 - End of CheckServer Thread
2024-02-08 15:53:47,884 [WARN] PackLoader:240 - Cannot read IP mode file for STMicroelectronics.X-CUBE-SMBUS.2.1.0
2024-02-08 15:53:47,898 [WARN] PackLoader:240 - Cannot read IP mode file for STMicroelectronics.X-CUBE-TOUCHGFX.4.23.0
2024-02-08 15:53:47,938 [WARN] PackLoader:240 - Cannot read IP mode file for STMicroelectronics.X-CUBE-AZRTOS-F7.1.1.0
2024-02-08 15:53:47,966 [WARN] PackLoader:240 - Cannot read IP mode file for STMicroelectronics.FP-SNS-MOTENV1.4.3.2
2024-02-08 15:53:47,980 [WARN] PackLoader:240 - Cannot read IP mode file for STMicroelectronics.FP-SNS-FLIGHT1.5.0.2
2024-02-08 15:53:47,997 [WARN] PackLoader:240 - Cannot read IP mode file for STMicroelectronics.X-CUBE-DISPLAY.3.0.0
2024-02-08 15:53:48,017 [WARN] PackLoader:240 - Cannot read IP mode file for STMicroelectronics.X-CUBE-BLE1.7.0.0
2024-02-08 15:53:48,032 [WARN] PackLoader:240 - Cannot read IP mode file for emotas.I-CUBE-CANOPEN.1.3.0
2024-02-08 15:53:48,043 [WARN] PackLoader:240 - Cannot read IP mode file for STMicroelectronics.X-CUBE-TOUCHGFX.4.22.1
2024-02-08 15:53:48,053 [WARN] PackLoader:240 - Cannot read IP mode file for STMicroelectronics.FP-SNS-SMARTAG2.1.2.0
2024-02-08 15:53:48,069 [INFO] LogOutputStream:77 - [STDOUT_REDIRECT] 1 : Invalid condition id : UX_CORESTACK_Condition cause : null
2024-02-08 15:53:48,070 [INFO] LogOutputStream:77 - [STDOUT_REDIRECT] 1 : Invalid condition id : UX_CORESTACK_Condition cause : null
2024-02-08 15:53:48,072 [INFO] LogOutputStream:77 - [STDOUT_REDIRECT] 1 : Invalid condition id : UX_CORESTACK_Condition cause : null
2024-02-08 15:53:48,073 [INFO] LogOutputStream:77 - [STDOUT_REDIRECT] 1 : Invalid condition id : UX_CORESTACK_Condition cause : null
2024-02-08 15:53:48,075 [INFO] LogOutputStream:77 - [STDOUT_REDIRECT] 1 : Invalid condition id : UX_CORESTACK_Condition cause : null
2024-02-08 15:53:48,078 [WARN] PackLoader:240 - Cannot read IP mode file for STMicroelectronics.X-CUBE-AZRTOS-WL.2.0.0
2024-02-08 15:53:48,098 [WARN] PackLoader:240 - Cannot read IP mode file for WES.I-CUBE-Cesium.1.3.0
2024-02-08 15:53:48,110 [WARN] PackLoader:240 - Cannot read IP mode file for STMicroelectronics.X-CUBE-BLE2.3.3.0
2024-02-08 15:53:48,123 [WARN] PackLoader:240 - Cannot read IP mode file for STMicroelectronics.X-CUBE-ALGOBUILD.1.3.0
2024-02-08 15:53:48,145 [WARN] PackLoader:240 - Cannot read IP mode file for STMicroelectronics.X-CUBE-AZRTOS-G0.1.1.0
2024-02-08 15:53:48,158 [WARN] PackLoader:240 - Cannot read IP mode file for STMicroelectronics.X-CUBE-NFC4.3.0.0
2024-02-08 15:53:48,172 [WARN] PackLoader:240 - Cannot read IP mode file for STMicroelectronics.X-CUBE-BLEMGR.3.0.0
2024-02-08 15:53:48,186 [WARN] PackLoader:240 - Cannot read IP mode file for STMicroelectronics.FP-ATR-SIGFOX1.3.2.0
2024-02-08 15:53:48,203 [WARN] PackLoader:240 - Cannot read IP mode file for STMicroelectronics.X-CUBE-EEPRMA1.5.1.0
2024-02-08 15:53:48,237 [WARN] PackLoader:240 - Cannot read IP mode file for SEGGER.I-CUBE-embOS.1.3.1
2024-02-08 15:53:48,281 [WARN] PackLoader:240 - Cannot read IP mode file for STMicroelectronics.X-CUBE-GNSS1.6.0.0
2024-02-08 15:53:48,318 [WARN] PackLoader:240 - Cannot read IP mode file for STMicroelectronics.X-CUBE-AZRTOS-F4.1.1.0
2024-02-08 15:53:48,337 [WARN] PackLoader:240 - Cannot read IP mode file for wolfSSL.I-CUBE-wolfSSL.5.6.4
2024-02-08 15:53:48,391 [WARN] PackLoader:240 - Cannot read IP mode file for STMicroelectronics.X-CUBE-AZRTOS-L5.2.0.0
2024-02-08 15:53:48,417 [WARN] PackLoader:240 - Cannot read IP mode file for STMicroelectronics.X-CUBE-EEPRMA1.4.2.0
2024-02-08 15:53:48,436 [WARN] PackLoader:240 - Cannot read IP mode file for ITTIA_DB.I-CUBE-ITTIADB.8.8.0
2024-02-08 15:53:48,466 [WARN] ConditionMgr:438 - getConditionDescription Invalid condition id : UX DEVICE CLASS RTOS Condition cause : null
2024-02-08 15:53:48,466 [WARN] ConditionMgr:438 - getConditionDescription Invalid condition id : UX DEVICE CLASS RTOS Condition cause : null
2024-02-08 15:53:48,468 [WARN] PackLoader:240 - Cannot read IP mode file for STMicroelectronics.X-CUBE-AZRTOS-H7.3.1.0
2024-02-08 15:53:48,469 [WARN] ConditionMgr:1039 - genDependencies : Invalid condition id : UX DEVICE CLASS RTOS Condition cause : null
2024-02-08 15:53:48,469 [WARN] ConditionMgr:1039 - genDependencies : Invalid condition id : UX DEVICE CLASS RTOS Condition cause : null
2024-02-08 15:53:48,469 [WARN] ConditionMgr:1039 - genDependencies : Invalid condition id : UX DEVICE CLASS RTOS Condition cause : null
2024-02-08 15:53:48,470 [WARN] ConditionMgr:1039 - genDependencies : Invalid condition id : UX DEVICE CLASS RTOS Condition cause : null
2024-02-08 15:53:48,470 [WARN] ConditionMgr:1039 - genDependencies : Invalid condition id : UX DEVICE CLASS RTOS Condition cause : null
2024-02-08 15:53:48,487 [WARN] PackLoader:240 - Cannot read IP mode file for STMicroelectronics.X-CUBE-NFC7.1.0.1
2024-02-08 15:53:48,505 [WARN] PackLoader:240 - Cannot read IP mode file for STMicroelectronics.X-CUBE-NFC6.3.0.0
2024-02-08 15:53:48,520 [WARN] PackLoader:240 - Cannot read IP mode file for STMicroelectronics.X-CUBE-AI.8.1.0
2024-02-08 15:53:48,547 [WARN] ConditionMgr:438 - getConditionDescription Invalid condition id : LAN8742 Phy interface Condition cause : null
2024-02-08 15:53:48,547 [WARN] PackLoader:240 - Cannot read IP mode file for STMicroelectronics.X-CUBE-AZRTOS-L4.2.0.0
2024-02-08 15:53:48,548 [WARN] ConditionMgr:1039 - genDependencies : Invalid condition id : LAN8742 Phy interface Condition cause : null
2024-02-08 15:53:48,548 [WARN] ConditionMgr:1039 - genDependencies : Invalid condition id : LAN8742 Phy interface Condition cause : null
2024-02-08 15:53:48,548 [WARN] ConditionMgr:1039 - genDependencies : Invalid condition id : LAN8742 Phy interface Condition cause : null
2024-02-08 15:53:48,564 [WARN] PackLoader:240 - Cannot read IP mode file for STMicroelectronics.X-CUBE-SFXS2LP1.4.0.0
2024-02-08 15:53:48,575 [WARN] PackLoader:240 - Cannot read IP mode file for STMicroelectronics.X-CUBE-ISPU.1.1.0
2024-02-08 15:53:48,598 [WARN] ConditionMgr:438 - getConditionDescription Invalid condition id : UX DEVICE CLASS RTOS Condition cause : null
2024-02-08 15:53:48,598 [WARN] ConditionMgr:438 - getConditionDescription Invalid condition id : UX DEVICE CLASS RTOS Condition cause : null
2024-02-08 15:53:48,599 [WARN] PackLoader:240 - Cannot read IP mode file for STMicroelectronics.X-CUBE-AZRTOS-WB.2.0.0
2024-02-08 15:53:48,600 [WARN] ConditionMgr:1039 - genDependencies : Invalid condition id : UX DEVICE CLASS RTOS Condition cause : null
2024-02-08 15:53:48,600 [WARN] ConditionMgr:1039 - genDependencies : Invalid condition id : UX DEVICE CLASS RTOS Condition cause : null
2024-02-08 15:53:48,600 [WARN] ConditionMgr:1039 - genDependencies : Invalid condition id : UX DEVICE CLASS RTOS Condition cause : null
2024-02-08 15:53:48,600 [WARN] ConditionMgr:1039 - genDependencies : Invalid condition id : UX DEVICE CLASS RTOS Condition cause : null
2024-02-08 15:53:48,600 [WARN] ConditionMgr:1039 - genDependencies : Invalid condition id : UX DEVICE CLASS RTOS Condition cause : null
2024-02-08 15:53:48,620 [WARN] PackLoader:240 - Cannot read IP mode file for STMicroelectronics.X-CUBE-SUBG2.5.0.0
2024-02-08 15:53:48,645 [WARN] PackLoader:240 - Cannot read IP mode file for STMicroelectronics.X-CUBE-AZRTOS-G4.2.0.0
2024-02-08 15:53:48,666 [WARN] PackLoader:240 - Cannot read IP mode file for Infineon.AIROC-Wi-Fi-Bluetooth-STM32.1.5.1
2024-02-08 15:53:48,680 [WARN] PackLoader:240 - Cannot read IP mode file for STMicroelectronics.FP-SNS-MOTENVWB1.1.3.1
2024-02-08 15:53:48,695 [WARN] PackLoader:240 - Cannot read IP mode file for STMicroelectronics.X-CUBE-ISPU.2.0.0
2024-02-08 15:53:48,734 [WARN] PackLoader:240 - Cannot read IP mode file for STMicroelectronics.X-CUBE-MEMS1.10.0.0
2024-02-08 15:53:48,809 [WARN] PackLoader:240 - Cannot read IP mode file for STMicroelectronics.X-CUBE-FREERTOS.1.1.0
2024-02-08 15:53:48,824 [WARN] PackLoader:240 - Cannot read IP mode file for portGmbH.I-Cube-SoM-uGOAL.1.1.0
2024-02-08 15:53:48,838 [WARN] PackLoader:240 - Cannot read IP mode file for STMicroelectronics.X-CUBE-ALS.1.0.1
2024-02-08 15:53:48,851 [WARN] PackLoader:240 - Cannot read IP mode file for STMicroelectronics.FP-ATR-ASTRA1.2.0.0
2024-02-08 15:53:48,871 [WARN] PackLoader:240 - Cannot read IP mode file for STMicroelectronics.X-CUBE-TOF1.3.4.0
2024-02-08 15:53:48,913 [WARN] PackLoader:240 - Cannot read IP mode file for STMicroelectronics.X-CUBE-AZRTOS-H7.3.2.0
2024-02-08 15:53:48,917 [INFO] ThirdParty:978 - Integrity check success = true
2024-02-08 15:53:48,917 [INFO] IntegrityCheckThread:100 - exiting critical section [integrity check]
2024-02-08 15:53:48,917 [INFO] IntegrityCheckThread:103 - End integrity checks thread
2024-02-08 15:53:49,591 [INFO] WebApp:161 - Instantiating new browser for Auth
2024-02-08 15:53:50,231 [INFO] WebApp:780 - Register for checkConnection events
2024-02-08 15:53:50,231 [INFO] WebApp:414 - Apply proxy settings
2024-02-08 15:53:50,231 [INFO] WebApp:499 - Chromium requires no authentication
2024-02-08 15:53:50,237 [INFO] WebApp:442 - Direct internet connection detected
2024-02-08 15:53:50,365 [INFO] WebApp:192 - Starting web application
2024-02-08 15:53:50,366 [INFO] WebApp:544 - Web application path used C:\ST\STM32CubeIDE_1.13.2\STM32CubeIDE\plugins\com.st.stm32cube.common.mx_6.10.0.202311202037\db\plugins\mcufinder\reactClient1\index.html
2024-02-08 15:54:00,549 [ERROR] LogOutputStream:75 - [STDERR_REDIRECT] SLF4J: Failed to load class "org.slf4j.impl.StaticLoggerBinder".
2024-02-08 15:54:00,550 [ERROR] LogOutputStream:75 - [STDERR_REDIRECT] SLF4J: Defaulting to no-operation (NOP) logger implementation
2024-02-08 15:54:00,551 [ERROR] LogOutputStream:75 - [STDERR_REDIRECT] SLF4J: See http://www.slf4j.org/codes.html#StaticLoggerBinder for further details.
2024-02-08 16:08:25,615 [ERROR] LogOutputStream:75 - [STDERR_REDIRECT] 
2024-02-08 18:24:48,452 [INFO] Activator:176 - 


2024-02-08 18:24:48,455 [INFO] Activator:177 - !SESSION log4j initialized
2024-02-08 18:25:00,110 [INFO] LogOutputStream:77 - [STDOUT_REDIRECT] 
2024-02-08 18:25:01,812 [INFO] ApplicationProperties:184 - Using Application install path: C:\ST\STM32CubeIDE_1.13.2\STM32CubeIDE\plugins\com.st.stm32cube.common.mx_6.10.0.202311202037
2024-02-08 18:25:01,838 [INFO] DbMcusXml:78 - Set database path to: C:\ST\STM32CubeIDE_1.13.2\STM32CubeIDE\plugins\com.st.stm32cube.common.mx_6.10.0.202311202037\\db\/mcu/
2024-02-08 18:25:01,839 [INFO] ApiDb:274 - Set plugin database path to: C:\ST\STM32CubeIDE_1.13.2\STM32CubeIDE\plugins\com.st.stm32cube.common.mx_6.10.0.202311202037\\db\/plugins/boardmanager/
2024-02-08 18:25:01,839 [WARN] ApiDb:259 - Overriding images path with different value:  => C:\ST\STM32CubeIDE_1.13.2\STM32CubeIDE\plugins\com.st.stm32cube.common.mx_6.10.0.202311202037\\db\/plugins/mcufinder/images/
2024-02-08 18:25:01,853 [INFO] ApiDb:250 - Set database path to: C:\Users\aleja\.stmcufinder\plugins\mcufinder//mcu/
2024-02-08 18:25:01,855 [INFO] DbMcusAds:125 - Set database path to: C:\Users\aleja\.stmcufinder\plugins\mcufinder//mcu/
2024-02-08 18:25:01,857 [INFO] CrossReferenceDbSqlite:203 - Set database path to: C:\Users\aleja\.stmcufinder\plugins\mcufinder//mcu/cs/
2024-02-08 18:25:02,040 [INFO] RulesReader:64 - Compatibility file has been processed (297 Rules)
2024-02-08 18:25:02,152 [INFO] DbMcusXml:78 - Set database path to: C:\ST\STM32CubeIDE_1.13.2\STM32CubeIDE\plugins\com.st.stm32cube.common.mx_6.10.0.202311202037\\db\/mcu/
2024-02-08 18:25:02,152 [INFO] ApiDb:274 - Set plugin database path to: C:\ST\STM32CubeIDE_1.13.2\STM32CubeIDE\plugins\com.st.stm32cube.common.mx_6.10.0.202311202037\\db\/plugins/boardmanager/
2024-02-08 18:25:02,152 [INFO] ApiDb:261 - Set plugin images path to: C:\ST\STM32CubeIDE_1.13.2\STM32CubeIDE\plugins\com.st.stm32cube.common.mx_6.10.0.202311202037\\db\/plugins/mcufinder/images/
2024-02-08 18:25:02,153 [WARN] DbFile:41 - Overriding database path with different value: C:\Users\aleja\.stmcufinder\plugins\mcufinder/ => C:\Users\aleja\.stmcufinder\plugins\mcufinder
2024-02-08 18:25:02,153 [INFO] ApiDb:250 - Set database path to: C:\Users\aleja\.stmcufinder\plugins\mcufinder//mcu/
2024-02-08 18:25:02,153 [WARN] DbFile:41 - Overriding database path with different value: C:\Users\aleja\.stmcufinder\plugins\mcufinder/ => C:\Users\aleja\.stmcufinder\plugins\mcufinder
2024-02-08 18:25:02,153 [INFO] DbMcusAds:125 - Set database path to: C:\Users\aleja\.stmcufinder\plugins\mcufinder//mcu/
2024-02-08 18:25:02,153 [WARN] DbFile:41 - Overriding database path with different value: C:\Users\aleja\.stmcufinder\plugins\mcufinder/ => C:\Users\aleja\.stmcufinder\plugins\mcufinder
2024-02-08 18:25:02,153 [WARN] DbFile:41 - Overriding database path with different value: C:\Users\aleja\.stmcufinder\plugins\mcufinder/ => C:\Users\aleja\.stmcufinder\plugins\mcufinder
2024-02-08 18:25:02,153 [INFO] CrossReferenceDbSqlite:203 - Set database path to: C:\Users\aleja\.stmcufinder\plugins\mcufinder//mcu/cs/
2024-02-08 18:25:02,263 [INFO] MainPanel:264 - HeapMemory: 268435456
2024-02-08 18:25:02,393 [INFO] DbMcusXml:78 - Set database path to: C:\ST\STM32CubeIDE_1.13.2\STM32CubeIDE\plugins\com.st.stm32cube.common.mx_6.10.0.202311202037\\db\/mcu/
2024-02-08 18:25:02,394 [INFO] ApiDb:274 - Set plugin database path to: C:\ST\STM32CubeIDE_1.13.2\STM32CubeIDE\plugins\com.st.stm32cube.common.mx_6.10.0.202311202037\\db\/plugins/boardmanager/
2024-02-08 18:25:02,394 [INFO] ApiDb:261 - Set plugin images path to: C:\ST\STM32CubeIDE_1.13.2\STM32CubeIDE\plugins\com.st.stm32cube.common.mx_6.10.0.202311202037\\db\/plugins/mcufinder/images/
2024-02-08 18:25:02,394 [WARN] DbFile:41 - Overriding database path with different value: C:\Users\aleja\.stmcufinder\plugins\mcufinder/ => C:\Users\aleja\.stmcufinder\plugins\mcufinder
2024-02-08 18:25:02,395 [INFO] ApiDb:250 - Set database path to: C:\Users\aleja\.stmcufinder\plugins\mcufinder//mcu/
2024-02-08 18:25:02,395 [WARN] DbFile:41 - Overriding database path with different value: C:\Users\aleja\.stmcufinder\plugins\mcufinder/ => C:\Users\aleja\.stmcufinder\plugins\mcufinder
2024-02-08 18:25:02,395 [INFO] DbMcusAds:125 - Set database path to: C:\Users\aleja\.stmcufinder\plugins\mcufinder//mcu/
2024-02-08 18:25:02,395 [WARN] DbFile:41 - Overriding database path with different value: C:\Users\aleja\.stmcufinder\plugins\mcufinder/ => C:\Users\aleja\.stmcufinder\plugins\mcufinder
2024-02-08 18:25:02,395 [WARN] DbFile:41 - Overriding database path with different value: C:\Users\aleja\.stmcufinder\plugins\mcufinder/ => C:\Users\aleja\.stmcufinder\plugins\mcufinder
2024-02-08 18:25:02,395 [INFO] CrossReferenceDbSqlite:203 - Set database path to: C:\Users\aleja\.stmcufinder\plugins\mcufinder//mcu/cs/
2024-02-08 18:25:02,420 [INFO] ApplicationProperties:184 - Using Application install path: C:\ST\STM32CubeIDE_1.13.2\STM32CubeIDE\plugins\com.st.stm32cube.common.mx_6.10.0.202311202037
2024-02-08 18:25:02,423 [INFO] PluginManage:196 - Search for loadable plugins [exclusion list=, ]
2024-02-08 18:25:02,425 [INFO] PluginManage:310 - Check plugin analytics
2024-02-08 18:25:02,718 [INFO] AnalyticsPlugin:253 - Accepted Software Licenses: 
2024-02-08 18:25:02,718 [INFO] AnalyticsPlugin:255 - Accepted CMSIS Pack Licenses: 
2024-02-08 18:25:02,719 [INFO] AnalyticsPlugin:257 - Accepted Firmware Licenses: 
2024-02-08 18:25:02,724 [INFO] PluginManage:359 - Loaded plugin analytics (category:tool,tabindex:-1)
2024-02-08 18:25:02,724 [INFO] PluginManage:310 - Check plugin cadmodel
2024-02-08 18:25:02,746 [INFO] CADModel:105 - Init CAD model plugin
2024-02-08 18:25:02,747 [INFO] PluginManage:359 - Loaded plugin cadmodel (category:power,tabindex:5)
2024-02-08 18:25:02,748 [INFO] PluginManage:310 - Check plugin clock
2024-02-08 18:25:02,785 [INFO] PluginManage:359 - Loaded plugin clock (category:base,tabindex:2)
2024-02-08 18:25:02,786 [INFO] PluginManage:310 - Check plugin ddr
2024-02-08 18:25:02,789 [INFO] PluginManage:359 - Loaded plugin ddr (category:tool,tabindex:6)
2024-02-08 18:25:02,789 [INFO] PluginManage:310 - Check plugin filemanager
2024-02-08 18:25:02,991 [INFO] PluginManage:359 - Loaded plugin filemanager (category:base,tabindex:10)
2024-02-08 18:25:02,991 [INFO] PluginManage:310 - Check plugin ipmanager
2024-02-08 18:25:03,000 [INFO] PluginManage:359 - Loaded plugin ipmanager (category:base,tabindex:5)
2024-02-08 18:25:03,000 [INFO] PluginManage:310 - Check plugin lpbam
2024-02-08 18:25:03,024 [INFO] PluginManage:359 - Loaded plugin lpbam (category:base,tabindex:0)
2024-02-08 18:25:03,024 [INFO] PluginManage:310 - Check plugin memorymap
2024-02-08 18:25:03,054 [INFO] PluginManage:359 - Loaded plugin memorymap (category:base,tabindex:4)
2024-02-08 18:25:03,054 [INFO] PluginManage:310 - Check plugin pinoutandconfiguration
2024-02-08 18:25:03,077 [INFO] PluginManage:359 - Loaded plugin pinoutandconfiguration (category:base,tabindex:1)
2024-02-08 18:25:03,077 [INFO] PluginManage:310 - Check plugin pinoutconfig
2024-02-08 18:25:03,223 [WARN] SupportedApi:132 - Cannot load RTOS API schema: s4s-elt-must-match.1: The content of 'definitions' must match (annotation?, (simpleType | complexType)?, (unique | key | keyref)*)). A problem was found starting at: attribute.
2024-02-08 18:25:03,410 [INFO] PluginManage:359 - Loaded plugin pinoutconfig (category:base,tabindex:0)
2024-02-08 18:25:03,412 [INFO] PluginManage:310 - Check plugin power
2024-02-08 18:25:03,442 [INFO] PluginManage:359 - Loaded plugin power (category:power,tabindex:4)
2024-02-08 18:25:03,442 [INFO] PluginManage:310 - Check plugin projectmanager
2024-02-08 18:25:03,464 [INFO] PluginManage:359 - Loaded plugin projectmanager (category:projectmanager,tabindex:3)
2024-02-08 18:25:03,464 [INFO] PluginManage:310 - Check plugin thirdparty
2024-02-08 18:25:03,889 [INFO] PluginManage:359 - Loaded plugin thirdparty (category:base,tabindex:-1)
2024-02-08 18:25:03,889 [INFO] PluginManage:310 - Check plugin tools
2024-02-08 18:25:03,889 [WARN] IntegrityCheckThread:84 - waiting for thirdparty lock release [integrity check]
2024-02-08 18:25:03,890 [INFO] IntegrityCheckThread:86 - entering critical section [integrity check]
2024-02-08 18:25:03,890 [INFO] ThirdPartyUpdaterWithRetryManager:70 - Updater plugin not ready yet. [1/15]
2024-02-08 18:25:03,938 [INFO] PluginManage:359 - Loaded plugin tools (category:base,tabindex:7)
2024-02-08 18:25:03,939 [INFO] PluginManage:310 - Check plugin tutovideos
2024-02-08 18:25:04,242 [INFO] PluginManage:359 - Loaded plugin tutovideos (category:base,tabindex:-1)
2024-02-08 18:25:04,243 [INFO] PluginManage:310 - Check plugin updater
2024-02-08 18:25:04,260 [INFO] PluginManage:359 - Loaded plugin updater (category:base,tabindex:12)
2024-02-08 18:25:04,261 [INFO] PluginManage:310 - Check plugin userauth
2024-02-08 18:25:04,268 [INFO] UserAuth:114 - Init User Auth plugin
2024-02-08 18:25:04,268 [INFO] PluginManage:359 - Loaded plugin userauth (category:base,tabindex:14)
2024-02-08 18:25:04,269 [INFO] PluginManage:283 - PluginManage : Loaded plugins [17]
2024-02-08 18:25:04,596 [INFO] PinOutPanel:1499 - setPackage(No Configuration,No Configuration)
2024-02-08 18:25:04,699 [INFO] CADModel:165 - CPN selected for project level
2024-02-08 18:25:04,699 [INFO] CADModel:114 - Register for checkConnection events
2024-02-08 18:25:04,737 [INFO] IPUIPlugin:80 - create IPUIPlugin
2024-02-08 18:25:04,737 [INFO] PluginManager:220 - loadIPPluginJar : add adc
2024-02-08 18:25:04,784 [INFO] IPUIPlugin:80 - create IPUIPlugin
2024-02-08 18:25:04,784 [INFO] PluginManager:220 - loadIPPluginJar : add aes
2024-02-08 18:25:04,840 [INFO] IPUIPlugin:80 - create IPUIPlugin
2024-02-08 18:25:04,840 [INFO] PluginManager:220 - loadIPPluginJar : add can
2024-02-08 18:25:04,871 [INFO] IPUIPlugin:80 - create IPUIPlugin
2024-02-08 18:25:04,872 [INFO] PluginManager:220 - loadIPPluginJar : add comp
2024-02-08 18:25:04,921 [INFO] IPUIPlugin:80 - create IPUIPlugin
2024-02-08 18:25:04,921 [INFO] PluginManager:220 - loadIPPluginJar : add cryp
2024-02-08 18:25:04,961 [INFO] IPUIPlugin:80 - create IPUIPlugin
2024-02-08 18:25:04,961 [INFO] PluginManager:220 - loadIPPluginJar : add dfsdm
2024-02-08 18:25:04,981 [INFO] IPUIPlugin:80 - create IPUIPlugin
2024-02-08 18:25:04,982 [INFO] PluginManager:220 - loadIPPluginJar : add dma
2024-02-08 18:25:05,041 [INFO] IPUIPlugin:80 - create IPUIPlugin
2024-02-08 18:25:05,041 [INFO] PluginManager:220 - loadIPPluginJar : add dma3
2024-02-08 18:25:05,071 [INFO] IPUIPlugin:80 - create IPUIPlugin
2024-02-08 18:25:05,071 [INFO] PluginManager:220 - loadIPPluginJar : add fatfs
2024-02-08 18:25:05,132 [INFO] IPUIPlugin:80 - create IPUIPlugin
2024-02-08 18:25:05,133 [INFO] PluginManager:220 - loadIPPluginJar : add fmc
2024-02-08 18:25:05,153 [INFO] IPUIPlugin:80 - create IPUIPlugin
2024-02-08 18:25:05,154 [INFO] PluginManager:220 - loadIPPluginJar : add freertos
2024-02-08 18:25:05,183 [INFO] IPUIPlugin:80 - create IPUIPlugin
2024-02-08 18:25:05,184 [INFO] PluginManager:220 - loadIPPluginJar : add genericplugin
2024-02-08 18:25:05,304 [INFO] IPUIPlugin:80 - create IPUIPlugin
2024-02-08 18:25:05,304 [INFO] PluginManager:220 - loadIPPluginJar : add gfxmmu
2024-02-08 18:25:05,515 [INFO] IPUIPlugin:80 - create IPUIPlugin
2024-02-08 18:25:05,515 [INFO] PluginManager:220 - loadIPPluginJar : add gic
2024-02-08 18:25:05,550 [INFO] IPUIPlugin:80 - create IPUIPlugin
2024-02-08 18:25:05,550 [INFO] PluginManager:220 - loadIPPluginJar : add gpio
2024-02-08 18:25:05,677 [INFO] IPUIPlugin:80 - create IPUIPlugin
2024-02-08 18:25:05,677 [INFO] PluginManager:220 - loadIPPluginJar : add gtzc
2024-02-08 18:25:05,731 [INFO] IPUIPlugin:80 - create IPUIPlugin
2024-02-08 18:25:05,733 [INFO] PluginManager:220 - loadIPPluginJar : add hash
2024-02-08 18:25:05,803 [INFO] IPUIPlugin:80 - create IPUIPlugin
2024-02-08 18:25:05,804 [INFO] PluginManager:220 - loadIPPluginJar : add i2c
2024-02-08 18:25:05,856 [INFO] IPUIPlugin:80 - create IPUIPlugin
2024-02-08 18:25:05,856 [INFO] PluginManager:220 - loadIPPluginJar : add i2s
2024-02-08 18:25:05,910 [INFO] IPUIPlugin:80 - create IPUIPlugin
2024-02-08 18:25:05,910 [INFO] PluginManager:220 - loadIPPluginJar : add i3c
2024-02-08 18:25:06,047 [INFO] IPUIPlugin:80 - create IPUIPlugin
2024-02-08 18:25:06,048 [INFO] PluginManager:220 - loadIPPluginJar : add ipddr
2024-02-08 18:25:06,173 [INFO] IPUIPlugin:80 - create IPUIPlugin
2024-02-08 18:25:06,174 [INFO] PluginManager:220 - loadIPPluginJar : add linkedlist
2024-02-08 18:25:06,229 [INFO] IPUIPlugin:80 - create IPUIPlugin
2024-02-08 18:25:06,230 [INFO] PluginManager:220 - loadIPPluginJar : add lorawan
2024-02-08 18:25:06,280 [INFO] IPUIPlugin:80 - create IPUIPlugin
2024-02-08 18:25:06,281 [INFO] PluginManager:220 - loadIPPluginJar : add ltdc
2024-02-08 18:25:06,300 [INFO] IPUIPlugin:80 - create IPUIPlugin
2024-02-08 18:25:06,300 [INFO] PluginManager:220 - loadIPPluginJar : add mdma
2024-02-08 18:25:06,318 [INFO] IPUIPlugin:80 - create IPUIPlugin
2024-02-08 18:25:06,318 [INFO] PluginManager:220 - loadIPPluginJar : add nvic
2024-02-08 18:25:06,368 [INFO] IPUIPlugin:80 - create IPUIPlugin
2024-02-08 18:25:06,368 [INFO] PluginManager:220 - loadIPPluginJar : add opamp
2024-02-08 18:25:06,447 [INFO] IPUIPlugin:80 - create IPUIPlugin
2024-02-08 18:25:06,447 [INFO] PluginManager:220 - loadIPPluginJar : add openamp
2024-02-08 18:25:06,510 [INFO] IPUIPlugin:80 - create IPUIPlugin
2024-02-08 18:25:06,510 [INFO] PluginManager:220 - loadIPPluginJar : add pdm2pcm
2024-02-08 18:25:06,529 [INFO] IPUIPlugin:80 - create IPUIPlugin
2024-02-08 18:25:06,532 [INFO] PluginManager:220 - loadIPPluginJar : add plateformsettings
2024-02-08 18:25:06,560 [INFO] IPUIPlugin:80 - create IPUIPlugin
2024-02-08 18:25:06,561 [INFO] PluginManager:220 - loadIPPluginJar : add quadspi
2024-02-08 18:25:06,578 [INFO] IPUIPlugin:80 - create IPUIPlugin
2024-02-08 18:25:06,578 [INFO] PluginManager:220 - loadIPPluginJar : add resmgrutility
2024-02-08 18:25:06,639 [INFO] IPUIPlugin:80 - create IPUIPlugin
2024-02-08 18:25:06,640 [INFO] PluginManager:220 - loadIPPluginJar : add sai
2024-02-08 18:25:06,690 [INFO] IPUIPlugin:80 - create IPUIPlugin
2024-02-08 18:25:06,691 [INFO] PluginManager:220 - loadIPPluginJar : add spi
2024-02-08 18:25:06,808 [INFO] IPUIPlugin:80 - create IPUIPlugin
2024-02-08 18:25:06,808 [INFO] PluginManager:220 - loadIPPluginJar : add stm32_wpan
2024-02-08 18:25:06,843 [INFO] IPUIPlugin:80 - create IPUIPlugin
2024-02-08 18:25:06,843 [INFO] PluginManager:220 - loadIPPluginJar : add tim
2024-02-08 18:25:06,891 [INFO] ThirdPartyUpdaterWithRetryManager:70 - Updater plugin not ready yet. [2/15]
2024-02-08 18:25:06,910 [INFO] IPUIPlugin:80 - create IPUIPlugin
2024-02-08 18:25:06,910 [INFO] PluginManager:220 - loadIPPluginJar : add touchsensing
2024-02-08 18:25:06,941 [INFO] IPUIPlugin:80 - create IPUIPlugin
2024-02-08 18:25:06,942 [INFO] PluginManager:220 - loadIPPluginJar : add tracer_emb
2024-02-08 18:25:06,972 [INFO] IPUIPlugin:80 - create IPUIPlugin
2024-02-08 18:25:06,973 [INFO] PluginManager:220 - loadIPPluginJar : add ts
2024-02-08 18:25:07,003 [INFO] IPUIPlugin:80 - create IPUIPlugin
2024-02-08 18:25:07,003 [INFO] PluginManager:220 - loadIPPluginJar : add tsc
2024-02-08 18:25:07,034 [INFO] IPUIPlugin:80 - create IPUIPlugin
2024-02-08 18:25:07,034 [INFO] PluginManager:220 - loadIPPluginJar : add ucpd
2024-02-08 18:25:07,090 [INFO] IPUIPlugin:80 - create IPUIPlugin
2024-02-08 18:25:07,090 [INFO] PluginManager:220 - loadIPPluginJar : add usart
2024-02-08 18:25:07,146 [INFO] IPUIPlugin:80 - create IPUIPlugin
2024-02-08 18:25:07,146 [INFO] PluginManager:220 - loadIPPluginJar : add usbx
2024-02-08 18:25:07,304 [INFO] CADModel:165 - CPN selected for project level
2024-02-08 18:25:07,304 [INFO] CADModel:114 - Register for checkConnection events
2024-02-08 18:25:07,306 [FATAL] Updater:308 - Updater called before beeing initialized
2024-02-08 18:25:07,306 [ERROR] CADModel:125 - Updater not yet initialized, retry later 
2024-02-08 18:25:07,515 [INFO] CADModel:165 - CPN selected for project level
2024-02-08 18:25:07,515 [INFO] CADModel:114 - Register for checkConnection events
2024-02-08 18:25:07,515 [FATAL] Updater:308 - Updater called before beeing initialized
2024-02-08 18:25:07,515 [ERROR] CADModel:125 - Updater not yet initialized, retry later 
2024-02-08 18:25:07,519 [FATAL] Updater:308 - Updater called before beeing initialized
2024-02-08 18:25:07,688 [FATAL] Updater:308 - Updater called before beeing initialized
2024-02-08 18:25:07,702 [INFO] DbMcusAds:53 - JSON generation date=Wed Nov 29 11:52:27 CET 2023 (1701255147200)
2024-02-08 18:25:07,702 [FATAL] Updater:308 - Updater called before beeing initialized
2024-02-08 18:25:07,750 [WARN] DetailPanel:346 - Failed to get advertising image, set to default
2024-02-08 18:25:07,852 [FATAL] Updater:308 - Updater called before beeing initialized
2024-02-08 18:25:07,856 [FATAL] Updater:308 - Updater called before beeing initialized
2024-02-08 18:25:07,856 [FATAL] Updater:308 - Updater called before beeing initialized
2024-02-08 18:25:07,856 [WARN] DetailPanel:346 - Failed to get advertising image, set to default
2024-02-08 18:25:07,857 [FATAL] Updater:308 - Updater called before beeing initialized
2024-02-08 18:25:07,957 [ERROR] Updater:1120 - MainUpdater not yet initialized. External WinMGr cannot be set.
2024-02-08 18:25:07,971 [INFO] Updater:1056 - Updater Version found : 6.10.0
2024-02-08 18:25:07,998 [INFO] ApplicationProperties:184 - Using Application install path: C:\ST\STM32CubeIDE_1.13.2\STM32CubeIDE\plugins\com.st.stm32cube.common.mx_6.10.0.202311202037
2024-02-08 18:25:09,612 [ERROR] LogOutputStream:75 - [STDERR_REDIRECT] Feb 08, 2024 6:25:09 PM java.util.prefs.WindowsPreferences <init>
2024-02-08 18:25:09,615 [ERROR] LogOutputStream:75 - [STDERR_REDIRECT] WARNING: Could not open/create prefs root node Software\JavaSoft\Prefs at root 0xffffffff80000002. Windows RegCreateKeyEx(...) returned error code 5.
2024-02-08 18:25:09,616 [ERROR] LogOutputStream:75 - [STDERR_REDIRECT] 
2024-02-08 18:25:09,891 [INFO] ThirdPartyUpdaterWithRetryManager:70 - Updater plugin not ready yet. [3/15]
2024-02-08 18:25:10,168 [INFO] MainUpdater:2873 - connection check result : 10
2024-02-08 18:25:10,169 [INFO] MainUpdater:290 - Updater Check For Update Now.
2024-02-08 18:25:10,170 [INFO] MicroXplorer:498 - Change Database Version : DB.6.0.100
2024-02-08 18:25:10,242 [INFO] McuFinderGlobals:63 - Set McuFinder mode to 2 (CubeIDE integrated)
2024-02-08 18:25:10,264 [INFO] UserAuth:404 - Internet connection configuration mode: 1
2024-02-08 18:25:10,310 [INFO] JxBrowserEngine:152 - Initiate JxBrowser Engine with user profile folder
2024-02-08 18:25:10,466 [INFO] CheckServerUpdateThread:120 - End of CheckServer Thread
2024-02-08 18:25:13,289 [WARN] PackLoader:240 - Cannot read IP mode file for STMicroelectronics.X-CUBE-SMBUS.2.1.0
2024-02-08 18:25:13,318 [WARN] PackLoader:240 - Cannot read IP mode file for STMicroelectronics.X-CUBE-TOUCHGFX.4.23.0
2024-02-08 18:25:13,390 [WARN] PackLoader:240 - Cannot read IP mode file for STMicroelectronics.X-CUBE-AZRTOS-F7.1.1.0
2024-02-08 18:25:13,439 [WARN] PackLoader:240 - Cannot read IP mode file for STMicroelectronics.FP-SNS-MOTENV1.4.3.2
2024-02-08 18:25:13,517 [WARN] PackLoader:240 - Cannot read IP mode file for STMicroelectronics.FP-SNS-FLIGHT1.5.0.2
2024-02-08 18:25:13,556 [WARN] PackLoader:240 - Cannot read IP mode file for STMicroelectronics.X-CUBE-DISPLAY.3.0.0
2024-02-08 18:25:13,601 [WARN] PackLoader:240 - Cannot read IP mode file for STMicroelectronics.X-CUBE-BLE1.7.0.0
2024-02-08 18:25:13,642 [WARN] PackLoader:240 - Cannot read IP mode file for emotas.I-CUBE-CANOPEN.1.3.0
2024-02-08 18:25:13,676 [WARN] PackLoader:240 - Cannot read IP mode file for STMicroelectronics.X-CUBE-TOUCHGFX.4.22.1
2024-02-08 18:25:13,700 [WARN] PackLoader:240 - Cannot read IP mode file for STMicroelectronics.FP-SNS-SMARTAG2.1.2.0
2024-02-08 18:25:13,729 [INFO] LogOutputStream:77 - [STDOUT_REDIRECT] 1 : Invalid condition id : UX_CORESTACK_Condition cause : null
2024-02-08 18:25:13,730 [INFO] LogOutputStream:77 - [STDOUT_REDIRECT] 1 : Invalid condition id : UX_CORESTACK_Condition cause : null
2024-02-08 18:25:13,731 [INFO] LogOutputStream:77 - [STDOUT_REDIRECT] 1 : Invalid condition id : UX_CORESTACK_Condition cause : null
2024-02-08 18:25:13,732 [INFO] LogOutputStream:77 - [STDOUT_REDIRECT] 1 : Invalid condition id : UX_CORESTACK_Condition cause : null
2024-02-08 18:25:13,733 [INFO] LogOutputStream:77 - [STDOUT_REDIRECT] 1 : Invalid condition id : UX_CORESTACK_Condition cause : null
2024-02-08 18:25:13,738 [WARN] PackLoader:240 - Cannot read IP mode file for STMicroelectronics.X-CUBE-AZRTOS-WL.2.0.0
2024-02-08 18:25:13,763 [WARN] PackLoader:240 - Cannot read IP mode file for WES.I-CUBE-Cesium.1.3.0
2024-02-08 18:25:13,784 [WARN] PackLoader:240 - Cannot read IP mode file for STMicroelectronics.X-CUBE-BLE2.3.3.0
2024-02-08 18:25:13,804 [WARN] PackLoader:240 - Cannot read IP mode file for STMicroelectronics.X-CUBE-ALGOBUILD.1.3.0
2024-02-08 18:25:13,839 [WARN] PackLoader:240 - Cannot read IP mode file for STMicroelectronics.X-CUBE-AZRTOS-G0.1.1.0
2024-02-08 18:25:13,862 [WARN] PackLoader:240 - Cannot read IP mode file for STMicroelectronics.X-CUBE-NFC4.3.0.0
2024-02-08 18:25:13,890 [WARN] PackLoader:240 - Cannot read IP mode file for STMicroelectronics.X-CUBE-BLEMGR.3.0.0
2024-02-08 18:25:13,911 [WARN] PackLoader:240 - Cannot read IP mode file for STMicroelectronics.FP-ATR-SIGFOX1.3.2.0
2024-02-08 18:25:13,930 [WARN] PackLoader:240 - Cannot read IP mode file for STMicroelectronics.X-CUBE-EEPRMA1.5.1.0
2024-02-08 18:25:13,944 [INFO] WebApp:161 - Instantiating new browser for Auth
2024-02-08 18:25:14,014 [WARN] PackLoader:240 - Cannot read IP mode file for SEGGER.I-CUBE-embOS.1.3.1
2024-02-08 18:25:14,104 [WARN] PackLoader:240 - Cannot read IP mode file for STMicroelectronics.X-CUBE-GNSS1.6.0.0
2024-02-08 18:25:14,176 [WARN] PackLoader:240 - Cannot read IP mode file for STMicroelectronics.X-CUBE-AZRTOS-F4.1.1.0
2024-02-08 18:25:14,214 [WARN] PackLoader:240 - Cannot read IP mode file for wolfSSL.I-CUBE-wolfSSL.5.6.4
2024-02-08 18:25:14,270 [WARN] PackLoader:240 - Cannot read IP mode file for STMicroelectronics.X-CUBE-AZRTOS-L5.2.0.0
2024-02-08 18:25:14,304 [WARN] PackLoader:240 - Cannot read IP mode file for STMicroelectronics.X-CUBE-EEPRMA1.4.2.0
2024-02-08 18:25:14,324 [WARN] PackLoader:240 - Cannot read IP mode file for ITTIA_DB.I-CUBE-ITTIADB.8.8.0
2024-02-08 18:25:14,360 [WARN] ConditionMgr:438 - getConditionDescription Invalid condition id : UX DEVICE CLASS RTOS Condition cause : null
2024-02-08 18:25:14,361 [WARN] ConditionMgr:438 - getConditionDescription Invalid condition id : UX DEVICE CLASS RTOS Condition cause : null
2024-02-08 18:25:14,364 [WARN] PackLoader:240 - Cannot read IP mode file for STMicroelectronics.X-CUBE-AZRTOS-H7.3.1.0
2024-02-08 18:25:14,365 [WARN] ConditionMgr:1039 - genDependencies : Invalid condition id : UX DEVICE CLASS RTOS Condition cause : null
2024-02-08 18:25:14,365 [WARN] ConditionMgr:1039 - genDependencies : Invalid condition id : UX DEVICE CLASS RTOS Condition cause : null
2024-02-08 18:25:14,365 [WARN] ConditionMgr:1039 - genDependencies : Invalid condition id : UX DEVICE CLASS RTOS Condition cause : null
2024-02-08 18:25:14,366 [WARN] ConditionMgr:1039 - genDependencies : Invalid condition id : UX DEVICE CLASS RTOS Condition cause : null
2024-02-08 18:25:14,366 [WARN] ConditionMgr:1039 - genDependencies : Invalid condition id : UX DEVICE CLASS RTOS Condition cause : null
2024-02-08 18:25:14,385 [WARN] PackLoader:240 - Cannot read IP mode file for STMicroelectronics.X-CUBE-NFC7.1.0.1
2024-02-08 18:25:14,407 [WARN] PackLoader:240 - Cannot read IP mode file for STMicroelectronics.X-CUBE-NFC6.3.0.0
2024-02-08 18:25:14,428 [WARN] PackLoader:240 - Cannot read IP mode file for STMicroelectronics.X-CUBE-AI.8.1.0
2024-02-08 18:25:14,471 [WARN] ConditionMgr:438 - getConditionDescription Invalid condition id : LAN8742 Phy interface Condition cause : null
2024-02-08 18:25:14,473 [WARN] PackLoader:240 - Cannot read IP mode file for STMicroelectronics.X-CUBE-AZRTOS-L4.2.0.0
2024-02-08 18:25:14,474 [WARN] ConditionMgr:1039 - genDependencies : Invalid condition id : LAN8742 Phy interface Condition cause : null
2024-02-08 18:25:14,475 [WARN] ConditionMgr:1039 - genDependencies : Invalid condition id : LAN8742 Phy interface Condition cause : null
2024-02-08 18:25:14,476 [WARN] ConditionMgr:1039 - genDependencies : Invalid condition id : LAN8742 Phy interface Condition cause : null
2024-02-08 18:25:14,500 [WARN] PackLoader:240 - Cannot read IP mode file for STMicroelectronics.X-CUBE-SFXS2LP1.4.0.0
2024-02-08 18:25:14,520 [WARN] PackLoader:240 - Cannot read IP mode file for STMicroelectronics.X-CUBE-ISPU.1.1.0
2024-02-08 18:25:14,555 [WARN] ConditionMgr:438 - getConditionDescription Invalid condition id : UX DEVICE CLASS RTOS Condition cause : null
2024-02-08 18:25:14,556 [WARN] ConditionMgr:438 - getConditionDescription Invalid condition id : UX DEVICE CLASS RTOS Condition cause : null
2024-02-08 18:25:14,559 [WARN] PackLoader:240 - Cannot read IP mode file for STMicroelectronics.X-CUBE-AZRTOS-WB.2.0.0
2024-02-08 18:25:14,559 [WARN] ConditionMgr:1039 - genDependencies : Invalid condition id : UX DEVICE CLASS RTOS Condition cause : null
2024-02-08 18:25:14,560 [WARN] ConditionMgr:1039 - genDependencies : Invalid condition id : UX DEVICE CLASS RTOS Condition cause : null
2024-02-08 18:25:14,560 [WARN] ConditionMgr:1039 - genDependencies : Invalid condition id : UX DEVICE CLASS RTOS Condition cause : null
2024-02-08 18:25:14,561 [WARN] ConditionMgr:1039 - genDependencies : Invalid condition id : UX DEVICE CLASS RTOS Condition cause : null
2024-02-08 18:25:14,562 [WARN] ConditionMgr:1039 - genDependencies : Invalid condition id : UX DEVICE CLASS RTOS Condition cause : null
2024-02-08 18:25:14,590 [WARN] PackLoader:240 - Cannot read IP mode file for STMicroelectronics.X-CUBE-SUBG2.5.0.0
2024-02-08 18:25:14,628 [WARN] PackLoader:240 - Cannot read IP mode file for STMicroelectronics.X-CUBE-AZRTOS-G4.2.0.0
2024-02-08 18:25:14,658 [WARN] PackLoader:240 - Cannot read IP mode file for Infineon.AIROC-Wi-Fi-Bluetooth-STM32.1.5.1
2024-02-08 18:25:14,679 [WARN] PackLoader:240 - Cannot read IP mode file for STMicroelectronics.FP-SNS-MOTENVWB1.1.3.1
2024-02-08 18:25:14,699 [WARN] PackLoader:240 - Cannot read IP mode file for STMicroelectronics.X-CUBE-ISPU.2.0.0
2024-02-08 18:25:14,811 [WARN] PackLoader:240 - Cannot read IP mode file for STMicroelectronics.X-CUBE-MEMS1.10.0.0
2024-02-08 18:25:15,001 [WARN] PackLoader:240 - Cannot read IP mode file for STMicroelectronics.X-CUBE-FREERTOS.1.1.0
2024-02-08 18:25:15,030 [WARN] PackLoader:240 - Cannot read IP mode file for portGmbH.I-Cube-SoM-uGOAL.1.1.0
2024-02-08 18:25:15,050 [WARN] PackLoader:240 - Cannot read IP mode file for STMicroelectronics.X-CUBE-ALS.1.0.1
2024-02-08 18:25:15,070 [WARN] PackLoader:240 - Cannot read IP mode file for STMicroelectronics.FP-ATR-ASTRA1.2.0.0
2024-02-08 18:25:15,101 [WARN] PackLoader:240 - Cannot read IP mode file for STMicroelectronics.X-CUBE-TOF1.3.4.0
2024-02-08 18:25:15,157 [WARN] PackLoader:240 - Cannot read IP mode file for STMicroelectronics.X-CUBE-AZRTOS-H7.3.2.0
2024-02-08 18:25:15,161 [INFO] ThirdParty:978 - Integrity check success = true
2024-02-08 18:25:15,168 [INFO] IntegrityCheckThread:100 - exiting critical section [integrity check]
2024-02-08 18:25:15,169 [INFO] IntegrityCheckThread:103 - End integrity checks thread
2024-02-08 18:25:15,421 [INFO] WebApp:780 - Register for checkConnection events
2024-02-08 18:25:15,422 [INFO] WebApp:414 - Apply proxy settings
2024-02-08 18:25:15,422 [INFO] WebApp:499 - Chromium requires no authentication
2024-02-08 18:25:15,438 [INFO] WebApp:442 - Direct internet connection detected
2024-02-08 18:25:15,789 [INFO] WebApp:192 - Starting web application
2024-02-08 18:25:15,789 [INFO] WebApp:544 - Web application path used C:\ST\STM32CubeIDE_1.13.2\STM32CubeIDE\plugins\com.st.stm32cube.common.mx_6.10.0.202311202037\db\plugins\mcufinder\reactClient1\index.html
2024-02-08 18:25:21,616 [ERROR] LogOutputStream:75 - [STDERR_REDIRECT] SLF4J: Failed to load class "org.slf4j.impl.StaticLoggerBinder".
2024-02-08 18:25:21,617 [ERROR] LogOutputStream:75 - [STDERR_REDIRECT] SLF4J: Defaulting to no-operation (NOP) logger implementation
2024-02-08 18:25:21,618 [ERROR] LogOutputStream:75 - [STDERR_REDIRECT] SLF4J: See http://www.slf4j.org/codes.html#StaticLoggerBinder for further details.
2024-02-08 19:32:40,602 [INFO] WebApp:354 - JxBrowser engine has been closed 
2024-02-08 19:32:41,136 [ERROR] LogOutputStream:75 - [STDERR_REDIRECT] 
2024-02-08 19:32:41,136 [ERROR] LogOutputStream:75 - [STDERR_REDIRECT] 
2024-02-08 19:40:38,693 [INFO] Activator:176 - 


2024-02-08 19:40:38,696 [INFO] Activator:177 - !SESSION log4j initialized
2024-02-08 19:40:49,703 [INFO] LogOutputStream:77 - [STDOUT_REDIRECT] 
2024-02-08 19:40:51,409 [INFO] ApplicationProperties:184 - Using Application install path: C:\ST\STM32CubeIDE_1.13.2\STM32CubeIDE\plugins\com.st.stm32cube.common.mx_6.10.0.202311202037
2024-02-08 19:40:51,431 [INFO] DbMcusXml:78 - Set database path to: C:\ST\STM32CubeIDE_1.13.2\STM32CubeIDE\plugins\com.st.stm32cube.common.mx_6.10.0.202311202037\\db\/mcu/
2024-02-08 19:40:51,432 [INFO] ApiDb:274 - Set plugin database path to: C:\ST\STM32CubeIDE_1.13.2\STM32CubeIDE\plugins\com.st.stm32cube.common.mx_6.10.0.202311202037\\db\/plugins/boardmanager/
2024-02-08 19:40:51,432 [WARN] ApiDb:259 - Overriding images path with different value:  => C:\ST\STM32CubeIDE_1.13.2\STM32CubeIDE\plugins\com.st.stm32cube.common.mx_6.10.0.202311202037\\db\/plugins/mcufinder/images/
2024-02-08 19:40:51,447 [INFO] ApiDb:250 - Set database path to: C:\Users\aleja\.stmcufinder\plugins\mcufinder//mcu/
2024-02-08 19:40:51,449 [INFO] DbMcusAds:125 - Set database path to: C:\Users\aleja\.stmcufinder\plugins\mcufinder//mcu/
2024-02-08 19:40:51,451 [INFO] CrossReferenceDbSqlite:203 - Set database path to: C:\Users\aleja\.stmcufinder\plugins\mcufinder//mcu/cs/
2024-02-08 19:40:51,615 [INFO] RulesReader:64 - Compatibility file has been processed (297 Rules)
2024-02-08 19:40:51,727 [INFO] DbMcusXml:78 - Set database path to: C:\ST\STM32CubeIDE_1.13.2\STM32CubeIDE\plugins\com.st.stm32cube.common.mx_6.10.0.202311202037\\db\/mcu/
2024-02-08 19:40:51,727 [INFO] ApiDb:274 - Set plugin database path to: C:\ST\STM32CubeIDE_1.13.2\STM32CubeIDE\plugins\com.st.stm32cube.common.mx_6.10.0.202311202037\\db\/plugins/boardmanager/
2024-02-08 19:40:51,727 [INFO] ApiDb:261 - Set plugin images path to: C:\ST\STM32CubeIDE_1.13.2\STM32CubeIDE\plugins\com.st.stm32cube.common.mx_6.10.0.202311202037\\db\/plugins/mcufinder/images/
2024-02-08 19:40:51,727 [WARN] DbFile:41 - Overriding database path with different value: C:\Users\aleja\.stmcufinder\plugins\mcufinder/ => C:\Users\aleja\.stmcufinder\plugins\mcufinder
2024-02-08 19:40:51,727 [INFO] ApiDb:250 - Set database path to: C:\Users\aleja\.stmcufinder\plugins\mcufinder//mcu/
2024-02-08 19:40:51,727 [WARN] DbFile:41 - Overriding database path with different value: C:\Users\aleja\.stmcufinder\plugins\mcufinder/ => C:\Users\aleja\.stmcufinder\plugins\mcufinder
2024-02-08 19:40:51,727 [INFO] DbMcusAds:125 - Set database path to: C:\Users\aleja\.stmcufinder\plugins\mcufinder//mcu/
2024-02-08 19:40:51,727 [WARN] DbFile:41 - Overriding database path with different value: C:\Users\aleja\.stmcufinder\plugins\mcufinder/ => C:\Users\aleja\.stmcufinder\plugins\mcufinder
2024-02-08 19:40:51,727 [WARN] DbFile:41 - Overriding database path with different value: C:\Users\aleja\.stmcufinder\plugins\mcufinder/ => C:\Users\aleja\.stmcufinder\plugins\mcufinder
2024-02-08 19:40:51,728 [INFO] CrossReferenceDbSqlite:203 - Set database path to: C:\Users\aleja\.stmcufinder\plugins\mcufinder//mcu/cs/
2024-02-08 19:40:51,824 [INFO] MainPanel:264 - HeapMemory: 268435456
2024-02-08 19:40:51,945 [INFO] DbMcusXml:78 - Set database path to: C:\ST\STM32CubeIDE_1.13.2\STM32CubeIDE\plugins\com.st.stm32cube.common.mx_6.10.0.202311202037\\db\/mcu/
2024-02-08 19:40:51,945 [INFO] ApiDb:274 - Set plugin database path to: C:\ST\STM32CubeIDE_1.13.2\STM32CubeIDE\plugins\com.st.stm32cube.common.mx_6.10.0.202311202037\\db\/plugins/boardmanager/
2024-02-08 19:40:51,945 [INFO] ApiDb:261 - Set plugin images path to: C:\ST\STM32CubeIDE_1.13.2\STM32CubeIDE\plugins\com.st.stm32cube.common.mx_6.10.0.202311202037\\db\/plugins/mcufinder/images/
2024-02-08 19:40:51,946 [WARN] DbFile:41 - Overriding database path with different value: C:\Users\aleja\.stmcufinder\plugins\mcufinder/ => C:\Users\aleja\.stmcufinder\plugins\mcufinder
2024-02-08 19:40:51,946 [INFO] ApiDb:250 - Set database path to: C:\Users\aleja\.stmcufinder\plugins\mcufinder//mcu/
2024-02-08 19:40:51,946 [WARN] DbFile:41 - Overriding database path with different value: C:\Users\aleja\.stmcufinder\plugins\mcufinder/ => C:\Users\aleja\.stmcufinder\plugins\mcufinder
2024-02-08 19:40:51,946 [INFO] DbMcusAds:125 - Set database path to: C:\Users\aleja\.stmcufinder\plugins\mcufinder//mcu/
2024-02-08 19:40:51,946 [WARN] DbFile:41 - Overriding database path with different value: C:\Users\aleja\.stmcufinder\plugins\mcufinder/ => C:\Users\aleja\.stmcufinder\plugins\mcufinder
2024-02-08 19:40:51,947 [WARN] DbFile:41 - Overriding database path with different value: C:\Users\aleja\.stmcufinder\plugins\mcufinder/ => C:\Users\aleja\.stmcufinder\plugins\mcufinder
2024-02-08 19:40:51,947 [INFO] CrossReferenceDbSqlite:203 - Set database path to: C:\Users\aleja\.stmcufinder\plugins\mcufinder//mcu/cs/
2024-02-08 19:40:51,967 [INFO] ApplicationProperties:184 - Using Application install path: C:\ST\STM32CubeIDE_1.13.2\STM32CubeIDE\plugins\com.st.stm32cube.common.mx_6.10.0.202311202037
2024-02-08 19:40:51,969 [INFO] PluginManage:196 - Search for loadable plugins [exclusion list=, ]
2024-02-08 19:40:51,971 [INFO] PluginManage:310 - Check plugin analytics
2024-02-08 19:40:52,280 [INFO] AnalyticsPlugin:253 - Accepted Software Licenses: 
2024-02-08 19:40:52,280 [INFO] AnalyticsPlugin:255 - Accepted CMSIS Pack Licenses: 
2024-02-08 19:40:52,280 [INFO] AnalyticsPlugin:257 - Accepted Firmware Licenses: 
2024-02-08 19:40:52,286 [INFO] PluginManage:359 - Loaded plugin analytics (category:tool,tabindex:-1)
2024-02-08 19:40:52,287 [INFO] PluginManage:310 - Check plugin cadmodel
2024-02-08 19:40:52,311 [INFO] CADModel:105 - Init CAD model plugin
2024-02-08 19:40:52,311 [INFO] PluginManage:359 - Loaded plugin cadmodel (category:power,tabindex:5)
2024-02-08 19:40:52,312 [INFO] PluginManage:310 - Check plugin clock
2024-02-08 19:40:52,346 [INFO] PluginManage:359 - Loaded plugin clock (category:base,tabindex:2)
2024-02-08 19:40:52,346 [INFO] PluginManage:310 - Check plugin ddr
2024-02-08 19:40:52,350 [INFO] PluginManage:359 - Loaded plugin ddr (category:tool,tabindex:6)
2024-02-08 19:40:52,351 [INFO] PluginManage:310 - Check plugin filemanager
2024-02-08 19:40:52,587 [INFO] PluginManage:359 - Loaded plugin filemanager (category:base,tabindex:10)
2024-02-08 19:40:52,588 [INFO] PluginManage:310 - Check plugin ipmanager
2024-02-08 19:40:52,605 [INFO] PluginManage:359 - Loaded plugin ipmanager (category:base,tabindex:5)
2024-02-08 19:40:52,605 [INFO] PluginManage:310 - Check plugin lpbam
2024-02-08 19:40:52,635 [INFO] PluginManage:359 - Loaded plugin lpbam (category:base,tabindex:0)
2024-02-08 19:40:52,635 [INFO] PluginManage:310 - Check plugin memorymap
2024-02-08 19:40:52,680 [INFO] PluginManage:359 - Loaded plugin memorymap (category:base,tabindex:4)
2024-02-08 19:40:52,680 [INFO] PluginManage:310 - Check plugin pinoutandconfiguration
2024-02-08 19:40:52,697 [INFO] PluginManage:359 - Loaded plugin pinoutandconfiguration (category:base,tabindex:1)
2024-02-08 19:40:52,697 [INFO] PluginManage:310 - Check plugin pinoutconfig
2024-02-08 19:40:52,811 [WARN] SupportedApi:132 - Cannot load RTOS API schema: s4s-elt-must-match.1: The content of 'definitions' must match (annotation?, (simpleType | complexType)?, (unique | key | keyref)*)). A problem was found starting at: attribute.
2024-02-08 19:40:53,052 [INFO] PluginManage:359 - Loaded plugin pinoutconfig (category:base,tabindex:0)
2024-02-08 19:40:53,052 [INFO] PluginManage:310 - Check plugin power
2024-02-08 19:40:53,073 [INFO] PluginManage:359 - Loaded plugin power (category:power,tabindex:4)
2024-02-08 19:40:53,073 [INFO] PluginManage:310 - Check plugin projectmanager
2024-02-08 19:40:53,097 [INFO] PluginManage:359 - Loaded plugin projectmanager (category:projectmanager,tabindex:3)
2024-02-08 19:40:53,097 [INFO] PluginManage:310 - Check plugin thirdparty
2024-02-08 19:40:53,441 [INFO] PluginManage:359 - Loaded plugin thirdparty (category:base,tabindex:-1)
2024-02-08 19:40:53,441 [INFO] PluginManage:310 - Check plugin tools
2024-02-08 19:40:53,441 [WARN] IntegrityCheckThread:84 - waiting for thirdparty lock release [integrity check]
2024-02-08 19:40:53,441 [INFO] IntegrityCheckThread:86 - entering critical section [integrity check]
2024-02-08 19:40:53,442 [INFO] ThirdPartyUpdaterWithRetryManager:70 - Updater plugin not ready yet. [1/15]
2024-02-08 19:40:53,475 [INFO] PluginManage:359 - Loaded plugin tools (category:base,tabindex:7)
2024-02-08 19:40:53,475 [INFO] PluginManage:310 - Check plugin tutovideos
2024-02-08 19:40:53,759 [INFO] PluginManage:359 - Loaded plugin tutovideos (category:base,tabindex:-1)
2024-02-08 19:40:53,759 [INFO] PluginManage:310 - Check plugin updater
2024-02-08 19:40:53,781 [INFO] PluginManage:359 - Loaded plugin updater (category:base,tabindex:12)
2024-02-08 19:40:53,781 [INFO] PluginManage:310 - Check plugin userauth
2024-02-08 19:40:53,788 [INFO] UserAuth:114 - Init User Auth plugin
2024-02-08 19:40:53,789 [INFO] PluginManage:359 - Loaded plugin userauth (category:base,tabindex:14)
2024-02-08 19:40:53,790 [INFO] PluginManage:283 - PluginManage : Loaded plugins [17]
2024-02-08 19:40:54,003 [INFO] PinOutPanel:1499 - setPackage(No Configuration,No Configuration)
2024-02-08 19:40:54,088 [INFO] CADModel:165 - CPN selected for project level
2024-02-08 19:40:54,088 [INFO] CADModel:114 - Register for checkConnection events
2024-02-08 19:40:54,132 [INFO] IPUIPlugin:80 - create IPUIPlugin
2024-02-08 19:40:54,132 [INFO] PluginManager:220 - loadIPPluginJar : add adc
2024-02-08 19:40:54,167 [INFO] IPUIPlugin:80 - create IPUIPlugin
2024-02-08 19:40:54,167 [INFO] PluginManager:220 - loadIPPluginJar : add aes
2024-02-08 19:40:54,212 [INFO] IPUIPlugin:80 - create IPUIPlugin
2024-02-08 19:40:54,213 [INFO] PluginManager:220 - loadIPPluginJar : add can
2024-02-08 19:40:54,234 [INFO] IPUIPlugin:80 - create IPUIPlugin
2024-02-08 19:40:54,234 [INFO] PluginManager:220 - loadIPPluginJar : add comp
2024-02-08 19:40:54,263 [INFO] IPUIPlugin:80 - create IPUIPlugin
2024-02-08 19:40:54,263 [INFO] PluginManager:220 - loadIPPluginJar : add cryp
2024-02-08 19:40:54,288 [INFO] IPUIPlugin:80 - create IPUIPlugin
2024-02-08 19:40:54,289 [INFO] PluginManager:220 - loadIPPluginJar : add dfsdm
2024-02-08 19:40:54,302 [INFO] IPUIPlugin:80 - create IPUIPlugin
2024-02-08 19:40:54,302 [INFO] PluginManager:220 - loadIPPluginJar : add dma
2024-02-08 19:40:54,336 [INFO] IPUIPlugin:80 - create IPUIPlugin
2024-02-08 19:40:54,336 [INFO] PluginManager:220 - loadIPPluginJar : add dma3
2024-02-08 19:40:54,354 [INFO] IPUIPlugin:80 - create IPUIPlugin
2024-02-08 19:40:54,354 [INFO] PluginManager:220 - loadIPPluginJar : add fatfs
2024-02-08 19:40:54,389 [INFO] IPUIPlugin:80 - create IPUIPlugin
2024-02-08 19:40:54,390 [INFO] PluginManager:220 - loadIPPluginJar : add fmc
2024-02-08 19:40:54,402 [INFO] IPUIPlugin:80 - create IPUIPlugin
2024-02-08 19:40:54,402 [INFO] PluginManager:220 - loadIPPluginJar : add freertos
2024-02-08 19:40:54,420 [INFO] IPUIPlugin:80 - create IPUIPlugin
2024-02-08 19:40:54,420 [INFO] PluginManager:220 - loadIPPluginJar : add genericplugin
2024-02-08 19:40:54,494 [INFO] IPUIPlugin:80 - create IPUIPlugin
2024-02-08 19:40:54,494 [INFO] PluginManager:220 - loadIPPluginJar : add gfxmmu
2024-02-08 19:40:54,594 [INFO] IPUIPlugin:80 - create IPUIPlugin
2024-02-08 19:40:54,594 [INFO] PluginManager:220 - loadIPPluginJar : add gic
2024-02-08 19:40:54,605 [INFO] IPUIPlugin:80 - create IPUIPlugin
2024-02-08 19:40:54,605 [INFO] PluginManager:220 - loadIPPluginJar : add gpio
2024-02-08 19:40:54,675 [INFO] IPUIPlugin:80 - create IPUIPlugin
2024-02-08 19:40:54,675 [INFO] PluginManager:220 - loadIPPluginJar : add gtzc
2024-02-08 19:40:54,698 [INFO] IPUIPlugin:80 - create IPUIPlugin
2024-02-08 19:40:54,698 [INFO] PluginManager:220 - loadIPPluginJar : add hash
2024-02-08 19:40:54,734 [INFO] IPUIPlugin:80 - create IPUIPlugin
2024-02-08 19:40:54,735 [INFO] PluginManager:220 - loadIPPluginJar : add i2c
2024-02-08 19:40:54,762 [INFO] IPUIPlugin:80 - create IPUIPlugin
2024-02-08 19:40:54,762 [INFO] PluginManager:220 - loadIPPluginJar : add i2s
2024-02-08 19:40:54,793 [INFO] IPUIPlugin:80 - create IPUIPlugin
2024-02-08 19:40:54,794 [INFO] PluginManager:220 - loadIPPluginJar : add i3c
2024-02-08 19:40:54,871 [INFO] IPUIPlugin:80 - create IPUIPlugin
2024-02-08 19:40:54,871 [INFO] PluginManager:220 - loadIPPluginJar : add ipddr
2024-02-08 19:40:54,943 [INFO] IPUIPlugin:80 - create IPUIPlugin
2024-02-08 19:40:54,944 [INFO] PluginManager:220 - loadIPPluginJar : add linkedlist
2024-02-08 19:40:54,974 [INFO] IPUIPlugin:80 - create IPUIPlugin
2024-02-08 19:40:54,974 [INFO] PluginManager:220 - loadIPPluginJar : add lorawan
2024-02-08 19:40:55,002 [INFO] IPUIPlugin:80 - create IPUIPlugin
2024-02-08 19:40:55,002 [INFO] PluginManager:220 - loadIPPluginJar : add ltdc
2024-02-08 19:40:55,013 [INFO] IPUIPlugin:80 - create IPUIPlugin
2024-02-08 19:40:55,013 [INFO] PluginManager:220 - loadIPPluginJar : add mdma
2024-02-08 19:40:55,023 [INFO] IPUIPlugin:80 - create IPUIPlugin
2024-02-08 19:40:55,023 [INFO] PluginManager:220 - loadIPPluginJar : add nvic
2024-02-08 19:40:55,052 [INFO] IPUIPlugin:80 - create IPUIPlugin
2024-02-08 19:40:55,052 [INFO] PluginManager:220 - loadIPPluginJar : add opamp
2024-02-08 19:40:55,094 [INFO] IPUIPlugin:80 - create IPUIPlugin
2024-02-08 19:40:55,094 [INFO] PluginManager:220 - loadIPPluginJar : add openamp
2024-02-08 19:40:55,124 [INFO] IPUIPlugin:80 - create IPUIPlugin
2024-02-08 19:40:55,125 [INFO] PluginManager:220 - loadIPPluginJar : add pdm2pcm
2024-02-08 19:40:55,138 [INFO] IPUIPlugin:80 - create IPUIPlugin
2024-02-08 19:40:55,139 [INFO] PluginManager:220 - loadIPPluginJar : add plateformsettings
2024-02-08 19:40:55,157 [INFO] IPUIPlugin:80 - create IPUIPlugin
2024-02-08 19:40:55,157 [INFO] PluginManager:220 - loadIPPluginJar : add quadspi
2024-02-08 19:40:55,168 [INFO] IPUIPlugin:80 - create IPUIPlugin
2024-02-08 19:40:55,168 [INFO] PluginManager:220 - loadIPPluginJar : add resmgrutility
2024-02-08 19:40:55,207 [INFO] IPUIPlugin:80 - create IPUIPlugin
2024-02-08 19:40:55,207 [INFO] PluginManager:220 - loadIPPluginJar : add sai
2024-02-08 19:40:55,236 [INFO] IPUIPlugin:80 - create IPUIPlugin
2024-02-08 19:40:55,236 [INFO] PluginManager:220 - loadIPPluginJar : add spi
2024-02-08 19:40:55,290 [INFO] IPUIPlugin:80 - create IPUIPlugin
2024-02-08 19:40:55,290 [INFO] PluginManager:220 - loadIPPluginJar : add stm32_wpan
2024-02-08 19:40:55,309 [INFO] IPUIPlugin:80 - create IPUIPlugin
2024-02-08 19:40:55,309 [INFO] PluginManager:220 - loadIPPluginJar : add tim
2024-02-08 19:40:55,351 [INFO] IPUIPlugin:80 - create IPUIPlugin
2024-02-08 19:40:55,351 [INFO] PluginManager:220 - loadIPPluginJar : add touchsensing
2024-02-08 19:40:55,371 [INFO] IPUIPlugin:80 - create IPUIPlugin
2024-02-08 19:40:55,371 [INFO] PluginManager:220 - loadIPPluginJar : add tracer_emb
2024-02-08 19:40:55,390 [INFO] IPUIPlugin:80 - create IPUIPlugin
2024-02-08 19:40:55,390 [INFO] PluginManager:220 - loadIPPluginJar : add ts
2024-02-08 19:40:55,408 [INFO] IPUIPlugin:80 - create IPUIPlugin
2024-02-08 19:40:55,408 [INFO] PluginManager:220 - loadIPPluginJar : add tsc
2024-02-08 19:40:55,425 [INFO] IPUIPlugin:80 - create IPUIPlugin
2024-02-08 19:40:55,425 [INFO] PluginManager:220 - loadIPPluginJar : add ucpd
2024-02-08 19:40:55,459 [INFO] IPUIPlugin:80 - create IPUIPlugin
2024-02-08 19:40:55,459 [INFO] PluginManager:220 - loadIPPluginJar : add usart
2024-02-08 19:40:55,493 [INFO] IPUIPlugin:80 - create IPUIPlugin
2024-02-08 19:40:55,493 [INFO] PluginManager:220 - loadIPPluginJar : add usbx
2024-02-08 19:40:55,631 [INFO] CADModel:165 - CPN selected for project level
2024-02-08 19:40:55,631 [INFO] CADModel:114 - Register for checkConnection events
2024-02-08 19:40:55,632 [FATAL] Updater:308 - Updater called before beeing initialized
2024-02-08 19:40:55,632 [ERROR] CADModel:125 - Updater not yet initialized, retry later 
2024-02-08 19:40:55,777 [INFO] CADModel:165 - CPN selected for project level
2024-02-08 19:40:55,778 [INFO] CADModel:114 - Register for checkConnection events
2024-02-08 19:40:55,778 [FATAL] Updater:308 - Updater called before beeing initialized
2024-02-08 19:40:55,778 [ERROR] CADModel:125 - Updater not yet initialized, retry later 
2024-02-08 19:40:55,781 [FATAL] Updater:308 - Updater called before beeing initialized
2024-02-08 19:40:55,888 [FATAL] Updater:308 - Updater called before beeing initialized
2024-02-08 19:40:55,896 [INFO] DbMcusAds:53 - JSON generation date=Wed Nov 29 11:52:27 CET 2023 (1701255147200)
2024-02-08 19:40:55,896 [FATAL] Updater:308 - Updater called before beeing initialized
2024-02-08 19:40:55,934 [WARN] DetailPanel:346 - Failed to get advertising image, set to default
2024-02-08 19:40:56,002 [FATAL] Updater:308 - Updater called before beeing initialized
2024-02-08 19:40:56,007 [FATAL] Updater:308 - Updater called before beeing initialized
2024-02-08 19:40:56,007 [FATAL] Updater:308 - Updater called before beeing initialized
2024-02-08 19:40:56,007 [WARN] DetailPanel:346 - Failed to get advertising image, set to default
2024-02-08 19:40:56,008 [FATAL] Updater:308 - Updater called before beeing initialized
2024-02-08 19:40:56,079 [ERROR] Updater:1120 - MainUpdater not yet initialized. External WinMGr cannot be set.
2024-02-08 19:40:56,089 [INFO] Updater:1056 - Updater Version found : 6.10.0
2024-02-08 19:40:56,120 [INFO] ApplicationProperties:184 - Using Application install path: C:\ST\STM32CubeIDE_1.13.2\STM32CubeIDE\plugins\com.st.stm32cube.common.mx_6.10.0.202311202037
2024-02-08 19:40:56,443 [INFO] ThirdPartyUpdaterWithRetryManager:70 - Updater plugin not ready yet. [2/15]
2024-02-08 19:40:57,696 [ERROR] LogOutputStream:75 - [STDERR_REDIRECT] Feb 08, 2024 7:40:57 PM java.util.prefs.WindowsPreferences <init>
2024-02-08 19:40:57,697 [ERROR] LogOutputStream:75 - [STDERR_REDIRECT] WARNING: Could not open/create prefs root node Software\JavaSoft\Prefs at root 0xffffffff80000002. Windows RegCreateKeyEx(...) returned error code 5.
2024-02-08 19:40:57,697 [ERROR] LogOutputStream:75 - [STDERR_REDIRECT] 
2024-02-08 19:40:58,171 [INFO] MainUpdater:2873 - connection check result : 10
2024-02-08 19:40:58,172 [INFO] MainUpdater:290 - Updater Check For Update Now.
2024-02-08 19:40:58,172 [INFO] MicroXplorer:498 - Change Database Version : DB.6.0.100
2024-02-08 19:40:58,213 [INFO] McuFinderGlobals:63 - Set McuFinder mode to 2 (CubeIDE integrated)
2024-02-08 19:40:58,235 [INFO] UserAuth:404 - Internet connection configuration mode: 1
2024-02-08 19:40:58,302 [INFO] JxBrowserEngine:152 - Initiate JxBrowser Engine with user profile folder
2024-02-08 19:40:58,383 [INFO] CheckServerUpdateThread:120 - End of CheckServer Thread
2024-02-08 19:40:59,590 [WARN] PackLoader:240 - Cannot read IP mode file for STMicroelectronics.X-CUBE-SMBUS.2.1.0
2024-02-08 19:40:59,604 [WARN] PackLoader:240 - Cannot read IP mode file for STMicroelectronics.X-CUBE-TOUCHGFX.4.23.0
2024-02-08 19:40:59,658 [WARN] PackLoader:240 - Cannot read IP mode file for STMicroelectronics.X-CUBE-AZRTOS-F7.1.1.0
2024-02-08 19:40:59,676 [WARN] PackLoader:240 - Cannot read IP mode file for STMicroelectronics.FP-SNS-MOTENV1.4.3.2
2024-02-08 19:40:59,688 [WARN] PackLoader:240 - Cannot read IP mode file for STMicroelectronics.FP-SNS-FLIGHT1.5.0.2
2024-02-08 19:40:59,705 [WARN] PackLoader:240 - Cannot read IP mode file for STMicroelectronics.X-CUBE-DISPLAY.3.0.0
2024-02-08 19:40:59,731 [WARN] PackLoader:240 - Cannot read IP mode file for STMicroelectronics.X-CUBE-BLE1.7.0.0
2024-02-08 19:40:59,743 [WARN] PackLoader:240 - Cannot read IP mode file for emotas.I-CUBE-CANOPEN.1.3.0
2024-02-08 19:40:59,753 [WARN] PackLoader:240 - Cannot read IP mode file for STMicroelectronics.X-CUBE-TOUCHGFX.4.22.1
2024-02-08 19:40:59,763 [WARN] PackLoader:240 - Cannot read IP mode file for STMicroelectronics.FP-SNS-SMARTAG2.1.2.0
2024-02-08 19:40:59,780 [INFO] LogOutputStream:77 - [STDOUT_REDIRECT] 1 : Invalid condition id : UX_CORESTACK_Condition cause : null
2024-02-08 19:40:59,781 [INFO] LogOutputStream:77 - [STDOUT_REDIRECT] 1 : Invalid condition id : UX_CORESTACK_Condition cause : null
2024-02-08 19:40:59,783 [INFO] LogOutputStream:77 - [STDOUT_REDIRECT] 1 : Invalid condition id : UX_CORESTACK_Condition cause : null
2024-02-08 19:40:59,784 [INFO] LogOutputStream:77 - [STDOUT_REDIRECT] 1 : Invalid condition id : UX_CORESTACK_Condition cause : null
2024-02-08 19:40:59,785 [INFO] LogOutputStream:77 - [STDOUT_REDIRECT] 1 : Invalid condition id : UX_CORESTACK_Condition cause : null
2024-02-08 19:40:59,788 [WARN] PackLoader:240 - Cannot read IP mode file for STMicroelectronics.X-CUBE-AZRTOS-WL.2.0.0
2024-02-08 19:40:59,805 [WARN] PackLoader:240 - Cannot read IP mode file for WES.I-CUBE-Cesium.1.3.0
2024-02-08 19:40:59,816 [WARN] PackLoader:240 - Cannot read IP mode file for STMicroelectronics.X-CUBE-BLE2.3.3.0
2024-02-08 19:40:59,829 [WARN] PackLoader:240 - Cannot read IP mode file for STMicroelectronics.X-CUBE-ALGOBUILD.1.3.0
2024-02-08 19:40:59,869 [WARN] PackLoader:240 - Cannot read IP mode file for STMicroelectronics.X-CUBE-AZRTOS-G0.1.1.0
2024-02-08 19:40:59,884 [WARN] PackLoader:240 - Cannot read IP mode file for STMicroelectronics.X-CUBE-NFC4.3.0.0
2024-02-08 19:40:59,900 [WARN] PackLoader:240 - Cannot read IP mode file for STMicroelectronics.X-CUBE-BLEMGR.3.0.0
2024-02-08 19:40:59,911 [WARN] PackLoader:240 - Cannot read IP mode file for STMicroelectronics.FP-ATR-SIGFOX1.3.2.0
2024-02-08 19:40:59,924 [WARN] PackLoader:240 - Cannot read IP mode file for STMicroelectronics.X-CUBE-EEPRMA1.5.1.0
2024-02-08 19:40:59,975 [WARN] PackLoader:240 - Cannot read IP mode file for SEGGER.I-CUBE-embOS.1.3.1
2024-02-08 19:41:00,010 [WARN] PackLoader:240 - Cannot read IP mode file for STMicroelectronics.X-CUBE-GNSS1.6.0.0
2024-02-08 19:41:00,037 [WARN] PackLoader:240 - Cannot read IP mode file for STMicroelectronics.X-CUBE-AZRTOS-F4.1.1.0
2024-02-08 19:41:00,052 [WARN] PackLoader:240 - Cannot read IP mode file for wolfSSL.I-CUBE-wolfSSL.5.6.4
2024-02-08 19:41:00,084 [WARN] PackLoader:240 - Cannot read IP mode file for STMicroelectronics.X-CUBE-AZRTOS-L5.2.0.0
2024-02-08 19:41:00,103 [WARN] PackLoader:240 - Cannot read IP mode file for STMicroelectronics.X-CUBE-EEPRMA1.4.2.0
2024-02-08 19:41:00,130 [WARN] PackLoader:240 - Cannot read IP mode file for ITTIA_DB.I-CUBE-ITTIADB.8.8.0
2024-02-08 19:41:00,162 [WARN] ConditionMgr:438 - getConditionDescription Invalid condition id : UX DEVICE CLASS RTOS Condition cause : null
2024-02-08 19:41:00,162 [WARN] ConditionMgr:438 - getConditionDescription Invalid condition id : UX DEVICE CLASS RTOS Condition cause : null
2024-02-08 19:41:00,164 [WARN] PackLoader:240 - Cannot read IP mode file for STMicroelectronics.X-CUBE-AZRTOS-H7.3.1.0
2024-02-08 19:41:00,171 [WARN] ConditionMgr:1039 - genDependencies : Invalid condition id : UX DEVICE CLASS RTOS Condition cause : null
2024-02-08 19:41:00,171 [WARN] ConditionMgr:1039 - genDependencies : Invalid condition id : UX DEVICE CLASS RTOS Condition cause : null
2024-02-08 19:41:00,171 [WARN] ConditionMgr:1039 - genDependencies : Invalid condition id : UX DEVICE CLASS RTOS Condition cause : null
2024-02-08 19:41:00,171 [WARN] ConditionMgr:1039 - genDependencies : Invalid condition id : UX DEVICE CLASS RTOS Condition cause : null
2024-02-08 19:41:00,171 [WARN] ConditionMgr:1039 - genDependencies : Invalid condition id : UX DEVICE CLASS RTOS Condition cause : null
2024-02-08 19:41:00,199 [WARN] PackLoader:240 - Cannot read IP mode file for STMicroelectronics.X-CUBE-NFC7.1.0.1
2024-02-08 19:41:00,211 [WARN] PackLoader:240 - Cannot read IP mode file for STMicroelectronics.X-CUBE-NFC6.3.0.0
2024-02-08 19:41:00,222 [WARN] PackLoader:240 - Cannot read IP mode file for STMicroelectronics.X-CUBE-AI.8.1.0
2024-02-08 19:41:00,243 [WARN] ConditionMgr:438 - getConditionDescription Invalid condition id : LAN8742 Phy interface Condition cause : null
2024-02-08 19:41:00,243 [WARN] PackLoader:240 - Cannot read IP mode file for STMicroelectronics.X-CUBE-AZRTOS-L4.2.0.0
2024-02-08 19:41:00,244 [WARN] ConditionMgr:1039 - genDependencies : Invalid condition id : LAN8742 Phy interface Condition cause : null
2024-02-08 19:41:00,244 [WARN] ConditionMgr:1039 - genDependencies : Invalid condition id : LAN8742 Phy interface Condition cause : null
2024-02-08 19:41:00,244 [WARN] ConditionMgr:1039 - genDependencies : Invalid condition id : LAN8742 Phy interface Condition cause : null
2024-02-08 19:41:00,255 [WARN] PackLoader:240 - Cannot read IP mode file for STMicroelectronics.X-CUBE-SFXS2LP1.4.0.0
2024-02-08 19:41:00,265 [WARN] PackLoader:240 - Cannot read IP mode file for STMicroelectronics.X-CUBE-ISPU.1.1.0
2024-02-08 19:41:00,284 [WARN] ConditionMgr:438 - getConditionDescription Invalid condition id : UX DEVICE CLASS RTOS Condition cause : null
2024-02-08 19:41:00,284 [WARN] ConditionMgr:438 - getConditionDescription Invalid condition id : UX DEVICE CLASS RTOS Condition cause : null
2024-02-08 19:41:00,285 [WARN] PackLoader:240 - Cannot read IP mode file for STMicroelectronics.X-CUBE-AZRTOS-WB.2.0.0
2024-02-08 19:41:00,286 [WARN] ConditionMgr:1039 - genDependencies : Invalid condition id : UX DEVICE CLASS RTOS Condition cause : null
2024-02-08 19:41:00,286 [WARN] ConditionMgr:1039 - genDependencies : Invalid condition id : UX DEVICE CLASS RTOS Condition cause : null
2024-02-08 19:41:00,286 [WARN] ConditionMgr:1039 - genDependencies : Invalid condition id : UX DEVICE CLASS RTOS Condition cause : null
2024-02-08 19:41:00,286 [WARN] ConditionMgr:1039 - genDependencies : Invalid condition id : UX DEVICE CLASS RTOS Condition cause : null
2024-02-08 19:41:00,286 [WARN] ConditionMgr:1039 - genDependencies : Invalid condition id : UX DEVICE CLASS RTOS Condition cause : null
2024-02-08 19:41:00,301 [WARN] PackLoader:240 - Cannot read IP mode file for STMicroelectronics.X-CUBE-SUBG2.5.0.0
2024-02-08 19:41:00,327 [WARN] PackLoader:240 - Cannot read IP mode file for STMicroelectronics.X-CUBE-AZRTOS-G4.2.0.0
2024-02-08 19:41:00,346 [WARN] PackLoader:240 - Cannot read IP mode file for Infineon.AIROC-Wi-Fi-Bluetooth-STM32.1.5.1
2024-02-08 19:41:00,361 [WARN] PackLoader:240 - Cannot read IP mode file for STMicroelectronics.FP-SNS-MOTENVWB1.1.3.1
2024-02-08 19:41:00,372 [WARN] PackLoader:240 - Cannot read IP mode file for STMicroelectronics.X-CUBE-ISPU.2.0.0
2024-02-08 19:41:00,418 [WARN] PackLoader:240 - Cannot read IP mode file for STMicroelectronics.X-CUBE-MEMS1.10.0.0
2024-02-08 19:41:00,511 [WARN] PackLoader:240 - Cannot read IP mode file for STMicroelectronics.X-CUBE-FREERTOS.1.1.0
2024-02-08 19:41:00,526 [WARN] PackLoader:240 - Cannot read IP mode file for portGmbH.I-Cube-SoM-uGOAL.1.1.0
2024-02-08 19:41:00,551 [WARN] PackLoader:240 - Cannot read IP mode file for STMicroelectronics.X-CUBE-ALS.1.0.1
2024-02-08 19:41:00,575 [WARN] PackLoader:240 - Cannot read IP mode file for STMicroelectronics.FP-ATR-ASTRA1.2.0.0
2024-02-08 19:41:00,593 [WARN] PackLoader:240 - Cannot read IP mode file for STMicroelectronics.X-CUBE-TOF1.3.4.0
2024-02-08 19:41:00,634 [WARN] PackLoader:240 - Cannot read IP mode file for STMicroelectronics.X-CUBE-AZRTOS-H7.3.2.0
2024-02-08 19:41:00,637 [INFO] ThirdParty:978 - Integrity check success = true
2024-02-08 19:41:00,638 [INFO] IntegrityCheckThread:100 - exiting critical section [integrity check]
2024-02-08 19:41:00,638 [INFO] IntegrityCheckThread:103 - End integrity checks thread
2024-02-08 19:41:01,398 [INFO] WebApp:161 - Instantiating new browser for Auth
2024-02-08 19:41:02,288 [INFO] WebApp:780 - Register for checkConnection events
2024-02-08 19:41:02,289 [INFO] WebApp:414 - Apply proxy settings
2024-02-08 19:41:02,289 [INFO] WebApp:499 - Chromium requires no authentication
2024-02-08 19:41:02,296 [INFO] WebApp:442 - Direct internet connection detected
2024-02-08 19:41:02,445 [INFO] WebApp:192 - Starting web application
2024-02-08 19:41:02,445 [INFO] WebApp:544 - Web application path used C:\ST\STM32CubeIDE_1.13.2\STM32CubeIDE\plugins\com.st.stm32cube.common.mx_6.10.0.202311202037\db\plugins\mcufinder\reactClient1\index.html
2024-02-08 19:41:11,291 [ERROR] LogOutputStream:75 - [STDERR_REDIRECT] SLF4J: Failed to load class "org.slf4j.impl.StaticLoggerBinder".
2024-02-08 19:41:11,292 [ERROR] LogOutputStream:75 - [STDERR_REDIRECT] SLF4J: Defaulting to no-operation (NOP) logger implementation
2024-02-08 19:41:11,294 [ERROR] LogOutputStream:75 - [STDERR_REDIRECT] SLF4J: See http://www.slf4j.org/codes.html#StaticLoggerBinder for further details.
2024-02-08 20:12:27,586 [ERROR] LogOutputStream:75 - [STDERR_REDIRECT] 
2024-02-08 20:12:27,588 [ERROR] LogOutputStream:75 - [STDERR_REDIRECT] 
2024-02-08 20:13:20,418 [INFO] Activator:176 - 


2024-02-08 20:13:20,422 [INFO] Activator:177 - !SESSION log4j initialized
2024-02-08 20:13:32,222 [INFO] LogOutputStream:77 - [STDOUT_REDIRECT] 
2024-02-08 20:13:34,008 [INFO] ApplicationProperties:184 - Using Application install path: C:\ST\STM32CubeIDE_1.13.2\STM32CubeIDE\plugins\com.st.stm32cube.common.mx_6.10.0.202311202037
2024-02-08 20:13:34,040 [INFO] DbMcusXml:78 - Set database path to: C:\ST\STM32CubeIDE_1.13.2\STM32CubeIDE\plugins\com.st.stm32cube.common.mx_6.10.0.202311202037\\db\/mcu/
2024-02-08 20:13:34,041 [INFO] ApiDb:274 - Set plugin database path to: C:\ST\STM32CubeIDE_1.13.2\STM32CubeIDE\plugins\com.st.stm32cube.common.mx_6.10.0.202311202037\\db\/plugins/boardmanager/
2024-02-08 20:13:34,042 [WARN] ApiDb:259 - Overriding images path with different value:  => C:\ST\STM32CubeIDE_1.13.2\STM32CubeIDE\plugins\com.st.stm32cube.common.mx_6.10.0.202311202037\\db\/plugins/mcufinder/images/
2024-02-08 20:13:34,053 [INFO] ApiDb:250 - Set database path to: C:\Users\aleja\.stmcufinder\plugins\mcufinder//mcu/
2024-02-08 20:13:34,055 [INFO] DbMcusAds:125 - Set database path to: C:\Users\aleja\.stmcufinder\plugins\mcufinder//mcu/
2024-02-08 20:13:34,058 [INFO] CrossReferenceDbSqlite:203 - Set database path to: C:\Users\aleja\.stmcufinder\plugins\mcufinder//mcu/cs/
2024-02-08 20:13:34,278 [INFO] RulesReader:64 - Compatibility file has been processed (297 Rules)
2024-02-08 20:13:34,422 [INFO] DbMcusXml:78 - Set database path to: C:\ST\STM32CubeIDE_1.13.2\STM32CubeIDE\plugins\com.st.stm32cube.common.mx_6.10.0.202311202037\\db\/mcu/
2024-02-08 20:13:34,422 [INFO] ApiDb:274 - Set plugin database path to: C:\ST\STM32CubeIDE_1.13.2\STM32CubeIDE\plugins\com.st.stm32cube.common.mx_6.10.0.202311202037\\db\/plugins/boardmanager/
2024-02-08 20:13:34,422 [INFO] ApiDb:261 - Set plugin images path to: C:\ST\STM32CubeIDE_1.13.2\STM32CubeIDE\plugins\com.st.stm32cube.common.mx_6.10.0.202311202037\\db\/plugins/mcufinder/images/
2024-02-08 20:13:34,423 [WARN] DbFile:41 - Overriding database path with different value: C:\Users\aleja\.stmcufinder\plugins\mcufinder/ => C:\Users\aleja\.stmcufinder\plugins\mcufinder
2024-02-08 20:13:34,423 [INFO] ApiDb:250 - Set database path to: C:\Users\aleja\.stmcufinder\plugins\mcufinder//mcu/
2024-02-08 20:13:34,423 [WARN] DbFile:41 - Overriding database path with different value: C:\Users\aleja\.stmcufinder\plugins\mcufinder/ => C:\Users\aleja\.stmcufinder\plugins\mcufinder
2024-02-08 20:13:34,423 [INFO] DbMcusAds:125 - Set database path to: C:\Users\aleja\.stmcufinder\plugins\mcufinder//mcu/
2024-02-08 20:13:34,423 [WARN] DbFile:41 - Overriding database path with different value: C:\Users\aleja\.stmcufinder\plugins\mcufinder/ => C:\Users\aleja\.stmcufinder\plugins\mcufinder
2024-02-08 20:13:34,423 [WARN] DbFile:41 - Overriding database path with different value: C:\Users\aleja\.stmcufinder\plugins\mcufinder/ => C:\Users\aleja\.stmcufinder\plugins\mcufinder
2024-02-08 20:13:34,423 [INFO] CrossReferenceDbSqlite:203 - Set database path to: C:\Users\aleja\.stmcufinder\plugins\mcufinder//mcu/cs/
2024-02-08 20:13:34,558 [INFO] MainPanel:264 - HeapMemory: 268435456
2024-02-08 20:13:34,727 [INFO] DbMcusXml:78 - Set database path to: C:\ST\STM32CubeIDE_1.13.2\STM32CubeIDE\plugins\com.st.stm32cube.common.mx_6.10.0.202311202037\\db\/mcu/
2024-02-08 20:13:34,727 [INFO] ApiDb:274 - Set plugin database path to: C:\ST\STM32CubeIDE_1.13.2\STM32CubeIDE\plugins\com.st.stm32cube.common.mx_6.10.0.202311202037\\db\/plugins/boardmanager/
2024-02-08 20:13:34,727 [INFO] ApiDb:261 - Set plugin images path to: C:\ST\STM32CubeIDE_1.13.2\STM32CubeIDE\plugins\com.st.stm32cube.common.mx_6.10.0.202311202037\\db\/plugins/mcufinder/images/
2024-02-08 20:13:34,728 [WARN] DbFile:41 - Overriding database path with different value: C:\Users\aleja\.stmcufinder\plugins\mcufinder/ => C:\Users\aleja\.stmcufinder\plugins\mcufinder
2024-02-08 20:13:34,728 [INFO] ApiDb:250 - Set database path to: C:\Users\aleja\.stmcufinder\plugins\mcufinder//mcu/
2024-02-08 20:13:34,728 [WARN] DbFile:41 - Overriding database path with different value: C:\Users\aleja\.stmcufinder\plugins\mcufinder/ => C:\Users\aleja\.stmcufinder\plugins\mcufinder
2024-02-08 20:13:34,728 [INFO] DbMcusAds:125 - Set database path to: C:\Users\aleja\.stmcufinder\plugins\mcufinder//mcu/
2024-02-08 20:13:34,729 [WARN] DbFile:41 - Overriding database path with different value: C:\Users\aleja\.stmcufinder\plugins\mcufinder/ => C:\Users\aleja\.stmcufinder\plugins\mcufinder
2024-02-08 20:13:34,729 [WARN] DbFile:41 - Overriding database path with different value: C:\Users\aleja\.stmcufinder\plugins\mcufinder/ => C:\Users\aleja\.stmcufinder\plugins\mcufinder
2024-02-08 20:13:34,729 [INFO] CrossReferenceDbSqlite:203 - Set database path to: C:\Users\aleja\.stmcufinder\plugins\mcufinder//mcu/cs/
2024-02-08 20:13:34,761 [INFO] ApplicationProperties:184 - Using Application install path: C:\ST\STM32CubeIDE_1.13.2\STM32CubeIDE\plugins\com.st.stm32cube.common.mx_6.10.0.202311202037
2024-02-08 20:13:34,764 [INFO] PluginManage:196 - Search for loadable plugins [exclusion list=, ]
2024-02-08 20:13:34,767 [INFO] PluginManage:310 - Check plugin analytics
2024-02-08 20:13:35,055 [INFO] AnalyticsPlugin:253 - Accepted Software Licenses: 
2024-02-08 20:13:35,056 [INFO] AnalyticsPlugin:255 - Accepted CMSIS Pack Licenses: 
2024-02-08 20:13:35,056 [INFO] AnalyticsPlugin:257 - Accepted Firmware Licenses: 
2024-02-08 20:13:35,062 [INFO] PluginManage:359 - Loaded plugin analytics (category:tool,tabindex:-1)
2024-02-08 20:13:35,062 [INFO] PluginManage:310 - Check plugin cadmodel
2024-02-08 20:13:35,087 [INFO] CADModel:105 - Init CAD model plugin
2024-02-08 20:13:35,087 [INFO] PluginManage:359 - Loaded plugin cadmodel (category:power,tabindex:5)
2024-02-08 20:13:35,087 [INFO] PluginManage:310 - Check plugin clock
2024-02-08 20:13:35,118 [INFO] PluginManage:359 - Loaded plugin clock (category:base,tabindex:2)
2024-02-08 20:13:35,119 [INFO] PluginManage:310 - Check plugin ddr
2024-02-08 20:13:35,122 [INFO] PluginManage:359 - Loaded plugin ddr (category:tool,tabindex:6)
2024-02-08 20:13:35,122 [INFO] PluginManage:310 - Check plugin filemanager
2024-02-08 20:13:35,345 [INFO] PluginManage:359 - Loaded plugin filemanager (category:base,tabindex:10)
2024-02-08 20:13:35,345 [INFO] PluginManage:310 - Check plugin ipmanager
2024-02-08 20:13:35,355 [INFO] PluginManage:359 - Loaded plugin ipmanager (category:base,tabindex:5)
2024-02-08 20:13:35,356 [INFO] PluginManage:310 - Check plugin lpbam
2024-02-08 20:13:35,382 [INFO] PluginManage:359 - Loaded plugin lpbam (category:base,tabindex:0)
2024-02-08 20:13:35,382 [INFO] PluginManage:310 - Check plugin memorymap
2024-02-08 20:13:35,414 [INFO] PluginManage:359 - Loaded plugin memorymap (category:base,tabindex:4)
2024-02-08 20:13:35,414 [INFO] PluginManage:310 - Check plugin pinoutandconfiguration
2024-02-08 20:13:35,442 [INFO] PluginManage:359 - Loaded plugin pinoutandconfiguration (category:base,tabindex:1)
2024-02-08 20:13:35,443 [INFO] PluginManage:310 - Check plugin pinoutconfig
2024-02-08 20:13:35,604 [WARN] SupportedApi:132 - Cannot load RTOS API schema: s4s-elt-must-match.1: The content of 'definitions' must match (annotation?, (simpleType | complexType)?, (unique | key | keyref)*)). A problem was found starting at: attribute.
2024-02-08 20:13:35,830 [INFO] PluginManage:359 - Loaded plugin pinoutconfig (category:base,tabindex:0)
2024-02-08 20:13:35,830 [INFO] PluginManage:310 - Check plugin power
2024-02-08 20:13:35,861 [INFO] PluginManage:359 - Loaded plugin power (category:power,tabindex:4)
2024-02-08 20:13:35,862 [INFO] PluginManage:310 - Check plugin projectmanager
2024-02-08 20:13:35,888 [INFO] PluginManage:359 - Loaded plugin projectmanager (category:projectmanager,tabindex:3)
2024-02-08 20:13:35,888 [INFO] PluginManage:310 - Check plugin thirdparty
2024-02-08 20:13:36,303 [INFO] PluginManage:359 - Loaded plugin thirdparty (category:base,tabindex:-1)
2024-02-08 20:13:36,303 [INFO] PluginManage:310 - Check plugin tools
2024-02-08 20:13:36,303 [WARN] IntegrityCheckThread:84 - waiting for thirdparty lock release [integrity check]
2024-02-08 20:13:36,304 [INFO] IntegrityCheckThread:86 - entering critical section [integrity check]
2024-02-08 20:13:36,304 [INFO] ThirdPartyUpdaterWithRetryManager:70 - Updater plugin not ready yet. [1/15]
2024-02-08 20:13:36,352 [INFO] PluginManage:359 - Loaded plugin tools (category:base,tabindex:7)
2024-02-08 20:13:36,352 [INFO] PluginManage:310 - Check plugin tutovideos
2024-02-08 20:13:36,692 [INFO] PluginManage:359 - Loaded plugin tutovideos (category:base,tabindex:-1)
2024-02-08 20:13:36,692 [INFO] PluginManage:310 - Check plugin updater
2024-02-08 20:13:36,707 [INFO] PluginManage:359 - Loaded plugin updater (category:base,tabindex:12)
2024-02-08 20:13:36,707 [INFO] PluginManage:310 - Check plugin userauth
2024-02-08 20:13:36,716 [INFO] UserAuth:114 - Init User Auth plugin
2024-02-08 20:13:36,716 [INFO] PluginManage:359 - Loaded plugin userauth (category:base,tabindex:14)
2024-02-08 20:13:36,716 [INFO] PluginManage:283 - PluginManage : Loaded plugins [17]
2024-02-08 20:13:37,077 [INFO] PinOutPanel:1499 - setPackage(No Configuration,No Configuration)
2024-02-08 20:13:37,183 [INFO] CADModel:165 - CPN selected for project level
2024-02-08 20:13:37,183 [INFO] CADModel:114 - Register for checkConnection events
2024-02-08 20:13:37,221 [INFO] IPUIPlugin:80 - create IPUIPlugin
2024-02-08 20:13:37,221 [INFO] PluginManager:220 - loadIPPluginJar : add adc
2024-02-08 20:13:37,270 [INFO] IPUIPlugin:80 - create IPUIPlugin
2024-02-08 20:13:37,270 [INFO] PluginManager:220 - loadIPPluginJar : add aes
2024-02-08 20:13:37,328 [INFO] IPUIPlugin:80 - create IPUIPlugin
2024-02-08 20:13:37,328 [INFO] PluginManager:220 - loadIPPluginJar : add can
2024-02-08 20:13:37,361 [INFO] IPUIPlugin:80 - create IPUIPlugin
2024-02-08 20:13:37,362 [INFO] PluginManager:220 - loadIPPluginJar : add comp
2024-02-08 20:13:37,405 [INFO] IPUIPlugin:80 - create IPUIPlugin
2024-02-08 20:13:37,405 [INFO] PluginManager:220 - loadIPPluginJar : add cryp
2024-02-08 20:13:37,444 [INFO] IPUIPlugin:80 - create IPUIPlugin
2024-02-08 20:13:37,444 [INFO] PluginManager:220 - loadIPPluginJar : add dfsdm
2024-02-08 20:13:37,463 [INFO] IPUIPlugin:80 - create IPUIPlugin
2024-02-08 20:13:37,465 [INFO] PluginManager:220 - loadIPPluginJar : add dma
2024-02-08 20:13:37,526 [INFO] IPUIPlugin:80 - create IPUIPlugin
2024-02-08 20:13:37,526 [INFO] PluginManager:220 - loadIPPluginJar : add dma3
2024-02-08 20:13:37,554 [INFO] IPUIPlugin:80 - create IPUIPlugin
2024-02-08 20:13:37,554 [INFO] PluginManager:220 - loadIPPluginJar : add fatfs
2024-02-08 20:13:37,618 [INFO] IPUIPlugin:80 - create IPUIPlugin
2024-02-08 20:13:37,618 [INFO] PluginManager:220 - loadIPPluginJar : add fmc
2024-02-08 20:13:37,646 [INFO] IPUIPlugin:80 - create IPUIPlugin
2024-02-08 20:13:37,646 [INFO] PluginManager:220 - loadIPPluginJar : add freertos
2024-02-08 20:13:37,675 [INFO] IPUIPlugin:80 - create IPUIPlugin
2024-02-08 20:13:37,675 [INFO] PluginManager:220 - loadIPPluginJar : add genericplugin
2024-02-08 20:13:37,803 [INFO] IPUIPlugin:80 - create IPUIPlugin
2024-02-08 20:13:37,804 [INFO] PluginManager:220 - loadIPPluginJar : add gfxmmu
2024-02-08 20:13:37,983 [INFO] IPUIPlugin:80 - create IPUIPlugin
2024-02-08 20:13:37,984 [INFO] PluginManager:220 - loadIPPluginJar : add gic
2024-02-08 20:13:38,013 [INFO] IPUIPlugin:80 - create IPUIPlugin
2024-02-08 20:13:38,014 [INFO] PluginManager:220 - loadIPPluginJar : add gpio
2024-02-08 20:13:38,146 [INFO] IPUIPlugin:80 - create IPUIPlugin
2024-02-08 20:13:38,146 [INFO] PluginManager:220 - loadIPPluginJar : add gtzc
2024-02-08 20:13:38,191 [INFO] IPUIPlugin:80 - create IPUIPlugin
2024-02-08 20:13:38,191 [INFO] PluginManager:220 - loadIPPluginJar : add hash
2024-02-08 20:13:38,298 [INFO] IPUIPlugin:80 - create IPUIPlugin
2024-02-08 20:13:38,298 [INFO] PluginManager:220 - loadIPPluginJar : add i2c
2024-02-08 20:13:38,366 [INFO] IPUIPlugin:80 - create IPUIPlugin
2024-02-08 20:13:38,366 [INFO] PluginManager:220 - loadIPPluginJar : add i2s
2024-02-08 20:13:38,424 [INFO] IPUIPlugin:80 - create IPUIPlugin
2024-02-08 20:13:38,424 [INFO] PluginManager:220 - loadIPPluginJar : add i3c
2024-02-08 20:13:38,552 [INFO] IPUIPlugin:80 - create IPUIPlugin
2024-02-08 20:13:38,552 [INFO] PluginManager:220 - loadIPPluginJar : add ipddr
2024-02-08 20:13:38,659 [INFO] IPUIPlugin:80 - create IPUIPlugin
2024-02-08 20:13:38,659 [INFO] PluginManager:220 - loadIPPluginJar : add linkedlist
2024-02-08 20:13:38,700 [INFO] IPUIPlugin:80 - create IPUIPlugin
2024-02-08 20:13:38,700 [INFO] PluginManager:220 - loadIPPluginJar : add lorawan
2024-02-08 20:13:38,755 [INFO] IPUIPlugin:80 - create IPUIPlugin
2024-02-08 20:13:38,755 [INFO] PluginManager:220 - loadIPPluginJar : add ltdc
2024-02-08 20:13:38,785 [INFO] IPUIPlugin:80 - create IPUIPlugin
2024-02-08 20:13:38,785 [INFO] PluginManager:220 - loadIPPluginJar : add mdma
2024-02-08 20:13:38,805 [INFO] IPUIPlugin:80 - create IPUIPlugin
2024-02-08 20:13:38,806 [INFO] PluginManager:220 - loadIPPluginJar : add nvic
2024-02-08 20:13:38,864 [INFO] IPUIPlugin:80 - create IPUIPlugin
2024-02-08 20:13:38,864 [INFO] PluginManager:220 - loadIPPluginJar : add opamp
2024-02-08 20:13:39,036 [INFO] IPUIPlugin:80 - create IPUIPlugin
2024-02-08 20:13:39,037 [INFO] PluginManager:220 - loadIPPluginJar : add openamp
2024-02-08 20:13:39,099 [INFO] IPUIPlugin:80 - create IPUIPlugin
2024-02-08 20:13:39,099 [INFO] PluginManager:220 - loadIPPluginJar : add pdm2pcm
2024-02-08 20:13:39,119 [INFO] IPUIPlugin:80 - create IPUIPlugin
2024-02-08 20:13:39,123 [INFO] PluginManager:220 - loadIPPluginJar : add plateformsettings
2024-02-08 20:13:39,152 [INFO] IPUIPlugin:80 - create IPUIPlugin
2024-02-08 20:13:39,152 [INFO] PluginManager:220 - loadIPPluginJar : add quadspi
2024-02-08 20:13:39,167 [INFO] IPUIPlugin:80 - create IPUIPlugin
2024-02-08 20:13:39,167 [INFO] PluginManager:220 - loadIPPluginJar : add resmgrutility
2024-02-08 20:13:39,230 [INFO] IPUIPlugin:80 - create IPUIPlugin
2024-02-08 20:13:39,231 [INFO] PluginManager:220 - loadIPPluginJar : add sai
2024-02-08 20:13:39,289 [INFO] IPUIPlugin:80 - create IPUIPlugin
2024-02-08 20:13:39,289 [INFO] PluginManager:220 - loadIPPluginJar : add spi
2024-02-08 20:13:39,305 [INFO] ThirdPartyUpdaterWithRetryManager:70 - Updater plugin not ready yet. [2/15]
2024-02-08 20:13:39,395 [INFO] IPUIPlugin:80 - create IPUIPlugin
2024-02-08 20:13:39,395 [INFO] PluginManager:220 - loadIPPluginJar : add stm32_wpan
2024-02-08 20:13:39,428 [INFO] IPUIPlugin:80 - create IPUIPlugin
2024-02-08 20:13:39,428 [INFO] PluginManager:220 - loadIPPluginJar : add tim
2024-02-08 20:13:39,503 [INFO] IPUIPlugin:80 - create IPUIPlugin
2024-02-08 20:13:39,504 [INFO] PluginManager:220 - loadIPPluginJar : add touchsensing
2024-02-08 20:13:39,532 [INFO] IPUIPlugin:80 - create IPUIPlugin
2024-02-08 20:13:39,533 [INFO] PluginManager:220 - loadIPPluginJar : add tracer_emb
2024-02-08 20:13:39,562 [INFO] IPUIPlugin:80 - create IPUIPlugin
2024-02-08 20:13:39,562 [INFO] PluginManager:220 - loadIPPluginJar : add ts
2024-02-08 20:13:39,598 [INFO] IPUIPlugin:80 - create IPUIPlugin
2024-02-08 20:13:39,598 [INFO] PluginManager:220 - loadIPPluginJar : add tsc
2024-02-08 20:13:39,625 [INFO] IPUIPlugin:80 - create IPUIPlugin
2024-02-08 20:13:39,625 [INFO] PluginManager:220 - loadIPPluginJar : add ucpd
2024-02-08 20:13:39,689 [INFO] IPUIPlugin:80 - create IPUIPlugin
2024-02-08 20:13:39,689 [INFO] PluginManager:220 - loadIPPluginJar : add usart
2024-02-08 20:13:39,753 [INFO] IPUIPlugin:80 - create IPUIPlugin
2024-02-08 20:13:39,753 [INFO] PluginManager:220 - loadIPPluginJar : add usbx
2024-02-08 20:13:39,912 [INFO] CADModel:165 - CPN selected for project level
2024-02-08 20:13:39,912 [INFO] CADModel:114 - Register for checkConnection events
2024-02-08 20:13:39,913 [FATAL] Updater:308 - Updater called before beeing initialized
2024-02-08 20:13:39,913 [ERROR] CADModel:125 - Updater not yet initialized, retry later 
2024-02-08 20:13:40,100 [INFO] CADModel:165 - CPN selected for project level
2024-02-08 20:13:40,101 [INFO] CADModel:114 - Register for checkConnection events
2024-02-08 20:13:40,101 [FATAL] Updater:308 - Updater called before beeing initialized
2024-02-08 20:13:40,101 [ERROR] CADModel:125 - Updater not yet initialized, retry later 
2024-02-08 20:13:40,104 [FATAL] Updater:308 - Updater called before beeing initialized
2024-02-08 20:13:40,294 [FATAL] Updater:308 - Updater called before beeing initialized
2024-02-08 20:13:40,313 [INFO] DbMcusAds:53 - JSON generation date=Wed Nov 29 11:52:27 CET 2023 (1701255147200)
2024-02-08 20:13:40,314 [FATAL] Updater:308 - Updater called before beeing initialized
2024-02-08 20:13:40,375 [WARN] DetailPanel:346 - Failed to get advertising image, set to default
2024-02-08 20:13:40,517 [FATAL] Updater:308 - Updater called before beeing initialized
2024-02-08 20:13:40,522 [FATAL] Updater:308 - Updater called before beeing initialized
2024-02-08 20:13:40,523 [FATAL] Updater:308 - Updater called before beeing initialized
2024-02-08 20:13:40,523 [WARN] DetailPanel:346 - Failed to get advertising image, set to default
2024-02-08 20:13:40,524 [FATAL] Updater:308 - Updater called before beeing initialized
2024-02-08 20:13:40,640 [ERROR] Updater:1120 - MainUpdater not yet initialized. External WinMGr cannot be set.
2024-02-08 20:13:40,657 [INFO] Updater:1056 - Updater Version found : 6.10.0
2024-02-08 20:13:40,697 [INFO] ApplicationProperties:184 - Using Application install path: C:\ST\STM32CubeIDE_1.13.2\STM32CubeIDE\plugins\com.st.stm32cube.common.mx_6.10.0.202311202037
2024-02-08 20:13:42,298 [ERROR] LogOutputStream:75 - [STDERR_REDIRECT] Feb 08, 2024 8:13:42 PM java.util.prefs.WindowsPreferences <init>
2024-02-08 20:13:42,300 [ERROR] LogOutputStream:75 - [STDERR_REDIRECT] WARNING: Could not open/create prefs root node Software\JavaSoft\Prefs at root 0xffffffff80000002. Windows RegCreateKeyEx(...) returned error code 5.
2024-02-08 20:13:42,300 [ERROR] LogOutputStream:75 - [STDERR_REDIRECT] 
2024-02-08 20:13:42,307 [INFO] ThirdPartyUpdaterWithRetryManager:70 - Updater plugin not ready yet. [3/15]
2024-02-08 20:13:42,970 [INFO] MainUpdater:2873 - connection check result : 10
2024-02-08 20:13:42,972 [INFO] MainUpdater:290 - Updater Check For Update Now.
2024-02-08 20:13:42,972 [INFO] MicroXplorer:498 - Change Database Version : DB.6.0.100
2024-02-08 20:13:43,071 [INFO] McuFinderGlobals:63 - Set McuFinder mode to 2 (CubeIDE integrated)
2024-02-08 20:13:43,095 [INFO] UserAuth:404 - Internet connection configuration mode: 1
2024-02-08 20:13:43,145 [INFO] JxBrowserEngine:152 - Initiate JxBrowser Engine with user profile folder
2024-02-08 20:13:43,264 [INFO] CheckServerUpdateThread:120 - End of CheckServer Thread
2024-02-08 20:13:45,524 [WARN] PackLoader:240 - Cannot read IP mode file for STMicroelectronics.X-CUBE-SMBUS.2.1.0
2024-02-08 20:13:45,544 [WARN] PackLoader:240 - Cannot read IP mode file for STMicroelectronics.X-CUBE-TOUCHGFX.4.23.0
2024-02-08 20:13:45,612 [WARN] PackLoader:240 - Cannot read IP mode file for STMicroelectronics.X-CUBE-AZRTOS-F7.1.1.0
2024-02-08 20:13:45,640 [WARN] PackLoader:240 - Cannot read IP mode file for STMicroelectronics.FP-SNS-MOTENV1.4.3.2
2024-02-08 20:13:45,665 [WARN] PackLoader:240 - Cannot read IP mode file for STMicroelectronics.FP-SNS-FLIGHT1.5.0.2
2024-02-08 20:13:45,689 [WARN] PackLoader:240 - Cannot read IP mode file for STMicroelectronics.X-CUBE-DISPLAY.3.0.0
2024-02-08 20:13:45,714 [WARN] PackLoader:240 - Cannot read IP mode file for STMicroelectronics.X-CUBE-BLE1.7.0.0
2024-02-08 20:13:45,736 [WARN] PackLoader:240 - Cannot read IP mode file for emotas.I-CUBE-CANOPEN.1.3.0
2024-02-08 20:13:45,753 [WARN] PackLoader:240 - Cannot read IP mode file for STMicroelectronics.X-CUBE-TOUCHGFX.4.22.1
2024-02-08 20:13:45,772 [WARN] PackLoader:240 - Cannot read IP mode file for STMicroelectronics.FP-SNS-SMARTAG2.1.2.0
2024-02-08 20:13:45,805 [INFO] LogOutputStream:77 - [STDOUT_REDIRECT] 1 : Invalid condition id : UX_CORESTACK_Condition cause : null
2024-02-08 20:13:45,805 [INFO] LogOutputStream:77 - [STDOUT_REDIRECT] 1 : Invalid condition id : UX_CORESTACK_Condition cause : null
2024-02-08 20:13:45,807 [INFO] LogOutputStream:77 - [STDOUT_REDIRECT] 1 : Invalid condition id : UX_CORESTACK_Condition cause : null
2024-02-08 20:13:45,808 [INFO] LogOutputStream:77 - [STDOUT_REDIRECT] 1 : Invalid condition id : UX_CORESTACK_Condition cause : null
2024-02-08 20:13:45,809 [INFO] LogOutputStream:77 - [STDOUT_REDIRECT] 1 : Invalid condition id : UX_CORESTACK_Condition cause : null
2024-02-08 20:13:45,816 [WARN] PackLoader:240 - Cannot read IP mode file for STMicroelectronics.X-CUBE-AZRTOS-WL.2.0.0
2024-02-08 20:13:45,841 [WARN] PackLoader:240 - Cannot read IP mode file for WES.I-CUBE-Cesium.1.3.0
2024-02-08 20:13:45,859 [WARN] PackLoader:240 - Cannot read IP mode file for STMicroelectronics.X-CUBE-BLE2.3.3.0
2024-02-08 20:13:45,881 [WARN] PackLoader:240 - Cannot read IP mode file for STMicroelectronics.X-CUBE-ALGOBUILD.1.3.0
2024-02-08 20:13:45,922 [WARN] PackLoader:240 - Cannot read IP mode file for STMicroelectronics.X-CUBE-AZRTOS-G0.1.1.0
2024-02-08 20:13:45,945 [WARN] PackLoader:240 - Cannot read IP mode file for STMicroelectronics.X-CUBE-NFC4.3.0.0
2024-02-08 20:13:45,971 [WARN] PackLoader:240 - Cannot read IP mode file for STMicroelectronics.X-CUBE-BLEMGR.3.0.0
2024-02-08 20:13:45,987 [WARN] PackLoader:240 - Cannot read IP mode file for STMicroelectronics.FP-ATR-SIGFOX1.3.2.0
2024-02-08 20:13:46,012 [WARN] PackLoader:240 - Cannot read IP mode file for STMicroelectronics.X-CUBE-EEPRMA1.5.1.0
2024-02-08 20:13:46,080 [WARN] PackLoader:240 - Cannot read IP mode file for SEGGER.I-CUBE-embOS.1.3.1
2024-02-08 20:13:46,130 [WARN] PackLoader:240 - Cannot read IP mode file for STMicroelectronics.X-CUBE-GNSS1.6.0.0
2024-02-08 20:13:46,173 [WARN] PackLoader:240 - Cannot read IP mode file for STMicroelectronics.X-CUBE-AZRTOS-F4.1.1.0
2024-02-08 20:13:46,211 [WARN] PackLoader:240 - Cannot read IP mode file for wolfSSL.I-CUBE-wolfSSL.5.6.4
2024-02-08 20:13:46,290 [WARN] PackLoader:240 - Cannot read IP mode file for STMicroelectronics.X-CUBE-AZRTOS-L5.2.0.0
2024-02-08 20:13:46,320 [WARN] PackLoader:240 - Cannot read IP mode file for STMicroelectronics.X-CUBE-EEPRMA1.4.2.0
2024-02-08 20:13:46,347 [WARN] PackLoader:240 - Cannot read IP mode file for ITTIA_DB.I-CUBE-ITTIADB.8.8.0
2024-02-08 20:13:46,397 [WARN] ConditionMgr:438 - getConditionDescription Invalid condition id : UX DEVICE CLASS RTOS Condition cause : null
2024-02-08 20:13:46,398 [WARN] ConditionMgr:438 - getConditionDescription Invalid condition id : UX DEVICE CLASS RTOS Condition cause : null
2024-02-08 20:13:46,401 [WARN] PackLoader:240 - Cannot read IP mode file for STMicroelectronics.X-CUBE-AZRTOS-H7.3.1.0
2024-02-08 20:13:46,402 [WARN] ConditionMgr:1039 - genDependencies : Invalid condition id : UX DEVICE CLASS RTOS Condition cause : null
2024-02-08 20:13:46,402 [WARN] ConditionMgr:1039 - genDependencies : Invalid condition id : UX DEVICE CLASS RTOS Condition cause : null
2024-02-08 20:13:46,402 [WARN] ConditionMgr:1039 - genDependencies : Invalid condition id : UX DEVICE CLASS RTOS Condition cause : null
2024-02-08 20:13:46,403 [WARN] ConditionMgr:1039 - genDependencies : Invalid condition id : UX DEVICE CLASS RTOS Condition cause : null
2024-02-08 20:13:46,403 [WARN] ConditionMgr:1039 - genDependencies : Invalid condition id : UX DEVICE CLASS RTOS Condition cause : null
2024-02-08 20:13:46,425 [WARN] PackLoader:240 - Cannot read IP mode file for STMicroelectronics.X-CUBE-NFC7.1.0.1
2024-02-08 20:13:46,467 [WARN] PackLoader:240 - Cannot read IP mode file for STMicroelectronics.X-CUBE-NFC6.3.0.0
2024-02-08 20:13:46,502 [WARN] PackLoader:240 - Cannot read IP mode file for STMicroelectronics.X-CUBE-AI.8.1.0
2024-02-08 20:13:46,553 [WARN] ConditionMgr:438 - getConditionDescription Invalid condition id : LAN8742 Phy interface Condition cause : null
2024-02-08 20:13:46,555 [WARN] PackLoader:240 - Cannot read IP mode file for STMicroelectronics.X-CUBE-AZRTOS-L4.2.0.0
2024-02-08 20:13:46,557 [WARN] ConditionMgr:1039 - genDependencies : Invalid condition id : LAN8742 Phy interface Condition cause : null
2024-02-08 20:13:46,558 [WARN] ConditionMgr:1039 - genDependencies : Invalid condition id : LAN8742 Phy interface Condition cause : null
2024-02-08 20:13:46,559 [WARN] ConditionMgr:1039 - genDependencies : Invalid condition id : LAN8742 Phy interface Condition cause : null
2024-02-08 20:13:46,604 [WARN] PackLoader:240 - Cannot read IP mode file for STMicroelectronics.X-CUBE-SFXS2LP1.4.0.0
2024-02-08 20:13:46,656 [WARN] PackLoader:240 - Cannot read IP mode file for STMicroelectronics.X-CUBE-ISPU.1.1.0
2024-02-08 20:13:46,708 [WARN] ConditionMgr:438 - getConditionDescription Invalid condition id : UX DEVICE CLASS RTOS Condition cause : null
2024-02-08 20:13:46,709 [WARN] ConditionMgr:438 - getConditionDescription Invalid condition id : UX DEVICE CLASS RTOS Condition cause : null
2024-02-08 20:13:46,711 [WARN] PackLoader:240 - Cannot read IP mode file for STMicroelectronics.X-CUBE-AZRTOS-WB.2.0.0
2024-02-08 20:13:46,712 [WARN] ConditionMgr:1039 - genDependencies : Invalid condition id : UX DEVICE CLASS RTOS Condition cause : null
2024-02-08 20:13:46,712 [WARN] ConditionMgr:1039 - genDependencies : Invalid condition id : UX DEVICE CLASS RTOS Condition cause : null
2024-02-08 20:13:46,713 [WARN] ConditionMgr:1039 - genDependencies : Invalid condition id : UX DEVICE CLASS RTOS Condition cause : null
2024-02-08 20:13:46,713 [WARN] ConditionMgr:1039 - genDependencies : Invalid condition id : UX DEVICE CLASS RTOS Condition cause : null
2024-02-08 20:13:46,713 [WARN] ConditionMgr:1039 - genDependencies : Invalid condition id : UX DEVICE CLASS RTOS Condition cause : null
2024-02-08 20:13:46,751 [WARN] PackLoader:240 - Cannot read IP mode file for STMicroelectronics.X-CUBE-SUBG2.5.0.0
2024-02-08 20:13:46,800 [WARN] PackLoader:240 - Cannot read IP mode file for STMicroelectronics.X-CUBE-AZRTOS-G4.2.0.0
2024-02-08 20:13:46,836 [WARN] PackLoader:240 - Cannot read IP mode file for Infineon.AIROC-Wi-Fi-Bluetooth-STM32.1.5.1
2024-02-08 20:13:46,854 [WARN] PackLoader:240 - Cannot read IP mode file for STMicroelectronics.FP-SNS-MOTENVWB1.1.3.1
2024-02-08 20:13:46,869 [WARN] PackLoader:240 - Cannot read IP mode file for STMicroelectronics.X-CUBE-ISPU.2.0.0
2024-02-08 20:13:46,927 [WARN] PackLoader:240 - Cannot read IP mode file for STMicroelectronics.X-CUBE-MEMS1.10.0.0
2024-02-08 20:13:47,066 [WARN] PackLoader:240 - Cannot read IP mode file for STMicroelectronics.X-CUBE-FREERTOS.1.1.0
2024-02-08 20:13:47,066 [INFO] WebApp:161 - Instantiating new browser for Auth
2024-02-08 20:13:47,088 [WARN] PackLoader:240 - Cannot read IP mode file for portGmbH.I-Cube-SoM-uGOAL.1.1.0
2024-02-08 20:13:47,122 [WARN] PackLoader:240 - Cannot read IP mode file for STMicroelectronics.X-CUBE-ALS.1.0.1
2024-02-08 20:13:47,145 [WARN] PackLoader:240 - Cannot read IP mode file for STMicroelectronics.FP-ATR-ASTRA1.2.0.0
2024-02-08 20:13:47,184 [WARN] PackLoader:240 - Cannot read IP mode file for STMicroelectronics.X-CUBE-TOF1.3.4.0
2024-02-08 20:13:47,262 [WARN] PackLoader:240 - Cannot read IP mode file for STMicroelectronics.X-CUBE-AZRTOS-H7.3.2.0
2024-02-08 20:13:47,268 [INFO] ThirdParty:978 - Integrity check success = true
2024-02-08 20:13:47,269 [INFO] IntegrityCheckThread:100 - exiting critical section [integrity check]
2024-02-08 20:13:47,269 [INFO] IntegrityCheckThread:103 - End integrity checks thread
2024-02-08 20:13:48,333 [INFO] WebApp:780 - Register for checkConnection events
2024-02-08 20:13:48,333 [INFO] WebApp:414 - Apply proxy settings
2024-02-08 20:13:48,334 [INFO] WebApp:499 - Chromium requires no authentication
2024-02-08 20:13:48,354 [INFO] WebApp:442 - Direct internet connection detected
2024-02-08 20:13:48,891 [INFO] WebApp:192 - Starting web application
2024-02-08 20:13:48,891 [INFO] WebApp:544 - Web application path used C:\ST\STM32CubeIDE_1.13.2\STM32CubeIDE\plugins\com.st.stm32cube.common.mx_6.10.0.202311202037\db\plugins\mcufinder\reactClient1\index.html
2024-02-08 20:13:53,703 [ERROR] LogOutputStream:75 - [STDERR_REDIRECT] SLF4J: Failed to load class "org.slf4j.impl.StaticLoggerBinder".
2024-02-08 20:13:53,704 [ERROR] LogOutputStream:75 - [STDERR_REDIRECT] SLF4J: Defaulting to no-operation (NOP) logger implementation
2024-02-08 20:13:53,705 [ERROR] LogOutputStream:75 - [STDERR_REDIRECT] SLF4J: See http://www.slf4j.org/codes.html#StaticLoggerBinder for further details.
2024-02-08 20:18:10,112 [ERROR] LogOutputStream:75 - [STDERR_REDIRECT] 
