2024-01-17 00:20:34,138 [INFO] Activator:176 - 


2024-01-17 00:20:34,146 [INFO] Activator:177 - !SESSION log4j initialized
2024-01-17 00:20:43,052 [INFO] LogOutputStream:77 - [STDOUT_REDIRECT] 
2024-01-17 00:20:44,353 [INFO] ApplicationProperties:184 - Using Application install path: C:\ST\STM32CubeIDE_1.13.2\STM32CubeIDE\plugins\com.st.stm32cube.common.mx_6.10.0.202311202037
2024-01-17 00:20:44,379 [INFO] DbMcusXml:78 - Set database path to: C:\ST\STM32CubeIDE_1.13.2\STM32CubeIDE\plugins\com.st.stm32cube.common.mx_6.10.0.202311202037\\db\/mcu/
2024-01-17 00:20:44,380 [INFO] ApiDb:274 - Set plugin database path to: C:\ST\STM32CubeIDE_1.13.2\STM32CubeIDE\plugins\com.st.stm32cube.common.mx_6.10.0.202311202037\\db\/plugins/boardmanager/
2024-01-17 00:20:44,380 [WARN] ApiDb:259 - Overriding images path with different value:  => C:\ST\STM32CubeIDE_1.13.2\STM32CubeIDE\plugins\com.st.stm32cube.common.mx_6.10.0.202311202037\\db\/plugins/mcufinder/images/
2024-01-17 00:20:44,394 [INFO] ApiDb:250 - Set database path to: C:\Users\aleja\.stmcufinder\plugins\mcufinder//mcu/
2024-01-17 00:20:44,396 [INFO] DbMcusAds:125 - Set database path to: C:\Users\aleja\.stmcufinder\plugins\mcufinder//mcu/
2024-01-17 00:20:44,398 [INFO] CrossReferenceDbSqlite:203 - Set database path to: C:\Users\aleja\.stmcufinder\plugins\mcufinder//mcu/cs/
2024-01-17 00:20:44,532 [INFO] RulesReader:64 - Compatibility file has been processed (297 Rules)
2024-01-17 00:20:44,619 [INFO] DbMcusXml:78 - Set database path to: C:\ST\STM32CubeIDE_1.13.2\STM32CubeIDE\plugins\com.st.stm32cube.common.mx_6.10.0.202311202037\\db\/mcu/
2024-01-17 00:20:44,620 [INFO] ApiDb:274 - Set plugin database path to: C:\ST\STM32CubeIDE_1.13.2\STM32CubeIDE\plugins\com.st.stm32cube.common.mx_6.10.0.202311202037\\db\/plugins/boardmanager/
2024-01-17 00:20:44,620 [INFO] ApiDb:261 - Set plugin images path to: C:\ST\STM32CubeIDE_1.13.2\STM32CubeIDE\plugins\com.st.stm32cube.common.mx_6.10.0.202311202037\\db\/plugins/mcufinder/images/
2024-01-17 00:20:44,620 [WARN] DbFile:41 - Overriding database path with different value: C:\Users\aleja\.stmcufinder\plugins\mcufinder/ => C:\Users\aleja\.stmcufinder\plugins\mcufinder
2024-01-17 00:20:44,620 [INFO] ApiDb:250 - Set database path to: C:\Users\aleja\.stmcufinder\plugins\mcufinder//mcu/
2024-01-17 00:20:44,620 [WARN] DbFile:41 - Overriding database path with different value: C:\Users\aleja\.stmcufinder\plugins\mcufinder/ => C:\Users\aleja\.stmcufinder\plugins\mcufinder
2024-01-17 00:20:44,620 [INFO] DbMcusAds:125 - Set database path to: C:\Users\aleja\.stmcufinder\plugins\mcufinder//mcu/
2024-01-17 00:20:44,620 [WARN] DbFile:41 - Overriding database path with different value: C:\Users\aleja\.stmcufinder\plugins\mcufinder/ => C:\Users\aleja\.stmcufinder\plugins\mcufinder
2024-01-17 00:20:44,620 [WARN] DbFile:41 - Overriding database path with different value: C:\Users\aleja\.stmcufinder\plugins\mcufinder/ => C:\Users\aleja\.stmcufinder\plugins\mcufinder
2024-01-17 00:20:44,620 [INFO] CrossReferenceDbSqlite:203 - Set database path to: C:\Users\aleja\.stmcufinder\plugins\mcufinder//mcu/cs/
2024-01-17 00:20:44,707 [INFO] MainPanel:264 - HeapMemory: 268435456
2024-01-17 00:20:44,829 [INFO] DbMcusXml:78 - Set database path to: C:\ST\STM32CubeIDE_1.13.2\STM32CubeIDE\plugins\com.st.stm32cube.common.mx_6.10.0.202311202037\\db\/mcu/
2024-01-17 00:20:44,829 [INFO] ApiDb:274 - Set plugin database path to: C:\ST\STM32CubeIDE_1.13.2\STM32CubeIDE\plugins\com.st.stm32cube.common.mx_6.10.0.202311202037\\db\/plugins/boardmanager/
2024-01-17 00:20:44,830 [INFO] ApiDb:261 - Set plugin images path to: C:\ST\STM32CubeIDE_1.13.2\STM32CubeIDE\plugins\com.st.stm32cube.common.mx_6.10.0.202311202037\\db\/plugins/mcufinder/images/
2024-01-17 00:20:44,830 [WARN] DbFile:41 - Overriding database path with different value: C:\Users\aleja\.stmcufinder\plugins\mcufinder/ => C:\Users\aleja\.stmcufinder\plugins\mcufinder
2024-01-17 00:20:44,830 [INFO] ApiDb:250 - Set database path to: C:\Users\aleja\.stmcufinder\plugins\mcufinder//mcu/
2024-01-17 00:20:44,830 [WARN] DbFile:41 - Overriding database path with different value: C:\Users\aleja\.stmcufinder\plugins\mcufinder/ => C:\Users\aleja\.stmcufinder\plugins\mcufinder
2024-01-17 00:20:44,831 [INFO] DbMcusAds:125 - Set database path to: C:\Users\aleja\.stmcufinder\plugins\mcufinder//mcu/
2024-01-17 00:20:44,831 [WARN] DbFile:41 - Overriding database path with different value: C:\Users\aleja\.stmcufinder\plugins\mcufinder/ => C:\Users\aleja\.stmcufinder\plugins\mcufinder
2024-01-17 00:20:44,831 [WARN] DbFile:41 - Overriding database path with different value: C:\Users\aleja\.stmcufinder\plugins\mcufinder/ => C:\Users\aleja\.stmcufinder\plugins\mcufinder
2024-01-17 00:20:44,831 [INFO] CrossReferenceDbSqlite:203 - Set database path to: C:\Users\aleja\.stmcufinder\plugins\mcufinder//mcu/cs/
2024-01-17 00:20:44,853 [INFO] ApplicationProperties:184 - Using Application install path: C:\ST\STM32CubeIDE_1.13.2\STM32CubeIDE\plugins\com.st.stm32cube.common.mx_6.10.0.202311202037
2024-01-17 00:20:44,855 [INFO] PluginManage:196 - Search for loadable plugins [exclusion list=, ]
2024-01-17 00:20:44,857 [INFO] PluginManage:310 - Check plugin analytics
2024-01-17 00:20:45,078 [INFO] AnalyticsPlugin:253 - Accepted Software Licenses: 
2024-01-17 00:20:45,079 [INFO] AnalyticsPlugin:255 - Accepted CMSIS Pack Licenses: 
2024-01-17 00:20:45,079 [INFO] AnalyticsPlugin:257 - Accepted Firmware Licenses: 
2024-01-17 00:20:45,082 [INFO] PluginManage:359 - Loaded plugin analytics (category:tool,tabindex:-1)
2024-01-17 00:20:45,082 [INFO] PluginManage:310 - Check plugin cadmodel
2024-01-17 00:20:45,100 [INFO] CADModel:105 - Init CAD model plugin
2024-01-17 00:20:45,100 [INFO] PluginManage:359 - Loaded plugin cadmodel (category:power,tabindex:5)
2024-01-17 00:20:45,100 [INFO] PluginManage:310 - Check plugin clock
2024-01-17 00:20:45,125 [INFO] PluginManage:359 - Loaded plugin clock (category:base,tabindex:2)
2024-01-17 00:20:45,125 [INFO] PluginManage:310 - Check plugin ddr
2024-01-17 00:20:45,128 [INFO] PluginManage:359 - Loaded plugin ddr (category:tool,tabindex:6)
2024-01-17 00:20:45,128 [INFO] PluginManage:310 - Check plugin filemanager
2024-01-17 00:20:45,274 [INFO] PluginManage:359 - Loaded plugin filemanager (category:base,tabindex:10)
2024-01-17 00:20:45,274 [INFO] PluginManage:310 - Check plugin ipmanager
2024-01-17 00:20:45,281 [INFO] PluginManage:359 - Loaded plugin ipmanager (category:base,tabindex:5)
2024-01-17 00:20:45,281 [INFO] PluginManage:310 - Check plugin lpbam
2024-01-17 00:20:45,300 [INFO] PluginManage:359 - Loaded plugin lpbam (category:base,tabindex:0)
2024-01-17 00:20:45,301 [INFO] PluginManage:310 - Check plugin memorymap
2024-01-17 00:20:45,325 [INFO] PluginManage:359 - Loaded plugin memorymap (category:base,tabindex:4)
2024-01-17 00:20:45,325 [INFO] PluginManage:310 - Check plugin pinoutandconfiguration
2024-01-17 00:20:45,341 [INFO] PluginManage:359 - Loaded plugin pinoutandconfiguration (category:base,tabindex:1)
2024-01-17 00:20:45,342 [INFO] PluginManage:310 - Check plugin pinoutconfig
2024-01-17 00:20:45,445 [WARN] SupportedApi:132 - Cannot load RTOS API schema: s4s-elt-must-match.1: The content of 'definitions' must match (annotation?, (simpleType | complexType)?, (unique | key | keyref)*)). A problem was found starting at: attribute.
2024-01-17 00:20:45,585 [INFO] PluginManage:359 - Loaded plugin pinoutconfig (category:base,tabindex:0)
2024-01-17 00:20:45,585 [INFO] PluginManage:310 - Check plugin power
2024-01-17 00:20:45,608 [INFO] PluginManage:359 - Loaded plugin power (category:power,tabindex:4)
2024-01-17 00:20:45,608 [INFO] PluginManage:310 - Check plugin projectmanager
2024-01-17 00:20:45,625 [INFO] PluginManage:359 - Loaded plugin projectmanager (category:projectmanager,tabindex:3)
2024-01-17 00:20:45,625 [INFO] PluginManage:310 - Check plugin thirdparty
2024-01-17 00:20:45,893 [INFO] PluginManage:359 - Loaded plugin thirdparty (category:base,tabindex:-1)
2024-01-17 00:20:45,893 [WARN] IntegrityCheckThread:84 - waiting for thirdparty lock release [integrity check]
2024-01-17 00:20:45,894 [INFO] IntegrityCheckThread:86 - entering critical section [integrity check]
2024-01-17 00:20:45,894 [INFO] PluginManage:310 - Check plugin tools
2024-01-17 00:20:45,894 [INFO] ThirdPartyUpdaterWithRetryManager:70 - Updater plugin not ready yet. [1/15]
2024-01-17 00:20:45,928 [INFO] PluginManage:359 - Loaded plugin tools (category:base,tabindex:7)
2024-01-17 00:20:45,928 [INFO] PluginManage:310 - Check plugin tutovideos
2024-01-17 00:20:46,114 [INFO] PluginManage:359 - Loaded plugin tutovideos (category:base,tabindex:-1)
2024-01-17 00:20:46,114 [INFO] PluginManage:310 - Check plugin updater
2024-01-17 00:20:46,128 [INFO] PluginManage:359 - Loaded plugin updater (category:base,tabindex:12)
2024-01-17 00:20:46,128 [INFO] PluginManage:310 - Check plugin userauth
2024-01-17 00:20:46,134 [INFO] UserAuth:114 - Init User Auth plugin
2024-01-17 00:20:46,134 [INFO] PluginManage:359 - Loaded plugin userauth (category:base,tabindex:14)
2024-01-17 00:20:46,134 [INFO] PluginManage:283 - PluginManage : Loaded plugins [17]
2024-01-17 00:20:46,398 [INFO] PinOutPanel:1499 - setPackage(No Configuration,No Configuration)
2024-01-17 00:20:46,470 [INFO] CADModel:165 - CPN selected for project level
2024-01-17 00:20:46,470 [INFO] CADModel:114 - Register for checkConnection events
2024-01-17 00:20:46,497 [INFO] IPUIPlugin:80 - create IPUIPlugin
2024-01-17 00:20:46,497 [INFO] PluginManager:220 - loadIPPluginJar : add adc
2024-01-17 00:20:46,532 [INFO] IPUIPlugin:80 - create IPUIPlugin
2024-01-17 00:20:46,532 [INFO] PluginManager:220 - loadIPPluginJar : add aes
2024-01-17 00:20:46,571 [INFO] IPUIPlugin:80 - create IPUIPlugin
2024-01-17 00:20:46,571 [INFO] PluginManager:220 - loadIPPluginJar : add can
2024-01-17 00:20:46,594 [INFO] IPUIPlugin:80 - create IPUIPlugin
2024-01-17 00:20:46,595 [INFO] PluginManager:220 - loadIPPluginJar : add comp
2024-01-17 00:20:46,625 [INFO] IPUIPlugin:80 - create IPUIPlugin
2024-01-17 00:20:46,625 [INFO] PluginManager:220 - loadIPPluginJar : add cryp
2024-01-17 00:20:46,652 [INFO] IPUIPlugin:80 - create IPUIPlugin
2024-01-17 00:20:46,652 [INFO] PluginManager:220 - loadIPPluginJar : add dfsdm
2024-01-17 00:20:46,665 [INFO] IPUIPlugin:80 - create IPUIPlugin
2024-01-17 00:20:46,666 [INFO] PluginManager:220 - loadIPPluginJar : add dma
2024-01-17 00:20:46,706 [INFO] IPUIPlugin:80 - create IPUIPlugin
2024-01-17 00:20:46,706 [INFO] PluginManager:220 - loadIPPluginJar : add dma3
2024-01-17 00:20:46,727 [INFO] IPUIPlugin:80 - create IPUIPlugin
2024-01-17 00:20:46,727 [INFO] PluginManager:220 - loadIPPluginJar : add fatfs
2024-01-17 00:20:46,771 [INFO] IPUIPlugin:80 - create IPUIPlugin
2024-01-17 00:20:46,772 [INFO] PluginManager:220 - loadIPPluginJar : add fmc
2024-01-17 00:20:46,786 [INFO] IPUIPlugin:80 - create IPUIPlugin
2024-01-17 00:20:46,786 [INFO] PluginManager:220 - loadIPPluginJar : add freertos
2024-01-17 00:20:46,806 [INFO] IPUIPlugin:80 - create IPUIPlugin
2024-01-17 00:20:46,806 [INFO] PluginManager:220 - loadIPPluginJar : add genericplugin
2024-01-17 00:20:46,898 [INFO] IPUIPlugin:80 - create IPUIPlugin
2024-01-17 00:20:46,899 [INFO] PluginManager:220 - loadIPPluginJar : add gfxmmu
2024-01-17 00:20:47,021 [INFO] IPUIPlugin:80 - create IPUIPlugin
2024-01-17 00:20:47,022 [INFO] PluginManager:220 - loadIPPluginJar : add gic
2024-01-17 00:20:47,034 [INFO] IPUIPlugin:80 - create IPUIPlugin
2024-01-17 00:20:47,035 [INFO] PluginManager:220 - loadIPPluginJar : add gpio
2024-01-17 00:20:47,119 [INFO] IPUIPlugin:80 - create IPUIPlugin
2024-01-17 00:20:47,119 [INFO] PluginManager:220 - loadIPPluginJar : add gtzc
2024-01-17 00:20:47,145 [INFO] IPUIPlugin:80 - create IPUIPlugin
2024-01-17 00:20:47,145 [INFO] PluginManager:220 - loadIPPluginJar : add hash
2024-01-17 00:20:47,188 [INFO] IPUIPlugin:80 - create IPUIPlugin
2024-01-17 00:20:47,188 [INFO] PluginManager:220 - loadIPPluginJar : add i2c
2024-01-17 00:20:47,219 [INFO] IPUIPlugin:80 - create IPUIPlugin
2024-01-17 00:20:47,220 [INFO] PluginManager:220 - loadIPPluginJar : add i2s
2024-01-17 00:20:47,253 [INFO] IPUIPlugin:80 - create IPUIPlugin
2024-01-17 00:20:47,253 [INFO] PluginManager:220 - loadIPPluginJar : add i3c
2024-01-17 00:20:47,346 [INFO] IPUIPlugin:80 - create IPUIPlugin
2024-01-17 00:20:47,346 [INFO] PluginManager:220 - loadIPPluginJar : add ipddr
2024-01-17 00:20:47,426 [INFO] IPUIPlugin:80 - create IPUIPlugin
2024-01-17 00:20:47,427 [INFO] PluginManager:220 - loadIPPluginJar : add linkedlist
2024-01-17 00:20:47,459 [INFO] IPUIPlugin:80 - create IPUIPlugin
2024-01-17 00:20:47,459 [INFO] PluginManager:220 - loadIPPluginJar : add lorawan
2024-01-17 00:20:47,490 [INFO] IPUIPlugin:80 - create IPUIPlugin
2024-01-17 00:20:47,490 [INFO] PluginManager:220 - loadIPPluginJar : add ltdc
2024-01-17 00:20:47,507 [INFO] IPUIPlugin:80 - create IPUIPlugin
2024-01-17 00:20:47,507 [INFO] PluginManager:220 - loadIPPluginJar : add mdma
2024-01-17 00:20:47,520 [INFO] IPUIPlugin:80 - create IPUIPlugin
2024-01-17 00:20:47,521 [INFO] PluginManager:220 - loadIPPluginJar : add nvic
2024-01-17 00:20:47,554 [INFO] IPUIPlugin:80 - create IPUIPlugin
2024-01-17 00:20:47,554 [INFO] PluginManager:220 - loadIPPluginJar : add opamp
2024-01-17 00:20:47,605 [INFO] IPUIPlugin:80 - create IPUIPlugin
2024-01-17 00:20:47,605 [INFO] PluginManager:220 - loadIPPluginJar : add openamp
2024-01-17 00:20:47,642 [INFO] IPUIPlugin:80 - create IPUIPlugin
2024-01-17 00:20:47,642 [INFO] PluginManager:220 - loadIPPluginJar : add pdm2pcm
2024-01-17 00:20:47,655 [INFO] IPUIPlugin:80 - create IPUIPlugin
2024-01-17 00:20:47,657 [INFO] PluginManager:220 - loadIPPluginJar : add plateformsettings
2024-01-17 00:20:47,677 [INFO] IPUIPlugin:80 - create IPUIPlugin
2024-01-17 00:20:47,677 [INFO] PluginManager:220 - loadIPPluginJar : add quadspi
2024-01-17 00:20:47,690 [INFO] IPUIPlugin:80 - create IPUIPlugin
2024-01-17 00:20:47,690 [INFO] PluginManager:220 - loadIPPluginJar : add resmgrutility
2024-01-17 00:20:47,739 [INFO] IPUIPlugin:80 - create IPUIPlugin
2024-01-17 00:20:47,739 [INFO] PluginManager:220 - loadIPPluginJar : add sai
2024-01-17 00:20:47,775 [INFO] IPUIPlugin:80 - create IPUIPlugin
2024-01-17 00:20:47,775 [INFO] PluginManager:220 - loadIPPluginJar : add spi
2024-01-17 00:20:47,851 [INFO] IPUIPlugin:80 - create IPUIPlugin
2024-01-17 00:20:47,851 [INFO] PluginManager:220 - loadIPPluginJar : add stm32_wpan
2024-01-17 00:20:47,873 [INFO] IPUIPlugin:80 - create IPUIPlugin
2024-01-17 00:20:47,873 [INFO] PluginManager:220 - loadIPPluginJar : add tim
2024-01-17 00:20:47,925 [INFO] IPUIPlugin:80 - create IPUIPlugin
2024-01-17 00:20:47,925 [INFO] PluginManager:220 - loadIPPluginJar : add touchsensing
2024-01-17 00:20:47,944 [INFO] IPUIPlugin:80 - create IPUIPlugin
2024-01-17 00:20:47,944 [INFO] PluginManager:220 - loadIPPluginJar : add tracer_emb
2024-01-17 00:20:47,964 [INFO] IPUIPlugin:80 - create IPUIPlugin
2024-01-17 00:20:47,964 [INFO] PluginManager:220 - loadIPPluginJar : add ts
2024-01-17 00:20:47,984 [INFO] IPUIPlugin:80 - create IPUIPlugin
2024-01-17 00:20:47,984 [INFO] PluginManager:220 - loadIPPluginJar : add tsc
2024-01-17 00:20:48,003 [INFO] IPUIPlugin:80 - create IPUIPlugin
2024-01-17 00:20:48,004 [INFO] PluginManager:220 - loadIPPluginJar : add ucpd
2024-01-17 00:20:48,043 [INFO] IPUIPlugin:80 - create IPUIPlugin
2024-01-17 00:20:48,043 [INFO] PluginManager:220 - loadIPPluginJar : add usart
2024-01-17 00:20:48,080 [INFO] IPUIPlugin:80 - create IPUIPlugin
2024-01-17 00:20:48,080 [INFO] PluginManager:220 - loadIPPluginJar : add usbx
2024-01-17 00:20:48,202 [INFO] CADModel:165 - CPN selected for project level
2024-01-17 00:20:48,202 [INFO] CADModel:114 - Register for checkConnection events
2024-01-17 00:20:48,203 [FATAL] Updater:308 - Updater called before beeing initialized
2024-01-17 00:20:48,203 [ERROR] CADModel:125 - Updater not yet initialized, retry later 
2024-01-17 00:20:48,345 [INFO] CADModel:165 - CPN selected for project level
2024-01-17 00:20:48,346 [INFO] CADModel:114 - Register for checkConnection events
2024-01-17 00:20:48,346 [FATAL] Updater:308 - Updater called before beeing initialized
2024-01-17 00:20:48,346 [ERROR] CADModel:125 - Updater not yet initialized, retry later 
2024-01-17 00:20:48,349 [FATAL] Updater:308 - Updater called before beeing initialized
2024-01-17 00:20:48,446 [FATAL] Updater:308 - Updater called before beeing initialized
2024-01-17 00:20:48,457 [INFO] DbMcusAds:53 - JSON generation date=Wed Nov 29 11:52:27 CET 2023 (1701255147349)
2024-01-17 00:20:48,457 [FATAL] Updater:308 - Updater called before beeing initialized
2024-01-17 00:20:48,522 [WARN] DetailPanel:346 - Failed to get advertising image, set to default
2024-01-17 00:20:48,594 [FATAL] Updater:308 - Updater called before beeing initialized
2024-01-17 00:20:48,596 [FATAL] Updater:308 - Updater called before beeing initialized
2024-01-17 00:20:48,596 [FATAL] Updater:308 - Updater called before beeing initialized
2024-01-17 00:20:48,596 [WARN] DetailPanel:346 - Failed to get advertising image, set to default
2024-01-17 00:20:48,596 [FATAL] Updater:308 - Updater called before beeing initialized
2024-01-17 00:20:48,668 [ERROR] Updater:1120 - MainUpdater not yet initialized. External WinMGr cannot be set.
2024-01-17 00:20:48,677 [INFO] Updater:1056 - Updater Version found : 6.10.0
2024-01-17 00:20:48,695 [INFO] ApplicationProperties:184 - Using Application install path: C:\ST\STM32CubeIDE_1.13.2\STM32CubeIDE\plugins\com.st.stm32cube.common.mx_6.10.0.202311202037
2024-01-17 00:20:48,895 [INFO] ThirdPartyUpdaterWithRetryManager:70 - Updater plugin not ready yet. [2/15]
2024-01-17 00:20:50,304 [ERROR] LogOutputStream:75 - [STDERR_REDIRECT] Jan 17, 2024 12:20:50 AM java.util.prefs.WindowsPreferences <init>
2024-01-17 00:20:50,306 [ERROR] LogOutputStream:75 - [STDERR_REDIRECT] WARNING: Could not open/create prefs root node Software\JavaSoft\Prefs at root 0xffffffff80000002. Windows RegCreateKeyEx(...) returned error code 5.
2024-01-17 00:20:50,306 [ERROR] LogOutputStream:75 - [STDERR_REDIRECT] 
2024-01-17 00:20:51,103 [INFO] MainUpdater:2873 - connection check result : 10
2024-01-17 00:20:51,104 [INFO] MainUpdater:290 - Updater Check For Update Now.
2024-01-17 00:20:51,104 [INFO] MicroXplorer:498 - Change Database Version : DB.6.0.100
2024-01-17 00:20:51,121 [INFO] McuFinderGlobals:63 - Set McuFinder mode to 2 (CubeIDE integrated)
2024-01-17 00:20:51,139 [INFO] UserAuth:404 - Internet connection configuration mode: 1
2024-01-17 00:20:51,176 [INFO] JxBrowserEngine:152 - Initiate JxBrowser Engine with user profile folder
2024-01-17 00:20:51,301 [INFO] CheckServerUpdateThread:120 - End of CheckServer Thread
2024-01-17 00:20:52,075 [WARN] PackLoader:240 - Cannot read IP mode file for STMicroelectronics.X-CUBE-SMBUS.2.1.0
2024-01-17 00:20:52,091 [WARN] PackLoader:240 - Cannot read IP mode file for STMicroelectronics.X-CUBE-TOUCHGFX.4.23.0
2024-01-17 00:20:52,134 [WARN] PackLoader:240 - Cannot read IP mode file for STMicroelectronics.X-CUBE-AZRTOS-F7.1.1.0
2024-01-17 00:20:52,154 [WARN] PackLoader:240 - Cannot read IP mode file for STMicroelectronics.FP-SNS-MOTENV1.4.3.2
2024-01-17 00:20:52,171 [WARN] PackLoader:240 - Cannot read IP mode file for STMicroelectronics.FP-SNS-FLIGHT1.5.0.2
2024-01-17 00:20:52,193 [WARN] PackLoader:240 - Cannot read IP mode file for STMicroelectronics.X-CUBE-DISPLAY.3.0.0
2024-01-17 00:20:52,213 [WARN] PackLoader:240 - Cannot read IP mode file for STMicroelectronics.X-CUBE-BLE1.7.0.0
2024-01-17 00:20:52,226 [WARN] PackLoader:240 - Cannot read IP mode file for emotas.I-CUBE-CANOPEN.1.3.0
2024-01-17 00:20:52,239 [WARN] PackLoader:240 - Cannot read IP mode file for STMicroelectronics.X-CUBE-TOUCHGFX.4.22.1
2024-01-17 00:20:52,253 [WARN] PackLoader:240 - Cannot read IP mode file for STMicroelectronics.FP-SNS-SMARTAG2.1.2.0
2024-01-17 00:20:52,273 [INFO] LogOutputStream:77 - [STDOUT_REDIRECT] 1 : Invalid condition id : UX_CORESTACK_Condition cause : null
2024-01-17 00:20:52,273 [INFO] LogOutputStream:77 - [STDOUT_REDIRECT] 1 : Invalid condition id : UX_CORESTACK_Condition cause : null
2024-01-17 00:20:52,274 [INFO] LogOutputStream:77 - [STDOUT_REDIRECT] 1 : Invalid condition id : UX_CORESTACK_Condition cause : null
2024-01-17 00:20:52,274 [INFO] LogOutputStream:77 - [STDOUT_REDIRECT] 1 : Invalid condition id : UX_CORESTACK_Condition cause : null
2024-01-17 00:20:52,275 [INFO] LogOutputStream:77 - [STDOUT_REDIRECT] 1 : Invalid condition id : UX_CORESTACK_Condition cause : null
2024-01-17 00:20:52,279 [WARN] PackLoader:240 - Cannot read IP mode file for STMicroelectronics.X-CUBE-AZRTOS-WL.2.0.0
2024-01-17 00:20:52,308 [WARN] PackLoader:240 - Cannot read IP mode file for WES.I-CUBE-Cesium.1.3.0
2024-01-17 00:20:52,321 [WARN] PackLoader:240 - Cannot read IP mode file for STMicroelectronics.X-CUBE-BLE2.3.3.0
2024-01-17 00:20:52,335 [WARN] PackLoader:240 - Cannot read IP mode file for STMicroelectronics.X-CUBE-ALGOBUILD.1.3.0
2024-01-17 00:20:52,362 [WARN] PackLoader:240 - Cannot read IP mode file for STMicroelectronics.X-CUBE-AZRTOS-G0.1.1.0
2024-01-17 00:20:52,377 [WARN] PackLoader:240 - Cannot read IP mode file for STMicroelectronics.X-CUBE-NFC4.3.0.0
2024-01-17 00:20:52,396 [WARN] PackLoader:240 - Cannot read IP mode file for STMicroelectronics.X-CUBE-BLEMGR.3.0.0
2024-01-17 00:20:52,409 [WARN] PackLoader:240 - Cannot read IP mode file for STMicroelectronics.FP-ATR-SIGFOX1.3.2.0
2024-01-17 00:20:52,422 [WARN] PackLoader:240 - Cannot read IP mode file for STMicroelectronics.X-CUBE-GNSS1.6.0.0
2024-01-17 00:20:52,451 [WARN] PackLoader:240 - Cannot read IP mode file for STMicroelectronics.X-CUBE-AZRTOS-F4.1.1.0
2024-01-17 00:20:52,468 [WARN] PackLoader:240 - Cannot read IP mode file for wolfSSL.I-CUBE-wolfSSL.5.6.4
2024-01-17 00:20:52,497 [WARN] PackLoader:240 - Cannot read IP mode file for STMicroelectronics.X-CUBE-AZRTOS-L5.2.0.0
2024-01-17 00:20:52,517 [WARN] PackLoader:240 - Cannot read IP mode file for STMicroelectronics.X-CUBE-EEPRMA1.4.2.0
2024-01-17 00:20:52,533 [WARN] PackLoader:240 - Cannot read IP mode file for ITTIA_DB.I-CUBE-ITTIADB.8.8.0
2024-01-17 00:20:52,558 [WARN] ConditionMgr:438 - getConditionDescription Invalid condition id : UX DEVICE CLASS RTOS Condition cause : null
2024-01-17 00:20:52,559 [WARN] ConditionMgr:438 - getConditionDescription Invalid condition id : UX DEVICE CLASS RTOS Condition cause : null
2024-01-17 00:20:52,561 [WARN] PackLoader:240 - Cannot read IP mode file for STMicroelectronics.X-CUBE-AZRTOS-H7.3.1.0
2024-01-17 00:20:52,563 [WARN] ConditionMgr:1039 - genDependencies : Invalid condition id : UX DEVICE CLASS RTOS Condition cause : null
2024-01-17 00:20:52,563 [WARN] ConditionMgr:1039 - genDependencies : Invalid condition id : UX DEVICE CLASS RTOS Condition cause : null
2024-01-17 00:20:52,564 [WARN] ConditionMgr:1039 - genDependencies : Invalid condition id : UX DEVICE CLASS RTOS Condition cause : null
2024-01-17 00:20:52,564 [WARN] ConditionMgr:1039 - genDependencies : Invalid condition id : UX DEVICE CLASS RTOS Condition cause : null
2024-01-17 00:20:52,564 [WARN] ConditionMgr:1039 - genDependencies : Invalid condition id : UX DEVICE CLASS RTOS Condition cause : null
2024-01-17 00:20:52,578 [WARN] PackLoader:240 - Cannot read IP mode file for STMicroelectronics.X-CUBE-NFC7.1.0.1
2024-01-17 00:20:52,595 [WARN] PackLoader:240 - Cannot read IP mode file for STMicroelectronics.X-CUBE-NFC6.3.0.0
2024-01-17 00:20:52,611 [WARN] PackLoader:240 - Cannot read IP mode file for STMicroelectronics.X-CUBE-AI.8.1.0
2024-01-17 00:20:52,639 [WARN] ConditionMgr:438 - getConditionDescription Invalid condition id : LAN8742 Phy interface Condition cause : null
2024-01-17 00:20:52,639 [WARN] PackLoader:240 - Cannot read IP mode file for STMicroelectronics.X-CUBE-AZRTOS-L4.2.0.0
2024-01-17 00:20:52,641 [WARN] ConditionMgr:1039 - genDependencies : Invalid condition id : LAN8742 Phy interface Condition cause : null
2024-01-17 00:20:52,641 [WARN] ConditionMgr:1039 - genDependencies : Invalid condition id : LAN8742 Phy interface Condition cause : null
2024-01-17 00:20:52,642 [WARN] ConditionMgr:1039 - genDependencies : Invalid condition id : LAN8742 Phy interface Condition cause : null
2024-01-17 00:20:52,657 [WARN] PackLoader:240 - Cannot read IP mode file for STMicroelectronics.X-CUBE-SFXS2LP1.4.0.0
2024-01-17 00:20:52,671 [WARN] PackLoader:240 - Cannot read IP mode file for STMicroelectronics.X-CUBE-ISPU.1.1.0
2024-01-17 00:20:52,698 [WARN] ConditionMgr:438 - getConditionDescription Invalid condition id : UX DEVICE CLASS RTOS Condition cause : null
2024-01-17 00:20:52,698 [WARN] ConditionMgr:438 - getConditionDescription Invalid condition id : UX DEVICE CLASS RTOS Condition cause : null
2024-01-17 00:20:52,700 [WARN] PackLoader:240 - Cannot read IP mode file for STMicroelectronics.X-CUBE-AZRTOS-WB.2.0.0
2024-01-17 00:20:52,701 [WARN] ConditionMgr:1039 - genDependencies : Invalid condition id : UX DEVICE CLASS RTOS Condition cause : null
2024-01-17 00:20:52,701 [WARN] ConditionMgr:1039 - genDependencies : Invalid condition id : UX DEVICE CLASS RTOS Condition cause : null
2024-01-17 00:20:52,701 [WARN] ConditionMgr:1039 - genDependencies : Invalid condition id : UX DEVICE CLASS RTOS Condition cause : null
2024-01-17 00:20:52,702 [WARN] ConditionMgr:1039 - genDependencies : Invalid condition id : UX DEVICE CLASS RTOS Condition cause : null
2024-01-17 00:20:52,702 [WARN] ConditionMgr:1039 - genDependencies : Invalid condition id : UX DEVICE CLASS RTOS Condition cause : null
2024-01-17 00:20:52,720 [WARN] PackLoader:240 - Cannot read IP mode file for STMicroelectronics.X-CUBE-SUBG2.5.0.0
2024-01-17 00:20:52,754 [WARN] PackLoader:240 - Cannot read IP mode file for STMicroelectronics.X-CUBE-AZRTOS-G4.2.0.0
2024-01-17 00:20:52,781 [WARN] PackLoader:240 - Cannot read IP mode file for Infineon.AIROC-Wi-Fi-Bluetooth-STM32.1.5.1
2024-01-17 00:20:52,800 [WARN] PackLoader:240 - Cannot read IP mode file for STMicroelectronics.FP-SNS-MOTENVWB1.1.3.1
2024-01-17 00:20:52,811 [WARN] PackLoader:240 - Cannot read IP mode file for STMicroelectronics.X-CUBE-ISPU.2.0.0
2024-01-17 00:20:52,853 [WARN] PackLoader:240 - Cannot read IP mode file for STMicroelectronics.X-CUBE-MEMS1.10.0.0
2024-01-17 00:20:52,956 [WARN] PackLoader:240 - Cannot read IP mode file for STMicroelectronics.X-CUBE-FREERTOS.1.1.0
2024-01-17 00:20:52,969 [WARN] PackLoader:240 - Cannot read IP mode file for portGmbH.I-Cube-SoM-uGOAL.1.1.0
2024-01-17 00:20:52,981 [WARN] PackLoader:240 - Cannot read IP mode file for STMicroelectronics.X-CUBE-ALS.1.0.1
2024-01-17 00:20:52,994 [WARN] PackLoader:240 - Cannot read IP mode file for STMicroelectronics.FP-ATR-ASTRA1.2.0.0
2024-01-17 00:20:53,020 [WARN] PackLoader:240 - Cannot read IP mode file for STMicroelectronics.X-CUBE-TOF1.3.4.0
2024-01-17 00:20:53,064 [WARN] PackLoader:240 - Cannot read IP mode file for STMicroelectronics.X-CUBE-AZRTOS-H7.3.2.0
2024-01-17 00:20:53,086 [INFO] ThirdParty:978 - Integrity check success = true
2024-01-17 00:20:53,086 [INFO] IntegrityCheckThread:100 - exiting critical section [integrity check]
2024-01-17 00:20:53,086 [INFO] IntegrityCheckThread:103 - End integrity checks thread
2024-01-17 00:20:54,396 [INFO] WebApp:161 - Instantiating new browser for Auth
2024-01-17 00:20:55,069 [INFO] WebApp:780 - Register for checkConnection events
2024-01-17 00:20:55,069 [INFO] WebApp:414 - Apply proxy settings
2024-01-17 00:20:55,069 [INFO] WebApp:499 - Chromium requires no authentication
2024-01-17 00:20:55,079 [INFO] WebApp:442 - Direct internet connection detected
2024-01-17 00:20:55,249 [INFO] WebApp:192 - Starting web application
2024-01-17 00:20:55,249 [INFO] WebApp:544 - Web application path used C:\ST\STM32CubeIDE_1.13.2\STM32CubeIDE\plugins\com.st.stm32cube.common.mx_6.10.0.202311202037\db\plugins\mcufinder\reactClient1\index.html
2024-01-17 00:21:16,045 [ERROR] LogOutputStream:75 - [STDERR_REDIRECT] SLF4J: Failed to load class "org.slf4j.impl.StaticLoggerBinder".
2024-01-17 00:21:16,045 [ERROR] LogOutputStream:75 - [STDERR_REDIRECT] SLF4J: Defaulting to no-operation (NOP) logger implementation
2024-01-17 00:21:16,046 [ERROR] LogOutputStream:75 - [STDERR_REDIRECT] SLF4J: See http://www.slf4j.org/codes.html#StaticLoggerBinder for further details.
2024-01-17 00:53:46,610 [INFO] Activator:176 - 


2024-01-17 00:53:46,613 [INFO] Activator:177 - !SESSION log4j initialized
2024-01-17 00:53:54,547 [INFO] LogOutputStream:77 - [STDOUT_REDIRECT] 
2024-01-17 00:53:55,794 [INFO] ApplicationProperties:184 - Using Application install path: C:\ST\STM32CubeIDE_1.13.2\STM32CubeIDE\plugins\com.st.stm32cube.common.mx_6.10.0.202311202037
2024-01-17 00:53:55,820 [INFO] DbMcusXml:78 - Set database path to: C:\ST\STM32CubeIDE_1.13.2\STM32CubeIDE\plugins\com.st.stm32cube.common.mx_6.10.0.202311202037\\db\/mcu/
2024-01-17 00:53:55,820 [INFO] ApiDb:274 - Set plugin database path to: C:\ST\STM32CubeIDE_1.13.2\STM32CubeIDE\plugins\com.st.stm32cube.common.mx_6.10.0.202311202037\\db\/plugins/boardmanager/
2024-01-17 00:53:55,821 [WARN] ApiDb:259 - Overriding images path with different value:  => C:\ST\STM32CubeIDE_1.13.2\STM32CubeIDE\plugins\com.st.stm32cube.common.mx_6.10.0.202311202037\\db\/plugins/mcufinder/images/
2024-01-17 00:53:55,828 [INFO] ApiDb:250 - Set database path to: C:\Users\aleja\.stmcufinder\plugins\mcufinder//mcu/
2024-01-17 00:53:55,830 [INFO] DbMcusAds:125 - Set database path to: C:\Users\aleja\.stmcufinder\plugins\mcufinder//mcu/
2024-01-17 00:53:55,833 [INFO] CrossReferenceDbSqlite:203 - Set database path to: C:\Users\aleja\.stmcufinder\plugins\mcufinder//mcu/cs/
2024-01-17 00:53:55,993 [INFO] RulesReader:64 - Compatibility file has been processed (297 Rules)
2024-01-17 00:53:56,096 [INFO] DbMcusXml:78 - Set database path to: C:\ST\STM32CubeIDE_1.13.2\STM32CubeIDE\plugins\com.st.stm32cube.common.mx_6.10.0.202311202037\\db\/mcu/
2024-01-17 00:53:56,096 [INFO] ApiDb:274 - Set plugin database path to: C:\ST\STM32CubeIDE_1.13.2\STM32CubeIDE\plugins\com.st.stm32cube.common.mx_6.10.0.202311202037\\db\/plugins/boardmanager/
2024-01-17 00:53:56,096 [INFO] ApiDb:261 - Set plugin images path to: C:\ST\STM32CubeIDE_1.13.2\STM32CubeIDE\plugins\com.st.stm32cube.common.mx_6.10.0.202311202037\\db\/plugins/mcufinder/images/
2024-01-17 00:53:56,097 [WARN] DbFile:41 - Overriding database path with different value: C:\Users\aleja\.stmcufinder\plugins\mcufinder/ => C:\Users\aleja\.stmcufinder\plugins\mcufinder
2024-01-17 00:53:56,097 [INFO] ApiDb:250 - Set database path to: C:\Users\aleja\.stmcufinder\plugins\mcufinder//mcu/
2024-01-17 00:53:56,097 [WARN] DbFile:41 - Overriding database path with different value: C:\Users\aleja\.stmcufinder\plugins\mcufinder/ => C:\Users\aleja\.stmcufinder\plugins\mcufinder
2024-01-17 00:53:56,097 [INFO] DbMcusAds:125 - Set database path to: C:\Users\aleja\.stmcufinder\plugins\mcufinder//mcu/
2024-01-17 00:53:56,097 [WARN] DbFile:41 - Overriding database path with different value: C:\Users\aleja\.stmcufinder\plugins\mcufinder/ => C:\Users\aleja\.stmcufinder\plugins\mcufinder
2024-01-17 00:53:56,097 [WARN] DbFile:41 - Overriding database path with different value: C:\Users\aleja\.stmcufinder\plugins\mcufinder/ => C:\Users\aleja\.stmcufinder\plugins\mcufinder
2024-01-17 00:53:56,097 [INFO] CrossReferenceDbSqlite:203 - Set database path to: C:\Users\aleja\.stmcufinder\plugins\mcufinder//mcu/cs/
2024-01-17 00:53:56,244 [INFO] MainPanel:264 - HeapMemory: 268435456
2024-01-17 00:53:56,420 [INFO] DbMcusXml:78 - Set database path to: C:\ST\STM32CubeIDE_1.13.2\STM32CubeIDE\plugins\com.st.stm32cube.common.mx_6.10.0.202311202037\\db\/mcu/
2024-01-17 00:53:56,421 [INFO] ApiDb:274 - Set plugin database path to: C:\ST\STM32CubeIDE_1.13.2\STM32CubeIDE\plugins\com.st.stm32cube.common.mx_6.10.0.202311202037\\db\/plugins/boardmanager/
2024-01-17 00:53:56,421 [INFO] ApiDb:261 - Set plugin images path to: C:\ST\STM32CubeIDE_1.13.2\STM32CubeIDE\plugins\com.st.stm32cube.common.mx_6.10.0.202311202037\\db\/plugins/mcufinder/images/
2024-01-17 00:53:56,421 [WARN] DbFile:41 - Overriding database path with different value: C:\Users\aleja\.stmcufinder\plugins\mcufinder/ => C:\Users\aleja\.stmcufinder\plugins\mcufinder
2024-01-17 00:53:56,422 [INFO] ApiDb:250 - Set database path to: C:\Users\aleja\.stmcufinder\plugins\mcufinder//mcu/
2024-01-17 00:53:56,422 [WARN] DbFile:41 - Overriding database path with different value: C:\Users\aleja\.stmcufinder\plugins\mcufinder/ => C:\Users\aleja\.stmcufinder\plugins\mcufinder
2024-01-17 00:53:56,422 [INFO] DbMcusAds:125 - Set database path to: C:\Users\aleja\.stmcufinder\plugins\mcufinder//mcu/
2024-01-17 00:53:56,422 [WARN] DbFile:41 - Overriding database path with different value: C:\Users\aleja\.stmcufinder\plugins\mcufinder/ => C:\Users\aleja\.stmcufinder\plugins\mcufinder
2024-01-17 00:53:56,422 [WARN] DbFile:41 - Overriding database path with different value: C:\Users\aleja\.stmcufinder\plugins\mcufinder/ => C:\Users\aleja\.stmcufinder\plugins\mcufinder
2024-01-17 00:53:56,422 [INFO] CrossReferenceDbSqlite:203 - Set database path to: C:\Users\aleja\.stmcufinder\plugins\mcufinder//mcu/cs/
2024-01-17 00:53:56,452 [INFO] ApplicationProperties:184 - Using Application install path: C:\ST\STM32CubeIDE_1.13.2\STM32CubeIDE\plugins\com.st.stm32cube.common.mx_6.10.0.202311202037
2024-01-17 00:53:56,455 [INFO] PluginManage:196 - Search for loadable plugins [exclusion list=, ]
2024-01-17 00:53:56,457 [INFO] PluginManage:310 - Check plugin analytics
2024-01-17 00:53:56,746 [INFO] AnalyticsPlugin:253 - Accepted Software Licenses: 
2024-01-17 00:53:56,747 [INFO] AnalyticsPlugin:255 - Accepted CMSIS Pack Licenses: 
2024-01-17 00:53:56,747 [INFO] AnalyticsPlugin:257 - Accepted Firmware Licenses: 
2024-01-17 00:53:56,751 [INFO] PluginManage:359 - Loaded plugin analytics (category:tool,tabindex:-1)
2024-01-17 00:53:56,751 [INFO] PluginManage:310 - Check plugin cadmodel
2024-01-17 00:53:56,758 [INFO] CADModel:105 - Init CAD model plugin
2024-01-17 00:53:56,758 [INFO] PluginManage:359 - Loaded plugin cadmodel (category:power,tabindex:5)
2024-01-17 00:53:56,758 [INFO] PluginManage:310 - Check plugin clock
2024-01-17 00:53:56,769 [INFO] PluginManage:359 - Loaded plugin clock (category:base,tabindex:2)
2024-01-17 00:53:56,769 [INFO] PluginManage:310 - Check plugin ddr
2024-01-17 00:53:56,772 [INFO] PluginManage:359 - Loaded plugin ddr (category:tool,tabindex:6)
2024-01-17 00:53:56,772 [INFO] PluginManage:310 - Check plugin filemanager
2024-01-17 00:53:56,961 [INFO] PluginManage:359 - Loaded plugin filemanager (category:base,tabindex:10)
2024-01-17 00:53:56,961 [INFO] PluginManage:310 - Check plugin ipmanager
2024-01-17 00:53:56,971 [INFO] PluginManage:359 - Loaded plugin ipmanager (category:base,tabindex:5)
2024-01-17 00:53:56,971 [INFO] PluginManage:310 - Check plugin lpbam
2024-01-17 00:53:56,982 [INFO] PluginManage:359 - Loaded plugin lpbam (category:base,tabindex:0)
2024-01-17 00:53:56,983 [INFO] PluginManage:310 - Check plugin memorymap
2024-01-17 00:53:57,001 [INFO] PluginManage:359 - Loaded plugin memorymap (category:base,tabindex:4)
2024-01-17 00:53:57,001 [INFO] PluginManage:310 - Check plugin pinoutandconfiguration
2024-01-17 00:53:57,010 [INFO] PluginManage:359 - Loaded plugin pinoutandconfiguration (category:base,tabindex:1)
2024-01-17 00:53:57,010 [INFO] PluginManage:310 - Check plugin pinoutconfig
2024-01-17 00:53:57,142 [WARN] SupportedApi:132 - Cannot load RTOS API schema: s4s-elt-must-match.1: The content of 'definitions' must match (annotation?, (simpleType | complexType)?, (unique | key | keyref)*)). A problem was found starting at: attribute.
2024-01-17 00:53:57,361 [INFO] PluginManage:359 - Loaded plugin pinoutconfig (category:base,tabindex:0)
2024-01-17 00:53:57,362 [INFO] PluginManage:310 - Check plugin power
2024-01-17 00:53:57,380 [INFO] PluginManage:359 - Loaded plugin power (category:power,tabindex:4)
2024-01-17 00:53:57,381 [INFO] PluginManage:310 - Check plugin projectmanager
2024-01-17 00:53:57,408 [INFO] PluginManage:359 - Loaded plugin projectmanager (category:projectmanager,tabindex:3)
2024-01-17 00:53:57,409 [INFO] PluginManage:310 - Check plugin thirdparty
2024-01-17 00:53:57,619 [INFO] PluginManage:359 - Loaded plugin thirdparty (category:base,tabindex:-1)
2024-01-17 00:53:57,619 [INFO] PluginManage:310 - Check plugin tools
2024-01-17 00:53:57,619 [WARN] IntegrityCheckThread:84 - waiting for thirdparty lock release [integrity check]
2024-01-17 00:53:57,620 [INFO] IntegrityCheckThread:86 - entering critical section [integrity check]
2024-01-17 00:53:57,621 [INFO] ThirdPartyUpdaterWithRetryManager:70 - Updater plugin not ready yet. [1/15]
2024-01-17 00:53:57,623 [INFO] PluginManage:359 - Loaded plugin tools (category:base,tabindex:7)
2024-01-17 00:53:57,623 [INFO] PluginManage:310 - Check plugin tutovideos
2024-01-17 00:53:57,901 [INFO] PluginManage:359 - Loaded plugin tutovideos (category:base,tabindex:-1)
2024-01-17 00:53:57,901 [INFO] PluginManage:310 - Check plugin updater
2024-01-17 00:53:57,917 [INFO] PluginManage:359 - Loaded plugin updater (category:base,tabindex:12)
2024-01-17 00:53:57,917 [INFO] PluginManage:310 - Check plugin userauth
2024-01-17 00:53:57,974 [INFO] UserAuth:114 - Init User Auth plugin
2024-01-17 00:53:57,975 [INFO] PluginManage:359 - Loaded plugin userauth (category:base,tabindex:14)
2024-01-17 00:53:57,976 [INFO] PluginManage:283 - PluginManage : Loaded plugins [17]
2024-01-17 00:53:58,270 [INFO] PinOutPanel:1499 - setPackage(No Configuration,No Configuration)
2024-01-17 00:53:58,365 [INFO] CADModel:165 - CPN selected for project level
2024-01-17 00:53:58,365 [INFO] CADModel:114 - Register for checkConnection events
2024-01-17 00:53:58,381 [INFO] IPUIPlugin:80 - create IPUIPlugin
2024-01-17 00:53:58,381 [INFO] PluginManager:220 - loadIPPluginJar : add adc
2024-01-17 00:53:58,381 [INFO] IPUIPlugin:80 - create IPUIPlugin
2024-01-17 00:53:58,381 [INFO] PluginManager:220 - loadIPPluginJar : add aes
2024-01-17 00:53:58,397 [INFO] IPUIPlugin:80 - create IPUIPlugin
2024-01-17 00:53:58,397 [INFO] PluginManager:220 - loadIPPluginJar : add can
2024-01-17 00:53:58,402 [INFO] IPUIPlugin:80 - create IPUIPlugin
2024-01-17 00:53:58,402 [INFO] PluginManager:220 - loadIPPluginJar : add comp
2024-01-17 00:53:58,402 [INFO] IPUIPlugin:80 - create IPUIPlugin
2024-01-17 00:53:58,402 [INFO] PluginManager:220 - loadIPPluginJar : add cryp
2024-01-17 00:53:58,402 [INFO] IPUIPlugin:80 - create IPUIPlugin
2024-01-17 00:53:58,402 [INFO] PluginManager:220 - loadIPPluginJar : add dfsdm
2024-01-17 00:53:58,416 [INFO] IPUIPlugin:80 - create IPUIPlugin
2024-01-17 00:53:58,419 [INFO] PluginManager:220 - loadIPPluginJar : add dma
2024-01-17 00:53:58,422 [INFO] IPUIPlugin:80 - create IPUIPlugin
2024-01-17 00:53:58,422 [INFO] PluginManager:220 - loadIPPluginJar : add dma3
2024-01-17 00:53:58,425 [INFO] IPUIPlugin:80 - create IPUIPlugin
2024-01-17 00:53:58,425 [INFO] PluginManager:220 - loadIPPluginJar : add fatfs
2024-01-17 00:53:58,430 [INFO] IPUIPlugin:80 - create IPUIPlugin
2024-01-17 00:53:58,430 [INFO] PluginManager:220 - loadIPPluginJar : add fmc
2024-01-17 00:53:58,438 [INFO] IPUIPlugin:80 - create IPUIPlugin
2024-01-17 00:53:58,438 [INFO] PluginManager:220 - loadIPPluginJar : add freertos
2024-01-17 00:53:58,445 [INFO] IPUIPlugin:80 - create IPUIPlugin
2024-01-17 00:53:58,445 [INFO] PluginManager:220 - loadIPPluginJar : add genericplugin
2024-01-17 00:53:58,445 [INFO] IPUIPlugin:80 - create IPUIPlugin
2024-01-17 00:53:58,445 [INFO] PluginManager:220 - loadIPPluginJar : add gfxmmu
2024-01-17 00:53:58,452 [INFO] IPUIPlugin:80 - create IPUIPlugin
2024-01-17 00:53:58,452 [INFO] PluginManager:220 - loadIPPluginJar : add gic
2024-01-17 00:53:58,457 [INFO] IPUIPlugin:80 - create IPUIPlugin
2024-01-17 00:53:58,457 [INFO] PluginManager:220 - loadIPPluginJar : add gpio
2024-01-17 00:53:58,457 [INFO] IPUIPlugin:80 - create IPUIPlugin
2024-01-17 00:53:58,457 [INFO] PluginManager:220 - loadIPPluginJar : add gtzc
2024-01-17 00:53:58,466 [INFO] IPUIPlugin:80 - create IPUIPlugin
2024-01-17 00:53:58,466 [INFO] PluginManager:220 - loadIPPluginJar : add hash
2024-01-17 00:53:58,468 [INFO] IPUIPlugin:80 - create IPUIPlugin
2024-01-17 00:53:58,468 [INFO] PluginManager:220 - loadIPPluginJar : add i2c
2024-01-17 00:53:58,468 [INFO] IPUIPlugin:80 - create IPUIPlugin
2024-01-17 00:53:58,468 [INFO] PluginManager:220 - loadIPPluginJar : add i2s
2024-01-17 00:53:58,468 [INFO] IPUIPlugin:80 - create IPUIPlugin
2024-01-17 00:53:58,468 [INFO] PluginManager:220 - loadIPPluginJar : add i3c
2024-01-17 00:53:58,482 [INFO] IPUIPlugin:80 - create IPUIPlugin
2024-01-17 00:53:58,484 [INFO] PluginManager:220 - loadIPPluginJar : add ipddr
2024-01-17 00:53:58,495 [INFO] IPUIPlugin:80 - create IPUIPlugin
2024-01-17 00:53:58,495 [INFO] PluginManager:220 - loadIPPluginJar : add linkedlist
2024-01-17 00:53:58,495 [INFO] IPUIPlugin:80 - create IPUIPlugin
2024-01-17 00:53:58,495 [INFO] PluginManager:220 - loadIPPluginJar : add lorawan
2024-01-17 00:53:58,495 [INFO] IPUIPlugin:80 - create IPUIPlugin
2024-01-17 00:53:58,500 [INFO] PluginManager:220 - loadIPPluginJar : add ltdc
2024-01-17 00:53:58,500 [INFO] IPUIPlugin:80 - create IPUIPlugin
2024-01-17 00:53:58,509 [INFO] PluginManager:220 - loadIPPluginJar : add mdma
2024-01-17 00:53:58,510 [INFO] IPUIPlugin:80 - create IPUIPlugin
2024-01-17 00:53:58,510 [INFO] PluginManager:220 - loadIPPluginJar : add nvic
2024-01-17 00:53:58,516 [INFO] IPUIPlugin:80 - create IPUIPlugin
2024-01-17 00:53:58,516 [INFO] PluginManager:220 - loadIPPluginJar : add opamp
2024-01-17 00:53:58,521 [INFO] IPUIPlugin:80 - create IPUIPlugin
2024-01-17 00:53:58,521 [INFO] PluginManager:220 - loadIPPluginJar : add openamp
2024-01-17 00:53:58,521 [INFO] IPUIPlugin:80 - create IPUIPlugin
2024-01-17 00:53:58,521 [INFO] PluginManager:220 - loadIPPluginJar : add pdm2pcm
2024-01-17 00:53:58,536 [INFO] IPUIPlugin:80 - create IPUIPlugin
2024-01-17 00:53:58,536 [INFO] PluginManager:220 - loadIPPluginJar : add plateformsettings
2024-01-17 00:53:58,536 [INFO] IPUIPlugin:80 - create IPUIPlugin
2024-01-17 00:53:58,536 [INFO] PluginManager:220 - loadIPPluginJar : add quadspi
2024-01-17 00:53:58,547 [INFO] IPUIPlugin:80 - create IPUIPlugin
2024-01-17 00:53:58,547 [INFO] PluginManager:220 - loadIPPluginJar : add resmgrutility
2024-01-17 00:53:58,547 [INFO] IPUIPlugin:80 - create IPUIPlugin
2024-01-17 00:53:58,547 [INFO] PluginManager:220 - loadIPPluginJar : add sai
2024-01-17 00:53:58,547 [INFO] IPUIPlugin:80 - create IPUIPlugin
2024-01-17 00:53:58,547 [INFO] PluginManager:220 - loadIPPluginJar : add spi
2024-01-17 00:53:58,547 [INFO] IPUIPlugin:80 - create IPUIPlugin
2024-01-17 00:53:58,547 [INFO] PluginManager:220 - loadIPPluginJar : add stm32_wpan
2024-01-17 00:53:58,563 [INFO] IPUIPlugin:80 - create IPUIPlugin
2024-01-17 00:53:58,563 [INFO] PluginManager:220 - loadIPPluginJar : add tim
2024-01-17 00:53:58,563 [INFO] IPUIPlugin:80 - create IPUIPlugin
2024-01-17 00:53:58,563 [INFO] PluginManager:220 - loadIPPluginJar : add touchsensing
2024-01-17 00:53:58,563 [INFO] IPUIPlugin:80 - create IPUIPlugin
2024-01-17 00:53:58,563 [INFO] PluginManager:220 - loadIPPluginJar : add tracer_emb
2024-01-17 00:53:58,563 [INFO] IPUIPlugin:80 - create IPUIPlugin
2024-01-17 00:53:58,563 [INFO] PluginManager:220 - loadIPPluginJar : add ts
2024-01-17 00:53:58,563 [INFO] IPUIPlugin:80 - create IPUIPlugin
2024-01-17 00:53:58,563 [INFO] PluginManager:220 - loadIPPluginJar : add tsc
2024-01-17 00:53:58,563 [INFO] IPUIPlugin:80 - create IPUIPlugin
2024-01-17 00:53:58,563 [INFO] PluginManager:220 - loadIPPluginJar : add ucpd
2024-01-17 00:53:58,579 [INFO] IPUIPlugin:80 - create IPUIPlugin
2024-01-17 00:53:58,579 [INFO] PluginManager:220 - loadIPPluginJar : add usart
2024-01-17 00:53:58,579 [INFO] IPUIPlugin:80 - create IPUIPlugin
2024-01-17 00:53:58,579 [INFO] PluginManager:220 - loadIPPluginJar : add usbx
2024-01-17 00:53:58,734 [INFO] CADModel:165 - CPN selected for project level
2024-01-17 00:53:58,734 [INFO] CADModel:114 - Register for checkConnection events
2024-01-17 00:53:58,734 [FATAL] Updater:308 - Updater called before beeing initialized
2024-01-17 00:53:58,734 [ERROR] CADModel:125 - Updater not yet initialized, retry later 
2024-01-17 00:53:58,941 [INFO] CADModel:165 - CPN selected for project level
2024-01-17 00:53:58,941 [INFO] CADModel:114 - Register for checkConnection events
2024-01-17 00:53:58,941 [FATAL] Updater:308 - Updater called before beeing initialized
2024-01-17 00:53:58,941 [ERROR] CADModel:125 - Updater not yet initialized, retry later 
2024-01-17 00:53:58,941 [FATAL] Updater:308 - Updater called before beeing initialized
2024-01-17 00:53:59,104 [FATAL] Updater:308 - Updater called before beeing initialized
2024-01-17 00:53:59,119 [INFO] DbMcusAds:53 - JSON generation date=Wed Nov 29 11:52:27 CET 2023 (1701255147349)
2024-01-17 00:53:59,120 [FATAL] Updater:308 - Updater called before beeing initialized
2024-01-17 00:53:59,169 [WARN] DetailPanel:346 - Failed to get advertising image, set to default
2024-01-17 00:53:59,277 [FATAL] Updater:308 - Updater called before beeing initialized
2024-01-17 00:53:59,280 [FATAL] Updater:308 - Updater called before beeing initialized
2024-01-17 00:53:59,280 [FATAL] Updater:308 - Updater called before beeing initialized
2024-01-17 00:53:59,280 [WARN] DetailPanel:346 - Failed to get advertising image, set to default
2024-01-17 00:53:59,282 [FATAL] Updater:308 - Updater called before beeing initialized
2024-01-17 00:53:59,354 [ERROR] Updater:1120 - MainUpdater not yet initialized. External WinMGr cannot be set.
2024-01-17 00:53:59,357 [INFO] Updater:1056 - Updater Version found : 6.10.0
2024-01-17 00:53:59,383 [INFO] ApplicationProperties:184 - Using Application install path: C:\ST\STM32CubeIDE_1.13.2\STM32CubeIDE\plugins\com.st.stm32cube.common.mx_6.10.0.202311202037
2024-01-17 00:54:00,623 [INFO] ThirdPartyUpdaterWithRetryManager:70 - Updater plugin not ready yet. [2/15]
2024-01-17 00:54:00,972 [ERROR] LogOutputStream:75 - [STDERR_REDIRECT] Jan 17, 2024 12:54:00 AM java.util.prefs.WindowsPreferences <init>
2024-01-17 00:54:00,974 [ERROR] LogOutputStream:75 - [STDERR_REDIRECT] WARNING: Could not open/create prefs root node Software\JavaSoft\Prefs at root 0xffffffff80000002. Windows RegCreateKeyEx(...) returned error code 5.
2024-01-17 00:54:00,975 [ERROR] LogOutputStream:75 - [STDERR_REDIRECT] 
2024-01-17 00:54:01,400 [INFO] MainUpdater:2873 - connection check result : 10
2024-01-17 00:54:01,401 [INFO] MainUpdater:290 - Updater Check For Update Now.
2024-01-17 00:54:01,402 [INFO] MicroXplorer:498 - Change Database Version : DB.6.0.100
2024-01-17 00:54:01,426 [INFO] McuFinderGlobals:63 - Set McuFinder mode to 2 (CubeIDE integrated)
2024-01-17 00:54:01,444 [INFO] UserAuth:404 - Internet connection configuration mode: 1
2024-01-17 00:54:01,487 [INFO] JxBrowserEngine:152 - Initiate JxBrowser Engine with user profile folder
2024-01-17 00:54:01,664 [INFO] CheckServerUpdateThread:120 - End of CheckServer Thread
2024-01-17 00:54:02,462 [INFO] WebApp:161 - Instantiating new browser for Auth
2024-01-17 00:54:03,338 [INFO] WebApp:780 - Register for checkConnection events
2024-01-17 00:54:03,338 [INFO] WebApp:414 - Apply proxy settings
2024-01-17 00:54:03,338 [INFO] WebApp:499 - Chromium requires no authentication
2024-01-17 00:54:03,349 [INFO] WebApp:442 - Direct internet connection detected
2024-01-17 00:54:03,594 [INFO] WebApp:192 - Starting web application
2024-01-17 00:54:03,594 [INFO] WebApp:544 - Web application path used C:\ST\STM32CubeIDE_1.13.2\STM32CubeIDE\plugins\com.st.stm32cube.common.mx_6.10.0.202311202037\db\plugins\mcufinder\reactClient1\index.html
2024-01-17 00:54:03,844 [WARN] PackLoader:240 - Cannot read IP mode file for STMicroelectronics.X-CUBE-SMBUS.2.1.0
2024-01-17 00:54:03,853 [WARN] PackLoader:240 - Cannot read IP mode file for STMicroelectronics.X-CUBE-TOUCHGFX.4.23.0
2024-01-17 00:54:03,898 [WARN] PackLoader:240 - Cannot read IP mode file for STMicroelectronics.X-CUBE-AZRTOS-F7.1.1.0
2024-01-17 00:54:03,913 [WARN] PackLoader:240 - Cannot read IP mode file for STMicroelectronics.FP-SNS-MOTENV1.4.3.2
2024-01-17 00:54:03,925 [WARN] PackLoader:240 - Cannot read IP mode file for STMicroelectronics.FP-SNS-FLIGHT1.5.0.2
2024-01-17 00:54:03,937 [WARN] PackLoader:240 - Cannot read IP mode file for STMicroelectronics.X-CUBE-DISPLAY.3.0.0
2024-01-17 00:54:03,956 [WARN] PackLoader:240 - Cannot read IP mode file for STMicroelectronics.X-CUBE-BLE1.7.0.0
2024-01-17 00:54:03,965 [WARN] PackLoader:240 - Cannot read IP mode file for emotas.I-CUBE-CANOPEN.1.3.0
2024-01-17 00:54:03,971 [WARN] PackLoader:240 - Cannot read IP mode file for STMicroelectronics.X-CUBE-TOUCHGFX.4.22.1
2024-01-17 00:54:03,979 [WARN] PackLoader:240 - Cannot read IP mode file for STMicroelectronics.FP-SNS-SMARTAG2.1.2.0
2024-01-17 00:54:03,998 [INFO] LogOutputStream:77 - [STDOUT_REDIRECT] 1 : Invalid condition id : UX_CORESTACK_Condition cause : null
2024-01-17 00:54:03,999 [INFO] LogOutputStream:77 - [STDOUT_REDIRECT] 1 : Invalid condition id : UX_CORESTACK_Condition cause : null
2024-01-17 00:54:04,001 [INFO] LogOutputStream:77 - [STDOUT_REDIRECT] 1 : Invalid condition id : UX_CORESTACK_Condition cause : null
2024-01-17 00:54:04,002 [INFO] LogOutputStream:77 - [STDOUT_REDIRECT] 1 : Invalid condition id : UX_CORESTACK_Condition cause : null
2024-01-17 00:54:04,003 [INFO] LogOutputStream:77 - [STDOUT_REDIRECT] 1 : Invalid condition id : UX_CORESTACK_Condition cause : null
2024-01-17 00:54:04,009 [WARN] PackLoader:240 - Cannot read IP mode file for STMicroelectronics.X-CUBE-AZRTOS-WL.2.0.0
2024-01-17 00:54:04,024 [WARN] PackLoader:240 - Cannot read IP mode file for WES.I-CUBE-Cesium.1.3.0
2024-01-17 00:54:04,032 [WARN] PackLoader:240 - Cannot read IP mode file for STMicroelectronics.X-CUBE-BLE2.3.3.0
2024-01-17 00:54:04,040 [WARN] PackLoader:240 - Cannot read IP mode file for STMicroelectronics.X-CUBE-ALGOBUILD.1.3.0
2024-01-17 00:54:04,064 [WARN] PackLoader:240 - Cannot read IP mode file for STMicroelectronics.X-CUBE-AZRTOS-G0.1.1.0
2024-01-17 00:54:04,077 [WARN] PackLoader:240 - Cannot read IP mode file for STMicroelectronics.X-CUBE-NFC4.3.0.0
2024-01-17 00:54:04,090 [WARN] PackLoader:240 - Cannot read IP mode file for STMicroelectronics.X-CUBE-BLEMGR.3.0.0
2024-01-17 00:54:04,100 [WARN] PackLoader:240 - Cannot read IP mode file for STMicroelectronics.FP-ATR-SIGFOX1.3.2.0
2024-01-17 00:54:04,110 [WARN] PackLoader:240 - Cannot read IP mode file for STMicroelectronics.X-CUBE-GNSS1.6.0.0
2024-01-17 00:54:04,133 [WARN] PackLoader:240 - Cannot read IP mode file for STMicroelectronics.X-CUBE-AZRTOS-F4.1.1.0
2024-01-17 00:54:04,145 [WARN] PackLoader:240 - Cannot read IP mode file for wolfSSL.I-CUBE-wolfSSL.5.6.4
2024-01-17 00:54:04,173 [WARN] PackLoader:240 - Cannot read IP mode file for STMicroelectronics.X-CUBE-AZRTOS-L5.2.0.0
2024-01-17 00:54:04,183 [WARN] PackLoader:240 - Cannot read IP mode file for STMicroelectronics.X-CUBE-EEPRMA1.4.2.0
2024-01-17 00:54:04,191 [WARN] PackLoader:240 - Cannot read IP mode file for ITTIA_DB.I-CUBE-ITTIADB.8.8.0
2024-01-17 00:54:04,206 [WARN] ConditionMgr:438 - getConditionDescription Invalid condition id : UX DEVICE CLASS RTOS Condition cause : null
2024-01-17 00:54:04,206 [WARN] ConditionMgr:438 - getConditionDescription Invalid condition id : UX DEVICE CLASS RTOS Condition cause : null
2024-01-17 00:54:04,209 [WARN] PackLoader:240 - Cannot read IP mode file for STMicroelectronics.X-CUBE-AZRTOS-H7.3.1.0
2024-01-17 00:54:04,210 [WARN] ConditionMgr:1039 - genDependencies : Invalid condition id : UX DEVICE CLASS RTOS Condition cause : null
2024-01-17 00:54:04,210 [WARN] ConditionMgr:1039 - genDependencies : Invalid condition id : UX DEVICE CLASS RTOS Condition cause : null
2024-01-17 00:54:04,210 [WARN] ConditionMgr:1039 - genDependencies : Invalid condition id : UX DEVICE CLASS RTOS Condition cause : null
2024-01-17 00:54:04,210 [WARN] ConditionMgr:1039 - genDependencies : Invalid condition id : UX DEVICE CLASS RTOS Condition cause : null
2024-01-17 00:54:04,210 [WARN] ConditionMgr:1039 - genDependencies : Invalid condition id : UX DEVICE CLASS RTOS Condition cause : null
2024-01-17 00:54:04,218 [WARN] PackLoader:240 - Cannot read IP mode file for STMicroelectronics.X-CUBE-NFC7.1.0.1
2024-01-17 00:54:04,225 [WARN] PackLoader:240 - Cannot read IP mode file for STMicroelectronics.X-CUBE-NFC6.3.0.0
2024-01-17 00:54:04,234 [WARN] PackLoader:240 - Cannot read IP mode file for STMicroelectronics.X-CUBE-AI.8.1.0
2024-01-17 00:54:04,249 [WARN] ConditionMgr:438 - getConditionDescription Invalid condition id : LAN8742 Phy interface Condition cause : null
2024-01-17 00:54:04,250 [WARN] PackLoader:240 - Cannot read IP mode file for STMicroelectronics.X-CUBE-AZRTOS-L4.2.0.0
2024-01-17 00:54:04,251 [WARN] ConditionMgr:1039 - genDependencies : Invalid condition id : LAN8742 Phy interface Condition cause : null
2024-01-17 00:54:04,252 [WARN] ConditionMgr:1039 - genDependencies : Invalid condition id : LAN8742 Phy interface Condition cause : null
2024-01-17 00:54:04,252 [WARN] ConditionMgr:1039 - genDependencies : Invalid condition id : LAN8742 Phy interface Condition cause : null
2024-01-17 00:54:04,259 [WARN] PackLoader:240 - Cannot read IP mode file for STMicroelectronics.X-CUBE-SFXS2LP1.4.0.0
2024-01-17 00:54:04,265 [WARN] PackLoader:240 - Cannot read IP mode file for STMicroelectronics.X-CUBE-ISPU.1.1.0
2024-01-17 00:54:04,276 [WARN] ConditionMgr:438 - getConditionDescription Invalid condition id : UX DEVICE CLASS RTOS Condition cause : null
2024-01-17 00:54:04,276 [WARN] ConditionMgr:438 - getConditionDescription Invalid condition id : UX DEVICE CLASS RTOS Condition cause : null
2024-01-17 00:54:04,278 [WARN] PackLoader:240 - Cannot read IP mode file for STMicroelectronics.X-CUBE-AZRTOS-WB.2.0.0
2024-01-17 00:54:04,279 [WARN] ConditionMgr:1039 - genDependencies : Invalid condition id : UX DEVICE CLASS RTOS Condition cause : null
2024-01-17 00:54:04,279 [WARN] ConditionMgr:1039 - genDependencies : Invalid condition id : UX DEVICE CLASS RTOS Condition cause : null
2024-01-17 00:54:04,279 [WARN] ConditionMgr:1039 - genDependencies : Invalid condition id : UX DEVICE CLASS RTOS Condition cause : null
2024-01-17 00:54:04,279 [WARN] ConditionMgr:1039 - genDependencies : Invalid condition id : UX DEVICE CLASS RTOS Condition cause : null
2024-01-17 00:54:04,279 [WARN] ConditionMgr:1039 - genDependencies : Invalid condition id : UX DEVICE CLASS RTOS Condition cause : null
2024-01-17 00:54:04,289 [WARN] PackLoader:240 - Cannot read IP mode file for STMicroelectronics.X-CUBE-SUBG2.5.0.0
2024-01-17 00:54:04,308 [WARN] PackLoader:240 - Cannot read IP mode file for STMicroelectronics.X-CUBE-AZRTOS-G4.2.0.0
2024-01-17 00:54:04,324 [WARN] PackLoader:240 - Cannot read IP mode file for Infineon.AIROC-Wi-Fi-Bluetooth-STM32.1.5.1
2024-01-17 00:54:04,334 [WARN] PackLoader:240 - Cannot read IP mode file for STMicroelectronics.FP-SNS-MOTENVWB1.1.3.1
2024-01-17 00:54:04,339 [WARN] PackLoader:240 - Cannot read IP mode file for STMicroelectronics.X-CUBE-ISPU.2.0.0
2024-01-17 00:54:04,370 [WARN] PackLoader:240 - Cannot read IP mode file for STMicroelectronics.X-CUBE-MEMS1.10.0.0
2024-01-17 00:54:04,630 [WARN] PackLoader:240 - Cannot read IP mode file for STMicroelectronics.X-CUBE-FREERTOS.1.1.0
2024-01-17 00:54:04,638 [WARN] PackLoader:240 - Cannot read IP mode file for portGmbH.I-Cube-SoM-uGOAL.1.1.0
2024-01-17 00:54:04,644 [WARN] PackLoader:240 - Cannot read IP mode file for STMicroelectronics.X-CUBE-ALS.1.0.1
2024-01-17 00:54:04,651 [WARN] PackLoader:240 - Cannot read IP mode file for STMicroelectronics.FP-ATR-ASTRA1.2.0.0
2024-01-17 00:54:04,661 [WARN] PackLoader:240 - Cannot read IP mode file for STMicroelectronics.X-CUBE-TOF1.3.4.0
2024-01-17 00:54:04,690 [WARN] PackLoader:240 - Cannot read IP mode file for STMicroelectronics.X-CUBE-AZRTOS-H7.3.2.0
2024-01-17 00:54:04,693 [INFO] ThirdParty:978 - Integrity check success = true
2024-01-17 00:54:04,693 [INFO] IntegrityCheckThread:100 - exiting critical section [integrity check]
2024-01-17 00:54:04,693 [INFO] IntegrityCheckThread:103 - End integrity checks thread
2024-01-17 00:54:25,391 [ERROR] LogOutputStream:75 - [STDERR_REDIRECT] SLF4J: Failed to load class "org.slf4j.impl.StaticLoggerBinder".
2024-01-17 00:54:25,391 [ERROR] LogOutputStream:75 - [STDERR_REDIRECT] SLF4J: Defaulting to no-operation (NOP) logger implementation
2024-01-17 00:54:25,400 [ERROR] LogOutputStream:75 - [STDERR_REDIRECT] SLF4J: See http://www.slf4j.org/codes.html#StaticLoggerBinder for further details.
2024-01-17 00:58:48,659 [ERROR] LogOutputStream:75 - [STDERR_REDIRECT] 
2024-01-17 00:58:48,659 [ERROR] LogOutputStream:75 - [STDERR_REDIRECT] 
2024-01-17 00:58:56,296 [INFO] Activator:176 - 


2024-01-17 00:58:56,298 [INFO] Activator:177 - !SESSION log4j initialized
2024-01-17 00:59:02,469 [INFO] LogOutputStream:77 - [STDOUT_REDIRECT] 
2024-01-17 00:59:03,921 [INFO] ApplicationProperties:184 - Using Application install path: C:\ST\STM32CubeIDE_1.13.2\STM32CubeIDE\plugins\com.st.stm32cube.common.mx_6.10.0.202311202037
2024-01-17 00:59:03,953 [INFO] DbMcusXml:78 - Set database path to: C:\ST\STM32CubeIDE_1.13.2\STM32CubeIDE\plugins\com.st.stm32cube.common.mx_6.10.0.202311202037\\db\/mcu/
2024-01-17 00:59:03,954 [INFO] ApiDb:274 - Set plugin database path to: C:\ST\STM32CubeIDE_1.13.2\STM32CubeIDE\plugins\com.st.stm32cube.common.mx_6.10.0.202311202037\\db\/plugins/boardmanager/
2024-01-17 00:59:03,954 [WARN] ApiDb:259 - Overriding images path with different value:  => C:\ST\STM32CubeIDE_1.13.2\STM32CubeIDE\plugins\com.st.stm32cube.common.mx_6.10.0.202311202037\\db\/plugins/mcufinder/images/
2024-01-17 00:59:03,962 [INFO] ApiDb:250 - Set database path to: C:\Users\aleja\.stmcufinder\plugins\mcufinder//mcu/
2024-01-17 00:59:03,964 [INFO] DbMcusAds:125 - Set database path to: C:\Users\aleja\.stmcufinder\plugins\mcufinder//mcu/
2024-01-17 00:59:03,967 [INFO] CrossReferenceDbSqlite:203 - Set database path to: C:\Users\aleja\.stmcufinder\plugins\mcufinder//mcu/cs/
2024-01-17 00:59:04,143 [INFO] RulesReader:64 - Compatibility file has been processed (297 Rules)
2024-01-17 00:59:04,242 [INFO] DbMcusXml:78 - Set database path to: C:\ST\STM32CubeIDE_1.13.2\STM32CubeIDE\plugins\com.st.stm32cube.common.mx_6.10.0.202311202037\\db\/mcu/
2024-01-17 00:59:04,242 [INFO] ApiDb:274 - Set plugin database path to: C:\ST\STM32CubeIDE_1.13.2\STM32CubeIDE\plugins\com.st.stm32cube.common.mx_6.10.0.202311202037\\db\/plugins/boardmanager/
2024-01-17 00:59:04,242 [INFO] ApiDb:261 - Set plugin images path to: C:\ST\STM32CubeIDE_1.13.2\STM32CubeIDE\plugins\com.st.stm32cube.common.mx_6.10.0.202311202037\\db\/plugins/mcufinder/images/
2024-01-17 00:59:04,243 [WARN] DbFile:41 - Overriding database path with different value: C:\Users\aleja\.stmcufinder\plugins\mcufinder/ => C:\Users\aleja\.stmcufinder\plugins\mcufinder
2024-01-17 00:59:04,243 [INFO] ApiDb:250 - Set database path to: C:\Users\aleja\.stmcufinder\plugins\mcufinder//mcu/
2024-01-17 00:59:04,243 [WARN] DbFile:41 - Overriding database path with different value: C:\Users\aleja\.stmcufinder\plugins\mcufinder/ => C:\Users\aleja\.stmcufinder\plugins\mcufinder
2024-01-17 00:59:04,243 [INFO] DbMcusAds:125 - Set database path to: C:\Users\aleja\.stmcufinder\plugins\mcufinder//mcu/
2024-01-17 00:59:04,243 [WARN] DbFile:41 - Overriding database path with different value: C:\Users\aleja\.stmcufinder\plugins\mcufinder/ => C:\Users\aleja\.stmcufinder\plugins\mcufinder
2024-01-17 00:59:04,243 [WARN] DbFile:41 - Overriding database path with different value: C:\Users\aleja\.stmcufinder\plugins\mcufinder/ => C:\Users\aleja\.stmcufinder\plugins\mcufinder
2024-01-17 00:59:04,244 [INFO] CrossReferenceDbSqlite:203 - Set database path to: C:\Users\aleja\.stmcufinder\plugins\mcufinder//mcu/cs/
2024-01-17 00:59:04,338 [INFO] MainPanel:264 - HeapMemory: 268435456
2024-01-17 00:59:04,472 [INFO] DbMcusXml:78 - Set database path to: C:\ST\STM32CubeIDE_1.13.2\STM32CubeIDE\plugins\com.st.stm32cube.common.mx_6.10.0.202311202037\\db\/mcu/
2024-01-17 00:59:04,472 [INFO] ApiDb:274 - Set plugin database path to: C:\ST\STM32CubeIDE_1.13.2\STM32CubeIDE\plugins\com.st.stm32cube.common.mx_6.10.0.202311202037\\db\/plugins/boardmanager/
2024-01-17 00:59:04,473 [INFO] ApiDb:261 - Set plugin images path to: C:\ST\STM32CubeIDE_1.13.2\STM32CubeIDE\plugins\com.st.stm32cube.common.mx_6.10.0.202311202037\\db\/plugins/mcufinder/images/
2024-01-17 00:59:04,473 [WARN] DbFile:41 - Overriding database path with different value: C:\Users\aleja\.stmcufinder\plugins\mcufinder/ => C:\Users\aleja\.stmcufinder\plugins\mcufinder
2024-01-17 00:59:04,473 [INFO] ApiDb:250 - Set database path to: C:\Users\aleja\.stmcufinder\plugins\mcufinder//mcu/
2024-01-17 00:59:04,474 [WARN] DbFile:41 - Overriding database path with different value: C:\Users\aleja\.stmcufinder\plugins\mcufinder/ => C:\Users\aleja\.stmcufinder\plugins\mcufinder
2024-01-17 00:59:04,474 [INFO] DbMcusAds:125 - Set database path to: C:\Users\aleja\.stmcufinder\plugins\mcufinder//mcu/
2024-01-17 00:59:04,474 [WARN] DbFile:41 - Overriding database path with different value: C:\Users\aleja\.stmcufinder\plugins\mcufinder/ => C:\Users\aleja\.stmcufinder\plugins\mcufinder
2024-01-17 00:59:04,474 [WARN] DbFile:41 - Overriding database path with different value: C:\Users\aleja\.stmcufinder\plugins\mcufinder/ => C:\Users\aleja\.stmcufinder\plugins\mcufinder
2024-01-17 00:59:04,474 [INFO] CrossReferenceDbSqlite:203 - Set database path to: C:\Users\aleja\.stmcufinder\plugins\mcufinder//mcu/cs/
2024-01-17 00:59:04,501 [INFO] ApplicationProperties:184 - Using Application install path: C:\ST\STM32CubeIDE_1.13.2\STM32CubeIDE\plugins\com.st.stm32cube.common.mx_6.10.0.202311202037
2024-01-17 00:59:04,504 [INFO] PluginManage:196 - Search for loadable plugins [exclusion list=, ]
2024-01-17 00:59:04,506 [INFO] PluginManage:310 - Check plugin analytics
2024-01-17 00:59:04,693 [INFO] AnalyticsPlugin:253 - Accepted Software Licenses: 
2024-01-17 00:59:04,694 [INFO] AnalyticsPlugin:255 - Accepted CMSIS Pack Licenses: 
2024-01-17 00:59:04,694 [INFO] AnalyticsPlugin:257 - Accepted Firmware Licenses: 
2024-01-17 00:59:04,697 [INFO] PluginManage:359 - Loaded plugin analytics (category:tool,tabindex:-1)
2024-01-17 00:59:04,697 [INFO] PluginManage:310 - Check plugin cadmodel
2024-01-17 00:59:04,702 [INFO] CADModel:105 - Init CAD model plugin
2024-01-17 00:59:04,702 [INFO] PluginManage:359 - Loaded plugin cadmodel (category:power,tabindex:5)
2024-01-17 00:59:04,702 [INFO] PluginManage:310 - Check plugin clock
2024-01-17 00:59:04,711 [INFO] PluginManage:359 - Loaded plugin clock (category:base,tabindex:2)
2024-01-17 00:59:04,712 [INFO] PluginManage:310 - Check plugin ddr
2024-01-17 00:59:04,714 [INFO] PluginManage:359 - Loaded plugin ddr (category:tool,tabindex:6)
2024-01-17 00:59:04,714 [INFO] PluginManage:310 - Check plugin filemanager
2024-01-17 00:59:04,836 [INFO] PluginManage:359 - Loaded plugin filemanager (category:base,tabindex:10)
2024-01-17 00:59:04,836 [INFO] PluginManage:310 - Check plugin ipmanager
2024-01-17 00:59:04,844 [INFO] PluginManage:359 - Loaded plugin ipmanager (category:base,tabindex:5)
2024-01-17 00:59:04,844 [INFO] PluginManage:310 - Check plugin lpbam
2024-01-17 00:59:04,850 [INFO] PluginManage:359 - Loaded plugin lpbam (category:base,tabindex:0)
2024-01-17 00:59:04,851 [INFO] PluginManage:310 - Check plugin memorymap
2024-01-17 00:59:04,866 [INFO] PluginManage:359 - Loaded plugin memorymap (category:base,tabindex:4)
2024-01-17 00:59:04,866 [INFO] PluginManage:310 - Check plugin pinoutandconfiguration
2024-01-17 00:59:04,872 [INFO] PluginManage:359 - Loaded plugin pinoutandconfiguration (category:base,tabindex:1)
2024-01-17 00:59:04,872 [INFO] PluginManage:310 - Check plugin pinoutconfig
2024-01-17 00:59:04,974 [WARN] SupportedApi:132 - Cannot load RTOS API schema: s4s-elt-must-match.1: The content of 'definitions' must match (annotation?, (simpleType | complexType)?, (unique | key | keyref)*)). A problem was found starting at: attribute.
2024-01-17 00:59:05,125 [INFO] PluginManage:359 - Loaded plugin pinoutconfig (category:base,tabindex:0)
2024-01-17 00:59:05,125 [INFO] PluginManage:310 - Check plugin power
2024-01-17 00:59:05,135 [INFO] PluginManage:359 - Loaded plugin power (category:power,tabindex:4)
2024-01-17 00:59:05,135 [INFO] PluginManage:310 - Check plugin projectmanager
2024-01-17 00:59:05,152 [INFO] PluginManage:359 - Loaded plugin projectmanager (category:projectmanager,tabindex:3)
2024-01-17 00:59:05,153 [INFO] PluginManage:310 - Check plugin thirdparty
2024-01-17 00:59:05,288 [INFO] PluginManage:359 - Loaded plugin thirdparty (category:base,tabindex:-1)
2024-01-17 00:59:05,288 [WARN] IntegrityCheckThread:84 - waiting for thirdparty lock release [integrity check]
2024-01-17 00:59:05,288 [INFO] PluginManage:310 - Check plugin tools
2024-01-17 00:59:05,288 [INFO] IntegrityCheckThread:86 - entering critical section [integrity check]
2024-01-17 00:59:05,289 [INFO] ThirdPartyUpdaterWithRetryManager:70 - Updater plugin not ready yet. [1/15]
2024-01-17 00:59:05,291 [INFO] PluginManage:359 - Loaded plugin tools (category:base,tabindex:7)
2024-01-17 00:59:05,291 [INFO] PluginManage:310 - Check plugin tutovideos
2024-01-17 00:59:05,514 [INFO] PluginManage:359 - Loaded plugin tutovideos (category:base,tabindex:-1)
2024-01-17 00:59:05,514 [INFO] PluginManage:310 - Check plugin updater
2024-01-17 00:59:05,526 [INFO] PluginManage:359 - Loaded plugin updater (category:base,tabindex:12)
2024-01-17 00:59:05,527 [INFO] PluginManage:310 - Check plugin userauth
2024-01-17 00:59:05,534 [INFO] UserAuth:114 - Init User Auth plugin
2024-01-17 00:59:05,534 [INFO] PluginManage:359 - Loaded plugin userauth (category:base,tabindex:14)
2024-01-17 00:59:05,534 [INFO] PluginManage:283 - PluginManage : Loaded plugins [17]
2024-01-17 00:59:05,804 [INFO] PinOutPanel:1499 - setPackage(No Configuration,No Configuration)
2024-01-17 00:59:05,886 [INFO] CADModel:165 - CPN selected for project level
2024-01-17 00:59:05,886 [INFO] CADModel:114 - Register for checkConnection events
2024-01-17 00:59:05,903 [INFO] IPUIPlugin:80 - create IPUIPlugin
2024-01-17 00:59:05,903 [INFO] PluginManager:220 - loadIPPluginJar : add adc
2024-01-17 00:59:05,905 [INFO] IPUIPlugin:80 - create IPUIPlugin
2024-01-17 00:59:05,905 [INFO] PluginManager:220 - loadIPPluginJar : add aes
2024-01-17 00:59:05,908 [INFO] IPUIPlugin:80 - create IPUIPlugin
2024-01-17 00:59:05,909 [INFO] PluginManager:220 - loadIPPluginJar : add can
2024-01-17 00:59:05,910 [INFO] IPUIPlugin:80 - create IPUIPlugin
2024-01-17 00:59:05,910 [INFO] PluginManager:220 - loadIPPluginJar : add comp
2024-01-17 00:59:05,912 [INFO] IPUIPlugin:80 - create IPUIPlugin
2024-01-17 00:59:05,912 [INFO] PluginManager:220 - loadIPPluginJar : add cryp
2024-01-17 00:59:05,914 [INFO] IPUIPlugin:80 - create IPUIPlugin
2024-01-17 00:59:05,914 [INFO] PluginManager:220 - loadIPPluginJar : add dfsdm
2024-01-17 00:59:05,919 [INFO] IPUIPlugin:80 - create IPUIPlugin
2024-01-17 00:59:05,919 [INFO] PluginManager:220 - loadIPPluginJar : add dma
2024-01-17 00:59:05,921 [INFO] IPUIPlugin:80 - create IPUIPlugin
2024-01-17 00:59:05,921 [INFO] PluginManager:220 - loadIPPluginJar : add dma3
2024-01-17 00:59:05,922 [INFO] IPUIPlugin:80 - create IPUIPlugin
2024-01-17 00:59:05,922 [INFO] PluginManager:220 - loadIPPluginJar : add fatfs
2024-01-17 00:59:05,927 [INFO] IPUIPlugin:80 - create IPUIPlugin
2024-01-17 00:59:05,927 [INFO] PluginManager:220 - loadIPPluginJar : add fmc
2024-01-17 00:59:05,931 [INFO] IPUIPlugin:80 - create IPUIPlugin
2024-01-17 00:59:05,931 [INFO] PluginManager:220 - loadIPPluginJar : add freertos
2024-01-17 00:59:05,932 [INFO] IPUIPlugin:80 - create IPUIPlugin
2024-01-17 00:59:05,932 [INFO] PluginManager:220 - loadIPPluginJar : add genericplugin
2024-01-17 00:59:05,933 [INFO] IPUIPlugin:80 - create IPUIPlugin
2024-01-17 00:59:05,933 [INFO] PluginManager:220 - loadIPPluginJar : add gfxmmu
2024-01-17 00:59:05,937 [INFO] IPUIPlugin:80 - create IPUIPlugin
2024-01-17 00:59:05,938 [INFO] PluginManager:220 - loadIPPluginJar : add gic
2024-01-17 00:59:05,940 [INFO] IPUIPlugin:80 - create IPUIPlugin
2024-01-17 00:59:05,941 [INFO] PluginManager:220 - loadIPPluginJar : add gpio
2024-01-17 00:59:05,943 [INFO] IPUIPlugin:80 - create IPUIPlugin
2024-01-17 00:59:05,943 [INFO] PluginManager:220 - loadIPPluginJar : add gtzc
2024-01-17 00:59:05,945 [INFO] IPUIPlugin:80 - create IPUIPlugin
2024-01-17 00:59:05,945 [INFO] PluginManager:220 - loadIPPluginJar : add hash
2024-01-17 00:59:05,946 [INFO] IPUIPlugin:80 - create IPUIPlugin
2024-01-17 00:59:05,946 [INFO] PluginManager:220 - loadIPPluginJar : add i2c
2024-01-17 00:59:05,948 [INFO] IPUIPlugin:80 - create IPUIPlugin
2024-01-17 00:59:05,948 [INFO] PluginManager:220 - loadIPPluginJar : add i2s
2024-01-17 00:59:05,949 [INFO] IPUIPlugin:80 - create IPUIPlugin
2024-01-17 00:59:05,949 [INFO] PluginManager:220 - loadIPPluginJar : add i3c
2024-01-17 00:59:05,952 [INFO] IPUIPlugin:80 - create IPUIPlugin
2024-01-17 00:59:05,952 [INFO] PluginManager:220 - loadIPPluginJar : add ipddr
2024-01-17 00:59:05,958 [INFO] IPUIPlugin:80 - create IPUIPlugin
2024-01-17 00:59:05,959 [INFO] PluginManager:220 - loadIPPluginJar : add linkedlist
2024-01-17 00:59:05,960 [INFO] IPUIPlugin:80 - create IPUIPlugin
2024-01-17 00:59:05,961 [INFO] PluginManager:220 - loadIPPluginJar : add lorawan
2024-01-17 00:59:05,961 [INFO] IPUIPlugin:80 - create IPUIPlugin
2024-01-17 00:59:05,962 [INFO] PluginManager:220 - loadIPPluginJar : add ltdc
2024-01-17 00:59:05,966 [INFO] IPUIPlugin:80 - create IPUIPlugin
2024-01-17 00:59:05,966 [INFO] PluginManager:220 - loadIPPluginJar : add mdma
2024-01-17 00:59:05,969 [INFO] IPUIPlugin:80 - create IPUIPlugin
2024-01-17 00:59:05,969 [INFO] PluginManager:220 - loadIPPluginJar : add nvic
2024-01-17 00:59:05,971 [INFO] IPUIPlugin:80 - create IPUIPlugin
2024-01-17 00:59:05,971 [INFO] PluginManager:220 - loadIPPluginJar : add opamp
2024-01-17 00:59:05,974 [INFO] IPUIPlugin:80 - create IPUIPlugin
2024-01-17 00:59:05,974 [INFO] PluginManager:220 - loadIPPluginJar : add openamp
2024-01-17 00:59:05,977 [INFO] IPUIPlugin:80 - create IPUIPlugin
2024-01-17 00:59:05,977 [INFO] PluginManager:220 - loadIPPluginJar : add pdm2pcm
2024-01-17 00:59:05,981 [INFO] IPUIPlugin:80 - create IPUIPlugin
2024-01-17 00:59:05,985 [INFO] PluginManager:220 - loadIPPluginJar : add plateformsettings
2024-01-17 00:59:05,986 [INFO] IPUIPlugin:80 - create IPUIPlugin
2024-01-17 00:59:05,986 [INFO] PluginManager:220 - loadIPPluginJar : add quadspi
2024-01-17 00:59:05,990 [INFO] IPUIPlugin:80 - create IPUIPlugin
2024-01-17 00:59:05,990 [INFO] PluginManager:220 - loadIPPluginJar : add resmgrutility
2024-01-17 00:59:05,993 [INFO] IPUIPlugin:80 - create IPUIPlugin
2024-01-17 00:59:05,993 [INFO] PluginManager:220 - loadIPPluginJar : add sai
2024-01-17 00:59:05,995 [INFO] IPUIPlugin:80 - create IPUIPlugin
2024-01-17 00:59:05,995 [INFO] PluginManager:220 - loadIPPluginJar : add spi
2024-01-17 00:59:06,001 [INFO] IPUIPlugin:80 - create IPUIPlugin
2024-01-17 00:59:06,001 [INFO] PluginManager:220 - loadIPPluginJar : add stm32_wpan
2024-01-17 00:59:06,003 [INFO] IPUIPlugin:80 - create IPUIPlugin
2024-01-17 00:59:06,003 [INFO] PluginManager:220 - loadIPPluginJar : add tim
2024-01-17 00:59:06,007 [INFO] IPUIPlugin:80 - create IPUIPlugin
2024-01-17 00:59:06,007 [INFO] PluginManager:220 - loadIPPluginJar : add touchsensing
2024-01-17 00:59:06,009 [INFO] IPUIPlugin:80 - create IPUIPlugin
2024-01-17 00:59:06,009 [INFO] PluginManager:220 - loadIPPluginJar : add tracer_emb
2024-01-17 00:59:06,011 [INFO] IPUIPlugin:80 - create IPUIPlugin
2024-01-17 00:59:06,011 [INFO] PluginManager:220 - loadIPPluginJar : add ts
2024-01-17 00:59:06,012 [INFO] IPUIPlugin:80 - create IPUIPlugin
2024-01-17 00:59:06,012 [INFO] PluginManager:220 - loadIPPluginJar : add tsc
2024-01-17 00:59:06,014 [INFO] IPUIPlugin:80 - create IPUIPlugin
2024-01-17 00:59:06,014 [INFO] PluginManager:220 - loadIPPluginJar : add ucpd
2024-01-17 00:59:06,016 [INFO] IPUIPlugin:80 - create IPUIPlugin
2024-01-17 00:59:06,016 [INFO] PluginManager:220 - loadIPPluginJar : add usart
2024-01-17 00:59:06,019 [INFO] IPUIPlugin:80 - create IPUIPlugin
2024-01-17 00:59:06,020 [INFO] PluginManager:220 - loadIPPluginJar : add usbx
2024-01-17 00:59:06,148 [INFO] CADModel:165 - CPN selected for project level
2024-01-17 00:59:06,148 [INFO] CADModel:114 - Register for checkConnection events
2024-01-17 00:59:06,149 [FATAL] Updater:308 - Updater called before beeing initialized
2024-01-17 00:59:06,149 [ERROR] CADModel:125 - Updater not yet initialized, retry later 
2024-01-17 00:59:06,313 [INFO] CADModel:165 - CPN selected for project level
2024-01-17 00:59:06,314 [INFO] CADModel:114 - Register for checkConnection events
2024-01-17 00:59:06,314 [FATAL] Updater:308 - Updater called before beeing initialized
2024-01-17 00:59:06,314 [ERROR] CADModel:125 - Updater not yet initialized, retry later 
2024-01-17 00:59:06,318 [FATAL] Updater:308 - Updater called before beeing initialized
2024-01-17 00:59:06,466 [FATAL] Updater:308 - Updater called before beeing initialized
2024-01-17 00:59:06,469 [INFO] DbMcusAds:53 - JSON generation date=Wed Nov 29 11:52:27 CET 2023 (1701255147349)
2024-01-17 00:59:06,469 [FATAL] Updater:308 - Updater called before beeing initialized
2024-01-17 00:59:06,502 [WARN] DetailPanel:346 - Failed to get advertising image, set to default
2024-01-17 00:59:06,581 [FATAL] Updater:308 - Updater called before beeing initialized
2024-01-17 00:59:06,582 [FATAL] Updater:308 - Updater called before beeing initialized
2024-01-17 00:59:06,582 [FATAL] Updater:308 - Updater called before beeing initialized
2024-01-17 00:59:06,582 [WARN] DetailPanel:346 - Failed to get advertising image, set to default
2024-01-17 00:59:06,583 [FATAL] Updater:308 - Updater called before beeing initialized
2024-01-17 00:59:06,625 [ERROR] Updater:1120 - MainUpdater not yet initialized. External WinMGr cannot be set.
2024-01-17 00:59:06,627 [INFO] Updater:1056 - Updater Version found : 6.10.0
2024-01-17 00:59:06,645 [INFO] ApplicationProperties:184 - Using Application install path: C:\ST\STM32CubeIDE_1.13.2\STM32CubeIDE\plugins\com.st.stm32cube.common.mx_6.10.0.202311202037
2024-01-17 00:59:08,216 [ERROR] LogOutputStream:75 - [STDERR_REDIRECT] Jan 17, 2024 12:59:08 AM java.util.prefs.WindowsPreferences <init>
2024-01-17 00:59:08,218 [ERROR] LogOutputStream:75 - [STDERR_REDIRECT] WARNING: Could not open/create prefs root node Software\JavaSoft\Prefs at root 0xffffffff80000002. Windows RegCreateKeyEx(...) returned error code 5.
2024-01-17 00:59:08,218 [ERROR] LogOutputStream:75 - [STDERR_REDIRECT] 
2024-01-17 00:59:08,290 [INFO] ThirdPartyUpdaterWithRetryManager:70 - Updater plugin not ready yet. [2/15]
2024-01-17 00:59:08,668 [INFO] MainUpdater:2873 - connection check result : 10
2024-01-17 00:59:08,669 [INFO] MainUpdater:290 - Updater Check For Update Now.
2024-01-17 00:59:08,670 [INFO] MicroXplorer:498 - Change Database Version : DB.6.0.100
2024-01-17 00:59:08,694 [INFO] McuFinderGlobals:63 - Set McuFinder mode to 2 (CubeIDE integrated)
2024-01-17 00:59:08,706 [INFO] UserAuth:404 - Internet connection configuration mode: 1
2024-01-17 00:59:08,738 [INFO] JxBrowserEngine:152 - Initiate JxBrowser Engine with user profile folder
2024-01-17 00:59:08,854 [INFO] CheckServerUpdateThread:120 - End of CheckServer Thread
2024-01-17 00:59:09,547 [INFO] WebApp:161 - Instantiating new browser for Auth
2024-01-17 00:59:10,254 [INFO] WebApp:780 - Register for checkConnection events
2024-01-17 00:59:10,254 [INFO] WebApp:414 - Apply proxy settings
2024-01-17 00:59:10,254 [INFO] WebApp:499 - Chromium requires no authentication
2024-01-17 00:59:10,262 [INFO] WebApp:442 - Direct internet connection detected
2024-01-17 00:59:10,445 [INFO] WebApp:192 - Starting web application
2024-01-17 00:59:10,446 [INFO] WebApp:544 - Web application path used C:\ST\STM32CubeIDE_1.13.2\STM32CubeIDE\plugins\com.st.stm32cube.common.mx_6.10.0.202311202037\db\plugins\mcufinder\reactClient1\index.html
2024-01-17 00:59:11,436 [WARN] PackLoader:240 - Cannot read IP mode file for STMicroelectronics.X-CUBE-SMBUS.2.1.0
2024-01-17 00:59:11,448 [WARN] PackLoader:240 - Cannot read IP mode file for STMicroelectronics.X-CUBE-TOUCHGFX.4.23.0
2024-01-17 00:59:11,472 [WARN] PackLoader:240 - Cannot read IP mode file for STMicroelectronics.X-CUBE-AZRTOS-F7.1.1.0
2024-01-17 00:59:11,482 [WARN] PackLoader:240 - Cannot read IP mode file for STMicroelectronics.FP-SNS-MOTENV1.4.3.2
2024-01-17 00:59:11,486 [WARN] PackLoader:240 - Cannot read IP mode file for STMicroelectronics.FP-SNS-FLIGHT1.5.0.2
2024-01-17 00:59:11,496 [WARN] PackLoader:240 - Cannot read IP mode file for STMicroelectronics.X-CUBE-DISPLAY.3.0.0
2024-01-17 00:59:11,507 [WARN] PackLoader:240 - Cannot read IP mode file for STMicroelectronics.X-CUBE-BLE1.7.0.0
2024-01-17 00:59:11,514 [WARN] PackLoader:240 - Cannot read IP mode file for emotas.I-CUBE-CANOPEN.1.3.0
2024-01-17 00:59:11,517 [WARN] PackLoader:240 - Cannot read IP mode file for STMicroelectronics.X-CUBE-TOUCHGFX.4.22.1
2024-01-17 00:59:11,520 [WARN] PackLoader:240 - Cannot read IP mode file for STMicroelectronics.FP-SNS-SMARTAG2.1.2.0
2024-01-17 00:59:11,532 [INFO] LogOutputStream:77 - [STDOUT_REDIRECT] 1 : Invalid condition id : UX_CORESTACK_Condition cause : null
2024-01-17 00:59:11,532 [INFO] LogOutputStream:77 - [STDOUT_REDIRECT] 1 : Invalid condition id : UX_CORESTACK_Condition cause : null
2024-01-17 00:59:11,534 [INFO] LogOutputStream:77 - [STDOUT_REDIRECT] 1 : Invalid condition id : UX_CORESTACK_Condition cause : null
2024-01-17 00:59:11,535 [INFO] LogOutputStream:77 - [STDOUT_REDIRECT] 1 : Invalid condition id : UX_CORESTACK_Condition cause : null
2024-01-17 00:59:11,536 [INFO] LogOutputStream:77 - [STDOUT_REDIRECT] 1 : Invalid condition id : UX_CORESTACK_Condition cause : null
2024-01-17 00:59:11,541 [WARN] PackLoader:240 - Cannot read IP mode file for STMicroelectronics.X-CUBE-AZRTOS-WL.2.0.0
2024-01-17 00:59:11,551 [WARN] PackLoader:240 - Cannot read IP mode file for WES.I-CUBE-Cesium.1.3.0
2024-01-17 00:59:11,557 [WARN] PackLoader:240 - Cannot read IP mode file for STMicroelectronics.X-CUBE-BLE2.3.3.0
2024-01-17 00:59:11,568 [WARN] PackLoader:240 - Cannot read IP mode file for STMicroelectronics.X-CUBE-ALGOBUILD.1.3.0
2024-01-17 00:59:11,583 [WARN] PackLoader:240 - Cannot read IP mode file for STMicroelectronics.X-CUBE-AZRTOS-G0.1.1.0
2024-01-17 00:59:11,590 [WARN] PackLoader:240 - Cannot read IP mode file for STMicroelectronics.X-CUBE-NFC4.3.0.0
2024-01-17 00:59:11,603 [WARN] PackLoader:240 - Cannot read IP mode file for STMicroelectronics.X-CUBE-BLEMGR.3.0.0
2024-01-17 00:59:11,609 [WARN] PackLoader:240 - Cannot read IP mode file for STMicroelectronics.FP-ATR-SIGFOX1.3.2.0
2024-01-17 00:59:11,614 [WARN] PackLoader:240 - Cannot read IP mode file for STMicroelectronics.X-CUBE-GNSS1.6.0.0
2024-01-17 00:59:11,629 [WARN] PackLoader:240 - Cannot read IP mode file for STMicroelectronics.X-CUBE-AZRTOS-F4.1.1.0
2024-01-17 00:59:11,636 [WARN] PackLoader:240 - Cannot read IP mode file for wolfSSL.I-CUBE-wolfSSL.5.6.4
2024-01-17 00:59:11,651 [WARN] PackLoader:240 - Cannot read IP mode file for STMicroelectronics.X-CUBE-AZRTOS-L5.2.0.0
2024-01-17 00:59:11,658 [WARN] PackLoader:240 - Cannot read IP mode file for STMicroelectronics.X-CUBE-EEPRMA1.4.2.0
2024-01-17 00:59:11,663 [WARN] PackLoader:240 - Cannot read IP mode file for ITTIA_DB.I-CUBE-ITTIADB.8.8.0
2024-01-17 00:59:11,675 [WARN] ConditionMgr:438 - getConditionDescription Invalid condition id : UX DEVICE CLASS RTOS Condition cause : null
2024-01-17 00:59:11,676 [WARN] ConditionMgr:438 - getConditionDescription Invalid condition id : UX DEVICE CLASS RTOS Condition cause : null
2024-01-17 00:59:11,678 [WARN] PackLoader:240 - Cannot read IP mode file for STMicroelectronics.X-CUBE-AZRTOS-H7.3.1.0
2024-01-17 00:59:11,679 [WARN] ConditionMgr:1039 - genDependencies : Invalid condition id : UX DEVICE CLASS RTOS Condition cause : null
2024-01-17 00:59:11,679 [WARN] ConditionMgr:1039 - genDependencies : Invalid condition id : UX DEVICE CLASS RTOS Condition cause : null
2024-01-17 00:59:11,680 [WARN] ConditionMgr:1039 - genDependencies : Invalid condition id : UX DEVICE CLASS RTOS Condition cause : null
2024-01-17 00:59:11,680 [WARN] ConditionMgr:1039 - genDependencies : Invalid condition id : UX DEVICE CLASS RTOS Condition cause : null
2024-01-17 00:59:11,681 [WARN] ConditionMgr:1039 - genDependencies : Invalid condition id : UX DEVICE CLASS RTOS Condition cause : null
2024-01-17 00:59:11,685 [WARN] PackLoader:240 - Cannot read IP mode file for STMicroelectronics.X-CUBE-NFC7.1.0.1
2024-01-17 00:59:11,691 [WARN] PackLoader:240 - Cannot read IP mode file for STMicroelectronics.X-CUBE-NFC6.3.0.0
2024-01-17 00:59:11,696 [WARN] PackLoader:240 - Cannot read IP mode file for STMicroelectronics.X-CUBE-AI.8.1.0
2024-01-17 00:59:11,708 [WARN] ConditionMgr:438 - getConditionDescription Invalid condition id : LAN8742 Phy interface Condition cause : null
2024-01-17 00:59:11,709 [WARN] PackLoader:240 - Cannot read IP mode file for STMicroelectronics.X-CUBE-AZRTOS-L4.2.0.0
2024-01-17 00:59:11,710 [WARN] ConditionMgr:1039 - genDependencies : Invalid condition id : LAN8742 Phy interface Condition cause : null
2024-01-17 00:59:11,710 [WARN] ConditionMgr:1039 - genDependencies : Invalid condition id : LAN8742 Phy interface Condition cause : null
2024-01-17 00:59:11,710 [WARN] ConditionMgr:1039 - genDependencies : Invalid condition id : LAN8742 Phy interface Condition cause : null
2024-01-17 00:59:11,715 [WARN] PackLoader:240 - Cannot read IP mode file for STMicroelectronics.X-CUBE-SFXS2LP1.4.0.0
2024-01-17 00:59:11,720 [WARN] PackLoader:240 - Cannot read IP mode file for STMicroelectronics.X-CUBE-ISPU.1.1.0
2024-01-17 00:59:11,728 [WARN] ConditionMgr:438 - getConditionDescription Invalid condition id : UX DEVICE CLASS RTOS Condition cause : null
2024-01-17 00:59:11,728 [WARN] ConditionMgr:438 - getConditionDescription Invalid condition id : UX DEVICE CLASS RTOS Condition cause : null
2024-01-17 00:59:11,729 [WARN] PackLoader:240 - Cannot read IP mode file for STMicroelectronics.X-CUBE-AZRTOS-WB.2.0.0
2024-01-17 00:59:11,730 [WARN] ConditionMgr:1039 - genDependencies : Invalid condition id : UX DEVICE CLASS RTOS Condition cause : null
2024-01-17 00:59:11,730 [WARN] ConditionMgr:1039 - genDependencies : Invalid condition id : UX DEVICE CLASS RTOS Condition cause : null
2024-01-17 00:59:11,731 [WARN] ConditionMgr:1039 - genDependencies : Invalid condition id : UX DEVICE CLASS RTOS Condition cause : null
2024-01-17 00:59:11,731 [WARN] ConditionMgr:1039 - genDependencies : Invalid condition id : UX DEVICE CLASS RTOS Condition cause : null
2024-01-17 00:59:11,731 [WARN] ConditionMgr:1039 - genDependencies : Invalid condition id : UX DEVICE CLASS RTOS Condition cause : null
2024-01-17 00:59:11,739 [WARN] PackLoader:240 - Cannot read IP mode file for STMicroelectronics.X-CUBE-SUBG2.5.0.0
2024-01-17 00:59:11,751 [WARN] PackLoader:240 - Cannot read IP mode file for STMicroelectronics.X-CUBE-AZRTOS-G4.2.0.0
2024-01-17 00:59:11,764 [WARN] PackLoader:240 - Cannot read IP mode file for Infineon.AIROC-Wi-Fi-Bluetooth-STM32.1.5.1
2024-01-17 00:59:11,771 [WARN] PackLoader:240 - Cannot read IP mode file for STMicroelectronics.FP-SNS-MOTENVWB1.1.3.1
2024-01-17 00:59:11,776 [WARN] PackLoader:240 - Cannot read IP mode file for STMicroelectronics.X-CUBE-ISPU.2.0.0
2024-01-17 00:59:11,798 [WARN] PackLoader:240 - Cannot read IP mode file for STMicroelectronics.X-CUBE-MEMS1.10.0.0
2024-01-17 00:59:11,908 [WARN] PackLoader:240 - Cannot read IP mode file for STMicroelectronics.X-CUBE-FREERTOS.1.1.0
2024-01-17 00:59:11,915 [WARN] PackLoader:240 - Cannot read IP mode file for portGmbH.I-Cube-SoM-uGOAL.1.1.0
2024-01-17 00:59:11,921 [WARN] PackLoader:240 - Cannot read IP mode file for STMicroelectronics.X-CUBE-ALS.1.0.1
2024-01-17 00:59:11,926 [WARN] PackLoader:240 - Cannot read IP mode file for STMicroelectronics.FP-ATR-ASTRA1.2.0.0
2024-01-17 00:59:11,937 [WARN] PackLoader:240 - Cannot read IP mode file for STMicroelectronics.X-CUBE-TOF1.3.4.0
2024-01-17 00:59:11,996 [WARN] PackLoader:240 - Cannot read IP mode file for STMicroelectronics.X-CUBE-AZRTOS-H7.3.2.0
2024-01-17 00:59:12,000 [INFO] ThirdParty:978 - Integrity check success = true
2024-01-17 00:59:12,001 [INFO] IntegrityCheckThread:100 - exiting critical section [integrity check]
2024-01-17 00:59:12,001 [INFO] IntegrityCheckThread:103 - End integrity checks thread
2024-01-17 00:59:23,372 [ERROR] LogOutputStream:75 - [STDERR_REDIRECT] SLF4J: Failed to load class "org.slf4j.impl.StaticLoggerBinder".
2024-01-17 00:59:23,373 [ERROR] LogOutputStream:75 - [STDERR_REDIRECT] SLF4J: Defaulting to no-operation (NOP) logger implementation
2024-01-17 00:59:23,374 [ERROR] LogOutputStream:75 - [STDERR_REDIRECT] SLF4J: See http://www.slf4j.org/codes.html#StaticLoggerBinder for further details.
2024-01-17 01:05:56,151 [ERROR] LogOutputStream:75 - [STDERR_REDIRECT] 
2024-01-17 01:05:56,152 [ERROR] LogOutputStream:75 - [STDERR_REDIRECT] 
2024-01-17 01:07:24,072 [INFO] Activator:176 - 


2024-01-17 01:07:24,072 [INFO] Activator:177 - !SESSION log4j initialized
2024-01-17 01:07:31,997 [INFO] LogOutputStream:77 - [STDOUT_REDIRECT] 
2024-01-17 01:07:33,223 [INFO] ApplicationProperties:184 - Using Application install path: C:\ST\STM32CubeIDE_1.13.2\STM32CubeIDE\plugins\com.st.stm32cube.common.mx_6.10.0.202311202037
2024-01-17 01:07:33,242 [INFO] DbMcusXml:78 - Set database path to: C:\ST\STM32CubeIDE_1.13.2\STM32CubeIDE\plugins\com.st.stm32cube.common.mx_6.10.0.202311202037\\db\/mcu/
2024-01-17 01:07:33,242 [INFO] ApiDb:274 - Set plugin database path to: C:\ST\STM32CubeIDE_1.13.2\STM32CubeIDE\plugins\com.st.stm32cube.common.mx_6.10.0.202311202037\\db\/plugins/boardmanager/
2024-01-17 01:07:33,242 [WARN] ApiDb:259 - Overriding images path with different value:  => C:\ST\STM32CubeIDE_1.13.2\STM32CubeIDE\plugins\com.st.stm32cube.common.mx_6.10.0.202311202037\\db\/plugins/mcufinder/images/
2024-01-17 01:07:33,251 [INFO] ApiDb:250 - Set database path to: C:\Users\aleja\.stmcufinder\plugins\mcufinder//mcu/
2024-01-17 01:07:33,253 [INFO] DbMcusAds:125 - Set database path to: C:\Users\aleja\.stmcufinder\plugins\mcufinder//mcu/
2024-01-17 01:07:33,254 [INFO] CrossReferenceDbSqlite:203 - Set database path to: C:\Users\aleja\.stmcufinder\plugins\mcufinder//mcu/cs/
2024-01-17 01:07:33,382 [INFO] RulesReader:64 - Compatibility file has been processed (297 Rules)
2024-01-17 01:07:33,489 [INFO] DbMcusXml:78 - Set database path to: C:\ST\STM32CubeIDE_1.13.2\STM32CubeIDE\plugins\com.st.stm32cube.common.mx_6.10.0.202311202037\\db\/mcu/
2024-01-17 01:07:33,489 [INFO] ApiDb:274 - Set plugin database path to: C:\ST\STM32CubeIDE_1.13.2\STM32CubeIDE\plugins\com.st.stm32cube.common.mx_6.10.0.202311202037\\db\/plugins/boardmanager/
2024-01-17 01:07:33,489 [INFO] ApiDb:261 - Set plugin images path to: C:\ST\STM32CubeIDE_1.13.2\STM32CubeIDE\plugins\com.st.stm32cube.common.mx_6.10.0.202311202037\\db\/plugins/mcufinder/images/
2024-01-17 01:07:33,490 [WARN] DbFile:41 - Overriding database path with different value: C:\Users\aleja\.stmcufinder\plugins\mcufinder/ => C:\Users\aleja\.stmcufinder\plugins\mcufinder
2024-01-17 01:07:33,490 [INFO] ApiDb:250 - Set database path to: C:\Users\aleja\.stmcufinder\plugins\mcufinder//mcu/
2024-01-17 01:07:33,490 [WARN] DbFile:41 - Overriding database path with different value: C:\Users\aleja\.stmcufinder\plugins\mcufinder/ => C:\Users\aleja\.stmcufinder\plugins\mcufinder
2024-01-17 01:07:33,490 [INFO] DbMcusAds:125 - Set database path to: C:\Users\aleja\.stmcufinder\plugins\mcufinder//mcu/
2024-01-17 01:07:33,490 [WARN] DbFile:41 - Overriding database path with different value: C:\Users\aleja\.stmcufinder\plugins\mcufinder/ => C:\Users\aleja\.stmcufinder\plugins\mcufinder
2024-01-17 01:07:33,490 [WARN] DbFile:41 - Overriding database path with different value: C:\Users\aleja\.stmcufinder\plugins\mcufinder/ => C:\Users\aleja\.stmcufinder\plugins\mcufinder
2024-01-17 01:07:33,490 [INFO] CrossReferenceDbSqlite:203 - Set database path to: C:\Users\aleja\.stmcufinder\plugins\mcufinder//mcu/cs/
2024-01-17 01:07:33,576 [INFO] MainPanel:264 - HeapMemory: 268435456
2024-01-17 01:07:33,660 [INFO] DbMcusXml:78 - Set database path to: C:\ST\STM32CubeIDE_1.13.2\STM32CubeIDE\plugins\com.st.stm32cube.common.mx_6.10.0.202311202037\\db\/mcu/
2024-01-17 01:07:33,660 [INFO] ApiDb:274 - Set plugin database path to: C:\ST\STM32CubeIDE_1.13.2\STM32CubeIDE\plugins\com.st.stm32cube.common.mx_6.10.0.202311202037\\db\/plugins/boardmanager/
2024-01-17 01:07:33,660 [INFO] ApiDb:261 - Set plugin images path to: C:\ST\STM32CubeIDE_1.13.2\STM32CubeIDE\plugins\com.st.stm32cube.common.mx_6.10.0.202311202037\\db\/plugins/mcufinder/images/
2024-01-17 01:07:33,660 [WARN] DbFile:41 - Overriding database path with different value: C:\Users\aleja\.stmcufinder\plugins\mcufinder/ => C:\Users\aleja\.stmcufinder\plugins\mcufinder
2024-01-17 01:07:33,661 [INFO] ApiDb:250 - Set database path to: C:\Users\aleja\.stmcufinder\plugins\mcufinder//mcu/
2024-01-17 01:07:33,661 [WARN] DbFile:41 - Overriding database path with different value: C:\Users\aleja\.stmcufinder\plugins\mcufinder/ => C:\Users\aleja\.stmcufinder\plugins\mcufinder
2024-01-17 01:07:33,661 [INFO] DbMcusAds:125 - Set database path to: C:\Users\aleja\.stmcufinder\plugins\mcufinder//mcu/
2024-01-17 01:07:33,661 [WARN] DbFile:41 - Overriding database path with different value: C:\Users\aleja\.stmcufinder\plugins\mcufinder/ => C:\Users\aleja\.stmcufinder\plugins\mcufinder
2024-01-17 01:07:33,661 [WARN] DbFile:41 - Overriding database path with different value: C:\Users\aleja\.stmcufinder\plugins\mcufinder/ => C:\Users\aleja\.stmcufinder\plugins\mcufinder
2024-01-17 01:07:33,661 [INFO] CrossReferenceDbSqlite:203 - Set database path to: C:\Users\aleja\.stmcufinder\plugins\mcufinder//mcu/cs/
2024-01-17 01:07:33,677 [INFO] ApplicationProperties:184 - Using Application install path: C:\ST\STM32CubeIDE_1.13.2\STM32CubeIDE\plugins\com.st.stm32cube.common.mx_6.10.0.202311202037
2024-01-17 01:07:33,679 [INFO] PluginManage:196 - Search for loadable plugins [exclusion list=, ]
2024-01-17 01:07:33,680 [INFO] PluginManage:310 - Check plugin analytics
2024-01-17 01:07:33,868 [INFO] AnalyticsPlugin:253 - Accepted Software Licenses: 
2024-01-17 01:07:33,868 [INFO] AnalyticsPlugin:255 - Accepted CMSIS Pack Licenses: 
2024-01-17 01:07:33,868 [INFO] AnalyticsPlugin:257 - Accepted Firmware Licenses: 
2024-01-17 01:07:33,872 [INFO] PluginManage:359 - Loaded plugin analytics (category:tool,tabindex:-1)
2024-01-17 01:07:33,873 [INFO] PluginManage:310 - Check plugin cadmodel
2024-01-17 01:07:33,887 [INFO] CADModel:105 - Init CAD model plugin
2024-01-17 01:07:33,888 [INFO] PluginManage:359 - Loaded plugin cadmodel (category:power,tabindex:5)
2024-01-17 01:07:33,888 [INFO] PluginManage:310 - Check plugin clock
2024-01-17 01:07:33,908 [INFO] PluginManage:359 - Loaded plugin clock (category:base,tabindex:2)
2024-01-17 01:07:33,908 [INFO] PluginManage:310 - Check plugin ddr
2024-01-17 01:07:33,910 [INFO] PluginManage:359 - Loaded plugin ddr (category:tool,tabindex:6)
2024-01-17 01:07:33,910 [INFO] PluginManage:310 - Check plugin filemanager
2024-01-17 01:07:34,041 [INFO] PluginManage:359 - Loaded plugin filemanager (category:base,tabindex:10)
2024-01-17 01:07:34,041 [INFO] PluginManage:310 - Check plugin ipmanager
2024-01-17 01:07:34,048 [INFO] PluginManage:359 - Loaded plugin ipmanager (category:base,tabindex:5)
2024-01-17 01:07:34,048 [INFO] PluginManage:310 - Check plugin lpbam
2024-01-17 01:07:34,066 [INFO] PluginManage:359 - Loaded plugin lpbam (category:base,tabindex:0)
2024-01-17 01:07:34,066 [INFO] PluginManage:310 - Check plugin memorymap
2024-01-17 01:07:34,089 [INFO] PluginManage:359 - Loaded plugin memorymap (category:base,tabindex:4)
2024-01-17 01:07:34,089 [INFO] PluginManage:310 - Check plugin pinoutandconfiguration
2024-01-17 01:07:34,107 [INFO] PluginManage:359 - Loaded plugin pinoutandconfiguration (category:base,tabindex:1)
2024-01-17 01:07:34,107 [INFO] PluginManage:310 - Check plugin pinoutconfig
2024-01-17 01:07:34,188 [WARN] SupportedApi:132 - Cannot load RTOS API schema: s4s-elt-must-match.1: The content of 'definitions' must match (annotation?, (simpleType | complexType)?, (unique | key | keyref)*)). A problem was found starting at: attribute.
2024-01-17 01:07:34,297 [INFO] PluginManage:359 - Loaded plugin pinoutconfig (category:base,tabindex:0)
2024-01-17 01:07:34,297 [INFO] PluginManage:310 - Check plugin power
2024-01-17 01:07:34,319 [INFO] PluginManage:359 - Loaded plugin power (category:power,tabindex:4)
2024-01-17 01:07:34,319 [INFO] PluginManage:310 - Check plugin projectmanager
2024-01-17 01:07:34,337 [INFO] PluginManage:359 - Loaded plugin projectmanager (category:projectmanager,tabindex:3)
2024-01-17 01:07:34,338 [INFO] PluginManage:310 - Check plugin thirdparty
2024-01-17 01:07:34,595 [INFO] PluginManage:359 - Loaded plugin thirdparty (category:base,tabindex:-1)
2024-01-17 01:07:34,596 [INFO] PluginManage:310 - Check plugin tools
2024-01-17 01:07:34,595 [WARN] IntegrityCheckThread:84 - waiting for thirdparty lock release [integrity check]
2024-01-17 01:07:34,596 [INFO] IntegrityCheckThread:86 - entering critical section [integrity check]
2024-01-17 01:07:34,596 [INFO] ThirdPartyUpdaterWithRetryManager:70 - Updater plugin not ready yet. [1/15]
2024-01-17 01:07:34,624 [INFO] PluginManage:359 - Loaded plugin tools (category:base,tabindex:7)
2024-01-17 01:07:34,624 [INFO] PluginManage:310 - Check plugin tutovideos
2024-01-17 01:07:34,825 [INFO] PluginManage:359 - Loaded plugin tutovideos (category:base,tabindex:-1)
2024-01-17 01:07:34,826 [INFO] PluginManage:310 - Check plugin updater
2024-01-17 01:07:34,841 [INFO] PluginManage:359 - Loaded plugin updater (category:base,tabindex:12)
2024-01-17 01:07:34,841 [INFO] PluginManage:310 - Check plugin userauth
2024-01-17 01:07:34,847 [INFO] UserAuth:114 - Init User Auth plugin
2024-01-17 01:07:34,847 [INFO] PluginManage:359 - Loaded plugin userauth (category:base,tabindex:14)
2024-01-17 01:07:34,847 [INFO] PluginManage:283 - PluginManage : Loaded plugins [17]
2024-01-17 01:07:35,109 [INFO] PinOutPanel:1499 - setPackage(No Configuration,No Configuration)
2024-01-17 01:07:35,170 [INFO] CADModel:165 - CPN selected for project level
2024-01-17 01:07:35,170 [INFO] CADModel:114 - Register for checkConnection events
2024-01-17 01:07:35,193 [INFO] IPUIPlugin:80 - create IPUIPlugin
2024-01-17 01:07:35,194 [INFO] PluginManager:220 - loadIPPluginJar : add adc
2024-01-17 01:07:35,220 [INFO] IPUIPlugin:80 - create IPUIPlugin
2024-01-17 01:07:35,220 [INFO] PluginManager:220 - loadIPPluginJar : add aes
2024-01-17 01:07:35,249 [INFO] IPUIPlugin:80 - create IPUIPlugin
2024-01-17 01:07:35,250 [INFO] PluginManager:220 - loadIPPluginJar : add can
2024-01-17 01:07:35,265 [INFO] IPUIPlugin:80 - create IPUIPlugin
2024-01-17 01:07:35,265 [INFO] PluginManager:220 - loadIPPluginJar : add comp
2024-01-17 01:07:35,290 [INFO] IPUIPlugin:80 - create IPUIPlugin
2024-01-17 01:07:35,290 [INFO] PluginManager:220 - loadIPPluginJar : add cryp
2024-01-17 01:07:35,312 [INFO] IPUIPlugin:80 - create IPUIPlugin
2024-01-17 01:07:35,312 [INFO] PluginManager:220 - loadIPPluginJar : add dfsdm
2024-01-17 01:07:35,323 [INFO] IPUIPlugin:80 - create IPUIPlugin
2024-01-17 01:07:35,324 [INFO] PluginManager:220 - loadIPPluginJar : add dma
2024-01-17 01:07:35,353 [INFO] IPUIPlugin:80 - create IPUIPlugin
2024-01-17 01:07:35,353 [INFO] PluginManager:220 - loadIPPluginJar : add dma3
2024-01-17 01:07:35,366 [INFO] IPUIPlugin:80 - create IPUIPlugin
2024-01-17 01:07:35,366 [INFO] PluginManager:220 - loadIPPluginJar : add fatfs
2024-01-17 01:07:35,397 [INFO] IPUIPlugin:80 - create IPUIPlugin
2024-01-17 01:07:35,398 [INFO] PluginManager:220 - loadIPPluginJar : add fmc
2024-01-17 01:07:35,409 [INFO] IPUIPlugin:80 - create IPUIPlugin
2024-01-17 01:07:35,409 [INFO] PluginManager:220 - loadIPPluginJar : add freertos
2024-01-17 01:07:35,423 [INFO] IPUIPlugin:80 - create IPUIPlugin
2024-01-17 01:07:35,423 [INFO] PluginManager:220 - loadIPPluginJar : add genericplugin
2024-01-17 01:07:35,487 [INFO] IPUIPlugin:80 - create IPUIPlugin
2024-01-17 01:07:35,487 [INFO] PluginManager:220 - loadIPPluginJar : add gfxmmu
2024-01-17 01:07:35,579 [INFO] IPUIPlugin:80 - create IPUIPlugin
2024-01-17 01:07:35,579 [INFO] PluginManager:220 - loadIPPluginJar : add gic
2024-01-17 01:07:35,590 [INFO] IPUIPlugin:80 - create IPUIPlugin
2024-01-17 01:07:35,590 [INFO] PluginManager:220 - loadIPPluginJar : add gpio
2024-01-17 01:07:35,655 [INFO] IPUIPlugin:80 - create IPUIPlugin
2024-01-17 01:07:35,656 [INFO] PluginManager:220 - loadIPPluginJar : add gtzc
2024-01-17 01:07:35,677 [INFO] IPUIPlugin:80 - create IPUIPlugin
2024-01-17 01:07:35,677 [INFO] PluginManager:220 - loadIPPluginJar : add hash
2024-01-17 01:07:35,713 [INFO] IPUIPlugin:80 - create IPUIPlugin
2024-01-17 01:07:35,714 [INFO] PluginManager:220 - loadIPPluginJar : add i2c
2024-01-17 01:07:35,740 [INFO] IPUIPlugin:80 - create IPUIPlugin
2024-01-17 01:07:35,741 [INFO] PluginManager:220 - loadIPPluginJar : add i2s
2024-01-17 01:07:35,769 [INFO] IPUIPlugin:80 - create IPUIPlugin
2024-01-17 01:07:35,769 [INFO] PluginManager:220 - loadIPPluginJar : add i3c
2024-01-17 01:07:35,847 [INFO] IPUIPlugin:80 - create IPUIPlugin
2024-01-17 01:07:35,847 [INFO] PluginManager:220 - loadIPPluginJar : add ipddr
2024-01-17 01:07:35,911 [INFO] IPUIPlugin:80 - create IPUIPlugin
2024-01-17 01:07:35,911 [INFO] PluginManager:220 - loadIPPluginJar : add linkedlist
2024-01-17 01:07:35,934 [INFO] IPUIPlugin:80 - create IPUIPlugin
2024-01-17 01:07:35,935 [INFO] PluginManager:220 - loadIPPluginJar : add lorawan
2024-01-17 01:07:35,959 [INFO] IPUIPlugin:80 - create IPUIPlugin
2024-01-17 01:07:35,960 [INFO] PluginManager:220 - loadIPPluginJar : add ltdc
2024-01-17 01:07:35,971 [INFO] IPUIPlugin:80 - create IPUIPlugin
2024-01-17 01:07:35,971 [INFO] PluginManager:220 - loadIPPluginJar : add mdma
2024-01-17 01:07:35,979 [INFO] IPUIPlugin:80 - create IPUIPlugin
2024-01-17 01:07:35,979 [INFO] PluginManager:220 - loadIPPluginJar : add nvic
2024-01-17 01:07:36,004 [INFO] IPUIPlugin:80 - create IPUIPlugin
2024-01-17 01:07:36,004 [INFO] PluginManager:220 - loadIPPluginJar : add opamp
2024-01-17 01:07:36,046 [INFO] IPUIPlugin:80 - create IPUIPlugin
2024-01-17 01:07:36,046 [INFO] PluginManager:220 - loadIPPluginJar : add openamp
2024-01-17 01:07:36,076 [INFO] IPUIPlugin:80 - create IPUIPlugin
2024-01-17 01:07:36,077 [INFO] PluginManager:220 - loadIPPluginJar : add pdm2pcm
2024-01-17 01:07:36,087 [INFO] IPUIPlugin:80 - create IPUIPlugin
2024-01-17 01:07:36,088 [INFO] PluginManager:220 - loadIPPluginJar : add plateformsettings
2024-01-17 01:07:36,102 [INFO] IPUIPlugin:80 - create IPUIPlugin
2024-01-17 01:07:36,102 [INFO] PluginManager:220 - loadIPPluginJar : add quadspi
2024-01-17 01:07:36,110 [INFO] IPUIPlugin:80 - create IPUIPlugin
2024-01-17 01:07:36,110 [INFO] PluginManager:220 - loadIPPluginJar : add resmgrutility
2024-01-17 01:07:36,144 [INFO] IPUIPlugin:80 - create IPUIPlugin
2024-01-17 01:07:36,144 [INFO] PluginManager:220 - loadIPPluginJar : add sai
2024-01-17 01:07:36,170 [INFO] IPUIPlugin:80 - create IPUIPlugin
2024-01-17 01:07:36,170 [INFO] PluginManager:220 - loadIPPluginJar : add spi
2024-01-17 01:07:36,223 [INFO] IPUIPlugin:80 - create IPUIPlugin
2024-01-17 01:07:36,223 [INFO] PluginManager:220 - loadIPPluginJar : add stm32_wpan
2024-01-17 01:07:36,239 [INFO] IPUIPlugin:80 - create IPUIPlugin
2024-01-17 01:07:36,239 [INFO] PluginManager:220 - loadIPPluginJar : add tim
2024-01-17 01:07:36,278 [INFO] IPUIPlugin:80 - create IPUIPlugin
2024-01-17 01:07:36,278 [INFO] PluginManager:220 - loadIPPluginJar : add touchsensing
2024-01-17 01:07:36,294 [INFO] IPUIPlugin:80 - create IPUIPlugin
2024-01-17 01:07:36,294 [INFO] PluginManager:220 - loadIPPluginJar : add tracer_emb
2024-01-17 01:07:36,311 [INFO] IPUIPlugin:80 - create IPUIPlugin
2024-01-17 01:07:36,311 [INFO] PluginManager:220 - loadIPPluginJar : add ts
2024-01-17 01:07:36,329 [INFO] IPUIPlugin:80 - create IPUIPlugin
2024-01-17 01:07:36,329 [INFO] PluginManager:220 - loadIPPluginJar : add tsc
2024-01-17 01:07:36,346 [INFO] IPUIPlugin:80 - create IPUIPlugin
2024-01-17 01:07:36,346 [INFO] PluginManager:220 - loadIPPluginJar : add ucpd
2024-01-17 01:07:36,379 [INFO] IPUIPlugin:80 - create IPUIPlugin
2024-01-17 01:07:36,379 [INFO] PluginManager:220 - loadIPPluginJar : add usart
2024-01-17 01:07:36,410 [INFO] IPUIPlugin:80 - create IPUIPlugin
2024-01-17 01:07:36,410 [INFO] PluginManager:220 - loadIPPluginJar : add usbx
2024-01-17 01:07:36,521 [INFO] CADModel:165 - CPN selected for project level
2024-01-17 01:07:36,522 [INFO] CADModel:114 - Register for checkConnection events
2024-01-17 01:07:36,522 [FATAL] Updater:308 - Updater called before beeing initialized
2024-01-17 01:07:36,522 [ERROR] CADModel:125 - Updater not yet initialized, retry later 
2024-01-17 01:07:36,630 [INFO] CADModel:165 - CPN selected for project level
2024-01-17 01:07:36,631 [INFO] CADModel:114 - Register for checkConnection events
2024-01-17 01:07:36,631 [FATAL] Updater:308 - Updater called before beeing initialized
2024-01-17 01:07:36,631 [ERROR] CADModel:125 - Updater not yet initialized, retry later 
2024-01-17 01:07:36,633 [FATAL] Updater:308 - Updater called before beeing initialized
2024-01-17 01:07:36,740 [FATAL] Updater:308 - Updater called before beeing initialized
2024-01-17 01:07:36,747 [INFO] DbMcusAds:53 - JSON generation date=Wed Nov 29 11:52:27 CET 2023 (1701255147349)
2024-01-17 01:07:36,747 [FATAL] Updater:308 - Updater called before beeing initialized
2024-01-17 01:07:36,812 [WARN] DetailPanel:346 - Failed to get advertising image, set to default
2024-01-17 01:07:36,878 [FATAL] Updater:308 - Updater called before beeing initialized
2024-01-17 01:07:36,880 [FATAL] Updater:308 - Updater called before beeing initialized
2024-01-17 01:07:36,880 [FATAL] Updater:308 - Updater called before beeing initialized
2024-01-17 01:07:36,880 [WARN] DetailPanel:346 - Failed to get advertising image, set to default
2024-01-17 01:07:36,880 [FATAL] Updater:308 - Updater called before beeing initialized
2024-01-17 01:07:36,934 [ERROR] Updater:1120 - MainUpdater not yet initialized. External WinMGr cannot be set.
2024-01-17 01:07:36,943 [INFO] Updater:1056 - Updater Version found : 6.10.0
2024-01-17 01:07:36,970 [INFO] ApplicationProperties:184 - Using Application install path: C:\ST\STM32CubeIDE_1.13.2\STM32CubeIDE\plugins\com.st.stm32cube.common.mx_6.10.0.202311202037
2024-01-17 01:07:37,597 [INFO] ThirdPartyUpdaterWithRetryManager:70 - Updater plugin not ready yet. [2/15]
2024-01-17 01:07:38,546 [ERROR] LogOutputStream:75 - [STDERR_REDIRECT] Jan 17, 2024 1:07:38 AM java.util.prefs.WindowsPreferences <init>
2024-01-17 01:07:38,547 [ERROR] LogOutputStream:75 - [STDERR_REDIRECT] WARNING: Could not open/create prefs root node Software\JavaSoft\Prefs at root 0xffffffff80000002. Windows RegCreateKeyEx(...) returned error code 5.
2024-01-17 01:07:38,547 [ERROR] LogOutputStream:75 - [STDERR_REDIRECT] 
2024-01-17 01:07:38,862 [INFO] MainUpdater:2873 - connection check result : 10
2024-01-17 01:07:38,862 [INFO] MainUpdater:290 - Updater Check For Update Now.
2024-01-17 01:07:38,863 [INFO] MicroXplorer:498 - Change Database Version : DB.6.0.100
2024-01-17 01:07:38,891 [INFO] McuFinderGlobals:63 - Set McuFinder mode to 2 (CubeIDE integrated)
2024-01-17 01:07:38,908 [INFO] UserAuth:404 - Internet connection configuration mode: 1
2024-01-17 01:07:38,951 [INFO] JxBrowserEngine:152 - Initiate JxBrowser Engine with user profile folder
2024-01-17 01:07:39,062 [INFO] CheckServerUpdateThread:120 - End of CheckServer Thread
2024-01-17 01:07:40,778 [WARN] PackLoader:240 - Cannot read IP mode file for STMicroelectronics.X-CUBE-SMBUS.2.1.0
2024-01-17 01:07:40,801 [WARN] PackLoader:240 - Cannot read IP mode file for STMicroelectronics.X-CUBE-TOUCHGFX.4.23.0
2024-01-17 01:07:40,853 [WARN] PackLoader:240 - Cannot read IP mode file for STMicroelectronics.X-CUBE-AZRTOS-F7.1.1.0
2024-01-17 01:07:40,873 [WARN] PackLoader:240 - Cannot read IP mode file for STMicroelectronics.FP-SNS-MOTENV1.4.3.2
2024-01-17 01:07:40,886 [WARN] PackLoader:240 - Cannot read IP mode file for STMicroelectronics.FP-SNS-FLIGHT1.5.0.2
2024-01-17 01:07:40,903 [WARN] PackLoader:240 - Cannot read IP mode file for STMicroelectronics.X-CUBE-DISPLAY.3.0.0
2024-01-17 01:07:40,924 [WARN] PackLoader:240 - Cannot read IP mode file for STMicroelectronics.X-CUBE-BLE1.7.0.0
2024-01-17 01:07:40,941 [WARN] PackLoader:240 - Cannot read IP mode file for emotas.I-CUBE-CANOPEN.1.3.0
2024-01-17 01:07:40,951 [WARN] PackLoader:240 - Cannot read IP mode file for STMicroelectronics.X-CUBE-TOUCHGFX.4.22.1
2024-01-17 01:07:40,961 [WARN] PackLoader:240 - Cannot read IP mode file for STMicroelectronics.FP-SNS-SMARTAG2.1.2.0
2024-01-17 01:07:40,986 [INFO] LogOutputStream:77 - [STDOUT_REDIRECT] 1 : Invalid condition id : UX_CORESTACK_Condition cause : null
2024-01-17 01:07:40,988 [INFO] LogOutputStream:77 - [STDOUT_REDIRECT] 1 : Invalid condition id : UX_CORESTACK_Condition cause : null
2024-01-17 01:07:40,989 [INFO] LogOutputStream:77 - [STDOUT_REDIRECT] 1 : Invalid condition id : UX_CORESTACK_Condition cause : null
2024-01-17 01:07:40,991 [INFO] LogOutputStream:77 - [STDOUT_REDIRECT] 1 : Invalid condition id : UX_CORESTACK_Condition cause : null
2024-01-17 01:07:40,993 [INFO] LogOutputStream:77 - [STDOUT_REDIRECT] 1 : Invalid condition id : UX_CORESTACK_Condition cause : null
2024-01-17 01:07:41,003 [WARN] PackLoader:240 - Cannot read IP mode file for STMicroelectronics.X-CUBE-AZRTOS-WL.2.0.0
2024-01-17 01:07:41,039 [WARN] PackLoader:240 - Cannot read IP mode file for WES.I-CUBE-Cesium.1.3.0
2024-01-17 01:07:41,051 [WARN] PackLoader:240 - Cannot read IP mode file for STMicroelectronics.X-CUBE-BLE2.3.3.0
2024-01-17 01:07:41,064 [WARN] PackLoader:240 - Cannot read IP mode file for STMicroelectronics.X-CUBE-ALGOBUILD.1.3.0
2024-01-17 01:07:41,090 [WARN] PackLoader:240 - Cannot read IP mode file for STMicroelectronics.X-CUBE-AZRTOS-G0.1.1.0
2024-01-17 01:07:41,132 [WARN] PackLoader:240 - Cannot read IP mode file for STMicroelectronics.X-CUBE-NFC4.3.0.0
2024-01-17 01:07:41,179 [WARN] PackLoader:240 - Cannot read IP mode file for STMicroelectronics.X-CUBE-BLEMGR.3.0.0
2024-01-17 01:07:41,190 [WARN] PackLoader:240 - Cannot read IP mode file for STMicroelectronics.FP-ATR-SIGFOX1.3.2.0
2024-01-17 01:07:41,201 [WARN] PackLoader:240 - Cannot read IP mode file for STMicroelectronics.X-CUBE-GNSS1.6.0.0
2024-01-17 01:07:41,225 [WARN] PackLoader:240 - Cannot read IP mode file for STMicroelectronics.X-CUBE-AZRTOS-F4.1.1.0
2024-01-17 01:07:41,239 [WARN] PackLoader:240 - Cannot read IP mode file for wolfSSL.I-CUBE-wolfSSL.5.6.4
2024-01-17 01:07:41,266 [WARN] PackLoader:240 - Cannot read IP mode file for STMicroelectronics.X-CUBE-AZRTOS-L5.2.0.0
2024-01-17 01:07:41,280 [WARN] PackLoader:240 - Cannot read IP mode file for STMicroelectronics.X-CUBE-EEPRMA1.4.2.0
2024-01-17 01:07:41,301 [WARN] PackLoader:240 - Cannot read IP mode file for ITTIA_DB.I-CUBE-ITTIADB.8.8.0
2024-01-17 01:07:41,349 [WARN] ConditionMgr:438 - getConditionDescription Invalid condition id : UX DEVICE CLASS RTOS Condition cause : null
2024-01-17 01:07:41,349 [WARN] ConditionMgr:438 - getConditionDescription Invalid condition id : UX DEVICE CLASS RTOS Condition cause : null
2024-01-17 01:07:41,354 [WARN] PackLoader:240 - Cannot read IP mode file for STMicroelectronics.X-CUBE-AZRTOS-H7.3.1.0
2024-01-17 01:07:41,355 [WARN] ConditionMgr:1039 - genDependencies : Invalid condition id : UX DEVICE CLASS RTOS Condition cause : null
2024-01-17 01:07:41,356 [WARN] ConditionMgr:1039 - genDependencies : Invalid condition id : UX DEVICE CLASS RTOS Condition cause : null
2024-01-17 01:07:41,357 [WARN] ConditionMgr:1039 - genDependencies : Invalid condition id : UX DEVICE CLASS RTOS Condition cause : null
2024-01-17 01:07:41,357 [WARN] ConditionMgr:1039 - genDependencies : Invalid condition id : UX DEVICE CLASS RTOS Condition cause : null
2024-01-17 01:07:41,358 [WARN] ConditionMgr:1039 - genDependencies : Invalid condition id : UX DEVICE CLASS RTOS Condition cause : null
2024-01-17 01:07:41,381 [WARN] PackLoader:240 - Cannot read IP mode file for STMicroelectronics.X-CUBE-NFC7.1.0.1
2024-01-17 01:07:41,414 [WARN] PackLoader:240 - Cannot read IP mode file for STMicroelectronics.X-CUBE-NFC6.3.0.0
2024-01-17 01:07:41,434 [WARN] PackLoader:240 - Cannot read IP mode file for STMicroelectronics.X-CUBE-AI.8.1.0
2024-01-17 01:07:41,480 [WARN] ConditionMgr:438 - getConditionDescription Invalid condition id : LAN8742 Phy interface Condition cause : null
2024-01-17 01:07:41,480 [WARN] PackLoader:240 - Cannot read IP mode file for STMicroelectronics.X-CUBE-AZRTOS-L4.2.0.0
2024-01-17 01:07:41,481 [WARN] ConditionMgr:1039 - genDependencies : Invalid condition id : LAN8742 Phy interface Condition cause : null
2024-01-17 01:07:41,482 [WARN] ConditionMgr:1039 - genDependencies : Invalid condition id : LAN8742 Phy interface Condition cause : null
2024-01-17 01:07:41,482 [WARN] ConditionMgr:1039 - genDependencies : Invalid condition id : LAN8742 Phy interface Condition cause : null
2024-01-17 01:07:41,502 [WARN] PackLoader:240 - Cannot read IP mode file for STMicroelectronics.X-CUBE-SFXS2LP1.4.0.0
2024-01-17 01:07:41,514 [WARN] PackLoader:240 - Cannot read IP mode file for STMicroelectronics.X-CUBE-ISPU.1.1.0
2024-01-17 01:07:41,542 [WARN] ConditionMgr:438 - getConditionDescription Invalid condition id : UX DEVICE CLASS RTOS Condition cause : null
2024-01-17 01:07:41,542 [WARN] ConditionMgr:438 - getConditionDescription Invalid condition id : UX DEVICE CLASS RTOS Condition cause : null
2024-01-17 01:07:41,545 [WARN] PackLoader:240 - Cannot read IP mode file for STMicroelectronics.X-CUBE-AZRTOS-WB.2.0.0
2024-01-17 01:07:41,546 [WARN] ConditionMgr:1039 - genDependencies : Invalid condition id : UX DEVICE CLASS RTOS Condition cause : null
2024-01-17 01:07:41,546 [WARN] ConditionMgr:1039 - genDependencies : Invalid condition id : UX DEVICE CLASS RTOS Condition cause : null
2024-01-17 01:07:41,547 [WARN] ConditionMgr:1039 - genDependencies : Invalid condition id : UX DEVICE CLASS RTOS Condition cause : null
2024-01-17 01:07:41,547 [WARN] ConditionMgr:1039 - genDependencies : Invalid condition id : UX DEVICE CLASS RTOS Condition cause : null
2024-01-17 01:07:41,547 [WARN] ConditionMgr:1039 - genDependencies : Invalid condition id : UX DEVICE CLASS RTOS Condition cause : null
2024-01-17 01:07:41,579 [WARN] PackLoader:240 - Cannot read IP mode file for STMicroelectronics.X-CUBE-SUBG2.5.0.0
2024-01-17 01:07:41,615 [WARN] PackLoader:240 - Cannot read IP mode file for STMicroelectronics.X-CUBE-AZRTOS-G4.2.0.0
2024-01-17 01:07:41,642 [WARN] PackLoader:240 - Cannot read IP mode file for Infineon.AIROC-Wi-Fi-Bluetooth-STM32.1.5.1
2024-01-17 01:07:41,660 [WARN] PackLoader:240 - Cannot read IP mode file for STMicroelectronics.FP-SNS-MOTENVWB1.1.3.1
2024-01-17 01:07:41,671 [WARN] PackLoader:240 - Cannot read IP mode file for STMicroelectronics.X-CUBE-ISPU.2.0.0
2024-01-17 01:07:41,716 [WARN] PackLoader:240 - Cannot read IP mode file for STMicroelectronics.X-CUBE-MEMS1.10.0.0
2024-01-17 01:07:41,747 [INFO] WebApp:161 - Instantiating new browser for Auth
2024-01-17 01:07:41,856 [WARN] PackLoader:240 - Cannot read IP mode file for STMicroelectronics.X-CUBE-FREERTOS.1.1.0
2024-01-17 01:07:41,897 [WARN] PackLoader:240 - Cannot read IP mode file for portGmbH.I-Cube-SoM-uGOAL.1.1.0
2024-01-17 01:07:41,916 [WARN] PackLoader:240 - Cannot read IP mode file for STMicroelectronics.X-CUBE-ALS.1.0.1
2024-01-17 01:07:41,940 [WARN] PackLoader:240 - Cannot read IP mode file for STMicroelectronics.FP-ATR-ASTRA1.2.0.0
2024-01-17 01:07:41,964 [WARN] PackLoader:240 - Cannot read IP mode file for STMicroelectronics.X-CUBE-TOF1.3.4.0
2024-01-17 01:07:42,020 [WARN] PackLoader:240 - Cannot read IP mode file for STMicroelectronics.X-CUBE-AZRTOS-H7.3.2.0
2024-01-17 01:07:42,023 [INFO] ThirdParty:978 - Integrity check success = true
2024-01-17 01:07:42,023 [INFO] IntegrityCheckThread:100 - exiting critical section [integrity check]
2024-01-17 01:07:42,023 [INFO] IntegrityCheckThread:103 - End integrity checks thread
2024-01-17 01:07:42,592 [INFO] WebApp:780 - Register for checkConnection events
2024-01-17 01:07:42,592 [INFO] WebApp:414 - Apply proxy settings
2024-01-17 01:07:42,594 [INFO] WebApp:499 - Chromium requires no authentication
2024-01-17 01:07:42,599 [INFO] WebApp:442 - Direct internet connection detected
2024-01-17 01:07:42,739 [INFO] WebApp:192 - Starting web application
2024-01-17 01:07:42,740 [INFO] WebApp:544 - Web application path used C:\ST\STM32CubeIDE_1.13.2\STM32CubeIDE\plugins\com.st.stm32cube.common.mx_6.10.0.202311202037\db\plugins\mcufinder\reactClient1\index.html
2024-01-17 01:07:53,449 [ERROR] LogOutputStream:75 - [STDERR_REDIRECT] SLF4J: Failed to load class "org.slf4j.impl.StaticLoggerBinder".
2024-01-17 01:07:53,451 [ERROR] LogOutputStream:75 - [STDERR_REDIRECT] SLF4J: Defaulting to no-operation (NOP) logger implementation
2024-01-17 01:07:53,452 [ERROR] LogOutputStream:75 - [STDERR_REDIRECT] SLF4J: See http://www.slf4j.org/codes.html#StaticLoggerBinder for further details.
2024-01-17 01:07:53,622 [INFO] McuFinderGlobals:63 - Set McuFinder mode to 2 (CubeIDE integrated)
2024-01-17 01:07:53,654 [INFO] MainUpdater:2873 - connection check result : 10
2024-01-17 01:07:53,661 [INFO] MainUpdater:2873 - connection check result : 10
2024-01-17 01:07:53,849 [INFO] MicroXplorer:468 - Change Database Path : 
2024-01-17 01:07:53,849 [INFO] MicroXplorer:498 - Change Database Version : DB.6.0.100
2024-01-17 01:07:53,853 [WARN] ThirdParty:871 - waiting for thirdparty lock release [close project]
2024-01-17 01:07:53,853 [INFO] ThirdParty:873 - entering critical section [close project]
2024-01-17 01:07:53,853 [INFO] ThirdParty:883 - exiting critical section [close project]
2024-01-17 01:07:53,855 [INFO] PinOutPanel:1499 - setPackage(No Configuration,No Configuration)
2024-01-17 01:07:53,859 [INFO] UtilMem:75 - Begin LoadConfig() Used Memory: 181246824 Bytes (268435456)
2024-01-17 01:07:53,860 [INFO] MicroXplorer:468 - Change Database Path : 
2024-01-17 01:07:53,860 [INFO] MicroXplorer:498 - Change Database Version : DB.6.0.100
2024-01-17 01:07:53,860 [INFO] OpenFileManager:312 - Change cursor
2024-01-17 01:07:53,894 [INFO] Mcu:2016 - Initializing MCU STM32F042F4Px STM32F042F4Px STM32F042F4P6
2024-01-17 01:07:55,292 [INFO] Context:659 - Trying to add GPIOservice into a context  which must be forbidden
2024-01-17 01:07:55,725 [INFO] RtosManager:555 - Registered RTOS mode: class=CMSIS, group=RTOS, mode=CMSIS_V1, owner=FREERTOS
2024-01-17 01:07:55,726 [INFO] RtosManager:555 - Registered RTOS mode: class=CMSIS, group=RTOS2, mode=CMSIS_V2, owner=FREERTOS
2024-01-17 01:07:55,726 [INFO] RtosManager:555 - Registered RTOS mode: class=RTOS, group=Core, mode=CMSIS_V1, owner=FREERTOS
2024-01-17 01:07:55,726 [INFO] RtosManager:555 - Registered RTOS mode: class=RTOS, group=Core, mode=CMSIS_V2, owner=FREERTOS
2024-01-17 01:07:55,727 [WARN] ModelIntegratedComponent:184 - Missing modes for component STMicroelectronics:FreeRTOS:0.0.1:STMicroelectronics:RTOS:FreeRTOS:Core:::10.2.0:
2024-01-17 01:07:55,749 [WARN] ModelIntegratedComponent:63 - No mode defined for component null
2024-01-17 01:07:55,749 [WARN] ModelIntegratedComponent:63 - No mode defined for component null
2024-01-17 01:07:55,749 [WARN] ModelIntegratedComponent:63 - No mode defined for component null
2024-01-17 01:07:55,749 [WARN] ModelIntegratedComponent:63 - No mode defined for component null
2024-01-17 01:07:55,749 [WARN] ModelIntegratedComponent:63 - No mode defined for component null
2024-01-17 01:07:55,749 [WARN] ModelIntegratedComponent:63 - No mode defined for component null
2024-01-17 01:07:55,749 [WARN] ModelIntegratedComponent:63 - No mode defined for component null
2024-01-17 01:07:55,750 [WARN] ModelIntegratedComponent:63 - No mode defined for component null
2024-01-17 01:07:55,750 [WARN] ModelIntegratedComponent:63 - No mode defined for component null
2024-01-17 01:07:55,750 [WARN] ModelIntegratedComponent:63 - No mode defined for component null
2024-01-17 01:07:55,750 [WARN] ModelIntegratedComponent:63 - No mode defined for component null
2024-01-17 01:07:55,750 [WARN] ModelIntegratedComponent:63 - No mode defined for component null
2024-01-17 01:07:55,750 [WARN] ModelIntegratedComponent:63 - No mode defined for component null
2024-01-17 01:07:55,751 [WARN] ModelIntegratedComponent:63 - No mode defined for component null
2024-01-17 01:07:55,751 [WARN] ModelIntegratedComponent:63 - No mode defined for component null
2024-01-17 01:07:55,751 [WARN] ModelIntegratedComponent:63 - No mode defined for component null
2024-01-17 01:07:55,751 [WARN] ModelIntegratedComponent:63 - No mode defined for component null
2024-01-17 01:07:55,751 [WARN] ModelIntegratedComponent:63 - No mode defined for component null
2024-01-17 01:07:55,751 [WARN] ModelIntegratedComponent:63 - No mode defined for component null
2024-01-17 01:07:55,751 [WARN] ModelIntegratedComponent:63 - No mode defined for component null
2024-01-17 01:07:55,751 [WARN] ModelIntegratedComponent:63 - No mode defined for component null
2024-01-17 01:07:55,751 [WARN] ModelIntegratedComponent:63 - No mode defined for component null
2024-01-17 01:07:55,751 [WARN] ModelIntegratedComponent:63 - No mode defined for component null
2024-01-17 01:07:55,752 [WARN] ModelIntegratedComponent:63 - No mode defined for component null
2024-01-17 01:07:55,752 [WARN] ModelIntegratedComponent:63 - No mode defined for component null
2024-01-17 01:07:55,752 [WARN] ModelIntegratedComponent:63 - No mode defined for component null
2024-01-17 01:07:55,752 [WARN] ModelIntegratedComponent:63 - No mode defined for component null
2024-01-17 01:07:55,752 [WARN] ModelIntegratedComponent:63 - No mode defined for component null
2024-01-17 01:07:55,752 [WARN] ModelIntegratedComponent:63 - No mode defined for component null
2024-01-17 01:07:55,752 [WARN] ModelIntegratedComponent:63 - No mode defined for component null
2024-01-17 01:07:55,752 [WARN] ModelIntegratedComponent:63 - No mode defined for component null
2024-01-17 01:07:55,752 [WARN] ModelIntegratedComponent:63 - No mode defined for component null
2024-01-17 01:07:55,752 [WARN] ModelIntegratedComponent:63 - No mode defined for component null
2024-01-17 01:07:55,843 [INFO] ThirdPartyModel:298 - Start build external matchings
2024-01-17 01:07:56,017 [INFO] ThirdPartyModel:316 - End build external matchings
2024-01-17 01:07:56,221 [INFO] UtilMem:75 - End LoadConfig() Used Memory: 266260992 Bytes (346030080)
2024-01-17 01:07:56,380 [INFO] ApiDb:581 - Connected to CubeFinder SQLite database (C:\Users\aleja\.stmcufinder\plugins\mcufinder\mcu\cube-finder-db.db)
2024-01-17 01:07:56,475 [INFO] ApiDb:668 - CubeFinder database Data Model version=2.1
2024-01-17 01:07:56,475 [INFO] ApiDb:669 - CubeFinder database Configuration version=3.0.39
2024-01-17 01:07:56,475 [INFO] ApiDb:670 - CubeFinder database generation date=2023-12-08 (1702028721)
2024-01-17 01:07:56,475 [INFO] ApiDb:671 - CubeFinder database FW Pack versions=[FP-ATR-ASTRA1_V2.0.0, FP-SNS-FLIGHT1_V5.0.1, FP-SNS-FLIGHT1_V5.0.2, FP-SNS-MOTENV1_V4.3.1, FP-SNS-MOTENV1_V4.3.2, FP-SNS-MOTENVWB1_V1.3.1, FP-SNS-SMARTAG2_V1.2.0, STM32Cube_FW_C0_V1.1.0, STM32Cube_FW_F4_V1.28.0, STM32Cube_FW_F7_V1.17.0, STM32Cube_FW_G0_V1.6.1, STM32Cube_FW_G4_V1.5.1, STM32Cube_FW_H5_V0.5.1, STM32Cube_FW_H5_V1.1.1, STM32Cube_FW_H5_V1.2.0RC2, STM32Cube_FW_H7_V1.11.0, STM32Cube_FW_L0_V1.12.2, STM32Cube_FW_L5_V1.5.0, STM32Cube_FW_U5_V1.3.0RC4, STM32Cube_FW_U5_V1.4.0, STM32Cube_FW_WBA_V1.0.0RC1, STM32Cube_FW_WBA_V1.1.0RC1, STM32Cube_FW_WBA_V1.2.0, STM32Cube_FW_WBA_V1.2.0RC2, STM32Cube_FW_WB_V1.15.0RC1, STM32Cube_FW_WB_V1.16.0, STM32Cube_FW_WB_V1.16.0RC2, STM32Cube_FW_WB_V1.18.0, STM32Cube_FW_WL_V1.3.0, X-CUBE-ALGOBUILD_V1.3.0, X-CUBE-ALS_V1.0.1, X-CUBE-AZRTOS-F4_V1.1.0, X-CUBE-AZRTOS-F7_V1.1.0, X-CUBE-AZRTOS-G0_V1.1.0, X-CUBE-AZRTOS-G4_V2.0.0, X-CUBE-AZRTOS-H7_V3.1.0, X-CUBE-AZRTOS-L4_V1.0.0, X-CUBE-AZRTOS-L4_V2.0.0, X-CUBE-AZRTOS-L5_V1.1.0, X-CUBE-AZRTOS-WB_V2.0.0, X-CUBE-AZRTOS-WL_V2.0.0, X-CUBE-BLE1_V7.0.0, X-CUBE-BLE2_V3.3.0, X-CUBE-BLEMGR_V3.0.0, X-CUBE-EEPRMA1_V4.1.0, X-CUBE-EEPRMA1_V4.2.0, X-CUBE-FREERTOS_V1.1.0, X-CUBE-GNSS1_V6.0.0, X-CUBE-MEMS1_V10.0.0, X-CUBE-MEMS1_V9.1.0, X-CUBE-MEMS1_V9.4.0, X-CUBE-MEMS1_V9.6.0, X-CUBE-NFC4_V3.0.0, X-CUBE-NFC7_V1.0.1, X-CUBE-SFXS2LP1_V4.0.0, X-CUBE-SUBG2_V5.0.0, X-CUBE-TOF1_V3.4.0]
2024-01-17 01:07:59,068 [INFO] ApiDb:240 - Found 371 in-development CPN: [B-G473E-ZEST1S, B-WB1M-WPAN1, B-WL5M-SUBG1, NUCLEO-C031C6, NUCLEO-H503RB, NUCLEO-H563ZI, NUCLEO-U545RE-Q, NUCLEO-U5A5ZJ-Q, NUCLEO-WBA52CG, NUCLEO-WBA55CG, STEVAL-MKBOXPRO, STEVAL-PROTEUS1, STEVAL-STWINBX1, STM320518-EVAL, STM32C0116-DK, STM32C011D6Y3TR, STM32C011D6Y6TR, STM32C011F4P3, STM32C011F4P6, STM32C011F4U3, STM32C011F4U6TR, STM32C011F6P3, STM32C011F6P6, STM32C011F6U3, STM32C011F6U6TR, STM32C011J4M3, STM32C011J4M6, STM32C011J6M3, STM32C011J6M6, STM32C0316-DK, STM32C031C4T3, STM32C031C4T6, STM32C031C4U3, STM32C031C4U6, STM32C031C6T3, STM32C031C6T6, STM32C031C6U3, STM32C031C6U6, STM32C031F4P3, STM32C031F4P6, STM32C031F6P3, STM32C031F6P6, STM32C031G4U3, STM32C031G4U6, STM32C031G6U3, STM32C031G6U6, STM32C031K4T3, STM32C031K4T6, STM32C031K4U3, STM32C031K4U6, STM32C031K6T3, STM32C031K6T6, STM32C031K6U3, STM32C031K6U6, STM32G071K8TXN, STM32G071K8UXN, STM32G081GBU6N, STM32G081KBT6N, STM32G081KBUXN, STM32G0B1CCT6N, STM32G0B1KCT6, STM32G0B1NEY6TR, STM32G0B1RCT6N, STM32G0C1CCT6, STM32G0C1CCT6N, STM32G0C1CCU6N, STM32G0C1CET6N, STM32G0C1CEU6N, STM32G0C1KCT6, STM32G0C1NEY6TR, STM32G0C1RCI6N, STM32G0C1RCT6N, STM32G0C1REI6N, STM32G0C1RET6N, STM32G0C1VCI6, STM32G0C1VEI6, STM32G471CCT6, STM32G471CCU6, STM32G471CET3, STM32G471CET6, STM32G471CEU3, STM32G471CEU6, STM32G471MCT6, STM32G471MET3, STM32G471MET6, STM32G471MEY6TR, STM32G471QCT6, STM32G471QET3, STM32G471RCT6, STM32G471RET3, STM32G471RET6, STM32G471VCH6, STM32G471VCI6, STM32G471VCT6, STM32G471VEH3, STM32G471VEH6, STM32G471VEI3, STM32G471VEI6, STM32G471VET3, STM32G471VET6, STM32G474CCT6, STM32H503CBT6, STM32H503CBU6, STM32H503EBY6TR, STM32H503KBU6, STM32H503RBT6, STM32H562AGI6, STM32H562AII6, STM32H562IGK6, STM32H562IGT6, STM32H562IIK6, STM32H562IIT6, STM32H562RGT6, STM32H562RGV6, STM32H562RIT6, STM32H562RIV6, STM32H562VGT6, STM32H562VIT6, STM32H562ZGT6, STM32H562ZIT6, STM32H563AGI6, STM32H563AII3Q, STM32H563AII6, STM32H563IGK6, STM32H563IGT6, STM32H563IIK3Q, STM32H563IIK6, STM32H563IIT3Q, STM32H563IIT6, STM32H563MIY3QTR, STM32H563RGT6, STM32H563RGV6, STM32H563RIT6, STM32H563RIV6, STM32H563VGT6, STM32H563VIT3Q, STM32H563VIT6, STM32H563ZGT6, STM32H563ZIT3Q, STM32H563ZIT6, STM32H573AII3Q, STM32H573AII6, STM32H573I-DK, STM32H573IIK3Q, STM32H573IIK6, STM32H573IIT3Q, STM32H573IIT6, STM32H573MIY3QTR, STM32H573RIT6, STM32H573RIV6, STM32H573VIT3Q, STM32H573VIT6, STM32H573ZIT3Q, STM32H573ZIT6, STM32L4R5QGI6STR, STM32MP131AAE3, STM32MP131AAF3, STM32MP131AAG3, STM32MP131CAE3, STM32MP131CAF3, STM32MP131CAG3, STM32MP131DAE7, STM32MP131DAF7, STM32MP131DAG7, STM32MP131FAE7, STM32MP131FAF7, STM32MP131FAG7, STM32MP133AAE3, STM32MP133AAF3, STM32MP133AAG3, STM32MP133CAE3, STM32MP133CAF3, STM32MP133CAG3, STM32MP133DAE7, STM32MP133DAF7, STM32MP133DAG7, STM32MP133FAE7, STM32MP133FAF7, STM32MP133FAG7, STM32MP135AAE3, STM32MP135AAF3, STM32MP135AAG3, STM32MP135CAE3, STM32MP135CAF3, STM32MP135CAG3, STM32MP135DAE7, STM32MP135DAF7, STM32MP135DAG7, STM32MP135F-DK, STM32MP135FAE7, STM32MP135FAF7, STM32MP135FAF7T, STM32MP135FAF7U, STM32MP135FAG7, STM32U535CBT6, STM32U535CBT6Q, STM32U535CBU6, STM32U535CBU6Q, STM32U535CCT6, STM32U535CCT6Q, STM32U535CCU6, STM32U535CCU6Q, STM32U535CET6, STM32U535CET6Q, STM32U535CEU6, STM32U535CEU6Q, STM32U535JEY6QTR, STM32U535NCY6QTR, STM32U535NEY6QTR, STM32U535RBI6, STM32U535RBI6Q, STM32U535RBT6, STM32U535RBT6Q, STM32U535RCI6, STM32U535RCI6Q, STM32U535RCT6, STM32U535RCT6Q, STM32U535REI6, STM32U535REI6Q, STM32U535RET6, STM32U535RET6Q, STM32U535VCI6, STM32U535VCI6Q, STM32U535VCT6, STM32U535VCT6Q, STM32U535VEI6, STM32U535VEI6Q, STM32U535VET6, STM32U535VET6Q, STM32U545CET6, STM32U545CET6Q, STM32U545CEU6, STM32U545CEU6Q, STM32U545JEY6QTR, STM32U545NEY6QTR, STM32U545REI6, STM32U545REI6Q, STM32U545RET6, STM32U545RET6Q, STM32U545VEI6, STM32U545VEI6Q, STM32U545VET6, STM32U545VET6Q, STM32U595AIH6, STM32U595AIH6Q, STM32U595AJH6, STM32U595AJH6Q, STM32U595QII6, STM32U595QII6Q, STM32U595QJI6, STM32U595QJI6Q, STM32U595RIT6, STM32U595RIT6Q, STM32U595RJT6, STM32U595RJT6Q, STM32U595VIT6, STM32U595VIT6Q, STM32U595VJT6, STM32U595VJT6Q, STM32U595ZIT6, STM32U595ZIT6Q, STM32U595ZIY6QTR, STM32U595ZJT6, STM32U595ZJT6Q, STM32U595ZJY6QTR, STM32U599BJY6QTR, STM32U599NIH6Q, STM32U599NJH6Q, STM32U599VIT6Q, STM32U599VJT6, STM32U599VJT6Q, STM32U599ZIT6Q, STM32U599ZIY6QTR, STM32U599ZJT6Q, STM32U599ZJY6QTR, STM32U5A5AJH6, STM32U5A5AJH6Q, STM32U5A5QJI6, STM32U5A5QJI6Q, STM32U5A5RJT6, STM32U5A5RJT6Q, STM32U5A5VJT6, STM32U5A5VJT6Q, STM32U5A5ZJT6, STM32U5A5ZJT6Q, STM32U5A5ZJY6QTR, STM32U5A9BJY6QTR, STM32U5A9J-DK, STM32U5A9NJH6Q, STM32U5A9VJT6Q, STM32U5A9ZJT6Q, STM32U5A9ZJY6QTR, STM32U5F7VIT6, STM32U5F7VIT6Q, STM32U5F7VJT6, STM32U5F7VJT6Q, STM32U5F9BJY6QTR, STM32U5F9NJH6Q, STM32U5F9VIT6Q, STM32U5F9VJT6Q, STM32U5F9ZIJ6QTR, STM32U5F9ZIT6Q, STM32U5F9ZJJ6QTR, STM32U5F9ZJT6Q, STM32U5G7VJT6, STM32U5G7VJT6Q, STM32U5G9BJY6QTR, STM32U5G9J-DK1, STM32U5G9J-DK2, STM32U5G9NJH6Q, STM32U5G9VJT6Q, STM32U5G9ZJJ6QTR, STM32U5G9ZJT6Q, STM32WB1MMCH6, STM32WBA50KEU6, STM32WBA50KEU6TR, STM32WBA50KGU6, STM32WBA50KGU6TR, STM32WBA52CEU6, STM32WBA52CEU6TR, STM32WBA52CEU7, STM32WBA52CEU7TR, STM32WBA52CGU6, STM32WBA52CGU6TR, STM32WBA52CGU6U, STM32WBA52CGU7, STM32WBA52CGU7TR, STM32WBA52KEU6, STM32WBA52KEU6TR, STM32WBA52KGU6, STM32WBA52KGU6TR, STM32WBA54CEU6, STM32WBA54CEU6TR, STM32WBA54CEU7, STM32WBA54CEU7TR, STM32WBA54CGU6, STM32WBA54CGU6TR, STM32WBA54CGU7, STM32WBA54CGU7TR, STM32WBA54KEU6, STM32WBA54KEU6TR, STM32WBA54KEU7, STM32WBA54KEU7TR, STM32WBA54KGU6, STM32WBA54KGU6TR, STM32WBA54KGU7, STM32WBA54KGU7TR, STM32WBA55CEU6, STM32WBA55CEU6TR, STM32WBA55CEU7, STM32WBA55CEU7TR, STM32WBA55CGU6, STM32WBA55CGU6TR, STM32WBA55CGU6U, STM32WBA55CGU7, STM32WBA55CGU7TR, STM32WBA55G-DK1, STM32WBA55HEF6, STM32WBA55HEF7, STM32WBA55HGF6, STM32WBA55HGF7, STM32WBA55UEI6, STM32WBA55UEI6TR, STM32WBA55UEI7, STM32WBA55UEI7TR, STM32WBA55UGI6, STM32WBA55UGI6TR, STM32WBA55UGI7, STM32WBA55UGI7TR, STM32WL5MOCH6, STM32WL5MOCH6TR]
2024-01-17 01:07:59,071 [INFO] DbMcus:218 - Found 3930 MCUs, 3930 are supported
2024-01-17 01:07:59,076 [INFO] ApiDb:423 - Load user favorites file C:\Users\aleja/.stm32cubeide/favorites.mcus.txt: 1 item(s)
2024-01-17 01:07:59,077 [INFO] ApiDb:427 - User favorites MCUs=[STM32F042F4P6]
2024-01-17 01:07:59,077 [INFO] DbMcus:224 - Set 1 / 1 favorites MCUs
2024-01-17 01:07:59,435 [INFO] MicroXplorer:468 - Change Database Path : 
2024-01-17 01:07:59,436 [INFO] MicroXplorer:498 - Change Database Version : DB.6.0.100
2024-01-17 01:07:59,436 [WARN] ThirdParty:833 - waiting for thirdparty lock release [change project]
2024-01-17 01:07:59,436 [INFO] ThirdParty:835 - entering critical section [change project]
2024-01-17 01:07:59,436 [INFO] ThirdParty:1030 - CMSIS Pack Vendor :STMicroelectronics X-CUBE-ISPU 1.1.0
2024-01-17 01:07:59,436 [INFO] ThirdParty:1030 - CMSIS Pack Vendor :STMicroelectronics USBPD 4.1
2024-01-17 01:07:59,436 [INFO] ThirdParty:1030 - CMSIS Pack Vendor :STMicroelectronics X-CUBE-GNSS1 6.0.0
2024-01-17 01:07:59,436 [INFO] ThirdParty:1030 - CMSIS Pack Vendor :STMicroelectronics USB_HOST 2.0.0
2024-01-17 01:07:59,437 [INFO] ThirdParty:1030 - CMSIS Pack Vendor :STMicroelectronics X-CUBE-AZRTOS-F4 1.1.0
2024-01-17 01:07:59,437 [INFO] ThirdParty:1030 - CMSIS Pack Vendor :STMicroelectronics LIBJPEG 8.0.0
2024-01-17 01:07:59,437 [INFO] ThirdParty:1030 - CMSIS Pack Vendor :wolfSSL I-CUBE-wolfSSL 5.6.4
2024-01-17 01:07:59,437 [INFO] ThirdParty:1030 - CMSIS Pack Vendor :STMicroelectronics X-CUBE-SMBUS 2.1.0
2024-01-17 01:07:59,437 [INFO] ThirdParty:1030 - CMSIS Pack Vendor :STMicroelectronics USB_DEVICE 3.0.0
2024-01-17 01:07:59,437 [INFO] ThirdParty:1030 - CMSIS Pack Vendor :STMicroelectronics X-CUBE-AZRTOS-WB 2.0.0
2024-01-17 01:07:59,437 [INFO] ThirdParty:1030 - CMSIS Pack Vendor :STMicroelectronics X-CUBE-TOUCHGFX 4.23.0
2024-01-17 01:07:59,437 [INFO] ThirdParty:1030 - CMSIS Pack Vendor :STMicroelectronics X-CUBE-AZRTOS-F7 1.1.0
2024-01-17 01:07:59,437 [INFO] ThirdParty:1030 - CMSIS Pack Vendor :STMicroelectronics X-CUBE-AZRTOS-L5 2.0.0
2024-01-17 01:07:59,437 [INFO] ThirdParty:1030 - CMSIS Pack Vendor :STMicroelectronics USB_DEVICE 2.0.0
2024-01-17 01:07:59,437 [INFO] ThirdParty:1030 - CMSIS Pack Vendor :STMicroelectronics X-CUBE-EEPRMA1 4.2.0
2024-01-17 01:07:59,437 [INFO] ThirdParty:1030 - CMSIS Pack Vendor :ITTIA_DB I-CUBE-ITTIADB 8.8.0
2024-01-17 01:07:59,437 [INFO] ThirdParty:1030 - CMSIS Pack Vendor :STMicroelectronics FP-SNS-MOTENV1 4.3.2
2024-01-17 01:07:59,437 [INFO] ThirdParty:1030 - CMSIS Pack Vendor :STMicroelectronics X-CUBE-ALGOBUILD 1.3.0
2024-01-17 01:07:59,437 [INFO] ThirdParty:1030 - CMSIS Pack Vendor :STMicroelectronics FreeRTOS 0.0.1
2024-01-17 01:07:59,437 [INFO] ThirdParty:1030 - CMSIS Pack Vendor :STMicroelectronics X-CUBE-AZRTOS-G0 1.1.0
2024-01-17 01:07:59,437 [INFO] ThirdParty:1030 - CMSIS Pack Vendor :STMicroelectronics X-CUBE-NFC4 3.0.0
2024-01-17 01:07:59,437 [INFO] ThirdParty:1030 - CMSIS Pack Vendor :STMicroelectronics X-CUBE-SUBG2 5.0.0
2024-01-17 01:07:59,437 [INFO] ThirdParty:1030 - CMSIS Pack Vendor :STMicroelectronics STM32_WPAN 1.0.0
2024-01-17 01:07:59,437 [INFO] ThirdParty:1030 - CMSIS Pack Vendor :STMicroelectronics lwIP 2.0.3
2024-01-17 01:07:59,437 [INFO] ThirdParty:1030 - CMSIS Pack Vendor :STMicroelectronics FP-SNS-FLIGHT1 5.0.2
2024-01-17 01:07:59,437 [INFO] ThirdParty:1030 - CMSIS Pack Vendor :STMicroelectronics USB_HOST 1.0.0
2024-01-17 01:07:59,437 [INFO] ThirdParty:1030 - CMSIS Pack Vendor :STMicroelectronics X-CUBE-AZRTOS-G4 2.0.0
2024-01-17 01:07:59,437 [INFO] ThirdParty:1030 - CMSIS Pack Vendor :STMicroelectronics PDM2PCM 3.1.0
2024-01-17 01:07:59,437 [INFO] ThirdParty:1030 - CMSIS Pack Vendor :STMicroelectronics X-CUBE-AZRTOS-H7 3.1.0
2024-01-17 01:07:59,437 [INFO] ThirdParty:1030 - CMSIS Pack Vendor :Infineon AIROC-Wi-Fi-Bluetooth-STM32 1.5.1
2024-01-17 01:07:59,437 [INFO] ThirdParty:1030 - CMSIS Pack Vendor :STMicroelectronics X-CUBE-BLEMGR 3.0.0
2024-01-17 01:07:59,437 [INFO] ThirdParty:1030 - CMSIS Pack Vendor :STMicroelectronics PDM2PCM 3.3.0
2024-01-17 01:07:59,437 [INFO] ThirdParty:1030 - CMSIS Pack Vendor :STMicroelectronics X-CUBE-DISPLAY 3.0.0
2024-01-17 01:07:59,437 [INFO] ThirdParty:1030 - CMSIS Pack Vendor :STMicroelectronics FP-SNS-MOTENVWB1 1.3.1
2024-01-17 01:07:59,437 [INFO] ThirdParty:1030 - CMSIS Pack Vendor :STMicroelectronics X-CUBE-BLE1 7.0.0
2024-01-17 01:07:59,437 [INFO] ThirdParty:1030 - CMSIS Pack Vendor :STMicroelectronics FP-ATR-SIGFOX1 3.2.0
2024-01-17 01:07:59,437 [INFO] ThirdParty:1030 - CMSIS Pack Vendor :STMicroelectronics X-CUBE-ISPU 2.0.0
2024-01-17 01:07:59,437 [INFO] ThirdParty:1030 - CMSIS Pack Vendor :STMicroelectronics HAL Drivers 0.0.0
2024-01-17 01:07:59,438 [INFO] ThirdParty:1030 - CMSIS Pack Vendor :STMicroelectronics MBEDTLS 2.16.2
2024-01-17 01:07:59,438 [INFO] ThirdParty:1030 - CMSIS Pack Vendor :emotas I-CUBE-CANOPEN 1.3.0
2024-01-17 01:07:59,438 [INFO] ThirdParty:1030 - CMSIS Pack Vendor :STMicroelectronics X-CUBE-MEMS1 10.0.0
2024-01-17 01:07:59,438 [INFO] ThirdParty:1030 - CMSIS Pack Vendor :STMicroelectronics X-CUBE-FREERTOS 1.1.0
2024-01-17 01:07:59,438 [INFO] ThirdParty:1030 - CMSIS Pack Vendor :STMicroelectronics X-CUBE-NFC7 1.0.1
2024-01-17 01:07:59,438 [INFO] ThirdParty:1030 - CMSIS Pack Vendor :STMicroelectronics MBEDTLS 2.14.1
2024-01-17 01:07:59,438 [INFO] ThirdParty:1030 - CMSIS Pack Vendor :STMicroelectronics X-CUBE-TOUCHGFX 4.22.1
2024-01-17 01:07:59,438 [INFO] ThirdParty:1030 - CMSIS Pack Vendor :STMicroelectronics X-CUBE-NFC6 3.0.0
2024-01-17 01:07:59,438 [INFO] ThirdParty:1030 - CMSIS Pack Vendor :portGmbH I-Cube-SoM-uGOAL 1.1.0
2024-01-17 01:07:59,438 [INFO] ThirdParty:1030 - CMSIS Pack Vendor :STMicroelectronics X-CUBE-ALS 1.0.1
2024-01-17 01:07:59,438 [INFO] ThirdParty:1030 - CMSIS Pack Vendor :STMicroelectronics ThreadX 1.0.0
2024-01-17 01:07:59,438 [INFO] ThirdParty:1030 - CMSIS Pack Vendor :STMicroelectronics FP-SNS-SMARTAG2 1.2.0
2024-01-17 01:07:59,438 [INFO] ThirdParty:1030 - CMSIS Pack Vendor :STMicroelectronics X-CUBE-AZRTOS-WL 2.0.0
2024-01-17 01:07:59,438 [INFO] ThirdParty:1030 - CMSIS Pack Vendor :STMicroelectronics USB_DEVICE 1.0.0
2024-01-17 01:07:59,438 [INFO] ThirdParty:1030 - CMSIS Pack Vendor :STMicroelectronics X-CUBE-AI 8.1.0
2024-01-17 01:07:59,438 [INFO] ThirdParty:1030 - CMSIS Pack Vendor :STMicroelectronics X-CUBE-AZRTOS-L4 2.0.0
2024-01-17 01:07:59,438 [INFO] ThirdParty:1030 - CMSIS Pack Vendor :STMicroelectronics ThreadX 0.0.2
2024-01-17 01:07:59,438 [INFO] ThirdParty:1030 - CMSIS Pack Vendor :WES I-CUBE-Cesium 1.3.0
2024-01-17 01:07:59,438 [INFO] ThirdParty:1030 - CMSIS Pack Vendor :STMicroelectronics FP-ATR-ASTRA1 2.0.0
2024-01-17 01:07:59,438 [INFO] ThirdParty:1030 - CMSIS Pack Vendor :STMicroelectronics lwIP 2.1.2
2024-01-17 01:07:59,438 [INFO] ThirdParty:1030 - CMSIS Pack Vendor :STMicroelectronics X-CUBE-SFXS2LP1 4.0.0
2024-01-17 01:07:59,438 [INFO] ThirdParty:1030 - CMSIS Pack Vendor :STMicroelectronics X-CUBE-BLE2 3.3.0
2024-01-17 01:07:59,438 [INFO] ThirdParty:1030 - CMSIS Pack Vendor :STMicroelectronics X-CUBE-TOF1 3.4.0
2024-01-17 01:07:59,438 [INFO] ThirdParty:1030 - CMSIS Pack Vendor :STMicroelectronics X-CUBE-AZRTOS-H7 3.2.0
2024-01-17 01:07:59,438 [INFO] ThirdParty:1030 - CMSIS Pack Vendor :STMicroelectronics PDM2PCM 3.2.0
2024-01-17 01:07:59,438 [INFO] ThirdParty:841 - exiting critical section [change project]
2024-01-17 01:07:59,704 [INFO] PinOutPanel:1499 - setPackage(No Configuration,No Configuration)
2024-01-17 01:07:59,709 [INFO] PinOutPanel:1499 - setPackage(STM32F042F4Px,TSSOP20)
2024-01-17 01:08:00,903 [INFO] UtilMem:75 - Before build in PCC Used Memory: 402375536 Bytes (507510784)
2024-01-17 01:08:02,005 [INFO] UtilMem:75 - After build in PCC Used Memory: 282176040 Bytes (507510784)
2024-01-17 01:08:02,036 [INFO] IPUIPlugin:80 - create IPUIPlugin
2024-01-17 01:08:02,036 [INFO] IPUIPlugin:80 - create IPUIPlugin
2024-01-17 01:08:02,037 [INFO] IPUIPlugin:80 - create IPUIPlugin
2024-01-17 01:08:02,037 [INFO] IPUIPlugin:80 - create IPUIPlugin
2024-01-17 01:08:02,037 [INFO] IPUIPlugin:80 - create IPUIPlugin
2024-01-17 01:08:02,037 [INFO] IPUIPlugin:80 - create IPUIPlugin
2024-01-17 01:08:02,037 [INFO] IPUIPlugin:80 - create IPUIPlugin
2024-01-17 01:08:02,037 [INFO] IPUIPlugin:80 - create IPUIPlugin
2024-01-17 01:08:02,038 [INFO] IPUIPlugin:80 - create IPUIPlugin
2024-01-17 01:08:02,038 [INFO] IPUIPlugin:80 - create IPUIPlugin
2024-01-17 01:08:02,038 [INFO] IPUIPlugin:80 - create IPUIPlugin
2024-01-17 01:08:02,038 [INFO] IPUIPlugin:80 - create IPUIPlugin
2024-01-17 01:08:02,038 [INFO] IPUIPlugin:80 - create IPUIPlugin
2024-01-17 01:08:02,038 [INFO] IPUIPlugin:80 - create IPUIPlugin
2024-01-17 01:08:02,038 [INFO] IPUIPlugin:80 - create IPUIPlugin
2024-01-17 01:08:02,038 [INFO] IPUIPlugin:80 - create IPUIPlugin
2024-01-17 01:08:02,038 [INFO] IPUIPlugin:80 - create IPUIPlugin
2024-01-17 01:08:02,038 [INFO] IPUIPlugin:80 - create IPUIPlugin
2024-01-17 01:08:02,039 [INFO] IPUIPlugin:80 - create IPUIPlugin
2024-01-17 01:08:02,039 [INFO] IPUIPlugin:80 - create IPUIPlugin
2024-01-17 01:08:02,039 [INFO] IPUIPlugin:80 - create IPUIPlugin
2024-01-17 01:08:02,040 [INFO] IPUIPlugin:80 - create IPUIPlugin
2024-01-17 01:08:02,040 [INFO] IPUIPlugin:80 - create IPUIPlugin
2024-01-17 01:08:02,040 [INFO] IPUIPlugin:80 - create IPUIPlugin
2024-01-17 01:08:02,041 [INFO] IPUIPlugin:80 - create IPUIPlugin
2024-01-17 01:08:02,041 [INFO] IPUIPlugin:80 - create IPUIPlugin
2024-01-17 01:08:02,041 [INFO] IPUIPlugin:80 - create IPUIPlugin
2024-01-17 01:08:02,042 [INFO] IPUIPlugin:80 - create IPUIPlugin
2024-01-17 01:08:02,042 [INFO] IPUIPlugin:80 - create IPUIPlugin
2024-01-17 01:08:02,042 [INFO] IPUIPlugin:80 - create IPUIPlugin
2024-01-17 01:08:02,280 [INFO] CADModel:165 - CPN selected for project levelSTM32F042F4P6
2024-01-17 01:08:02,281 [INFO] CADModel:114 - Register for checkConnection events
2024-01-17 01:08:02,345 [INFO] OpenFileManager:343 - Restore cursor
2024-01-17 01:44:00,143 [INFO] MainUpdater:2873 - connection check result : 10
2024-01-17 01:44:00,143 [INFO] MainUpdater:2873 - connection check result : 10
2024-01-17 01:44:00,164 [INFO] MicroXplorer:468 - Change Database Path : 
2024-01-17 01:44:00,164 [INFO] MicroXplorer:498 - Change Database Version : DB.6.0.100
2024-01-17 01:44:00,242 [ERROR] ProjectManagerView:394 - 
java.lang.NullPointerException: Cannot invoke "javax.swing.JTextField.getText()" because the return value of "java.util.List.get(int)" is null
	at com.st.microxplorer.plugins.projectmanager.gui.ProjectChoiceTab$10.caretUpdate(ProjectChoiceTab.java:2493) ~[filemanager.jar:?]
	at javax.swing.text.JTextComponent.fireCaretUpdate(JTextComponent.java:412) ~[?:?]
	at javax.swing.text.JTextComponent$MutableCaretEvent.fire(JTextComponent.java:4491) ~[?:?]
	at javax.swing.text.JTextComponent$MutableCaretEvent.stateChanged(JTextComponent.java:4513) ~[?:?]
	at javax.swing.text.DefaultCaret.fireStateChanged(DefaultCaret.java:842) ~[?:?]
	at javax.swing.text.DefaultCaret.changeCaretPosition(DefaultCaret.java:1313) ~[?:?]
	at javax.swing.text.DefaultCaret.handleSetDot(DefaultCaret.java:1212) ~[?:?]
	at javax.swing.text.DefaultCaret.setDot(DefaultCaret.java:1193) ~[?:?]
	at javax.swing.text.DefaultCaret$Handler.insertUpdate(DefaultCaret.java:1789) ~[?:?]
	at javax.swing.text.AbstractDocument.fireInsertUpdate(AbstractDocument.java:226) ~[?:?]
	at javax.swing.text.AbstractDocument.handleInsertString(AbstractDocument.java:780) ~[?:?]
	at javax.swing.text.AbstractDocument.insertString(AbstractDocument.java:739) ~[?:?]
	at javax.swing.text.PlainDocument.insertString(PlainDocument.java:131) ~[?:?]
	at javax.swing.text.AbstractDocument.replace(AbstractDocument.java:698) ~[?:?]
	at javax.swing.text.JTextComponent.setText(JTextComponent.java:1729) ~[?:?]
	at com.st.microxplorer.plugins.projectmanager.gui.ProjectChoiceTab.createHeapStackFields(ProjectChoiceTab.java:933) ~[filemanager.jar:?]
	at com.st.microxplorer.plugins.projectmanager.gui.ProjectChoiceTab.buildLinkSettingsPanel(ProjectChoiceTab.java:3426) ~[filemanager.jar:?]
	at com.st.microxplorer.plugins.projectmanager.gui.ProjectChoiceTab.defineWindowsFields(ProjectChoiceTab.java:1813) ~[filemanager.jar:?]
	at com.st.microxplorer.plugins.projectmanager.gui.ProjectChoiceTab.updateSettings(ProjectChoiceTab.java:533) ~[filemanager.jar:?]
	at com.st.microxplorer.plugins.projectmanager.gui.ProjectSettingsPanel.UpdateDialog(ProjectSettingsPanel.java:244) ~[filemanager.jar:?]
	at com.st.microxplorer.plugins.projectmanager.ProjectManagerView.propertyChange(ProjectManagerView.java:391) ~[filemanager.jar:?]
	at java.beans.PropertyChangeSupport.fire(PropertyChangeSupport.java:343) ~[?:?]
	at java.beans.PropertyChangeSupport.firePropertyChange(PropertyChangeSupport.java:335) ~[?:?]
	at java.beans.PropertyChangeSupport.firePropertyChange(PropertyChangeSupport.java:268) ~[?:?]
	at com.st.microxplorer.util.MXPropertyChangeSupport.firePropertyChange(MXPropertyChangeSupport.java:54) ~[STM32CubeMX.jar:?]
	at com.st.microxplorer.mxsystem.MxSystem.closeConfig(MxSystem.java:900) ~[STM32CubeMX.jar:?]
	at com.st.microxplorer.maingui.MainPanel.closeConfig(MainPanel.java:776) ~[STM32CubeMX.jar:?]
	at com.st.microxplorer.plugins.filemanager.engine.OpenFileManager.loadConfigurationFile(OpenFileManager.java:245) ~[filemanager.jar:?]
	at com.st.microxplorer.plugins.filemanager.engine.MainFileManager.userLoadConfig(MainFileManager.java:290) ~[filemanager.jar:?]
	at com.st.microxplorer.plugins.filemanager.FileManagerView.getSpecificTask(FileManagerView.java:247) ~[filemanager.jar:?]
	at com.st.stm32cube.common.mx.editor.CubeMxEditor.getMxTabbedPaneInstance(CubeMxEditor.java:1184) ~[com.st.stm32cube.common.mx_6.10.0.202311202037/:?]
	at com.st.stm32cube.common.mx.editor.CubeMxEditor$12$1.createSwingComponent(CubeMxEditor.java:1065) ~[com.st.stm32cube.common.mx_6.10.0.202311202037/:?]
	at com.st.stm32cube.common.mx.oss.core.awtswtbridge.EmbeddedSwingComposite.doComponentCreation(EmbeddedSwingComposite.java:492) ~[com.st.stm32cube.common.mx.oss_6.10.0.202311202037/:?]
	at com.st.stm32cube.common.mx.oss.core.awtswtbridge.EmbeddedSwingComposite$4.run(EmbeddedSwingComposite.java:291) ~[com.st.stm32cube.common.mx.oss_6.10.0.202311202037/:?]
	at com.st.stm32cube.common.mx.oss.core.awtswtbridge.AwtEnvironment$2.run(AwtEnvironment.java:166) ~[com.st.stm32cube.common.mx.oss_6.10.0.202311202037/:?]
	at java.awt.event.InvocationEvent.dispatch(InvocationEvent.java:318) ~[?:?]
	at java.awt.EventQueue.dispatchEventImpl(EventQueue.java:773) ~[?:?]
	at java.awt.EventQueue$4.run(EventQueue.java:720) ~[?:?]
	at java.awt.EventQueue$4.run(EventQueue.java:714) ~[?:?]
	at java.security.AccessController.doPrivileged(AccessController.java:399) ~[?:?]
	at java.security.ProtectionDomain$JavaSecurityAccessImpl.doIntersectionPrivilege(ProtectionDomain.java:86) ~[?:?]
	at java.awt.EventQueue.dispatchEvent(EventQueue.java:742) ~[?:?]
	at java.awt.EventDispatchThread.pumpOneEventForFilters(EventDispatchThread.java:203) ~[?:?]
	at java.awt.EventDispatchThread.pumpEventsForFilter(EventDispatchThread.java:124) ~[?:?]
	at java.awt.EventDispatchThread.pumpEventsForHierarchy(EventDispatchThread.java:113) ~[?:?]
	at java.awt.EventDispatchThread.pumpEvents(EventDispatchThread.java:109) ~[?:?]
	at java.awt.EventDispatchThread.pumpEvents(EventDispatchThread.java:101) ~[?:?]
	at java.awt.EventDispatchThread.run(EventDispatchThread.java:90) ~[?:?]
2024-01-17 01:44:00,251 [WARN] ThirdParty:871 - waiting for thirdparty lock release [close project]
2024-01-17 01:44:00,251 [INFO] ThirdParty:873 - entering critical section [close project]
2024-01-17 01:44:00,251 [INFO] ThirdParty:883 - exiting critical section [close project]
2024-01-17 01:44:00,252 [INFO] PinOutPanel:1499 - setPackage(No Configuration,No Configuration)
2024-01-17 01:44:00,261 [INFO] UtilMem:75 - Begin LoadConfig() Used Memory: 307038224 Bytes (769654784)
2024-01-17 01:44:00,262 [INFO] MicroXplorer:468 - Change Database Path : 
2024-01-17 01:44:00,262 [INFO] MicroXplorer:498 - Change Database Version : DB.6.0.100
2024-01-17 01:44:00,262 [INFO] OpenFileManager:312 - Change cursor
2024-01-17 01:44:00,279 [INFO] Mcu:2016 - Initializing MCU STM32F042F4Px STM32F042F4Px STM32F042F4P6
2024-01-17 01:44:01,026 [INFO] Context:659 - Trying to add GPIOservice into a context  which must be forbidden
2024-01-17 01:44:01,255 [INFO] RtosManager:555 - Registered RTOS mode: class=CMSIS, group=RTOS, mode=CMSIS_V1, owner=FREERTOS
2024-01-17 01:44:01,255 [INFO] RtosManager:555 - Registered RTOS mode: class=CMSIS, group=RTOS2, mode=CMSIS_V2, owner=FREERTOS
2024-01-17 01:44:01,255 [INFO] RtosManager:555 - Registered RTOS mode: class=RTOS, group=Core, mode=CMSIS_V1, owner=FREERTOS
2024-01-17 01:44:01,255 [INFO] RtosManager:555 - Registered RTOS mode: class=RTOS, group=Core, mode=CMSIS_V2, owner=FREERTOS
2024-01-17 01:44:01,255 [WARN] ModelIntegratedComponent:184 - Missing modes for component STMicroelectronics:FreeRTOS:0.0.1:STMicroelectronics:RTOS:FreeRTOS:Core:::10.2.0:
2024-01-17 01:44:01,259 [WARN] ModelIntegratedComponent:63 - No mode defined for component null
2024-01-17 01:44:01,259 [WARN] ModelIntegratedComponent:63 - No mode defined for component null
2024-01-17 01:44:01,260 [WARN] ModelIntegratedComponent:63 - No mode defined for component null
2024-01-17 01:44:01,260 [WARN] ModelIntegratedComponent:63 - No mode defined for component null
2024-01-17 01:44:01,260 [WARN] ModelIntegratedComponent:63 - No mode defined for component null
2024-01-17 01:44:01,260 [WARN] ModelIntegratedComponent:63 - No mode defined for component null
2024-01-17 01:44:01,260 [WARN] ModelIntegratedComponent:63 - No mode defined for component null
2024-01-17 01:44:01,260 [WARN] ModelIntegratedComponent:63 - No mode defined for component null
2024-01-17 01:44:01,260 [WARN] ModelIntegratedComponent:63 - No mode defined for component null
2024-01-17 01:44:01,260 [WARN] ModelIntegratedComponent:63 - No mode defined for component null
2024-01-17 01:44:01,260 [WARN] ModelIntegratedComponent:63 - No mode defined for component null
2024-01-17 01:44:01,260 [WARN] ModelIntegratedComponent:63 - No mode defined for component null
2024-01-17 01:44:01,260 [WARN] ModelIntegratedComponent:63 - No mode defined for component null
2024-01-17 01:44:01,260 [WARN] ModelIntegratedComponent:63 - No mode defined for component null
2024-01-17 01:44:01,260 [WARN] ModelIntegratedComponent:63 - No mode defined for component null
2024-01-17 01:44:01,260 [WARN] ModelIntegratedComponent:63 - No mode defined for component null
2024-01-17 01:44:01,260 [WARN] ModelIntegratedComponent:63 - No mode defined for component null
2024-01-17 01:44:01,260 [WARN] ModelIntegratedComponent:63 - No mode defined for component null
2024-01-17 01:44:01,260 [WARN] ModelIntegratedComponent:63 - No mode defined for component null
2024-01-17 01:44:01,260 [WARN] ModelIntegratedComponent:63 - No mode defined for component null
2024-01-17 01:44:01,260 [WARN] ModelIntegratedComponent:63 - No mode defined for component null
2024-01-17 01:44:01,260 [WARN] ModelIntegratedComponent:63 - No mode defined for component null
2024-01-17 01:44:01,260 [WARN] ModelIntegratedComponent:63 - No mode defined for component null
2024-01-17 01:44:01,260 [WARN] ModelIntegratedComponent:63 - No mode defined for component null
2024-01-17 01:44:01,260 [WARN] ModelIntegratedComponent:63 - No mode defined for component null
2024-01-17 01:44:01,260 [WARN] ModelIntegratedComponent:63 - No mode defined for component null
2024-01-17 01:44:01,260 [WARN] ModelIntegratedComponent:63 - No mode defined for component null
2024-01-17 01:44:01,260 [WARN] ModelIntegratedComponent:63 - No mode defined for component null
2024-01-17 01:44:01,260 [WARN] ModelIntegratedComponent:63 - No mode defined for component null
2024-01-17 01:44:01,260 [WARN] ModelIntegratedComponent:63 - No mode defined for component null
2024-01-17 01:44:01,260 [WARN] ModelIntegratedComponent:63 - No mode defined for component null
2024-01-17 01:44:01,260 [WARN] ModelIntegratedComponent:63 - No mode defined for component null
2024-01-17 01:44:01,260 [WARN] ModelIntegratedComponent:63 - No mode defined for component null
2024-01-17 01:44:01,307 [INFO] ThirdPartyModel:298 - Start build external matchings
2024-01-17 01:44:01,453 [INFO] ThirdPartyModel:316 - End build external matchings
2024-01-17 01:44:01,460 [INFO] ImportTextPane:194 - (OptionalMessage_ERROR) IP (RCC) : Invalid parameter (FamilyName)
2024-01-17 01:44:01,460 [INFO] ImportTextPane:194 - (OptionalMessage_ERROR) IP (RCC) : Invalid parameter (HSICECFreq_Value)
2024-01-17 01:44:01,566 [INFO] ApiDb:668 - CubeFinder database Data Model version=2.1
2024-01-17 01:44:01,566 [INFO] ApiDb:669 - CubeFinder database Configuration version=3.0.39
2024-01-17 01:44:01,566 [INFO] ApiDb:670 - CubeFinder database generation date=2023-12-08 (1702028721)
2024-01-17 01:44:01,566 [INFO] ApiDb:671 - CubeFinder database FW Pack versions=[FP-ATR-ASTRA1_V2.0.0, FP-SNS-FLIGHT1_V5.0.1, FP-SNS-FLIGHT1_V5.0.2, FP-SNS-MOTENV1_V4.3.1, FP-SNS-MOTENV1_V4.3.2, FP-SNS-MOTENVWB1_V1.3.1, FP-SNS-SMARTAG2_V1.2.0, STM32Cube_FW_C0_V1.1.0, STM32Cube_FW_F4_V1.28.0, STM32Cube_FW_F7_V1.17.0, STM32Cube_FW_G0_V1.6.1, STM32Cube_FW_G4_V1.5.1, STM32Cube_FW_H5_V0.5.1, STM32Cube_FW_H5_V1.1.1, STM32Cube_FW_H5_V1.2.0RC2, STM32Cube_FW_H7_V1.11.0, STM32Cube_FW_L0_V1.12.2, STM32Cube_FW_L5_V1.5.0, STM32Cube_FW_U5_V1.3.0RC4, STM32Cube_FW_U5_V1.4.0, STM32Cube_FW_WBA_V1.0.0RC1, STM32Cube_FW_WBA_V1.1.0RC1, STM32Cube_FW_WBA_V1.2.0, STM32Cube_FW_WBA_V1.2.0RC2, STM32Cube_FW_WB_V1.15.0RC1, STM32Cube_FW_WB_V1.16.0, STM32Cube_FW_WB_V1.16.0RC2, STM32Cube_FW_WB_V1.18.0, STM32Cube_FW_WL_V1.3.0, X-CUBE-ALGOBUILD_V1.3.0, X-CUBE-ALS_V1.0.1, X-CUBE-AZRTOS-F4_V1.1.0, X-CUBE-AZRTOS-F7_V1.1.0, X-CUBE-AZRTOS-G0_V1.1.0, X-CUBE-AZRTOS-G4_V2.0.0, X-CUBE-AZRTOS-H7_V3.1.0, X-CUBE-AZRTOS-L4_V1.0.0, X-CUBE-AZRTOS-L4_V2.0.0, X-CUBE-AZRTOS-L5_V1.1.0, X-CUBE-AZRTOS-WB_V2.0.0, X-CUBE-AZRTOS-WL_V2.0.0, X-CUBE-BLE1_V7.0.0, X-CUBE-BLE2_V3.3.0, X-CUBE-BLEMGR_V3.0.0, X-CUBE-EEPRMA1_V4.1.0, X-CUBE-EEPRMA1_V4.2.0, X-CUBE-FREERTOS_V1.1.0, X-CUBE-GNSS1_V6.0.0, X-CUBE-MEMS1_V10.0.0, X-CUBE-MEMS1_V9.1.0, X-CUBE-MEMS1_V9.4.0, X-CUBE-MEMS1_V9.6.0, X-CUBE-NFC4_V3.0.0, X-CUBE-NFC7_V1.0.1, X-CUBE-SFXS2LP1_V4.0.0, X-CUBE-SUBG2_V5.0.0, X-CUBE-TOF1_V3.4.0]
2024-01-17 01:44:01,766 [INFO] DbBoardsSqlite:226 - include board P-NUCLEO-WB55-NUCLEO as a kit item of type 'Nucleo-64'
2024-01-17 01:44:01,766 [INFO] DbBoardsSqlite:226 - include board P-NUCLEO-WB55-USBDONGLE as a kit item of type 'Nucleo USB Dongle'
2024-01-17 01:44:01,767 [INFO] DbBoardsSqlite:226 - include board STEVAL-IDP005V1 as a kit item of type 'Evaluation Board'
2024-01-17 01:44:01,767 [INFO] DbBoardsSqlite:226 - include board STEVAL-IDP005V2 as a kit item of type 'Evaluation Board'
2024-01-17 01:44:02,037 [INFO] ApiDb:240 - Found 371 in-development CPN: [B-G473E-ZEST1S, B-WB1M-WPAN1, B-WL5M-SUBG1, NUCLEO-C031C6, NUCLEO-H503RB, NUCLEO-H563ZI, NUCLEO-U545RE-Q, NUCLEO-U5A5ZJ-Q, NUCLEO-WBA52CG, NUCLEO-WBA55CG, STEVAL-MKBOXPRO, STEVAL-PROTEUS1, STEVAL-STWINBX1, STM320518-EVAL, STM32C0116-DK, STM32C011D6Y3TR, STM32C011D6Y6TR, STM32C011F4P3, STM32C011F4P6, STM32C011F4U3, STM32C011F4U6TR, STM32C011F6P3, STM32C011F6P6, STM32C011F6U3, STM32C011F6U6TR, STM32C011J4M3, STM32C011J4M6, STM32C011J6M3, STM32C011J6M6, STM32C0316-DK, STM32C031C4T3, STM32C031C4T6, STM32C031C4U3, STM32C031C4U6, STM32C031C6T3, STM32C031C6T6, STM32C031C6U3, STM32C031C6U6, STM32C031F4P3, STM32C031F4P6, STM32C031F6P3, STM32C031F6P6, STM32C031G4U3, STM32C031G4U6, STM32C031G6U3, STM32C031G6U6, STM32C031K4T3, STM32C031K4T6, STM32C031K4U3, STM32C031K4U6, STM32C031K6T3, STM32C031K6T6, STM32C031K6U3, STM32C031K6U6, STM32G071K8TXN, STM32G071K8UXN, STM32G081GBU6N, STM32G081KBT6N, STM32G081KBUXN, STM32G0B1CCT6N, STM32G0B1KCT6, STM32G0B1NEY6TR, STM32G0B1RCT6N, STM32G0C1CCT6, STM32G0C1CCT6N, STM32G0C1CCU6N, STM32G0C1CET6N, STM32G0C1CEU6N, STM32G0C1KCT6, STM32G0C1NEY6TR, STM32G0C1RCI6N, STM32G0C1RCT6N, STM32G0C1REI6N, STM32G0C1RET6N, STM32G0C1VCI6, STM32G0C1VEI6, STM32G471CCT6, STM32G471CCU6, STM32G471CET3, STM32G471CET6, STM32G471CEU3, STM32G471CEU6, STM32G471MCT6, STM32G471MET3, STM32G471MET6, STM32G471MEY6TR, STM32G471QCT6, STM32G471QET3, STM32G471RCT6, STM32G471RET3, STM32G471RET6, STM32G471VCH6, STM32G471VCI6, STM32G471VCT6, STM32G471VEH3, STM32G471VEH6, STM32G471VEI3, STM32G471VEI6, STM32G471VET3, STM32G471VET6, STM32G474CCT6, STM32H503CBT6, STM32H503CBU6, STM32H503EBY6TR, STM32H503KBU6, STM32H503RBT6, STM32H562AGI6, STM32H562AII6, STM32H562IGK6, STM32H562IGT6, STM32H562IIK6, STM32H562IIT6, STM32H562RGT6, STM32H562RGV6, STM32H562RIT6, STM32H562RIV6, STM32H562VGT6, STM32H562VIT6, STM32H562ZGT6, STM32H562ZIT6, STM32H563AGI6, STM32H563AII3Q, STM32H563AII6, STM32H563IGK6, STM32H563IGT6, STM32H563IIK3Q, STM32H563IIK6, STM32H563IIT3Q, STM32H563IIT6, STM32H563MIY3QTR, STM32H563RGT6, STM32H563RGV6, STM32H563RIT6, STM32H563RIV6, STM32H563VGT6, STM32H563VIT3Q, STM32H563VIT6, STM32H563ZGT6, STM32H563ZIT3Q, STM32H563ZIT6, STM32H573AII3Q, STM32H573AII6, STM32H573I-DK, STM32H573IIK3Q, STM32H573IIK6, STM32H573IIT3Q, STM32H573IIT6, STM32H573MIY3QTR, STM32H573RIT6, STM32H573RIV6, STM32H573VIT3Q, STM32H573VIT6, STM32H573ZIT3Q, STM32H573ZIT6, STM32L4R5QGI6STR, STM32MP131AAE3, STM32MP131AAF3, STM32MP131AAG3, STM32MP131CAE3, STM32MP131CAF3, STM32MP131CAG3, STM32MP131DAE7, STM32MP131DAF7, STM32MP131DAG7, STM32MP131FAE7, STM32MP131FAF7, STM32MP131FAG7, STM32MP133AAE3, STM32MP133AAF3, STM32MP133AAG3, STM32MP133CAE3, STM32MP133CAF3, STM32MP133CAG3, STM32MP133DAE7, STM32MP133DAF7, STM32MP133DAG7, STM32MP133FAE7, STM32MP133FAF7, STM32MP133FAG7, STM32MP135AAE3, STM32MP135AAF3, STM32MP135AAG3, STM32MP135CAE3, STM32MP135CAF3, STM32MP135CAG3, STM32MP135DAE7, STM32MP135DAF7, STM32MP135DAG7, STM32MP135F-DK, STM32MP135FAE7, STM32MP135FAF7, STM32MP135FAF7T, STM32MP135FAF7U, STM32MP135FAG7, STM32U535CBT6, STM32U535CBT6Q, STM32U535CBU6, STM32U535CBU6Q, STM32U535CCT6, STM32U535CCT6Q, STM32U535CCU6, STM32U535CCU6Q, STM32U535CET6, STM32U535CET6Q, STM32U535CEU6, STM32U535CEU6Q, STM32U535JEY6QTR, STM32U535NCY6QTR, STM32U535NEY6QTR, STM32U535RBI6, STM32U535RBI6Q, STM32U535RBT6, STM32U535RBT6Q, STM32U535RCI6, STM32U535RCI6Q, STM32U535RCT6, STM32U535RCT6Q, STM32U535REI6, STM32U535REI6Q, STM32U535RET6, STM32U535RET6Q, STM32U535VCI6, STM32U535VCI6Q, STM32U535VCT6, STM32U535VCT6Q, STM32U535VEI6, STM32U535VEI6Q, STM32U535VET6, STM32U535VET6Q, STM32U545CET6, STM32U545CET6Q, STM32U545CEU6, STM32U545CEU6Q, STM32U545JEY6QTR, STM32U545NEY6QTR, STM32U545REI6, STM32U545REI6Q, STM32U545RET6, STM32U545RET6Q, STM32U545VEI6, STM32U545VEI6Q, STM32U545VET6, STM32U545VET6Q, STM32U595AIH6, STM32U595AIH6Q, STM32U595AJH6, STM32U595AJH6Q, STM32U595QII6, STM32U595QII6Q, STM32U595QJI6, STM32U595QJI6Q, STM32U595RIT6, STM32U595RIT6Q, STM32U595RJT6, STM32U595RJT6Q, STM32U595VIT6, STM32U595VIT6Q, STM32U595VJT6, STM32U595VJT6Q, STM32U595ZIT6, STM32U595ZIT6Q, STM32U595ZIY6QTR, STM32U595ZJT6, STM32U595ZJT6Q, STM32U595ZJY6QTR, STM32U599BJY6QTR, STM32U599NIH6Q, STM32U599NJH6Q, STM32U599VIT6Q, STM32U599VJT6, STM32U599VJT6Q, STM32U599ZIT6Q, STM32U599ZIY6QTR, STM32U599ZJT6Q, STM32U599ZJY6QTR, STM32U5A5AJH6, STM32U5A5AJH6Q, STM32U5A5QJI6, STM32U5A5QJI6Q, STM32U5A5RJT6, STM32U5A5RJT6Q, STM32U5A5VJT6, STM32U5A5VJT6Q, STM32U5A5ZJT6, STM32U5A5ZJT6Q, STM32U5A5ZJY6QTR, STM32U5A9BJY6QTR, STM32U5A9J-DK, STM32U5A9NJH6Q, STM32U5A9VJT6Q, STM32U5A9ZJT6Q, STM32U5A9ZJY6QTR, STM32U5F7VIT6, STM32U5F7VIT6Q, STM32U5F7VJT6, STM32U5F7VJT6Q, STM32U5F9BJY6QTR, STM32U5F9NJH6Q, STM32U5F9VIT6Q, STM32U5F9VJT6Q, STM32U5F9ZIJ6QTR, STM32U5F9ZIT6Q, STM32U5F9ZJJ6QTR, STM32U5F9ZJT6Q, STM32U5G7VJT6, STM32U5G7VJT6Q, STM32U5G9BJY6QTR, STM32U5G9J-DK1, STM32U5G9J-DK2, STM32U5G9NJH6Q, STM32U5G9VJT6Q, STM32U5G9ZJJ6QTR, STM32U5G9ZJT6Q, STM32WB1MMCH6, STM32WBA50KEU6, STM32WBA50KEU6TR, STM32WBA50KGU6, STM32WBA50KGU6TR, STM32WBA52CEU6, STM32WBA52CEU6TR, STM32WBA52CEU7, STM32WBA52CEU7TR, STM32WBA52CGU6, STM32WBA52CGU6TR, STM32WBA52CGU6U, STM32WBA52CGU7, STM32WBA52CGU7TR, STM32WBA52KEU6, STM32WBA52KEU6TR, STM32WBA52KGU6, STM32WBA52KGU6TR, STM32WBA54CEU6, STM32WBA54CEU6TR, STM32WBA54CEU7, STM32WBA54CEU7TR, STM32WBA54CGU6, STM32WBA54CGU6TR, STM32WBA54CGU7, STM32WBA54CGU7TR, STM32WBA54KEU6, STM32WBA54KEU6TR, STM32WBA54KEU7, STM32WBA54KEU7TR, STM32WBA54KGU6, STM32WBA54KGU6TR, STM32WBA54KGU7, STM32WBA54KGU7TR, STM32WBA55CEU6, STM32WBA55CEU6TR, STM32WBA55CEU7, STM32WBA55CEU7TR, STM32WBA55CGU6, STM32WBA55CGU6TR, STM32WBA55CGU6U, STM32WBA55CGU7, STM32WBA55CGU7TR, STM32WBA55G-DK1, STM32WBA55HEF6, STM32WBA55HEF7, STM32WBA55HGF6, STM32WBA55HGF7, STM32WBA55UEI6, STM32WBA55UEI6TR, STM32WBA55UEI7, STM32WBA55UEI7TR, STM32WBA55UGI6, STM32WBA55UGI6TR, STM32WBA55UGI7, STM32WBA55UGI7TR, STM32WL5MOCH6, STM32WL5MOCH6TR]
2024-01-17 01:44:02,150 [INFO] BoardInfo:889 - No configuration file found for board P-NUCLEO-WB55
2024-01-17 01:44:02,150 [INFO] DbBoards:161 - Kit is not supported: P-NUCLEO-WB55
2024-01-17 01:44:02,155 [INFO] BoardInfo:889 - No configuration file found for board STEVAL-BFA001V1B
2024-01-17 01:44:02,155 [INFO] DbBoards:161 - Kit is not supported: STEVAL-BFA001V1B
2024-01-17 01:44:02,156 [INFO] BoardInfo:889 - No configuration file found for board STEVAL-BFA001V2B
2024-01-17 01:44:02,156 [INFO] DbBoards:161 - Kit is not supported: STEVAL-BFA001V2B
2024-01-17 01:44:02,258 [INFO] DbBoards:168 - Found 193 boards, 190 are supported
2024-01-17 01:44:02,258 [INFO] DbBoards:169 - Found 193 boards, 3 of them is supported for  Bsp
2024-01-17 01:44:02,261 [INFO] ApiDb:423 - Load user favorites file C:\Users\aleja/.stm32cubeide/favorites.boards.txt: 0 item(s)
2024-01-17 01:44:02,261 [INFO] ApiDb:427 - User favorites Boards=[]
2024-01-17 01:44:02,261 [INFO] DbBoards:198 - Set 0 / 0 favorites Boards
2024-01-17 01:44:02,349 [INFO] UtilMem:75 - End LoadConfig() Used Memory: 590428672 Bytes (769654784)
2024-01-17 01:44:02,410 [INFO] MicroXplorer:468 - Change Database Path : 
2024-01-17 01:44:02,410 [INFO] MicroXplorer:498 - Change Database Version : DB.6.0.100
2024-01-17 01:44:02,411 [WARN] ThirdParty:833 - waiting for thirdparty lock release [change project]
2024-01-17 01:44:02,411 [INFO] ThirdParty:835 - entering critical section [change project]
2024-01-17 01:44:02,411 [INFO] ThirdParty:1030 - CMSIS Pack Vendor :STMicroelectronics X-CUBE-ISPU 1.1.0
2024-01-17 01:44:02,411 [INFO] ThirdParty:1030 - CMSIS Pack Vendor :STMicroelectronics USBPD 4.1
2024-01-17 01:44:02,411 [INFO] ThirdParty:1030 - CMSIS Pack Vendor :STMicroelectronics X-CUBE-GNSS1 6.0.0
2024-01-17 01:44:02,411 [INFO] ThirdParty:1030 - CMSIS Pack Vendor :STMicroelectronics USB_HOST 2.0.0
2024-01-17 01:44:02,411 [INFO] ThirdParty:1030 - CMSIS Pack Vendor :STMicroelectronics X-CUBE-AZRTOS-F4 1.1.0
2024-01-17 01:44:02,411 [INFO] ThirdParty:1030 - CMSIS Pack Vendor :STMicroelectronics LIBJPEG 8.0.0
2024-01-17 01:44:02,411 [INFO] ThirdParty:1030 - CMSIS Pack Vendor :wolfSSL I-CUBE-wolfSSL 5.6.4
2024-01-17 01:44:02,411 [INFO] ThirdParty:1030 - CMSIS Pack Vendor :STMicroelectronics X-CUBE-SMBUS 2.1.0
2024-01-17 01:44:02,411 [INFO] ThirdParty:1030 - CMSIS Pack Vendor :STMicroelectronics USB_DEVICE 3.0.0
2024-01-17 01:44:02,411 [INFO] ThirdParty:1030 - CMSIS Pack Vendor :STMicroelectronics X-CUBE-AZRTOS-WB 2.0.0
2024-01-17 01:44:02,411 [INFO] ThirdParty:1030 - CMSIS Pack Vendor :STMicroelectronics X-CUBE-TOUCHGFX 4.23.0
2024-01-17 01:44:02,411 [INFO] ThirdParty:1030 - CMSIS Pack Vendor :STMicroelectronics X-CUBE-AZRTOS-F7 1.1.0
2024-01-17 01:44:02,411 [INFO] ThirdParty:1030 - CMSIS Pack Vendor :STMicroelectronics X-CUBE-AZRTOS-L5 2.0.0
2024-01-17 01:44:02,411 [INFO] ThirdParty:1030 - CMSIS Pack Vendor :STMicroelectronics USB_DEVICE 2.0.0
2024-01-17 01:44:02,411 [INFO] ThirdParty:1030 - CMSIS Pack Vendor :STMicroelectronics X-CUBE-EEPRMA1 4.2.0
2024-01-17 01:44:02,411 [INFO] ThirdParty:1030 - CMSIS Pack Vendor :ITTIA_DB I-CUBE-ITTIADB 8.8.0
2024-01-17 01:44:02,411 [INFO] ThirdParty:1030 - CMSIS Pack Vendor :STMicroelectronics FP-SNS-MOTENV1 4.3.2
2024-01-17 01:44:02,411 [INFO] ThirdParty:1030 - CMSIS Pack Vendor :STMicroelectronics X-CUBE-ALGOBUILD 1.3.0
2024-01-17 01:44:02,411 [INFO] ThirdParty:1030 - CMSIS Pack Vendor :STMicroelectronics FreeRTOS 0.0.1
2024-01-17 01:44:02,411 [INFO] ThirdParty:1030 - CMSIS Pack Vendor :STMicroelectronics X-CUBE-AZRTOS-G0 1.1.0
2024-01-17 01:44:02,411 [INFO] ThirdParty:1030 - CMSIS Pack Vendor :STMicroelectronics X-CUBE-NFC4 3.0.0
2024-01-17 01:44:02,411 [INFO] ThirdParty:1030 - CMSIS Pack Vendor :STMicroelectronics X-CUBE-SUBG2 5.0.0
2024-01-17 01:44:02,411 [INFO] ThirdParty:1030 - CMSIS Pack Vendor :STMicroelectronics STM32_WPAN 1.0.0
2024-01-17 01:44:02,411 [INFO] ThirdParty:1030 - CMSIS Pack Vendor :STMicroelectronics lwIP 2.0.3
2024-01-17 01:44:02,411 [INFO] ThirdParty:1030 - CMSIS Pack Vendor :STMicroelectronics FP-SNS-FLIGHT1 5.0.2
2024-01-17 01:44:02,411 [INFO] ThirdParty:1030 - CMSIS Pack Vendor :STMicroelectronics USB_HOST 1.0.0
2024-01-17 01:44:02,411 [INFO] ThirdParty:1030 - CMSIS Pack Vendor :STMicroelectronics X-CUBE-AZRTOS-G4 2.0.0
2024-01-17 01:44:02,411 [INFO] ThirdParty:1030 - CMSIS Pack Vendor :STMicroelectronics PDM2PCM 3.1.0
2024-01-17 01:44:02,411 [INFO] ThirdParty:1030 - CMSIS Pack Vendor :STMicroelectronics X-CUBE-AZRTOS-H7 3.1.0
2024-01-17 01:44:02,411 [INFO] ThirdParty:1030 - CMSIS Pack Vendor :Infineon AIROC-Wi-Fi-Bluetooth-STM32 1.5.1
2024-01-17 01:44:02,411 [INFO] ThirdParty:1030 - CMSIS Pack Vendor :STMicroelectronics X-CUBE-BLEMGR 3.0.0
2024-01-17 01:44:02,411 [INFO] ThirdParty:1030 - CMSIS Pack Vendor :STMicroelectronics PDM2PCM 3.3.0
2024-01-17 01:44:02,411 [INFO] ThirdParty:1030 - CMSIS Pack Vendor :STMicroelectronics X-CUBE-DISPLAY 3.0.0
2024-01-17 01:44:02,411 [INFO] ThirdParty:1030 - CMSIS Pack Vendor :STMicroelectronics FP-SNS-MOTENVWB1 1.3.1
2024-01-17 01:44:02,411 [INFO] ThirdParty:1030 - CMSIS Pack Vendor :STMicroelectronics X-CUBE-BLE1 7.0.0
2024-01-17 01:44:02,411 [INFO] ThirdParty:1030 - CMSIS Pack Vendor :STMicroelectronics FP-ATR-SIGFOX1 3.2.0
2024-01-17 01:44:02,411 [INFO] ThirdParty:1030 - CMSIS Pack Vendor :STMicroelectronics X-CUBE-ISPU 2.0.0
2024-01-17 01:44:02,411 [INFO] ThirdParty:1030 - CMSIS Pack Vendor :STMicroelectronics HAL Drivers 0.0.0
2024-01-17 01:44:02,411 [INFO] ThirdParty:1030 - CMSIS Pack Vendor :STMicroelectronics MBEDTLS 2.16.2
2024-01-17 01:44:02,411 [INFO] ThirdParty:1030 - CMSIS Pack Vendor :emotas I-CUBE-CANOPEN 1.3.0
2024-01-17 01:44:02,411 [INFO] ThirdParty:1030 - CMSIS Pack Vendor :STMicroelectronics X-CUBE-MEMS1 10.0.0
2024-01-17 01:44:02,411 [INFO] ThirdParty:1030 - CMSIS Pack Vendor :STMicroelectronics X-CUBE-FREERTOS 1.1.0
2024-01-17 01:44:02,411 [INFO] ThirdParty:1030 - CMSIS Pack Vendor :STMicroelectronics X-CUBE-NFC7 1.0.1
2024-01-17 01:44:02,412 [INFO] ThirdParty:1030 - CMSIS Pack Vendor :STMicroelectronics MBEDTLS 2.14.1
2024-01-17 01:44:02,412 [INFO] ThirdParty:1030 - CMSIS Pack Vendor :STMicroelectronics X-CUBE-TOUCHGFX 4.22.1
2024-01-17 01:44:02,412 [INFO] ThirdParty:1030 - CMSIS Pack Vendor :STMicroelectronics X-CUBE-NFC6 3.0.0
2024-01-17 01:44:02,412 [INFO] ThirdParty:1030 - CMSIS Pack Vendor :portGmbH I-Cube-SoM-uGOAL 1.1.0
2024-01-17 01:44:02,412 [INFO] ThirdParty:1030 - CMSIS Pack Vendor :STMicroelectronics X-CUBE-ALS 1.0.1
2024-01-17 01:44:02,412 [INFO] ThirdParty:1030 - CMSIS Pack Vendor :STMicroelectronics ThreadX 1.0.0
2024-01-17 01:44:02,412 [INFO] ThirdParty:1030 - CMSIS Pack Vendor :STMicroelectronics FP-SNS-SMARTAG2 1.2.0
2024-01-17 01:44:02,412 [INFO] ThirdParty:1030 - CMSIS Pack Vendor :STMicroelectronics X-CUBE-AZRTOS-WL 2.0.0
2024-01-17 01:44:02,412 [INFO] ThirdParty:1030 - CMSIS Pack Vendor :STMicroelectronics USB_DEVICE 1.0.0
2024-01-17 01:44:02,412 [INFO] ThirdParty:1030 - CMSIS Pack Vendor :STMicroelectronics X-CUBE-AI 8.1.0
2024-01-17 01:44:02,412 [INFO] ThirdParty:1030 - CMSIS Pack Vendor :STMicroelectronics X-CUBE-AZRTOS-L4 2.0.0
2024-01-17 01:44:02,412 [INFO] ThirdParty:1030 - CMSIS Pack Vendor :STMicroelectronics ThreadX 0.0.2
2024-01-17 01:44:02,412 [INFO] ThirdParty:1030 - CMSIS Pack Vendor :WES I-CUBE-Cesium 1.3.0
2024-01-17 01:44:02,412 [INFO] ThirdParty:1030 - CMSIS Pack Vendor :STMicroelectronics FP-ATR-ASTRA1 2.0.0
2024-01-17 01:44:02,412 [INFO] ThirdParty:1030 - CMSIS Pack Vendor :STMicroelectronics lwIP 2.1.2
2024-01-17 01:44:02,412 [INFO] ThirdParty:1030 - CMSIS Pack Vendor :STMicroelectronics X-CUBE-SFXS2LP1 4.0.0
2024-01-17 01:44:02,412 [INFO] ThirdParty:1030 - CMSIS Pack Vendor :STMicroelectronics X-CUBE-BLE2 3.3.0
2024-01-17 01:44:02,412 [INFO] ThirdParty:1030 - CMSIS Pack Vendor :STMicroelectronics X-CUBE-TOF1 3.4.0
2024-01-17 01:44:02,412 [INFO] ThirdParty:1030 - CMSIS Pack Vendor :STMicroelectronics X-CUBE-AZRTOS-H7 3.2.0
2024-01-17 01:44:02,412 [INFO] ThirdParty:1030 - CMSIS Pack Vendor :STMicroelectronics PDM2PCM 3.2.0
2024-01-17 01:44:02,412 [INFO] ThirdParty:841 - exiting critical section [change project]
2024-01-17 01:44:02,510 [INFO] PinOutPanel:1499 - setPackage(No Configuration,No Configuration)
2024-01-17 01:44:02,511 [INFO] PinOutPanel:1499 - setPackage(STM32F042F4Px,TSSOP20)
2024-01-17 01:44:03,187 [INFO] UtilMem:75 - Before build in PCC Used Memory: 275410104 Bytes (769654784)
2024-01-17 01:44:03,430 [INFO] UtilMem:75 - After build in PCC Used Memory: 318401720 Bytes (769654784)
2024-01-17 01:44:03,444 [INFO] IPUIPlugin:80 - create IPUIPlugin
2024-01-17 01:44:03,444 [INFO] IPUIPlugin:80 - create IPUIPlugin
2024-01-17 01:44:03,444 [INFO] IPUIPlugin:80 - create IPUIPlugin
2024-01-17 01:44:03,444 [INFO] IPUIPlugin:80 - create IPUIPlugin
2024-01-17 01:44:03,444 [INFO] IPUIPlugin:80 - create IPUIPlugin
2024-01-17 01:44:03,444 [INFO] IPUIPlugin:80 - create IPUIPlugin
2024-01-17 01:44:03,444 [INFO] IPUIPlugin:80 - create IPUIPlugin
2024-01-17 01:44:03,444 [INFO] IPUIPlugin:80 - create IPUIPlugin
2024-01-17 01:44:03,444 [INFO] IPUIPlugin:80 - create IPUIPlugin
2024-01-17 01:44:03,444 [INFO] IPUIPlugin:80 - create IPUIPlugin
2024-01-17 01:44:03,444 [INFO] IPUIPlugin:80 - create IPUIPlugin
2024-01-17 01:44:03,444 [INFO] IPUIPlugin:80 - create IPUIPlugin
2024-01-17 01:44:03,445 [INFO] IPUIPlugin:80 - create IPUIPlugin
2024-01-17 01:44:03,445 [INFO] IPUIPlugin:80 - create IPUIPlugin
2024-01-17 01:44:03,445 [INFO] IPUIPlugin:80 - create IPUIPlugin
2024-01-17 01:44:03,445 [INFO] IPUIPlugin:80 - create IPUIPlugin
2024-01-17 01:44:03,445 [INFO] IPUIPlugin:80 - create IPUIPlugin
2024-01-17 01:44:03,445 [INFO] IPUIPlugin:80 - create IPUIPlugin
2024-01-17 01:44:03,445 [INFO] IPUIPlugin:80 - create IPUIPlugin
2024-01-17 01:44:03,445 [INFO] IPUIPlugin:80 - create IPUIPlugin
2024-01-17 01:44:03,445 [INFO] IPUIPlugin:80 - create IPUIPlugin
2024-01-17 01:44:03,445 [INFO] IPUIPlugin:80 - create IPUIPlugin
2024-01-17 01:44:03,445 [INFO] IPUIPlugin:80 - create IPUIPlugin
2024-01-17 01:44:03,446 [INFO] IPUIPlugin:80 - create IPUIPlugin
2024-01-17 01:44:03,446 [INFO] IPUIPlugin:80 - create IPUIPlugin
2024-01-17 01:44:03,446 [INFO] IPUIPlugin:80 - create IPUIPlugin
2024-01-17 01:44:03,446 [INFO] IPUIPlugin:80 - create IPUIPlugin
2024-01-17 01:44:03,446 [INFO] IPUIPlugin:80 - create IPUIPlugin
2024-01-17 01:44:03,446 [INFO] IPUIPlugin:80 - create IPUIPlugin
2024-01-17 01:44:03,446 [INFO] IPUIPlugin:80 - create IPUIPlugin
2024-01-17 01:44:03,496 [INFO] CADModel:165 - CPN selected for project levelSTM32F042F4P6
2024-01-17 01:44:03,496 [INFO] CADModel:114 - Register for checkConnection events
2024-01-17 01:44:03,569 [INFO] OpenFileManager:343 - Restore cursor
2024-01-17 01:45:40,136 [INFO] NvicIntPanel:101 - NVIC parent = com.st.microxplorer.plugins.ip.nvic.MultiNvicIntPanel[,0,0,0x0,invalid,layout=javax.swing.BoxLayout,alignmentX=0.0,alignmentY=0.0,border=,flags=9,maximumSize=,minimumSize=,preferredSize=]
2024-01-17 01:48:27,285 [INFO] UtilMem:75 - End SaveConfig() Used Memory: 465287016 Bytes (769654784)
2024-01-17 01:48:27,584 [INFO] UtilMem:75 - End SaveConfig() Used Memory: 517199736 Bytes (769654784)
2024-01-17 01:48:28,074 [INFO] BlockDiagram:2759 - set Specific Code input for plugin: NVIC
2024-01-17 01:48:28,075 [INFO] BlockDiagram:2759 - set Specific Code input for plugin: TIM1_8F0
2024-01-17 01:48:28,075 [INFO] BlockDiagram:2759 - set Specific Code input for plugin: SYS
2024-01-17 01:48:28,075 [INFO] BlockDiagram:2759 - set Specific Code input for plugin: GPIO
2024-01-17 01:48:28,075 [INFO] BlockDiagram:2759 - set Specific Code input for plugin: RCC
2024-01-17 01:48:28,077 [INFO] CodeGenerator:807 - code generatio: config db path: C:\ST\STM32CubeIDE_1.13.2\STM32CubeIDE\plugins\com.st.stm32cube.common.mx_6.10.0.202311202037\\db\
2024-01-17 01:48:28,308 [INFO] CodeEngine:255 - oldGeneratedFile, C:\Users\aleja\OneDrive\Escritorio\gettingStartedSTM\timerLed\MXTmpFiles\license.tmp_save
2024-01-17 01:48:28,931 [INFO] CodeEngine:279 - Generated code: C:\Users\aleja\OneDrive\Escritorio\gettingStartedSTM\timerLed\MXTmpFiles\license.tmp
2024-01-17 01:48:29,036 [INFO] CodeEngine:255 - oldGeneratedFile, C:\Users\aleja\OneDrive\Escritorio\gettingStartedSTM\timerLed\MXTmpFiles\gpio.tmp_save
2024-01-17 01:48:29,196 [INFO] CodeEngine:279 - Generated code: C:\Users\aleja\OneDrive\Escritorio\gettingStartedSTM\timerLed\MXTmpFiles\gpio.tmp
2024-01-17 01:48:29,333 [INFO] CodeEngine:255 - oldGeneratedFile, C:\Users\aleja\OneDrive\Escritorio\gettingStartedSTM\timerLed\Core\Src\stm32f0xx_it.c_save
2024-01-17 01:48:29,478 [INFO] CodeEngine:279 - Generated code: C:\Users\aleja\OneDrive\Escritorio\gettingStartedSTM\timerLed\Core\Src\stm32f0xx_it.c
2024-01-17 01:48:29,509 [INFO] CodeEngine:255 - oldGeneratedFile, C:\Users\aleja\OneDrive\Escritorio\gettingStartedSTM\timerLed\Core\Inc\stm32f0xx_it.h_save
2024-01-17 01:48:29,613 [INFO] CodeEngine:279 - Generated code: C:\Users\aleja\OneDrive\Escritorio\gettingStartedSTM\timerLed\Core\Inc\stm32f0xx_it.h
2024-01-17 01:48:29,665 [INFO] CodeEngine:255 - oldGeneratedFile, C:\Users\aleja\OneDrive\Escritorio\gettingStartedSTM\timerLed\Core\Src\stm32f0xx_hal_msp.c_save
2024-01-17 01:48:29,822 [INFO] CodeEngine:279 - Generated code: C:\Users\aleja\OneDrive\Escritorio\gettingStartedSTM\timerLed\Core\Src\stm32f0xx_hal_msp.c
2024-01-17 01:48:29,833 [INFO] CodeEngine:255 - oldGeneratedFile, C:\Users\aleja\OneDrive\Escritorio\gettingStartedSTM\timerLed\MXTmpFiles\system.tmp_save
2024-01-17 01:48:29,907 [INFO] CodeEngine:279 - Generated code: C:\Users\aleja\OneDrive\Escritorio\gettingStartedSTM\timerLed\MXTmpFiles\system.tmp
2024-01-17 01:48:29,946 [INFO] CodeEngine:311 - oldGeneratedFile, C:\Users\aleja\OneDrive\Escritorio\gettingStartedSTM\timerLed\Core\Inc\stm32f0xx_hal_conf.h_save
2024-01-17 01:48:30,055 [INFO] CodeEngine:335 - Generated code: C:\Users\aleja\OneDrive\Escritorio\gettingStartedSTM\timerLed\Core\Inc\stm32f0xx_hal_conf.h
2024-01-17 01:48:30,105 [WARN] IPConfigManager:3440 - IP not found : TIM
2024-01-17 01:48:30,107 [WARN] CodeGenerator:3939 - IP not found : null
2024-01-17 01:48:30,151 [INFO] CodeEngine:255 - oldGeneratedFile, C:\Users\aleja\OneDrive\Escritorio\gettingStartedSTM\timerLed\Core\Inc\main.h_save
2024-01-17 01:48:30,299 [INFO] CodeEngine:279 - Generated code: C:\Users\aleja\OneDrive\Escritorio\gettingStartedSTM\timerLed\Core\Inc\main.h
2024-01-17 01:48:30,329 [INFO] CodeEngine:255 - oldGeneratedFile, C:\Users\aleja\OneDrive\Escritorio\gettingStartedSTM\timerLed\Core\Src\main.c_save
2024-01-17 01:48:30,472 [INFO] CodeEngine:279 - Generated code: C:\Users\aleja\OneDrive\Escritorio\gettingStartedSTM\timerLed\Core\Src\main.c
2024-01-17 01:48:31,237 [INFO] ProjectBuilder:3076 - Time for Copy HAL[1] : 336mS.
2024-01-17 01:48:31,247 [INFO] ProjectBuilder:4485 - Project Generator version: 4.2.0-B44
2024-01-17 01:48:31,466 [INFO] ConfigFileManager:1495 - The Die is : DIE445
2024-01-17 01:48:31,501 [INFO] ApiDbMcu:508 - Load IP Config File for FATFS
2024-01-17 01:48:31,518 [INFO] ApiDbMcu:508 - Load IP Config File for FREERTOS
2024-01-17 01:48:31,546 [INFO] ApiDbMcu:508 - Load IP Config File for TOUCHSENSING
2024-01-17 01:48:31,578 [INFO] ApiDbMcu:508 - Load IP Config File for USB_DEVICE
2024-01-17 01:48:32,578 [INFO] LogOutputStream:77 - [STDOUT_REDIRECT] 
2024-01-17 01:48:34,497 [INFO] ProjectBuilder:4747 - Time for Generating toolchain IDE Files: 3248mS.
2024-01-17 01:48:34,498 [INFO] ProjectBuilder:2947 - Time for Copy CMSIS : 0mS.
2024-01-17 01:48:34,500 [INFO] ProjectBuilder:2947 - Time for Copy CMSIS : 0mS.
2024-01-17 01:58:29,500 [INFO] UtilMem:75 - End SaveConfig() Used Memory: 612465040 Bytes (891289600)
2024-01-17 01:58:29,741 [INFO] BlockDiagram:2759 - set Specific Code input for plugin: NVIC
2024-01-17 01:58:29,741 [INFO] BlockDiagram:2759 - set Specific Code input for plugin: TIM1_8F0
2024-01-17 01:58:29,741 [INFO] BlockDiagram:2759 - set Specific Code input for plugin: SYS
2024-01-17 01:58:29,742 [INFO] BlockDiagram:2759 - set Specific Code input for plugin: GPIO
2024-01-17 01:58:29,742 [INFO] BlockDiagram:2759 - set Specific Code input for plugin: RCC
2024-01-17 01:58:29,743 [INFO] CodeGenerator:807 - code generatio: config db path: C:\ST\STM32CubeIDE_1.13.2\STM32CubeIDE\plugins\com.st.stm32cube.common.mx_6.10.0.202311202037\\db\
2024-01-17 01:58:29,845 [INFO] CodeEngine:255 - oldGeneratedFile, C:\Users\aleja\OneDrive\Escritorio\gettingStartedSTM\timerLed\MXTmpFiles\license.tmp_save
2024-01-17 01:58:29,941 [INFO] CodeEngine:279 - Generated code: C:\Users\aleja\OneDrive\Escritorio\gettingStartedSTM\timerLed\MXTmpFiles\license.tmp
2024-01-17 01:58:29,955 [INFO] CodeEngine:255 - oldGeneratedFile, C:\Users\aleja\OneDrive\Escritorio\gettingStartedSTM\timerLed\MXTmpFiles\gpio.tmp_save
2024-01-17 01:58:30,068 [INFO] CodeEngine:279 - Generated code: C:\Users\aleja\OneDrive\Escritorio\gettingStartedSTM\timerLed\MXTmpFiles\gpio.tmp
2024-01-17 01:58:30,111 [INFO] CodeEngine:255 - oldGeneratedFile, C:\Users\aleja\OneDrive\Escritorio\gettingStartedSTM\timerLed\Core\Src\stm32f0xx_it.c_save
2024-01-17 01:58:30,216 [INFO] CodeEngine:279 - Generated code: C:\Users\aleja\OneDrive\Escritorio\gettingStartedSTM\timerLed\Core\Src\stm32f0xx_it.c
2024-01-17 01:58:30,221 [INFO] CodeEngine:255 - oldGeneratedFile, C:\Users\aleja\OneDrive\Escritorio\gettingStartedSTM\timerLed\Core\Inc\stm32f0xx_it.h_save
2024-01-17 01:58:30,270 [INFO] CodeEngine:279 - Generated code: C:\Users\aleja\OneDrive\Escritorio\gettingStartedSTM\timerLed\Core\Inc\stm32f0xx_it.h
2024-01-17 01:58:30,297 [INFO] CodeEngine:255 - oldGeneratedFile, C:\Users\aleja\OneDrive\Escritorio\gettingStartedSTM\timerLed\Core\Src\stm32f0xx_hal_msp.c_save
2024-01-17 01:58:30,388 [INFO] CodeEngine:279 - Generated code: C:\Users\aleja\OneDrive\Escritorio\gettingStartedSTM\timerLed\Core\Src\stm32f0xx_hal_msp.c
2024-01-17 01:58:30,393 [INFO] CodeEngine:255 - oldGeneratedFile, C:\Users\aleja\OneDrive\Escritorio\gettingStartedSTM\timerLed\MXTmpFiles\system.tmp_save
2024-01-17 01:58:30,450 [INFO] CodeEngine:279 - Generated code: C:\Users\aleja\OneDrive\Escritorio\gettingStartedSTM\timerLed\MXTmpFiles\system.tmp
2024-01-17 01:58:30,472 [INFO] CodeEngine:311 - oldGeneratedFile, C:\Users\aleja\OneDrive\Escritorio\gettingStartedSTM\timerLed\Core\Inc\stm32f0xx_hal_conf.h_save
2024-01-17 01:58:30,605 [INFO] CodeEngine:335 - Generated code: C:\Users\aleja\OneDrive\Escritorio\gettingStartedSTM\timerLed\Core\Inc\stm32f0xx_hal_conf.h
2024-01-17 01:58:30,638 [WARN] IPConfigManager:3440 - IP not found : TIM
2024-01-17 01:58:30,639 [WARN] CodeGenerator:3939 - IP not found : null
2024-01-17 01:58:30,667 [INFO] CodeEngine:255 - oldGeneratedFile, C:\Users\aleja\OneDrive\Escritorio\gettingStartedSTM\timerLed\Core\Inc\main.h_save
2024-01-17 01:58:30,794 [INFO] CodeEngine:279 - Generated code: C:\Users\aleja\OneDrive\Escritorio\gettingStartedSTM\timerLed\Core\Inc\main.h
2024-01-17 01:58:30,818 [INFO] CodeEngine:255 - oldGeneratedFile, C:\Users\aleja\OneDrive\Escritorio\gettingStartedSTM\timerLed\Core\Src\main.c_save
2024-01-17 01:58:30,920 [INFO] CodeEngine:279 - Generated code: C:\Users\aleja\OneDrive\Escritorio\gettingStartedSTM\timerLed\Core\Src\main.c
2024-01-17 01:58:31,511 [INFO] ProjectBuilder:3076 - Time for Copy HAL[1] : 239mS.
2024-01-17 01:58:31,515 [INFO] ProjectBuilder:4485 - Project Generator version: 4.2.0-B44
2024-01-17 01:58:31,638 [INFO] ConfigFileManager:1495 - The Die is : DIE445
2024-01-17 01:58:32,837 [INFO] ProjectBuilder:4747 - Time for Generating toolchain IDE Files: 1322mS.
2024-01-17 01:58:32,839 [INFO] ProjectBuilder:2947 - Time for Copy CMSIS : 1mS.
2024-01-17 01:58:32,844 [INFO] ProjectBuilder:2947 - Time for Copy CMSIS : 0mS.
2024-01-17 01:58:41,958 [INFO] NvicIntPanel:101 - NVIC parent = com.st.microxplorer.plugins.ip.nvic.MultiNvicIntPanel[,0,0,0x0,invalid,layout=javax.swing.BoxLayout,alignmentX=0.0,alignmentY=0.0,border=,flags=9,maximumSize=,minimumSize=,preferredSize=]
2024-01-17 01:58:55,964 [INFO] UtilMem:75 - End SaveConfig() Used Memory: 563895344 Bytes (963641344)
2024-01-17 01:58:56,218 [INFO] UtilMem:75 - End SaveConfig() Used Memory: 299280856 Bytes (989855744)
2024-01-17 01:58:56,398 [INFO] BlockDiagram:2759 - set Specific Code input for plugin: NVIC
2024-01-17 01:58:56,398 [INFO] BlockDiagram:2759 - set Specific Code input for plugin: TIM1_8F0
2024-01-17 01:58:56,398 [INFO] BlockDiagram:2759 - set Specific Code input for plugin: SYS
2024-01-17 01:58:56,398 [INFO] BlockDiagram:2759 - set Specific Code input for plugin: GPIO
2024-01-17 01:58:56,398 [INFO] BlockDiagram:2759 - set Specific Code input for plugin: RCC
2024-01-17 01:58:56,399 [INFO] CodeGenerator:807 - code generatio: config db path: C:\ST\STM32CubeIDE_1.13.2\STM32CubeIDE\plugins\com.st.stm32cube.common.mx_6.10.0.202311202037\\db\
2024-01-17 01:58:56,485 [INFO] CodeEngine:255 - oldGeneratedFile, C:\Users\aleja\OneDrive\Escritorio\gettingStartedSTM\timerLed\MXTmpFiles\license.tmp_save
2024-01-17 01:58:56,584 [INFO] CodeEngine:279 - Generated code: C:\Users\aleja\OneDrive\Escritorio\gettingStartedSTM\timerLed\MXTmpFiles\license.tmp
2024-01-17 01:58:56,599 [INFO] CodeEngine:255 - oldGeneratedFile, C:\Users\aleja\OneDrive\Escritorio\gettingStartedSTM\timerLed\MXTmpFiles\gpio.tmp_save
2024-01-17 01:58:56,691 [INFO] CodeEngine:279 - Generated code: C:\Users\aleja\OneDrive\Escritorio\gettingStartedSTM\timerLed\MXTmpFiles\gpio.tmp
2024-01-17 01:58:56,727 [INFO] CodeEngine:255 - oldGeneratedFile, C:\Users\aleja\OneDrive\Escritorio\gettingStartedSTM\timerLed\Core\Src\stm32f0xx_it.c_save
2024-01-17 01:58:56,812 [INFO] CodeEngine:279 - Generated code: C:\Users\aleja\OneDrive\Escritorio\gettingStartedSTM\timerLed\Core\Src\stm32f0xx_it.c
2024-01-17 01:58:56,819 [INFO] CodeEngine:255 - oldGeneratedFile, C:\Users\aleja\OneDrive\Escritorio\gettingStartedSTM\timerLed\Core\Inc\stm32f0xx_it.h_save
2024-01-17 01:58:56,873 [INFO] CodeEngine:279 - Generated code: C:\Users\aleja\OneDrive\Escritorio\gettingStartedSTM\timerLed\Core\Inc\stm32f0xx_it.h
2024-01-17 01:58:56,895 [INFO] CodeEngine:255 - oldGeneratedFile, C:\Users\aleja\OneDrive\Escritorio\gettingStartedSTM\timerLed\Core\Src\stm32f0xx_hal_msp.c_save
2024-01-17 01:58:56,989 [INFO] CodeEngine:279 - Generated code: C:\Users\aleja\OneDrive\Escritorio\gettingStartedSTM\timerLed\Core\Src\stm32f0xx_hal_msp.c
2024-01-17 01:58:56,994 [INFO] CodeEngine:255 - oldGeneratedFile, C:\Users\aleja\OneDrive\Escritorio\gettingStartedSTM\timerLed\MXTmpFiles\system.tmp_save
2024-01-17 01:58:57,037 [INFO] CodeEngine:279 - Generated code: C:\Users\aleja\OneDrive\Escritorio\gettingStartedSTM\timerLed\MXTmpFiles\system.tmp
2024-01-17 01:58:57,065 [INFO] CodeEngine:311 - oldGeneratedFile, C:\Users\aleja\OneDrive\Escritorio\gettingStartedSTM\timerLed\Core\Inc\stm32f0xx_hal_conf.h_save
2024-01-17 01:58:57,195 [INFO] CodeEngine:335 - Generated code: C:\Users\aleja\OneDrive\Escritorio\gettingStartedSTM\timerLed\Core\Inc\stm32f0xx_hal_conf.h
2024-01-17 01:58:57,240 [WARN] IPConfigManager:3440 - IP not found : TIM
2024-01-17 01:58:57,241 [WARN] CodeGenerator:3939 - IP not found : null
2024-01-17 01:58:57,279 [INFO] CodeEngine:255 - oldGeneratedFile, C:\Users\aleja\OneDrive\Escritorio\gettingStartedSTM\timerLed\Core\Inc\main.h_save
2024-01-17 01:58:57,382 [INFO] CodeEngine:279 - Generated code: C:\Users\aleja\OneDrive\Escritorio\gettingStartedSTM\timerLed\Core\Inc\main.h
2024-01-17 01:58:57,401 [INFO] CodeEngine:255 - oldGeneratedFile, C:\Users\aleja\OneDrive\Escritorio\gettingStartedSTM\timerLed\Core\Src\main.c_save
2024-01-17 01:58:57,525 [INFO] CodeEngine:279 - Generated code: C:\Users\aleja\OneDrive\Escritorio\gettingStartedSTM\timerLed\Core\Src\main.c
2024-01-17 01:58:58,021 [INFO] ProjectBuilder:3076 - Time for Copy HAL[1] : 115mS.
2024-01-17 01:58:58,025 [INFO] ProjectBuilder:4485 - Project Generator version: 4.2.0-B44
2024-01-17 01:58:58,157 [INFO] ConfigFileManager:1495 - The Die is : DIE445
2024-01-17 01:58:59,243 [INFO] ProjectBuilder:4747 - Time for Generating toolchain IDE Files: 1217mS.
2024-01-17 01:58:59,244 [INFO] ProjectBuilder:2947 - Time for Copy CMSIS : 1mS.
2024-01-17 01:58:59,254 [INFO] ProjectBuilder:2947 - Time for Copy CMSIS : 1mS.
2024-01-17 02:07:00,322 [ERROR] LogOutputStream:75 - [STDERR_REDIRECT] 
2024-01-17 02:07:00,324 [ERROR] LogOutputStream:75 - [STDERR_REDIRECT] 
2024-01-17 11:39:58,785 [INFO] Activator:176 - 


2024-01-17 11:39:58,788 [INFO] Activator:177 - !SESSION log4j initialized
2024-01-17 11:40:05,672 [INFO] LogOutputStream:77 - [STDOUT_REDIRECT] 
2024-01-17 11:40:06,805 [INFO] ApplicationProperties:184 - Using Application install path: C:\ST\STM32CubeIDE_1.13.2\STM32CubeIDE\plugins\com.st.stm32cube.common.mx_6.10.0.202311202037
2024-01-17 11:40:06,825 [INFO] DbMcusXml:78 - Set database path to: C:\ST\STM32CubeIDE_1.13.2\STM32CubeIDE\plugins\com.st.stm32cube.common.mx_6.10.0.202311202037\\db\/mcu/
2024-01-17 11:40:06,825 [INFO] ApiDb:274 - Set plugin database path to: C:\ST\STM32CubeIDE_1.13.2\STM32CubeIDE\plugins\com.st.stm32cube.common.mx_6.10.0.202311202037\\db\/plugins/boardmanager/
2024-01-17 11:40:06,826 [WARN] ApiDb:259 - Overriding images path with different value:  => C:\ST\STM32CubeIDE_1.13.2\STM32CubeIDE\plugins\com.st.stm32cube.common.mx_6.10.0.202311202037\\db\/plugins/mcufinder/images/
2024-01-17 11:40:06,835 [INFO] ApiDb:250 - Set database path to: C:\Users\aleja\.stmcufinder\plugins\mcufinder//mcu/
2024-01-17 11:40:06,837 [INFO] DbMcusAds:125 - Set database path to: C:\Users\aleja\.stmcufinder\plugins\mcufinder//mcu/
2024-01-17 11:40:06,838 [INFO] CrossReferenceDbSqlite:203 - Set database path to: C:\Users\aleja\.stmcufinder\plugins\mcufinder//mcu/cs/
2024-01-17 11:40:06,954 [INFO] RulesReader:64 - Compatibility file has been processed (297 Rules)
2024-01-17 11:40:07,027 [INFO] DbMcusXml:78 - Set database path to: C:\ST\STM32CubeIDE_1.13.2\STM32CubeIDE\plugins\com.st.stm32cube.common.mx_6.10.0.202311202037\\db\/mcu/
2024-01-17 11:40:07,027 [INFO] ApiDb:274 - Set plugin database path to: C:\ST\STM32CubeIDE_1.13.2\STM32CubeIDE\plugins\com.st.stm32cube.common.mx_6.10.0.202311202037\\db\/plugins/boardmanager/
2024-01-17 11:40:07,027 [INFO] ApiDb:261 - Set plugin images path to: C:\ST\STM32CubeIDE_1.13.2\STM32CubeIDE\plugins\com.st.stm32cube.common.mx_6.10.0.202311202037\\db\/plugins/mcufinder/images/
2024-01-17 11:40:07,027 [WARN] DbFile:41 - Overriding database path with different value: C:\Users\aleja\.stmcufinder\plugins\mcufinder/ => C:\Users\aleja\.stmcufinder\plugins\mcufinder
2024-01-17 11:40:07,027 [INFO] ApiDb:250 - Set database path to: C:\Users\aleja\.stmcufinder\plugins\mcufinder//mcu/
2024-01-17 11:40:07,028 [WARN] DbFile:41 - Overriding database path with different value: C:\Users\aleja\.stmcufinder\plugins\mcufinder/ => C:\Users\aleja\.stmcufinder\plugins\mcufinder
2024-01-17 11:40:07,028 [INFO] DbMcusAds:125 - Set database path to: C:\Users\aleja\.stmcufinder\plugins\mcufinder//mcu/
2024-01-17 11:40:07,028 [WARN] DbFile:41 - Overriding database path with different value: C:\Users\aleja\.stmcufinder\plugins\mcufinder/ => C:\Users\aleja\.stmcufinder\plugins\mcufinder
2024-01-17 11:40:07,028 [WARN] DbFile:41 - Overriding database path with different value: C:\Users\aleja\.stmcufinder\plugins\mcufinder/ => C:\Users\aleja\.stmcufinder\plugins\mcufinder
2024-01-17 11:40:07,028 [INFO] CrossReferenceDbSqlite:203 - Set database path to: C:\Users\aleja\.stmcufinder\plugins\mcufinder//mcu/cs/
2024-01-17 11:40:07,122 [INFO] MainPanel:264 - HeapMemory: 268435456
2024-01-17 11:40:07,231 [INFO] DbMcusXml:78 - Set database path to: C:\ST\STM32CubeIDE_1.13.2\STM32CubeIDE\plugins\com.st.stm32cube.common.mx_6.10.0.202311202037\\db\/mcu/
2024-01-17 11:40:07,231 [INFO] ApiDb:274 - Set plugin database path to: C:\ST\STM32CubeIDE_1.13.2\STM32CubeIDE\plugins\com.st.stm32cube.common.mx_6.10.0.202311202037\\db\/plugins/boardmanager/
2024-01-17 11:40:07,231 [INFO] ApiDb:261 - Set plugin images path to: C:\ST\STM32CubeIDE_1.13.2\STM32CubeIDE\plugins\com.st.stm32cube.common.mx_6.10.0.202311202037\\db\/plugins/mcufinder/images/
2024-01-17 11:40:07,232 [WARN] DbFile:41 - Overriding database path with different value: C:\Users\aleja\.stmcufinder\plugins\mcufinder/ => C:\Users\aleja\.stmcufinder\plugins\mcufinder
2024-01-17 11:40:07,232 [INFO] ApiDb:250 - Set database path to: C:\Users\aleja\.stmcufinder\plugins\mcufinder//mcu/
2024-01-17 11:40:07,232 [WARN] DbFile:41 - Overriding database path with different value: C:\Users\aleja\.stmcufinder\plugins\mcufinder/ => C:\Users\aleja\.stmcufinder\plugins\mcufinder
2024-01-17 11:40:07,232 [INFO] DbMcusAds:125 - Set database path to: C:\Users\aleja\.stmcufinder\plugins\mcufinder//mcu/
2024-01-17 11:40:07,232 [WARN] DbFile:41 - Overriding database path with different value: C:\Users\aleja\.stmcufinder\plugins\mcufinder/ => C:\Users\aleja\.stmcufinder\plugins\mcufinder
2024-01-17 11:40:07,232 [WARN] DbFile:41 - Overriding database path with different value: C:\Users\aleja\.stmcufinder\plugins\mcufinder/ => C:\Users\aleja\.stmcufinder\plugins\mcufinder
2024-01-17 11:40:07,232 [INFO] CrossReferenceDbSqlite:203 - Set database path to: C:\Users\aleja\.stmcufinder\plugins\mcufinder//mcu/cs/
2024-01-17 11:40:07,250 [INFO] ApplicationProperties:184 - Using Application install path: C:\ST\STM32CubeIDE_1.13.2\STM32CubeIDE\plugins\com.st.stm32cube.common.mx_6.10.0.202311202037
2024-01-17 11:40:07,252 [INFO] PluginManage:196 - Search for loadable plugins [exclusion list=, ]
2024-01-17 11:40:07,253 [INFO] PluginManage:310 - Check plugin analytics
2024-01-17 11:40:07,435 [INFO] AnalyticsPlugin:253 - Accepted Software Licenses: 
2024-01-17 11:40:07,435 [INFO] AnalyticsPlugin:255 - Accepted CMSIS Pack Licenses: 
2024-01-17 11:40:07,435 [INFO] AnalyticsPlugin:257 - Accepted Firmware Licenses: 
2024-01-17 11:40:07,439 [INFO] PluginManage:359 - Loaded plugin analytics (category:tool,tabindex:-1)
2024-01-17 11:40:07,440 [INFO] PluginManage:310 - Check plugin cadmodel
2024-01-17 11:40:07,459 [INFO] CADModel:105 - Init CAD model plugin
2024-01-17 11:40:07,459 [INFO] PluginManage:359 - Loaded plugin cadmodel (category:power,tabindex:5)
2024-01-17 11:40:07,459 [INFO] PluginManage:310 - Check plugin clock
2024-01-17 11:40:07,487 [INFO] PluginManage:359 - Loaded plugin clock (category:base,tabindex:2)
2024-01-17 11:40:07,488 [INFO] PluginManage:310 - Check plugin ddr
2024-01-17 11:40:07,491 [INFO] PluginManage:359 - Loaded plugin ddr (category:tool,tabindex:6)
2024-01-17 11:40:07,492 [INFO] PluginManage:310 - Check plugin filemanager
2024-01-17 11:40:07,640 [INFO] PluginManage:359 - Loaded plugin filemanager (category:base,tabindex:10)
2024-01-17 11:40:07,640 [INFO] PluginManage:310 - Check plugin ipmanager
2024-01-17 11:40:07,646 [INFO] PluginManage:359 - Loaded plugin ipmanager (category:base,tabindex:5)
2024-01-17 11:40:07,647 [INFO] PluginManage:310 - Check plugin lpbam
2024-01-17 11:40:07,660 [INFO] PluginManage:359 - Loaded plugin lpbam (category:base,tabindex:0)
2024-01-17 11:40:07,661 [INFO] PluginManage:310 - Check plugin memorymap
2024-01-17 11:40:07,684 [INFO] PluginManage:359 - Loaded plugin memorymap (category:base,tabindex:4)
2024-01-17 11:40:07,684 [INFO] PluginManage:310 - Check plugin pinoutandconfiguration
2024-01-17 11:40:07,695 [INFO] PluginManage:359 - Loaded plugin pinoutandconfiguration (category:base,tabindex:1)
2024-01-17 11:40:07,695 [INFO] PluginManage:310 - Check plugin pinoutconfig
2024-01-17 11:40:07,794 [WARN] SupportedApi:132 - Cannot load RTOS API schema: s4s-elt-must-match.1: The content of 'definitions' must match (annotation?, (simpleType | complexType)?, (unique | key | keyref)*)). A problem was found starting at: attribute.
2024-01-17 11:40:07,951 [INFO] PluginManage:359 - Loaded plugin pinoutconfig (category:base,tabindex:0)
2024-01-17 11:40:07,951 [INFO] PluginManage:310 - Check plugin power
2024-01-17 11:40:07,974 [INFO] PluginManage:359 - Loaded plugin power (category:power,tabindex:4)
2024-01-17 11:40:07,974 [INFO] PluginManage:310 - Check plugin projectmanager
2024-01-17 11:40:07,990 [INFO] PluginManage:359 - Loaded plugin projectmanager (category:projectmanager,tabindex:3)
2024-01-17 11:40:07,990 [INFO] PluginManage:310 - Check plugin thirdparty
2024-01-17 11:40:08,241 [INFO] PluginManage:359 - Loaded plugin thirdparty (category:base,tabindex:-1)
2024-01-17 11:40:08,241 [INFO] PluginManage:310 - Check plugin tools
2024-01-17 11:40:08,241 [WARN] IntegrityCheckThread:84 - waiting for thirdparty lock release [integrity check]
2024-01-17 11:40:08,241 [INFO] IntegrityCheckThread:86 - entering critical section [integrity check]
2024-01-17 11:40:08,241 [INFO] ThirdPartyUpdaterWithRetryManager:70 - Updater plugin not ready yet. [1/15]
2024-01-17 11:40:08,276 [INFO] PluginManage:359 - Loaded plugin tools (category:base,tabindex:7)
2024-01-17 11:40:08,276 [INFO] PluginManage:310 - Check plugin tutovideos
2024-01-17 11:40:08,524 [INFO] PluginManage:359 - Loaded plugin tutovideos (category:base,tabindex:-1)
2024-01-17 11:40:08,525 [INFO] PluginManage:310 - Check plugin updater
2024-01-17 11:40:08,540 [INFO] PluginManage:359 - Loaded plugin updater (category:base,tabindex:12)
2024-01-17 11:40:08,540 [INFO] PluginManage:310 - Check plugin userauth
2024-01-17 11:40:08,547 [INFO] UserAuth:114 - Init User Auth plugin
2024-01-17 11:40:08,547 [INFO] PluginManage:359 - Loaded plugin userauth (category:base,tabindex:14)
2024-01-17 11:40:08,547 [INFO] PluginManage:283 - PluginManage : Loaded plugins [17]
2024-01-17 11:40:08,796 [INFO] PinOutPanel:1499 - setPackage(No Configuration,No Configuration)
2024-01-17 11:40:08,868 [INFO] CADModel:165 - CPN selected for project level
2024-01-17 11:40:08,868 [INFO] CADModel:114 - Register for checkConnection events
2024-01-17 11:40:08,900 [INFO] IPUIPlugin:80 - create IPUIPlugin
2024-01-17 11:40:08,901 [INFO] PluginManager:220 - loadIPPluginJar : add adc
2024-01-17 11:40:08,937 [INFO] IPUIPlugin:80 - create IPUIPlugin
2024-01-17 11:40:08,937 [INFO] PluginManager:220 - loadIPPluginJar : add aes
2024-01-17 11:40:08,972 [INFO] IPUIPlugin:80 - create IPUIPlugin
2024-01-17 11:40:08,972 [INFO] PluginManager:220 - loadIPPluginJar : add can
2024-01-17 11:40:08,990 [INFO] IPUIPlugin:80 - create IPUIPlugin
2024-01-17 11:40:08,991 [INFO] PluginManager:220 - loadIPPluginJar : add comp
2024-01-17 11:40:09,014 [INFO] IPUIPlugin:80 - create IPUIPlugin
2024-01-17 11:40:09,014 [INFO] PluginManager:220 - loadIPPluginJar : add cryp
2024-01-17 11:40:09,035 [INFO] IPUIPlugin:80 - create IPUIPlugin
2024-01-17 11:40:09,035 [INFO] PluginManager:220 - loadIPPluginJar : add dfsdm
2024-01-17 11:40:09,047 [INFO] IPUIPlugin:80 - create IPUIPlugin
2024-01-17 11:40:09,048 [INFO] PluginManager:220 - loadIPPluginJar : add dma
2024-01-17 11:40:09,102 [INFO] IPUIPlugin:80 - create IPUIPlugin
2024-01-17 11:40:09,102 [INFO] PluginManager:220 - loadIPPluginJar : add dma3
2024-01-17 11:40:09,123 [INFO] IPUIPlugin:80 - create IPUIPlugin
2024-01-17 11:40:09,123 [INFO] PluginManager:220 - loadIPPluginJar : add fatfs
2024-01-17 11:40:09,160 [INFO] IPUIPlugin:80 - create IPUIPlugin
2024-01-17 11:40:09,160 [INFO] PluginManager:220 - loadIPPluginJar : add fmc
2024-01-17 11:40:09,172 [INFO] IPUIPlugin:80 - create IPUIPlugin
2024-01-17 11:40:09,172 [INFO] PluginManager:220 - loadIPPluginJar : add freertos
2024-01-17 11:40:09,188 [INFO] IPUIPlugin:80 - create IPUIPlugin
2024-01-17 11:40:09,188 [INFO] PluginManager:220 - loadIPPluginJar : add genericplugin
2024-01-17 11:40:09,268 [INFO] IPUIPlugin:80 - create IPUIPlugin
2024-01-17 11:40:09,268 [INFO] PluginManager:220 - loadIPPluginJar : add gfxmmu
2024-01-17 11:40:09,379 [INFO] IPUIPlugin:80 - create IPUIPlugin
2024-01-17 11:40:09,379 [INFO] PluginManager:220 - loadIPPluginJar : add gic
2024-01-17 11:40:09,390 [INFO] IPUIPlugin:80 - create IPUIPlugin
2024-01-17 11:40:09,390 [INFO] PluginManager:220 - loadIPPluginJar : add gpio
2024-01-17 11:40:09,463 [INFO] IPUIPlugin:80 - create IPUIPlugin
2024-01-17 11:40:09,463 [INFO] PluginManager:220 - loadIPPluginJar : add gtzc
2024-01-17 11:40:09,488 [INFO] IPUIPlugin:80 - create IPUIPlugin
2024-01-17 11:40:09,488 [INFO] PluginManager:220 - loadIPPluginJar : add hash
2024-01-17 11:40:09,532 [INFO] IPUIPlugin:80 - create IPUIPlugin
2024-01-17 11:40:09,532 [INFO] PluginManager:220 - loadIPPluginJar : add i2c
2024-01-17 11:40:09,565 [INFO] IPUIPlugin:80 - create IPUIPlugin
2024-01-17 11:40:09,565 [INFO] PluginManager:220 - loadIPPluginJar : add i2s
2024-01-17 11:40:09,612 [INFO] IPUIPlugin:80 - create IPUIPlugin
2024-01-17 11:40:09,612 [INFO] PluginManager:220 - loadIPPluginJar : add i3c
2024-01-17 11:40:09,705 [INFO] IPUIPlugin:80 - create IPUIPlugin
2024-01-17 11:40:09,706 [INFO] PluginManager:220 - loadIPPluginJar : add ipddr
2024-01-17 11:40:09,815 [INFO] IPUIPlugin:80 - create IPUIPlugin
2024-01-17 11:40:09,816 [INFO] PluginManager:220 - loadIPPluginJar : add linkedlist
2024-01-17 11:40:09,851 [INFO] IPUIPlugin:80 - create IPUIPlugin
2024-01-17 11:40:09,851 [INFO] PluginManager:220 - loadIPPluginJar : add lorawan
2024-01-17 11:40:09,889 [INFO] IPUIPlugin:80 - create IPUIPlugin
2024-01-17 11:40:09,889 [INFO] PluginManager:220 - loadIPPluginJar : add ltdc
2024-01-17 11:40:09,903 [INFO] IPUIPlugin:80 - create IPUIPlugin
2024-01-17 11:40:09,904 [INFO] PluginManager:220 - loadIPPluginJar : add mdma
2024-01-17 11:40:09,915 [INFO] IPUIPlugin:80 - create IPUIPlugin
2024-01-17 11:40:09,915 [INFO] PluginManager:220 - loadIPPluginJar : add nvic
2024-01-17 11:40:09,948 [INFO] IPUIPlugin:80 - create IPUIPlugin
2024-01-17 11:40:09,948 [INFO] PluginManager:220 - loadIPPluginJar : add opamp
2024-01-17 11:40:10,002 [INFO] IPUIPlugin:80 - create IPUIPlugin
2024-01-17 11:40:10,002 [INFO] PluginManager:220 - loadIPPluginJar : add openamp
2024-01-17 11:40:10,043 [INFO] IPUIPlugin:80 - create IPUIPlugin
2024-01-17 11:40:10,043 [INFO] PluginManager:220 - loadIPPluginJar : add pdm2pcm
2024-01-17 11:40:10,057 [INFO] IPUIPlugin:80 - create IPUIPlugin
2024-01-17 11:40:10,060 [INFO] PluginManager:220 - loadIPPluginJar : add plateformsettings
2024-01-17 11:40:10,079 [INFO] IPUIPlugin:80 - create IPUIPlugin
2024-01-17 11:40:10,079 [INFO] PluginManager:220 - loadIPPluginJar : add quadspi
2024-01-17 11:40:10,091 [INFO] IPUIPlugin:80 - create IPUIPlugin
2024-01-17 11:40:10,091 [INFO] PluginManager:220 - loadIPPluginJar : add resmgrutility
2024-01-17 11:40:10,136 [INFO] IPUIPlugin:80 - create IPUIPlugin
2024-01-17 11:40:10,136 [INFO] PluginManager:220 - loadIPPluginJar : add sai
2024-01-17 11:40:10,168 [INFO] IPUIPlugin:80 - create IPUIPlugin
2024-01-17 11:40:10,168 [INFO] PluginManager:220 - loadIPPluginJar : add spi
2024-01-17 11:40:10,224 [INFO] IPUIPlugin:80 - create IPUIPlugin
2024-01-17 11:40:10,224 [INFO] PluginManager:220 - loadIPPluginJar : add stm32_wpan
2024-01-17 11:40:10,240 [INFO] IPUIPlugin:80 - create IPUIPlugin
2024-01-17 11:40:10,241 [INFO] PluginManager:220 - loadIPPluginJar : add tim
2024-01-17 11:40:10,280 [INFO] IPUIPlugin:80 - create IPUIPlugin
2024-01-17 11:40:10,280 [INFO] PluginManager:220 - loadIPPluginJar : add touchsensing
2024-01-17 11:40:10,298 [INFO] IPUIPlugin:80 - create IPUIPlugin
2024-01-17 11:40:10,298 [INFO] PluginManager:220 - loadIPPluginJar : add tracer_emb
2024-01-17 11:40:10,315 [INFO] IPUIPlugin:80 - create IPUIPlugin
2024-01-17 11:40:10,315 [INFO] PluginManager:220 - loadIPPluginJar : add ts
2024-01-17 11:40:10,331 [INFO] IPUIPlugin:80 - create IPUIPlugin
2024-01-17 11:40:10,331 [INFO] PluginManager:220 - loadIPPluginJar : add tsc
2024-01-17 11:40:10,349 [INFO] IPUIPlugin:80 - create IPUIPlugin
2024-01-17 11:40:10,349 [INFO] PluginManager:220 - loadIPPluginJar : add ucpd
2024-01-17 11:40:10,387 [INFO] IPUIPlugin:80 - create IPUIPlugin
2024-01-17 11:40:10,387 [INFO] PluginManager:220 - loadIPPluginJar : add usart
2024-01-17 11:40:10,424 [INFO] IPUIPlugin:80 - create IPUIPlugin
2024-01-17 11:40:10,424 [INFO] PluginManager:220 - loadIPPluginJar : add usbx
2024-01-17 11:40:10,543 [INFO] CADModel:165 - CPN selected for project level
2024-01-17 11:40:10,543 [INFO] CADModel:114 - Register for checkConnection events
2024-01-17 11:40:10,543 [FATAL] Updater:308 - Updater called before beeing initialized
2024-01-17 11:40:10,544 [ERROR] CADModel:125 - Updater not yet initialized, retry later 
2024-01-17 11:40:10,669 [INFO] CADModel:165 - CPN selected for project level
2024-01-17 11:40:10,669 [INFO] CADModel:114 - Register for checkConnection events
2024-01-17 11:40:10,669 [FATAL] Updater:308 - Updater called before beeing initialized
2024-01-17 11:40:10,669 [ERROR] CADModel:125 - Updater not yet initialized, retry later 
2024-01-17 11:40:10,672 [FATAL] Updater:308 - Updater called before beeing initialized
2024-01-17 11:40:10,764 [FATAL] Updater:308 - Updater called before beeing initialized
2024-01-17 11:40:10,771 [INFO] DbMcusAds:53 - JSON generation date=Wed Nov 29 11:52:27 CET 2023 (1701255147349)
2024-01-17 11:40:10,771 [FATAL] Updater:308 - Updater called before beeing initialized
2024-01-17 11:40:10,829 [WARN] DetailPanel:346 - Failed to get advertising image, set to default
2024-01-17 11:40:10,889 [FATAL] Updater:308 - Updater called before beeing initialized
2024-01-17 11:40:10,892 [FATAL] Updater:308 - Updater called before beeing initialized
2024-01-17 11:40:10,892 [FATAL] Updater:308 - Updater called before beeing initialized
2024-01-17 11:40:10,892 [WARN] DetailPanel:346 - Failed to get advertising image, set to default
2024-01-17 11:40:10,892 [FATAL] Updater:308 - Updater called before beeing initialized
2024-01-17 11:40:10,951 [ERROR] Updater:1120 - MainUpdater not yet initialized. External WinMGr cannot be set.
2024-01-17 11:40:10,959 [INFO] Updater:1056 - Updater Version found : 6.10.0
2024-01-17 11:40:10,980 [INFO] ApplicationProperties:184 - Using Application install path: C:\ST\STM32CubeIDE_1.13.2\STM32CubeIDE\plugins\com.st.stm32cube.common.mx_6.10.0.202311202037
2024-01-17 11:40:11,243 [INFO] ThirdPartyUpdaterWithRetryManager:70 - Updater plugin not ready yet. [2/15]
2024-01-17 11:40:12,554 [ERROR] LogOutputStream:75 - [STDERR_REDIRECT] Jan 17, 2024 11:40:12 AM java.util.prefs.WindowsPreferences <init>
2024-01-17 11:40:12,555 [ERROR] LogOutputStream:75 - [STDERR_REDIRECT] WARNING: Could not open/create prefs root node Software\JavaSoft\Prefs at root 0xffffffff80000002. Windows RegCreateKeyEx(...) returned error code 5.
2024-01-17 11:40:12,555 [ERROR] LogOutputStream:75 - [STDERR_REDIRECT] 
2024-01-17 11:40:12,826 [INFO] MainUpdater:2873 - connection check result : 10
2024-01-17 11:40:12,826 [INFO] MainUpdater:290 - Updater Check For Update Now.
2024-01-17 11:40:12,826 [INFO] MicroXplorer:498 - Change Database Version : DB.6.0.100
2024-01-17 11:40:12,842 [INFO] McuFinderGlobals:63 - Set McuFinder mode to 2 (CubeIDE integrated)
2024-01-17 11:40:12,859 [INFO] UserAuth:404 - Internet connection configuration mode: 1
2024-01-17 11:40:12,894 [INFO] JxBrowserEngine:152 - Initiate JxBrowser Engine with user profile folder
2024-01-17 11:40:13,003 [INFO] CheckServerUpdateThread:120 - End of CheckServer Thread
2024-01-17 11:40:14,404 [WARN] PackLoader:240 - Cannot read IP mode file for STMicroelectronics.X-CUBE-SMBUS.2.1.0
2024-01-17 11:40:14,419 [WARN] PackLoader:240 - Cannot read IP mode file for STMicroelectronics.X-CUBE-TOUCHGFX.4.23.0
2024-01-17 11:40:14,456 [WARN] PackLoader:240 - Cannot read IP mode file for STMicroelectronics.X-CUBE-AZRTOS-F7.1.1.0
2024-01-17 11:40:14,473 [WARN] PackLoader:240 - Cannot read IP mode file for STMicroelectronics.FP-SNS-MOTENV1.4.3.2
2024-01-17 11:40:14,494 [WARN] PackLoader:240 - Cannot read IP mode file for STMicroelectronics.FP-SNS-FLIGHT1.5.0.2
2024-01-17 11:40:14,515 [WARN] PackLoader:240 - Cannot read IP mode file for STMicroelectronics.X-CUBE-DISPLAY.3.0.0
2024-01-17 11:40:14,540 [WARN] PackLoader:240 - Cannot read IP mode file for STMicroelectronics.X-CUBE-BLE1.7.0.0
2024-01-17 11:40:14,553 [WARN] PackLoader:240 - Cannot read IP mode file for emotas.I-CUBE-CANOPEN.1.3.0
2024-01-17 11:40:14,588 [WARN] PackLoader:240 - Cannot read IP mode file for STMicroelectronics.X-CUBE-TOUCHGFX.4.22.1
2024-01-17 11:40:14,600 [WARN] PackLoader:240 - Cannot read IP mode file for STMicroelectronics.FP-SNS-SMARTAG2.1.2.0
2024-01-17 11:40:14,624 [INFO] LogOutputStream:77 - [STDOUT_REDIRECT] 1 : Invalid condition id : UX_CORESTACK_Condition cause : null
2024-01-17 11:40:14,624 [INFO] LogOutputStream:77 - [STDOUT_REDIRECT] 1 : Invalid condition id : UX_CORESTACK_Condition cause : null
2024-01-17 11:40:14,626 [INFO] LogOutputStream:77 - [STDOUT_REDIRECT] 1 : Invalid condition id : UX_CORESTACK_Condition cause : null
2024-01-17 11:40:14,627 [INFO] LogOutputStream:77 - [STDOUT_REDIRECT] 1 : Invalid condition id : UX_CORESTACK_Condition cause : null
2024-01-17 11:40:14,628 [INFO] LogOutputStream:77 - [STDOUT_REDIRECT] 1 : Invalid condition id : UX_CORESTACK_Condition cause : null
2024-01-17 11:40:14,639 [WARN] PackLoader:240 - Cannot read IP mode file for STMicroelectronics.X-CUBE-AZRTOS-WL.2.0.0
2024-01-17 11:40:14,675 [WARN] PackLoader:240 - Cannot read IP mode file for WES.I-CUBE-Cesium.1.3.0
2024-01-17 11:40:14,710 [WARN] PackLoader:240 - Cannot read IP mode file for STMicroelectronics.X-CUBE-BLE2.3.3.0
2024-01-17 11:40:14,721 [WARN] PackLoader:240 - Cannot read IP mode file for STMicroelectronics.X-CUBE-ALGOBUILD.1.3.0
2024-01-17 11:40:14,744 [WARN] PackLoader:240 - Cannot read IP mode file for STMicroelectronics.X-CUBE-AZRTOS-G0.1.1.0
2024-01-17 11:40:14,759 [WARN] PackLoader:240 - Cannot read IP mode file for STMicroelectronics.X-CUBE-NFC4.3.0.0
2024-01-17 11:40:14,775 [WARN] PackLoader:240 - Cannot read IP mode file for STMicroelectronics.X-CUBE-BLEMGR.3.0.0
2024-01-17 11:40:14,789 [WARN] PackLoader:240 - Cannot read IP mode file for STMicroelectronics.FP-ATR-SIGFOX1.3.2.0
2024-01-17 11:40:14,801 [WARN] PackLoader:240 - Cannot read IP mode file for STMicroelectronics.X-CUBE-GNSS1.6.0.0
2024-01-17 11:40:14,839 [WARN] PackLoader:240 - Cannot read IP mode file for STMicroelectronics.X-CUBE-AZRTOS-F4.1.1.0
2024-01-17 11:40:14,862 [WARN] PackLoader:240 - Cannot read IP mode file for wolfSSL.I-CUBE-wolfSSL.5.6.4
2024-01-17 11:40:14,916 [WARN] PackLoader:240 - Cannot read IP mode file for STMicroelectronics.X-CUBE-AZRTOS-L5.2.0.0
2024-01-17 11:40:14,944 [WARN] PackLoader:240 - Cannot read IP mode file for STMicroelectronics.X-CUBE-EEPRMA1.4.2.0
2024-01-17 11:40:14,971 [WARN] PackLoader:240 - Cannot read IP mode file for ITTIA_DB.I-CUBE-ITTIADB.8.8.0
2024-01-17 11:40:15,030 [WARN] ConditionMgr:438 - getConditionDescription Invalid condition id : UX DEVICE CLASS RTOS Condition cause : null
2024-01-17 11:40:15,031 [WARN] ConditionMgr:438 - getConditionDescription Invalid condition id : UX DEVICE CLASS RTOS Condition cause : null
2024-01-17 11:40:15,035 [WARN] PackLoader:240 - Cannot read IP mode file for STMicroelectronics.X-CUBE-AZRTOS-H7.3.1.0
2024-01-17 11:40:15,036 [WARN] ConditionMgr:1039 - genDependencies : Invalid condition id : UX DEVICE CLASS RTOS Condition cause : null
2024-01-17 11:40:15,037 [WARN] ConditionMgr:1039 - genDependencies : Invalid condition id : UX DEVICE CLASS RTOS Condition cause : null
2024-01-17 11:40:15,037 [WARN] ConditionMgr:1039 - genDependencies : Invalid condition id : UX DEVICE CLASS RTOS Condition cause : null
2024-01-17 11:40:15,038 [WARN] ConditionMgr:1039 - genDependencies : Invalid condition id : UX DEVICE CLASS RTOS Condition cause : null
2024-01-17 11:40:15,038 [WARN] ConditionMgr:1039 - genDependencies : Invalid condition id : UX DEVICE CLASS RTOS Condition cause : null
2024-01-17 11:40:15,065 [WARN] PackLoader:240 - Cannot read IP mode file for STMicroelectronics.X-CUBE-NFC7.1.0.1
2024-01-17 11:40:15,152 [WARN] PackLoader:240 - Cannot read IP mode file for STMicroelectronics.X-CUBE-NFC6.3.0.0
2024-01-17 11:40:15,232 [WARN] PackLoader:240 - Cannot read IP mode file for STMicroelectronics.X-CUBE-AI.8.1.0
2024-01-17 11:40:15,287 [WARN] ConditionMgr:438 - getConditionDescription Invalid condition id : LAN8742 Phy interface Condition cause : null
2024-01-17 11:40:15,288 [WARN] PackLoader:240 - Cannot read IP mode file for STMicroelectronics.X-CUBE-AZRTOS-L4.2.0.0
2024-01-17 11:40:15,289 [WARN] ConditionMgr:1039 - genDependencies : Invalid condition id : LAN8742 Phy interface Condition cause : null
2024-01-17 11:40:15,290 [WARN] ConditionMgr:1039 - genDependencies : Invalid condition id : LAN8742 Phy interface Condition cause : null
2024-01-17 11:40:15,291 [WARN] ConditionMgr:1039 - genDependencies : Invalid condition id : LAN8742 Phy interface Condition cause : null
2024-01-17 11:40:15,306 [WARN] PackLoader:240 - Cannot read IP mode file for STMicroelectronics.X-CUBE-SFXS2LP1.4.0.0
2024-01-17 11:40:15,317 [WARN] PackLoader:240 - Cannot read IP mode file for STMicroelectronics.X-CUBE-ISPU.1.1.0
2024-01-17 11:40:15,345 [WARN] ConditionMgr:438 - getConditionDescription Invalid condition id : UX DEVICE CLASS RTOS Condition cause : null
2024-01-17 11:40:15,345 [WARN] ConditionMgr:438 - getConditionDescription Invalid condition id : UX DEVICE CLASS RTOS Condition cause : null
2024-01-17 11:40:15,346 [WARN] PackLoader:240 - Cannot read IP mode file for STMicroelectronics.X-CUBE-AZRTOS-WB.2.0.0
2024-01-17 11:40:15,346 [WARN] ConditionMgr:1039 - genDependencies : Invalid condition id : UX DEVICE CLASS RTOS Condition cause : null
2024-01-17 11:40:15,347 [WARN] ConditionMgr:1039 - genDependencies : Invalid condition id : UX DEVICE CLASS RTOS Condition cause : null
2024-01-17 11:40:15,347 [WARN] ConditionMgr:1039 - genDependencies : Invalid condition id : UX DEVICE CLASS RTOS Condition cause : null
2024-01-17 11:40:15,347 [WARN] ConditionMgr:1039 - genDependencies : Invalid condition id : UX DEVICE CLASS RTOS Condition cause : null
2024-01-17 11:40:15,347 [WARN] ConditionMgr:1039 - genDependencies : Invalid condition id : UX DEVICE CLASS RTOS Condition cause : null
2024-01-17 11:40:15,363 [WARN] PackLoader:240 - Cannot read IP mode file for STMicroelectronics.X-CUBE-SUBG2.5.0.0
2024-01-17 11:40:15,389 [WARN] PackLoader:240 - Cannot read IP mode file for STMicroelectronics.X-CUBE-AZRTOS-G4.2.0.0
2024-01-17 11:40:15,409 [WARN] PackLoader:240 - Cannot read IP mode file for Infineon.AIROC-Wi-Fi-Bluetooth-STM32.1.5.1
2024-01-17 11:40:15,422 [WARN] PackLoader:240 - Cannot read IP mode file for STMicroelectronics.FP-SNS-MOTENVWB1.1.3.1
2024-01-17 11:40:15,432 [WARN] PackLoader:240 - Cannot read IP mode file for STMicroelectronics.X-CUBE-ISPU.2.0.0
2024-01-17 11:40:15,457 [INFO] WebApp:161 - Instantiating new browser for Auth
2024-01-17 11:40:15,463 [WARN] PackLoader:240 - Cannot read IP mode file for STMicroelectronics.X-CUBE-MEMS1.10.0.0
2024-01-17 11:40:15,627 [WARN] PackLoader:240 - Cannot read IP mode file for STMicroelectronics.X-CUBE-FREERTOS.1.1.0
2024-01-17 11:40:15,712 [WARN] PackLoader:240 - Cannot read IP mode file for portGmbH.I-Cube-SoM-uGOAL.1.1.0
2024-01-17 11:40:15,744 [WARN] PackLoader:240 - Cannot read IP mode file for STMicroelectronics.X-CUBE-ALS.1.0.1
2024-01-17 11:40:15,768 [WARN] PackLoader:240 - Cannot read IP mode file for STMicroelectronics.FP-ATR-ASTRA1.2.0.0
2024-01-17 11:40:15,797 [WARN] PackLoader:240 - Cannot read IP mode file for STMicroelectronics.X-CUBE-TOF1.3.4.0
2024-01-17 11:40:15,840 [WARN] PackLoader:240 - Cannot read IP mode file for STMicroelectronics.X-CUBE-AZRTOS-H7.3.2.0
2024-01-17 11:40:15,844 [INFO] ThirdParty:978 - Integrity check success = true
2024-01-17 11:40:15,844 [INFO] IntegrityCheckThread:100 - exiting critical section [integrity check]
2024-01-17 11:40:15,844 [INFO] IntegrityCheckThread:103 - End integrity checks thread
2024-01-17 11:40:16,522 [INFO] WebApp:780 - Register for checkConnection events
2024-01-17 11:40:16,522 [INFO] WebApp:414 - Apply proxy settings
2024-01-17 11:40:16,522 [INFO] WebApp:499 - Chromium requires no authentication
2024-01-17 11:40:16,531 [INFO] WebApp:442 - Direct internet connection detected
2024-01-17 11:40:16,668 [INFO] WebApp:192 - Starting web application
2024-01-17 11:40:16,669 [INFO] WebApp:544 - Web application path used C:\ST\STM32CubeIDE_1.13.2\STM32CubeIDE\plugins\com.st.stm32cube.common.mx_6.10.0.202311202037\db\plugins\mcufinder\reactClient1\index.html
2024-01-17 11:40:26,780 [ERROR] LogOutputStream:75 - [STDERR_REDIRECT] SLF4J: Failed to load class "org.slf4j.impl.StaticLoggerBinder".
2024-01-17 11:40:26,783 [ERROR] LogOutputStream:75 - [STDERR_REDIRECT] SLF4J: Defaulting to no-operation (NOP) logger implementation
2024-01-17 11:40:26,785 [ERROR] LogOutputStream:75 - [STDERR_REDIRECT] SLF4J: See http://www.slf4j.org/codes.html#StaticLoggerBinder for further details.
2024-01-17 11:41:10,244 [ERROR] LogOutputStream:75 - [STDERR_REDIRECT] 
2024-01-17 11:41:10,245 [ERROR] LogOutputStream:75 - [STDERR_REDIRECT] 
2024-01-17 11:41:27,167 [INFO] Activator:176 - 


2024-01-17 11:41:27,167 [INFO] Activator:177 - !SESSION log4j initialized
2024-01-17 11:41:32,226 [INFO] LogOutputStream:77 - [STDOUT_REDIRECT] 
2024-01-17 11:41:34,185 [INFO] ApplicationProperties:184 - Using Application install path: C:\ST\STM32CubeIDE_1.13.2\STM32CubeIDE\plugins\com.st.stm32cube.common.mx_6.10.0.202311202037
2024-01-17 11:41:34,213 [INFO] DbMcusXml:78 - Set database path to: C:\ST\STM32CubeIDE_1.13.2\STM32CubeIDE\plugins\com.st.stm32cube.common.mx_6.10.0.202311202037\\db\/mcu/
2024-01-17 11:41:34,214 [INFO] ApiDb:274 - Set plugin database path to: C:\ST\STM32CubeIDE_1.13.2\STM32CubeIDE\plugins\com.st.stm32cube.common.mx_6.10.0.202311202037\\db\/plugins/boardmanager/
2024-01-17 11:41:34,215 [WARN] ApiDb:259 - Overriding images path with different value:  => C:\ST\STM32CubeIDE_1.13.2\STM32CubeIDE\plugins\com.st.stm32cube.common.mx_6.10.0.202311202037\\db\/plugins/mcufinder/images/
2024-01-17 11:41:34,228 [INFO] ApiDb:250 - Set database path to: C:\Users\aleja\.stmcufinder\plugins\mcufinder//mcu/
2024-01-17 11:41:34,230 [INFO] DbMcusAds:125 - Set database path to: C:\Users\aleja\.stmcufinder\plugins\mcufinder//mcu/
2024-01-17 11:41:34,233 [INFO] CrossReferenceDbSqlite:203 - Set database path to: C:\Users\aleja\.stmcufinder\plugins\mcufinder//mcu/cs/
2024-01-17 11:41:34,395 [INFO] RulesReader:64 - Compatibility file has been processed (297 Rules)
2024-01-17 11:41:34,526 [INFO] DbMcusXml:78 - Set database path to: C:\ST\STM32CubeIDE_1.13.2\STM32CubeIDE\plugins\com.st.stm32cube.common.mx_6.10.0.202311202037\\db\/mcu/
2024-01-17 11:41:34,526 [INFO] ApiDb:274 - Set plugin database path to: C:\ST\STM32CubeIDE_1.13.2\STM32CubeIDE\plugins\com.st.stm32cube.common.mx_6.10.0.202311202037\\db\/plugins/boardmanager/
2024-01-17 11:41:34,527 [INFO] ApiDb:261 - Set plugin images path to: C:\ST\STM32CubeIDE_1.13.2\STM32CubeIDE\plugins\com.st.stm32cube.common.mx_6.10.0.202311202037\\db\/plugins/mcufinder/images/
2024-01-17 11:41:34,527 [WARN] DbFile:41 - Overriding database path with different value: C:\Users\aleja\.stmcufinder\plugins\mcufinder/ => C:\Users\aleja\.stmcufinder\plugins\mcufinder
2024-01-17 11:41:34,527 [INFO] ApiDb:250 - Set database path to: C:\Users\aleja\.stmcufinder\plugins\mcufinder//mcu/
2024-01-17 11:41:34,527 [WARN] DbFile:41 - Overriding database path with different value: C:\Users\aleja\.stmcufinder\plugins\mcufinder/ => C:\Users\aleja\.stmcufinder\plugins\mcufinder
2024-01-17 11:41:34,527 [INFO] DbMcusAds:125 - Set database path to: C:\Users\aleja\.stmcufinder\plugins\mcufinder//mcu/
2024-01-17 11:41:34,527 [WARN] DbFile:41 - Overriding database path with different value: C:\Users\aleja\.stmcufinder\plugins\mcufinder/ => C:\Users\aleja\.stmcufinder\plugins\mcufinder
2024-01-17 11:41:34,528 [WARN] DbFile:41 - Overriding database path with different value: C:\Users\aleja\.stmcufinder\plugins\mcufinder/ => C:\Users\aleja\.stmcufinder\plugins\mcufinder
2024-01-17 11:41:34,528 [INFO] CrossReferenceDbSqlite:203 - Set database path to: C:\Users\aleja\.stmcufinder\plugins\mcufinder//mcu/cs/
2024-01-17 11:41:34,615 [INFO] MainPanel:264 - HeapMemory: 268435456
2024-01-17 11:41:34,713 [INFO] DbMcusXml:78 - Set database path to: C:\ST\STM32CubeIDE_1.13.2\STM32CubeIDE\plugins\com.st.stm32cube.common.mx_6.10.0.202311202037\\db\/mcu/
2024-01-17 11:41:34,713 [INFO] ApiDb:274 - Set plugin database path to: C:\ST\STM32CubeIDE_1.13.2\STM32CubeIDE\plugins\com.st.stm32cube.common.mx_6.10.0.202311202037\\db\/plugins/boardmanager/
2024-01-17 11:41:34,714 [INFO] ApiDb:261 - Set plugin images path to: C:\ST\STM32CubeIDE_1.13.2\STM32CubeIDE\plugins\com.st.stm32cube.common.mx_6.10.0.202311202037\\db\/plugins/mcufinder/images/
2024-01-17 11:41:34,714 [WARN] DbFile:41 - Overriding database path with different value: C:\Users\aleja\.stmcufinder\plugins\mcufinder/ => C:\Users\aleja\.stmcufinder\plugins\mcufinder
2024-01-17 11:41:34,714 [INFO] ApiDb:250 - Set database path to: C:\Users\aleja\.stmcufinder\plugins\mcufinder//mcu/
2024-01-17 11:41:34,714 [WARN] DbFile:41 - Overriding database path with different value: C:\Users\aleja\.stmcufinder\plugins\mcufinder/ => C:\Users\aleja\.stmcufinder\plugins\mcufinder
2024-01-17 11:41:34,714 [INFO] DbMcusAds:125 - Set database path to: C:\Users\aleja\.stmcufinder\plugins\mcufinder//mcu/
2024-01-17 11:41:34,714 [WARN] DbFile:41 - Overriding database path with different value: C:\Users\aleja\.stmcufinder\plugins\mcufinder/ => C:\Users\aleja\.stmcufinder\plugins\mcufinder
2024-01-17 11:41:34,715 [WARN] DbFile:41 - Overriding database path with different value: C:\Users\aleja\.stmcufinder\plugins\mcufinder/ => C:\Users\aleja\.stmcufinder\plugins\mcufinder
2024-01-17 11:41:34,715 [INFO] CrossReferenceDbSqlite:203 - Set database path to: C:\Users\aleja\.stmcufinder\plugins\mcufinder//mcu/cs/
2024-01-17 11:41:34,738 [INFO] ApplicationProperties:184 - Using Application install path: C:\ST\STM32CubeIDE_1.13.2\STM32CubeIDE\plugins\com.st.stm32cube.common.mx_6.10.0.202311202037
2024-01-17 11:41:34,740 [INFO] PluginManage:196 - Search for loadable plugins [exclusion list=, ]
2024-01-17 11:41:34,742 [INFO] PluginManage:310 - Check plugin analytics
2024-01-17 11:41:34,964 [INFO] AnalyticsPlugin:253 - Accepted Software Licenses: 
2024-01-17 11:41:34,964 [INFO] AnalyticsPlugin:255 - Accepted CMSIS Pack Licenses: 
2024-01-17 11:41:34,964 [INFO] AnalyticsPlugin:257 - Accepted Firmware Licenses: 
2024-01-17 11:41:34,968 [INFO] PluginManage:359 - Loaded plugin analytics (category:tool,tabindex:-1)
2024-01-17 11:41:34,968 [INFO] PluginManage:310 - Check plugin cadmodel
2024-01-17 11:41:34,973 [INFO] CADModel:105 - Init CAD model plugin
2024-01-17 11:41:34,973 [INFO] PluginManage:359 - Loaded plugin cadmodel (category:power,tabindex:5)
2024-01-17 11:41:34,973 [INFO] PluginManage:310 - Check plugin clock
2024-01-17 11:41:34,984 [INFO] PluginManage:359 - Loaded plugin clock (category:base,tabindex:2)
2024-01-17 11:41:34,984 [INFO] PluginManage:310 - Check plugin ddr
2024-01-17 11:41:34,986 [INFO] PluginManage:359 - Loaded plugin ddr (category:tool,tabindex:6)
2024-01-17 11:41:34,986 [INFO] PluginManage:310 - Check plugin filemanager
2024-01-17 11:41:35,190 [INFO] PluginManage:359 - Loaded plugin filemanager (category:base,tabindex:10)
2024-01-17 11:41:35,191 [INFO] PluginManage:310 - Check plugin ipmanager
2024-01-17 11:41:35,202 [INFO] PluginManage:359 - Loaded plugin ipmanager (category:base,tabindex:5)
2024-01-17 11:41:35,203 [INFO] PluginManage:310 - Check plugin lpbam
2024-01-17 11:41:35,214 [INFO] PluginManage:359 - Loaded plugin lpbam (category:base,tabindex:0)
2024-01-17 11:41:35,214 [INFO] PluginManage:310 - Check plugin memorymap
2024-01-17 11:41:35,229 [INFO] PluginManage:359 - Loaded plugin memorymap (category:base,tabindex:4)
2024-01-17 11:41:35,230 [INFO] PluginManage:310 - Check plugin pinoutandconfiguration
2024-01-17 11:41:35,241 [INFO] PluginManage:359 - Loaded plugin pinoutandconfiguration (category:base,tabindex:1)
2024-01-17 11:41:35,241 [INFO] PluginManage:310 - Check plugin pinoutconfig
2024-01-17 11:41:35,366 [WARN] SupportedApi:132 - Cannot load RTOS API schema: s4s-elt-must-match.1: The content of 'definitions' must match (annotation?, (simpleType | complexType)?, (unique | key | keyref)*)). A problem was found starting at: attribute.
2024-01-17 11:41:35,608 [INFO] PluginManage:359 - Loaded plugin pinoutconfig (category:base,tabindex:0)
2024-01-17 11:41:35,608 [INFO] PluginManage:310 - Check plugin power
2024-01-17 11:41:35,619 [INFO] PluginManage:359 - Loaded plugin power (category:power,tabindex:4)
2024-01-17 11:41:35,620 [INFO] PluginManage:310 - Check plugin projectmanager
2024-01-17 11:41:35,638 [INFO] PluginManage:359 - Loaded plugin projectmanager (category:projectmanager,tabindex:3)
2024-01-17 11:41:35,638 [INFO] PluginManage:310 - Check plugin thirdparty
2024-01-17 11:41:35,806 [WARN] IntegrityCheckThread:84 - waiting for thirdparty lock release [integrity check]
2024-01-17 11:41:35,806 [INFO] IntegrityCheckThread:86 - entering critical section [integrity check]
2024-01-17 11:41:35,807 [INFO] PluginManage:359 - Loaded plugin thirdparty (category:base,tabindex:-1)
2024-01-17 11:41:35,807 [INFO] PluginManage:310 - Check plugin tools
2024-01-17 11:41:35,807 [INFO] ThirdPartyUpdaterWithRetryManager:70 - Updater plugin not ready yet. [1/15]
2024-01-17 11:41:35,810 [INFO] PluginManage:359 - Loaded plugin tools (category:base,tabindex:7)
2024-01-17 11:41:35,811 [INFO] PluginManage:310 - Check plugin tutovideos
2024-01-17 11:41:36,073 [INFO] PluginManage:359 - Loaded plugin tutovideos (category:base,tabindex:-1)
2024-01-17 11:41:36,073 [INFO] PluginManage:310 - Check plugin updater
2024-01-17 11:41:36,085 [INFO] PluginManage:359 - Loaded plugin updater (category:base,tabindex:12)
2024-01-17 11:41:36,086 [INFO] PluginManage:310 - Check plugin userauth
2024-01-17 11:41:36,092 [INFO] UserAuth:114 - Init User Auth plugin
2024-01-17 11:41:36,093 [INFO] PluginManage:359 - Loaded plugin userauth (category:base,tabindex:14)
2024-01-17 11:41:36,094 [INFO] PluginManage:283 - PluginManage : Loaded plugins [17]
2024-01-17 11:41:36,409 [INFO] PinOutPanel:1499 - setPackage(No Configuration,No Configuration)
2024-01-17 11:41:36,502 [INFO] CADModel:165 - CPN selected for project level
2024-01-17 11:41:36,502 [INFO] CADModel:114 - Register for checkConnection events
2024-01-17 11:41:36,522 [INFO] IPUIPlugin:80 - create IPUIPlugin
2024-01-17 11:41:36,523 [INFO] PluginManager:220 - loadIPPluginJar : add adc
2024-01-17 11:41:36,526 [INFO] IPUIPlugin:80 - create IPUIPlugin
2024-01-17 11:41:36,526 [INFO] PluginManager:220 - loadIPPluginJar : add aes
2024-01-17 11:41:36,529 [INFO] IPUIPlugin:80 - create IPUIPlugin
2024-01-17 11:41:36,529 [INFO] PluginManager:220 - loadIPPluginJar : add can
2024-01-17 11:41:36,531 [INFO] IPUIPlugin:80 - create IPUIPlugin
2024-01-17 11:41:36,531 [INFO] PluginManager:220 - loadIPPluginJar : add comp
2024-01-17 11:41:36,534 [INFO] IPUIPlugin:80 - create IPUIPlugin
2024-01-17 11:41:36,534 [INFO] PluginManager:220 - loadIPPluginJar : add cryp
2024-01-17 11:41:36,535 [INFO] IPUIPlugin:80 - create IPUIPlugin
2024-01-17 11:41:36,536 [INFO] PluginManager:220 - loadIPPluginJar : add dfsdm
2024-01-17 11:41:36,542 [INFO] IPUIPlugin:80 - create IPUIPlugin
2024-01-17 11:41:36,543 [INFO] PluginManager:220 - loadIPPluginJar : add dma
2024-01-17 11:41:36,546 [INFO] IPUIPlugin:80 - create IPUIPlugin
2024-01-17 11:41:36,547 [INFO] PluginManager:220 - loadIPPluginJar : add dma3
2024-01-17 11:41:36,549 [INFO] IPUIPlugin:80 - create IPUIPlugin
2024-01-17 11:41:36,549 [INFO] PluginManager:220 - loadIPPluginJar : add fatfs
2024-01-17 11:41:36,556 [INFO] IPUIPlugin:80 - create IPUIPlugin
2024-01-17 11:41:36,556 [INFO] PluginManager:220 - loadIPPluginJar : add fmc
2024-01-17 11:41:36,572 [INFO] IPUIPlugin:80 - create IPUIPlugin
2024-01-17 11:41:36,572 [INFO] PluginManager:220 - loadIPPluginJar : add freertos
2024-01-17 11:41:36,574 [INFO] IPUIPlugin:80 - create IPUIPlugin
2024-01-17 11:41:36,574 [INFO] PluginManager:220 - loadIPPluginJar : add genericplugin
2024-01-17 11:41:36,576 [INFO] IPUIPlugin:80 - create IPUIPlugin
2024-01-17 11:41:36,576 [INFO] PluginManager:220 - loadIPPluginJar : add gfxmmu
2024-01-17 11:41:36,582 [INFO] IPUIPlugin:80 - create IPUIPlugin
2024-01-17 11:41:36,583 [INFO] PluginManager:220 - loadIPPluginJar : add gic
2024-01-17 11:41:36,587 [INFO] IPUIPlugin:80 - create IPUIPlugin
2024-01-17 11:41:36,587 [INFO] PluginManager:220 - loadIPPluginJar : add gpio
2024-01-17 11:41:36,590 [INFO] IPUIPlugin:80 - create IPUIPlugin
2024-01-17 11:41:36,590 [INFO] PluginManager:220 - loadIPPluginJar : add gtzc
2024-01-17 11:41:36,592 [INFO] IPUIPlugin:80 - create IPUIPlugin
2024-01-17 11:41:36,593 [INFO] PluginManager:220 - loadIPPluginJar : add hash
2024-01-17 11:41:36,596 [INFO] IPUIPlugin:80 - create IPUIPlugin
2024-01-17 11:41:36,596 [INFO] PluginManager:220 - loadIPPluginJar : add i2c
2024-01-17 11:41:36,599 [INFO] IPUIPlugin:80 - create IPUIPlugin
2024-01-17 11:41:36,599 [INFO] PluginManager:220 - loadIPPluginJar : add i2s
2024-01-17 11:41:36,603 [INFO] IPUIPlugin:80 - create IPUIPlugin
2024-01-17 11:41:36,603 [INFO] PluginManager:220 - loadIPPluginJar : add i3c
2024-01-17 11:41:36,606 [INFO] IPUIPlugin:80 - create IPUIPlugin
2024-01-17 11:41:36,606 [INFO] PluginManager:220 - loadIPPluginJar : add ipddr
2024-01-17 11:41:36,614 [INFO] IPUIPlugin:80 - create IPUIPlugin
2024-01-17 11:41:36,615 [INFO] PluginManager:220 - loadIPPluginJar : add linkedlist
2024-01-17 11:41:36,618 [INFO] IPUIPlugin:80 - create IPUIPlugin
2024-01-17 11:41:36,619 [INFO] PluginManager:220 - loadIPPluginJar : add lorawan
2024-01-17 11:41:36,621 [INFO] IPUIPlugin:80 - create IPUIPlugin
2024-01-17 11:41:36,621 [INFO] PluginManager:220 - loadIPPluginJar : add ltdc
2024-01-17 11:41:36,643 [INFO] IPUIPlugin:80 - create IPUIPlugin
2024-01-17 11:41:36,644 [INFO] PluginManager:220 - loadIPPluginJar : add mdma
2024-01-17 11:41:36,648 [INFO] IPUIPlugin:80 - create IPUIPlugin
2024-01-17 11:41:36,649 [INFO] PluginManager:220 - loadIPPluginJar : add nvic
2024-01-17 11:41:36,652 [INFO] IPUIPlugin:80 - create IPUIPlugin
2024-01-17 11:41:36,652 [INFO] PluginManager:220 - loadIPPluginJar : add opamp
2024-01-17 11:41:36,655 [INFO] IPUIPlugin:80 - create IPUIPlugin
2024-01-17 11:41:36,656 [INFO] PluginManager:220 - loadIPPluginJar : add openamp
2024-01-17 11:41:36,660 [INFO] IPUIPlugin:80 - create IPUIPlugin
2024-01-17 11:41:36,660 [INFO] PluginManager:220 - loadIPPluginJar : add pdm2pcm
2024-01-17 11:41:36,668 [INFO] IPUIPlugin:80 - create IPUIPlugin
2024-01-17 11:41:36,672 [INFO] PluginManager:220 - loadIPPluginJar : add plateformsettings
2024-01-17 11:41:36,674 [INFO] IPUIPlugin:80 - create IPUIPlugin
2024-01-17 11:41:36,674 [INFO] PluginManager:220 - loadIPPluginJar : add quadspi
2024-01-17 11:41:36,678 [INFO] IPUIPlugin:80 - create IPUIPlugin
2024-01-17 11:41:36,678 [INFO] PluginManager:220 - loadIPPluginJar : add resmgrutility
2024-01-17 11:41:36,681 [INFO] IPUIPlugin:80 - create IPUIPlugin
2024-01-17 11:41:36,682 [INFO] PluginManager:220 - loadIPPluginJar : add sai
2024-01-17 11:41:36,684 [INFO] IPUIPlugin:80 - create IPUIPlugin
2024-01-17 11:41:36,684 [INFO] PluginManager:220 - loadIPPluginJar : add spi
2024-01-17 11:41:36,690 [INFO] IPUIPlugin:80 - create IPUIPlugin
2024-01-17 11:41:36,690 [INFO] PluginManager:220 - loadIPPluginJar : add stm32_wpan
2024-01-17 11:41:36,693 [INFO] IPUIPlugin:80 - create IPUIPlugin
2024-01-17 11:41:36,693 [INFO] PluginManager:220 - loadIPPluginJar : add tim
2024-01-17 11:41:36,697 [INFO] IPUIPlugin:80 - create IPUIPlugin
2024-01-17 11:41:36,697 [INFO] PluginManager:220 - loadIPPluginJar : add touchsensing
2024-01-17 11:41:36,700 [INFO] IPUIPlugin:80 - create IPUIPlugin
2024-01-17 11:41:36,700 [INFO] PluginManager:220 - loadIPPluginJar : add tracer_emb
2024-01-17 11:41:36,702 [INFO] IPUIPlugin:80 - create IPUIPlugin
2024-01-17 11:41:36,703 [INFO] PluginManager:220 - loadIPPluginJar : add ts
2024-01-17 11:41:36,705 [INFO] IPUIPlugin:80 - create IPUIPlugin
2024-01-17 11:41:36,705 [INFO] PluginManager:220 - loadIPPluginJar : add tsc
2024-01-17 11:41:36,708 [INFO] IPUIPlugin:80 - create IPUIPlugin
2024-01-17 11:41:36,708 [INFO] PluginManager:220 - loadIPPluginJar : add ucpd
2024-01-17 11:41:36,711 [INFO] IPUIPlugin:80 - create IPUIPlugin
2024-01-17 11:41:36,711 [INFO] PluginManager:220 - loadIPPluginJar : add usart
2024-01-17 11:41:36,714 [INFO] IPUIPlugin:80 - create IPUIPlugin
2024-01-17 11:41:36,714 [INFO] PluginManager:220 - loadIPPluginJar : add usbx
2024-01-17 11:41:36,862 [INFO] CADModel:165 - CPN selected for project level
2024-01-17 11:41:36,862 [INFO] CADModel:114 - Register for checkConnection events
2024-01-17 11:41:36,863 [FATAL] Updater:308 - Updater called before beeing initialized
2024-01-17 11:41:36,863 [ERROR] CADModel:125 - Updater not yet initialized, retry later 
2024-01-17 11:41:37,029 [INFO] CADModel:165 - CPN selected for project level
2024-01-17 11:41:37,029 [INFO] CADModel:114 - Register for checkConnection events
2024-01-17 11:41:37,029 [FATAL] Updater:308 - Updater called before beeing initialized
2024-01-17 11:41:37,029 [ERROR] CADModel:125 - Updater not yet initialized, retry later 
2024-01-17 11:41:37,032 [FATAL] Updater:308 - Updater called before beeing initialized
2024-01-17 11:41:37,141 [FATAL] Updater:308 - Updater called before beeing initialized
2024-01-17 11:41:37,146 [INFO] DbMcusAds:53 - JSON generation date=Wed Nov 29 11:52:27 CET 2023 (1701255147349)
2024-01-17 11:41:37,146 [FATAL] Updater:308 - Updater called before beeing initialized
2024-01-17 11:41:37,198 [WARN] DetailPanel:346 - Failed to get advertising image, set to default
2024-01-17 11:41:37,318 [FATAL] Updater:308 - Updater called before beeing initialized
2024-01-17 11:41:37,320 [FATAL] Updater:308 - Updater called before beeing initialized
2024-01-17 11:41:37,320 [FATAL] Updater:308 - Updater called before beeing initialized
2024-01-17 11:41:37,320 [WARN] DetailPanel:346 - Failed to get advertising image, set to default
2024-01-17 11:41:37,321 [FATAL] Updater:308 - Updater called before beeing initialized
2024-01-17 11:41:37,364 [ERROR] Updater:1120 - MainUpdater not yet initialized. External WinMGr cannot be set.
2024-01-17 11:41:37,365 [INFO] Updater:1056 - Updater Version found : 6.10.0
2024-01-17 11:41:37,380 [INFO] ApplicationProperties:184 - Using Application install path: C:\ST\STM32CubeIDE_1.13.2\STM32CubeIDE\plugins\com.st.stm32cube.common.mx_6.10.0.202311202037
2024-01-17 11:41:38,809 [INFO] ThirdPartyUpdaterWithRetryManager:70 - Updater plugin not ready yet. [2/15]
2024-01-17 11:41:38,953 [ERROR] LogOutputStream:75 - [STDERR_REDIRECT] Jan 17, 2024 11:41:38 AM java.util.prefs.WindowsPreferences <init>
2024-01-17 11:41:38,957 [ERROR] LogOutputStream:75 - [STDERR_REDIRECT] WARNING: Could not open/create prefs root node Software\JavaSoft\Prefs at root 0xffffffff80000002. Windows RegCreateKeyEx(...) returned error code 5.
2024-01-17 11:41:38,957 [ERROR] LogOutputStream:75 - [STDERR_REDIRECT] 
2024-01-17 11:41:39,210 [INFO] MainUpdater:2873 - connection check result : 10
2024-01-17 11:41:39,211 [INFO] MainUpdater:290 - Updater Check For Update Now.
2024-01-17 11:41:39,211 [INFO] MicroXplorer:498 - Change Database Version : DB.6.0.100
2024-01-17 11:41:39,220 [INFO] McuFinderGlobals:63 - Set McuFinder mode to 2 (CubeIDE integrated)
2024-01-17 11:41:39,231 [INFO] UserAuth:404 - Internet connection configuration mode: 1
2024-01-17 11:41:39,251 [INFO] JxBrowserEngine:152 - Initiate JxBrowser Engine with user profile folder
2024-01-17 11:41:39,386 [INFO] CheckServerUpdateThread:120 - End of CheckServer Thread
2024-01-17 11:41:39,806 [INFO] WebApp:161 - Instantiating new browser for Auth
2024-01-17 11:41:40,335 [INFO] WebApp:780 - Register for checkConnection events
2024-01-17 11:41:40,335 [INFO] WebApp:414 - Apply proxy settings
2024-01-17 11:41:40,336 [INFO] WebApp:499 - Chromium requires no authentication
2024-01-17 11:41:40,341 [INFO] WebApp:442 - Direct internet connection detected
2024-01-17 11:41:40,457 [INFO] WebApp:192 - Starting web application
2024-01-17 11:41:40,457 [INFO] WebApp:544 - Web application path used C:\ST\STM32CubeIDE_1.13.2\STM32CubeIDE\plugins\com.st.stm32cube.common.mx_6.10.0.202311202037\db\plugins\mcufinder\reactClient1\index.html
2024-01-17 11:41:41,951 [WARN] PackLoader:240 - Cannot read IP mode file for STMicroelectronics.X-CUBE-SMBUS.2.1.0
2024-01-17 11:41:41,959 [WARN] PackLoader:240 - Cannot read IP mode file for STMicroelectronics.X-CUBE-TOUCHGFX.4.23.0
2024-01-17 11:41:41,990 [WARN] PackLoader:240 - Cannot read IP mode file for STMicroelectronics.X-CUBE-AZRTOS-F7.1.1.0
2024-01-17 11:41:42,000 [WARN] PackLoader:240 - Cannot read IP mode file for STMicroelectronics.FP-SNS-MOTENV1.4.3.2
2024-01-17 11:41:42,007 [WARN] PackLoader:240 - Cannot read IP mode file for STMicroelectronics.FP-SNS-FLIGHT1.5.0.2
2024-01-17 11:41:42,017 [WARN] PackLoader:240 - Cannot read IP mode file for STMicroelectronics.X-CUBE-DISPLAY.3.0.0
2024-01-17 11:41:42,035 [WARN] PackLoader:240 - Cannot read IP mode file for STMicroelectronics.X-CUBE-BLE1.7.0.0
2024-01-17 11:41:42,041 [WARN] PackLoader:240 - Cannot read IP mode file for emotas.I-CUBE-CANOPEN.1.3.0
2024-01-17 11:41:42,045 [WARN] PackLoader:240 - Cannot read IP mode file for STMicroelectronics.X-CUBE-TOUCHGFX.4.22.1
2024-01-17 11:41:42,051 [WARN] PackLoader:240 - Cannot read IP mode file for STMicroelectronics.FP-SNS-SMARTAG2.1.2.0
2024-01-17 11:41:42,065 [INFO] LogOutputStream:77 - [STDOUT_REDIRECT] 1 : Invalid condition id : UX_CORESTACK_Condition cause : null
2024-01-17 11:41:42,066 [INFO] LogOutputStream:77 - [STDOUT_REDIRECT] 1 : Invalid condition id : UX_CORESTACK_Condition cause : null
2024-01-17 11:41:42,068 [INFO] LogOutputStream:77 - [STDOUT_REDIRECT] 1 : Invalid condition id : UX_CORESTACK_Condition cause : null
2024-01-17 11:41:42,069 [INFO] LogOutputStream:77 - [STDOUT_REDIRECT] 1 : Invalid condition id : UX_CORESTACK_Condition cause : null
2024-01-17 11:41:42,070 [INFO] LogOutputStream:77 - [STDOUT_REDIRECT] 1 : Invalid condition id : UX_CORESTACK_Condition cause : null
2024-01-17 11:41:42,075 [WARN] PackLoader:240 - Cannot read IP mode file for STMicroelectronics.X-CUBE-AZRTOS-WL.2.0.0
2024-01-17 11:41:42,087 [WARN] PackLoader:240 - Cannot read IP mode file for WES.I-CUBE-Cesium.1.3.0
2024-01-17 11:41:42,093 [WARN] PackLoader:240 - Cannot read IP mode file for STMicroelectronics.X-CUBE-BLE2.3.3.0
2024-01-17 11:41:42,101 [WARN] PackLoader:240 - Cannot read IP mode file for STMicroelectronics.X-CUBE-ALGOBUILD.1.3.0
2024-01-17 11:41:42,120 [WARN] PackLoader:240 - Cannot read IP mode file for STMicroelectronics.X-CUBE-AZRTOS-G0.1.1.0
2024-01-17 11:41:42,128 [WARN] PackLoader:240 - Cannot read IP mode file for STMicroelectronics.X-CUBE-NFC4.3.0.0
2024-01-17 11:41:42,134 [WARN] PackLoader:240 - Cannot read IP mode file for STMicroelectronics.X-CUBE-BLEMGR.3.0.0
2024-01-17 11:41:42,139 [WARN] PackLoader:240 - Cannot read IP mode file for STMicroelectronics.FP-ATR-SIGFOX1.3.2.0
2024-01-17 11:41:42,144 [WARN] PackLoader:240 - Cannot read IP mode file for STMicroelectronics.X-CUBE-GNSS1.6.0.0
2024-01-17 11:41:42,158 [WARN] PackLoader:240 - Cannot read IP mode file for STMicroelectronics.X-CUBE-AZRTOS-F4.1.1.0
2024-01-17 11:41:42,164 [WARN] PackLoader:240 - Cannot read IP mode file for wolfSSL.I-CUBE-wolfSSL.5.6.4
2024-01-17 11:41:42,176 [WARN] PackLoader:240 - Cannot read IP mode file for STMicroelectronics.X-CUBE-AZRTOS-L5.2.0.0
2024-01-17 11:41:42,183 [WARN] PackLoader:240 - Cannot read IP mode file for STMicroelectronics.X-CUBE-EEPRMA1.4.2.0
2024-01-17 11:41:42,188 [WARN] PackLoader:240 - Cannot read IP mode file for ITTIA_DB.I-CUBE-ITTIADB.8.8.0
2024-01-17 11:41:42,199 [WARN] ConditionMgr:438 - getConditionDescription Invalid condition id : UX DEVICE CLASS RTOS Condition cause : null
2024-01-17 11:41:42,199 [WARN] ConditionMgr:438 - getConditionDescription Invalid condition id : UX DEVICE CLASS RTOS Condition cause : null
2024-01-17 11:41:42,201 [WARN] PackLoader:240 - Cannot read IP mode file for STMicroelectronics.X-CUBE-AZRTOS-H7.3.1.0
2024-01-17 11:41:42,202 [WARN] ConditionMgr:1039 - genDependencies : Invalid condition id : UX DEVICE CLASS RTOS Condition cause : null
2024-01-17 11:41:42,202 [WARN] ConditionMgr:1039 - genDependencies : Invalid condition id : UX DEVICE CLASS RTOS Condition cause : null
2024-01-17 11:41:42,202 [WARN] ConditionMgr:1039 - genDependencies : Invalid condition id : UX DEVICE CLASS RTOS Condition cause : null
2024-01-17 11:41:42,202 [WARN] ConditionMgr:1039 - genDependencies : Invalid condition id : UX DEVICE CLASS RTOS Condition cause : null
2024-01-17 11:41:42,202 [WARN] ConditionMgr:1039 - genDependencies : Invalid condition id : UX DEVICE CLASS RTOS Condition cause : null
2024-01-17 11:41:42,207 [WARN] PackLoader:240 - Cannot read IP mode file for STMicroelectronics.X-CUBE-NFC7.1.0.1
2024-01-17 11:41:42,216 [WARN] PackLoader:240 - Cannot read IP mode file for STMicroelectronics.X-CUBE-NFC6.3.0.0
2024-01-17 11:41:42,220 [WARN] PackLoader:240 - Cannot read IP mode file for STMicroelectronics.X-CUBE-AI.8.1.0
2024-01-17 11:41:42,239 [WARN] ConditionMgr:438 - getConditionDescription Invalid condition id : LAN8742 Phy interface Condition cause : null
2024-01-17 11:41:42,240 [WARN] PackLoader:240 - Cannot read IP mode file for STMicroelectronics.X-CUBE-AZRTOS-L4.2.0.0
2024-01-17 11:41:42,240 [WARN] ConditionMgr:1039 - genDependencies : Invalid condition id : LAN8742 Phy interface Condition cause : null
2024-01-17 11:41:42,241 [WARN] ConditionMgr:1039 - genDependencies : Invalid condition id : LAN8742 Phy interface Condition cause : null
2024-01-17 11:41:42,241 [WARN] ConditionMgr:1039 - genDependencies : Invalid condition id : LAN8742 Phy interface Condition cause : null
2024-01-17 11:41:42,247 [WARN] PackLoader:240 - Cannot read IP mode file for STMicroelectronics.X-CUBE-SFXS2LP1.4.0.0
2024-01-17 11:41:42,251 [WARN] PackLoader:240 - Cannot read IP mode file for STMicroelectronics.X-CUBE-ISPU.1.1.0
2024-01-17 11:41:42,260 [WARN] ConditionMgr:438 - getConditionDescription Invalid condition id : UX DEVICE CLASS RTOS Condition cause : null
2024-01-17 11:41:42,260 [WARN] ConditionMgr:438 - getConditionDescription Invalid condition id : UX DEVICE CLASS RTOS Condition cause : null
2024-01-17 11:41:42,262 [WARN] PackLoader:240 - Cannot read IP mode file for STMicroelectronics.X-CUBE-AZRTOS-WB.2.0.0
2024-01-17 11:41:42,262 [WARN] ConditionMgr:1039 - genDependencies : Invalid condition id : UX DEVICE CLASS RTOS Condition cause : null
2024-01-17 11:41:42,262 [WARN] ConditionMgr:1039 - genDependencies : Invalid condition id : UX DEVICE CLASS RTOS Condition cause : null
2024-01-17 11:41:42,262 [WARN] ConditionMgr:1039 - genDependencies : Invalid condition id : UX DEVICE CLASS RTOS Condition cause : null
2024-01-17 11:41:42,262 [WARN] ConditionMgr:1039 - genDependencies : Invalid condition id : UX DEVICE CLASS RTOS Condition cause : null
2024-01-17 11:41:42,262 [WARN] ConditionMgr:1039 - genDependencies : Invalid condition id : UX DEVICE CLASS RTOS Condition cause : null
2024-01-17 11:41:42,270 [WARN] PackLoader:240 - Cannot read IP mode file for STMicroelectronics.X-CUBE-SUBG2.5.0.0
2024-01-17 11:41:42,283 [WARN] PackLoader:240 - Cannot read IP mode file for STMicroelectronics.X-CUBE-AZRTOS-G4.2.0.0
2024-01-17 11:41:42,293 [WARN] PackLoader:240 - Cannot read IP mode file for Infineon.AIROC-Wi-Fi-Bluetooth-STM32.1.5.1
2024-01-17 11:41:42,301 [WARN] PackLoader:240 - Cannot read IP mode file for STMicroelectronics.FP-SNS-MOTENVWB1.1.3.1
2024-01-17 11:41:42,304 [WARN] PackLoader:240 - Cannot read IP mode file for STMicroelectronics.X-CUBE-ISPU.2.0.0
2024-01-17 11:41:42,334 [WARN] PackLoader:240 - Cannot read IP mode file for STMicroelectronics.X-CUBE-MEMS1.10.0.0
2024-01-17 11:41:42,444 [WARN] PackLoader:240 - Cannot read IP mode file for STMicroelectronics.X-CUBE-FREERTOS.1.1.0
2024-01-17 11:41:42,450 [WARN] PackLoader:240 - Cannot read IP mode file for portGmbH.I-Cube-SoM-uGOAL.1.1.0
2024-01-17 11:41:42,455 [WARN] PackLoader:240 - Cannot read IP mode file for STMicroelectronics.X-CUBE-ALS.1.0.1
2024-01-17 11:41:42,460 [WARN] PackLoader:240 - Cannot read IP mode file for STMicroelectronics.FP-ATR-ASTRA1.2.0.0
2024-01-17 11:41:42,473 [WARN] PackLoader:240 - Cannot read IP mode file for STMicroelectronics.X-CUBE-TOF1.3.4.0
2024-01-17 11:41:42,515 [WARN] PackLoader:240 - Cannot read IP mode file for STMicroelectronics.X-CUBE-AZRTOS-H7.3.2.0
2024-01-17 11:41:42,520 [INFO] ThirdParty:978 - Integrity check success = true
2024-01-17 11:41:42,520 [INFO] IntegrityCheckThread:100 - exiting critical section [integrity check]
2024-01-17 11:41:42,520 [INFO] IntegrityCheckThread:103 - End integrity checks thread
2024-01-17 11:41:53,100 [ERROR] LogOutputStream:75 - [STDERR_REDIRECT] SLF4J: Failed to load class "org.slf4j.impl.StaticLoggerBinder".
2024-01-17 11:41:53,101 [ERROR] LogOutputStream:75 - [STDERR_REDIRECT] SLF4J: Defaulting to no-operation (NOP) logger implementation
2024-01-17 11:41:53,103 [ERROR] LogOutputStream:75 - [STDERR_REDIRECT] SLF4J: See http://www.slf4j.org/codes.html#StaticLoggerBinder for further details.
2024-01-17 11:42:03,261 [INFO] McuFinderGlobals:63 - Set McuFinder mode to 2 (CubeIDE integrated)
2024-01-17 11:42:03,291 [INFO] MainUpdater:2873 - connection check result : 10
2024-01-17 11:42:03,300 [INFO] MainUpdater:2873 - connection check result : 10
2024-01-17 11:42:03,549 [INFO] MicroXplorer:468 - Change Database Path : 
2024-01-17 11:42:03,550 [INFO] MicroXplorer:498 - Change Database Version : DB.6.0.100
2024-01-17 11:42:03,556 [WARN] ThirdParty:871 - waiting for thirdparty lock release [close project]
2024-01-17 11:42:03,556 [INFO] ThirdParty:873 - entering critical section [close project]
2024-01-17 11:42:03,557 [INFO] ThirdParty:883 - exiting critical section [close project]
2024-01-17 11:42:03,559 [INFO] PinOutPanel:1499 - setPackage(No Configuration,No Configuration)
2024-01-17 11:42:03,564 [INFO] UtilMem:75 - Begin LoadConfig() Used Memory: 448244856 Bytes (575668224)
2024-01-17 11:42:03,573 [INFO] MicroXplorer:468 - Change Database Path : C:/Users/aleja/.stm32cubemx/databases/DB.6.0.92/db/
2024-01-17 11:42:03,573 [INFO] MicroXplorer:498 - Change Database Version : DB.6.0.92
2024-01-17 11:42:08,581 [INFO] MicroXplorer:468 - Change Database Path : 
2024-01-17 11:42:08,581 [INFO] MicroXplorer:498 - Change Database Version : DB.6.0.100
2024-01-17 11:42:08,581 [INFO] OpenFileManager:312 - Change cursor
2024-01-17 11:42:08,613 [INFO] Mcu:2016 - Initializing MCU STM32F042F4Px STM32F042F4Px STM32F042F4P6
2024-01-17 11:42:09,771 [INFO] Context:659 - Trying to add GPIOservice into a context  which must be forbidden
2024-01-17 11:42:10,120 [INFO] RtosManager:555 - Registered RTOS mode: class=CMSIS, group=RTOS, mode=CMSIS_V1, owner=FREERTOS
2024-01-17 11:42:10,120 [INFO] RtosManager:555 - Registered RTOS mode: class=CMSIS, group=RTOS2, mode=CMSIS_V2, owner=FREERTOS
2024-01-17 11:42:10,120 [INFO] RtosManager:555 - Registered RTOS mode: class=RTOS, group=Core, mode=CMSIS_V1, owner=FREERTOS
2024-01-17 11:42:10,120 [INFO] RtosManager:555 - Registered RTOS mode: class=RTOS, group=Core, mode=CMSIS_V2, owner=FREERTOS
2024-01-17 11:42:10,120 [WARN] ModelIntegratedComponent:184 - Missing modes for component STMicroelectronics:FreeRTOS:0.0.1:STMicroelectronics:RTOS:FreeRTOS:Core:::10.2.0:
2024-01-17 11:42:10,146 [WARN] ModelIntegratedComponent:63 - No mode defined for component null
2024-01-17 11:42:10,146 [WARN] ModelIntegratedComponent:63 - No mode defined for component null
2024-01-17 11:42:10,146 [WARN] ModelIntegratedComponent:63 - No mode defined for component null
2024-01-17 11:42:10,146 [WARN] ModelIntegratedComponent:63 - No mode defined for component null
2024-01-17 11:42:10,146 [WARN] ModelIntegratedComponent:63 - No mode defined for component null
2024-01-17 11:42:10,147 [WARN] ModelIntegratedComponent:63 - No mode defined for component null
2024-01-17 11:42:10,147 [WARN] ModelIntegratedComponent:63 - No mode defined for component null
2024-01-17 11:42:10,147 [WARN] ModelIntegratedComponent:63 - No mode defined for component null
2024-01-17 11:42:10,147 [WARN] ModelIntegratedComponent:63 - No mode defined for component null
2024-01-17 11:42:10,147 [WARN] ModelIntegratedComponent:63 - No mode defined for component null
2024-01-17 11:42:10,147 [WARN] ModelIntegratedComponent:63 - No mode defined for component null
2024-01-17 11:42:10,147 [WARN] ModelIntegratedComponent:63 - No mode defined for component null
2024-01-17 11:42:10,147 [WARN] ModelIntegratedComponent:63 - No mode defined for component null
2024-01-17 11:42:10,147 [WARN] ModelIntegratedComponent:63 - No mode defined for component null
2024-01-17 11:42:10,147 [WARN] ModelIntegratedComponent:63 - No mode defined for component null
2024-01-17 11:42:10,147 [WARN] ModelIntegratedComponent:63 - No mode defined for component null
2024-01-17 11:42:10,147 [WARN] ModelIntegratedComponent:63 - No mode defined for component null
2024-01-17 11:42:10,148 [WARN] ModelIntegratedComponent:63 - No mode defined for component null
2024-01-17 11:42:10,148 [WARN] ModelIntegratedComponent:63 - No mode defined for component null
2024-01-17 11:42:10,148 [WARN] ModelIntegratedComponent:63 - No mode defined for component null
2024-01-17 11:42:10,148 [WARN] ModelIntegratedComponent:63 - No mode defined for component null
2024-01-17 11:42:10,148 [WARN] ModelIntegratedComponent:63 - No mode defined for component null
2024-01-17 11:42:10,148 [WARN] ModelIntegratedComponent:63 - No mode defined for component null
2024-01-17 11:42:10,148 [WARN] ModelIntegratedComponent:63 - No mode defined for component null
2024-01-17 11:42:10,148 [WARN] ModelIntegratedComponent:63 - No mode defined for component null
2024-01-17 11:42:10,148 [WARN] ModelIntegratedComponent:63 - No mode defined for component null
2024-01-17 11:42:10,148 [WARN] ModelIntegratedComponent:63 - No mode defined for component null
2024-01-17 11:42:10,148 [WARN] ModelIntegratedComponent:63 - No mode defined for component null
2024-01-17 11:42:10,148 [WARN] ModelIntegratedComponent:63 - No mode defined for component null
2024-01-17 11:42:10,149 [WARN] ModelIntegratedComponent:63 - No mode defined for component null
2024-01-17 11:42:10,149 [WARN] ModelIntegratedComponent:63 - No mode defined for component null
2024-01-17 11:42:10,149 [WARN] ModelIntegratedComponent:63 - No mode defined for component null
2024-01-17 11:42:10,149 [WARN] ModelIntegratedComponent:63 - No mode defined for component null
2024-01-17 11:42:10,232 [INFO] ThirdPartyModel:298 - Start build external matchings
2024-01-17 11:42:10,404 [INFO] ThirdPartyModel:316 - End build external matchings
2024-01-17 11:42:10,423 [INFO] ImportTextPane:194 - (OptionalMessage_ERROR) IP (DMA) : Parameter (Instance) has Id (ADC) currently not set
2024-01-17 11:42:10,423 [INFO] ImportTextPane:194 - (OptionalMessage_ERROR) IP (DMA) : Parameter (Direction) has Id (ADC) currently not set
2024-01-17 11:42:10,423 [INFO] ImportTextPane:194 - (OptionalMessage_ERROR) IP (DMA) : Parameter (PeriphInc) has Id (ADC) currently not set
2024-01-17 11:42:10,423 [INFO] ImportTextPane:194 - (OptionalMessage_ERROR) IP (DMA) : Parameter (MemInc) has Id (ADC) currently not set
2024-01-17 11:42:10,423 [INFO] ImportTextPane:194 - (OptionalMessage_ERROR) IP (DMA) : Parameter (PeriphDataAlignment) has Id (ADC) currently not set
2024-01-17 11:42:10,423 [INFO] ImportTextPane:194 - (OptionalMessage_ERROR) IP (DMA) : Parameter (MemDataAlignment) has Id (ADC) currently not set
2024-01-17 11:42:10,423 [INFO] ImportTextPane:194 - (OptionalMessage_ERROR) IP (DMA) : Parameter (Mode) has Id (ADC) currently not set
2024-01-17 11:42:10,423 [INFO] ImportTextPane:194 - (OptionalMessage_ERROR) IP (DMA) : Parameter (Priority) has Id (ADC) currently not set
2024-01-17 11:42:10,425 [INFO] ImportTextPane:194 - (OptionalMessage_ERROR) IP (RCC) : Invalid parameter (FamilyName)
2024-01-17 11:42:10,425 [INFO] ImportTextPane:194 - (OptionalMessage_ERROR) IP (RCC) : Invalid parameter (HSICECFreq_Value)
2024-01-17 11:42:10,612 [INFO] UtilMem:75 - End LoadConfig() Used Memory: 576158840 Bytes (699400192)
2024-01-17 11:42:10,753 [INFO] ApiDb:581 - Connected to CubeFinder SQLite database (C:\Users\aleja\.stmcufinder\plugins\mcufinder\mcu\cube-finder-db.db)
2024-01-17 11:42:10,845 [INFO] ApiDb:668 - CubeFinder database Data Model version=2.1
2024-01-17 11:42:10,845 [INFO] ApiDb:669 - CubeFinder database Configuration version=3.0.39
2024-01-17 11:42:10,845 [INFO] ApiDb:670 - CubeFinder database generation date=2023-12-08 (1702028721)
2024-01-17 11:42:10,845 [INFO] ApiDb:671 - CubeFinder database FW Pack versions=[FP-ATR-ASTRA1_V2.0.0, FP-SNS-FLIGHT1_V5.0.1, FP-SNS-FLIGHT1_V5.0.2, FP-SNS-MOTENV1_V4.3.1, FP-SNS-MOTENV1_V4.3.2, FP-SNS-MOTENVWB1_V1.3.1, FP-SNS-SMARTAG2_V1.2.0, STM32Cube_FW_C0_V1.1.0, STM32Cube_FW_F4_V1.28.0, STM32Cube_FW_F7_V1.17.0, STM32Cube_FW_G0_V1.6.1, STM32Cube_FW_G4_V1.5.1, STM32Cube_FW_H5_V0.5.1, STM32Cube_FW_H5_V1.1.1, STM32Cube_FW_H5_V1.2.0RC2, STM32Cube_FW_H7_V1.11.0, STM32Cube_FW_L0_V1.12.2, STM32Cube_FW_L5_V1.5.0, STM32Cube_FW_U5_V1.3.0RC4, STM32Cube_FW_U5_V1.4.0, STM32Cube_FW_WBA_V1.0.0RC1, STM32Cube_FW_WBA_V1.1.0RC1, STM32Cube_FW_WBA_V1.2.0, STM32Cube_FW_WBA_V1.2.0RC2, STM32Cube_FW_WB_V1.15.0RC1, STM32Cube_FW_WB_V1.16.0, STM32Cube_FW_WB_V1.16.0RC2, STM32Cube_FW_WB_V1.18.0, STM32Cube_FW_WL_V1.3.0, X-CUBE-ALGOBUILD_V1.3.0, X-CUBE-ALS_V1.0.1, X-CUBE-AZRTOS-F4_V1.1.0, X-CUBE-AZRTOS-F7_V1.1.0, X-CUBE-AZRTOS-G0_V1.1.0, X-CUBE-AZRTOS-G4_V2.0.0, X-CUBE-AZRTOS-H7_V3.1.0, X-CUBE-AZRTOS-L4_V1.0.0, X-CUBE-AZRTOS-L4_V2.0.0, X-CUBE-AZRTOS-L5_V1.1.0, X-CUBE-AZRTOS-WB_V2.0.0, X-CUBE-AZRTOS-WL_V2.0.0, X-CUBE-BLE1_V7.0.0, X-CUBE-BLE2_V3.3.0, X-CUBE-BLEMGR_V3.0.0, X-CUBE-EEPRMA1_V4.1.0, X-CUBE-EEPRMA1_V4.2.0, X-CUBE-FREERTOS_V1.1.0, X-CUBE-GNSS1_V6.0.0, X-CUBE-MEMS1_V10.0.0, X-CUBE-MEMS1_V9.1.0, X-CUBE-MEMS1_V9.4.0, X-CUBE-MEMS1_V9.6.0, X-CUBE-NFC4_V3.0.0, X-CUBE-NFC7_V1.0.1, X-CUBE-SFXS2LP1_V4.0.0, X-CUBE-SUBG2_V5.0.0, X-CUBE-TOF1_V3.4.0]
2024-01-17 11:42:13,461 [INFO] ApiDb:240 - Found 371 in-development CPN: [B-G473E-ZEST1S, B-WB1M-WPAN1, B-WL5M-SUBG1, NUCLEO-C031C6, NUCLEO-H503RB, NUCLEO-H563ZI, NUCLEO-U545RE-Q, NUCLEO-U5A5ZJ-Q, NUCLEO-WBA52CG, NUCLEO-WBA55CG, STEVAL-MKBOXPRO, STEVAL-PROTEUS1, STEVAL-STWINBX1, STM320518-EVAL, STM32C0116-DK, STM32C011D6Y3TR, STM32C011D6Y6TR, STM32C011F4P3, STM32C011F4P6, STM32C011F4U3, STM32C011F4U6TR, STM32C011F6P3, STM32C011F6P6, STM32C011F6U3, STM32C011F6U6TR, STM32C011J4M3, STM32C011J4M6, STM32C011J6M3, STM32C011J6M6, STM32C0316-DK, STM32C031C4T3, STM32C031C4T6, STM32C031C4U3, STM32C031C4U6, STM32C031C6T3, STM32C031C6T6, STM32C031C6U3, STM32C031C6U6, STM32C031F4P3, STM32C031F4P6, STM32C031F6P3, STM32C031F6P6, STM32C031G4U3, STM32C031G4U6, STM32C031G6U3, STM32C031G6U6, STM32C031K4T3, STM32C031K4T6, STM32C031K4U3, STM32C031K4U6, STM32C031K6T3, STM32C031K6T6, STM32C031K6U3, STM32C031K6U6, STM32G071K8TXN, STM32G071K8UXN, STM32G081GBU6N, STM32G081KBT6N, STM32G081KBUXN, STM32G0B1CCT6N, STM32G0B1KCT6, STM32G0B1NEY6TR, STM32G0B1RCT6N, STM32G0C1CCT6, STM32G0C1CCT6N, STM32G0C1CCU6N, STM32G0C1CET6N, STM32G0C1CEU6N, STM32G0C1KCT6, STM32G0C1NEY6TR, STM32G0C1RCI6N, STM32G0C1RCT6N, STM32G0C1REI6N, STM32G0C1RET6N, STM32G0C1VCI6, STM32G0C1VEI6, STM32G471CCT6, STM32G471CCU6, STM32G471CET3, STM32G471CET6, STM32G471CEU3, STM32G471CEU6, STM32G471MCT6, STM32G471MET3, STM32G471MET6, STM32G471MEY6TR, STM32G471QCT6, STM32G471QET3, STM32G471RCT6, STM32G471RET3, STM32G471RET6, STM32G471VCH6, STM32G471VCI6, STM32G471VCT6, STM32G471VEH3, STM32G471VEH6, STM32G471VEI3, STM32G471VEI6, STM32G471VET3, STM32G471VET6, STM32G474CCT6, STM32H503CBT6, STM32H503CBU6, STM32H503EBY6TR, STM32H503KBU6, STM32H503RBT6, STM32H562AGI6, STM32H562AII6, STM32H562IGK6, STM32H562IGT6, STM32H562IIK6, STM32H562IIT6, STM32H562RGT6, STM32H562RGV6, STM32H562RIT6, STM32H562RIV6, STM32H562VGT6, STM32H562VIT6, STM32H562ZGT6, STM32H562ZIT6, STM32H563AGI6, STM32H563AII3Q, STM32H563AII6, STM32H563IGK6, STM32H563IGT6, STM32H563IIK3Q, STM32H563IIK6, STM32H563IIT3Q, STM32H563IIT6, STM32H563MIY3QTR, STM32H563RGT6, STM32H563RGV6, STM32H563RIT6, STM32H563RIV6, STM32H563VGT6, STM32H563VIT3Q, STM32H563VIT6, STM32H563ZGT6, STM32H563ZIT3Q, STM32H563ZIT6, STM32H573AII3Q, STM32H573AII6, STM32H573I-DK, STM32H573IIK3Q, STM32H573IIK6, STM32H573IIT3Q, STM32H573IIT6, STM32H573MIY3QTR, STM32H573RIT6, STM32H573RIV6, STM32H573VIT3Q, STM32H573VIT6, STM32H573ZIT3Q, STM32H573ZIT6, STM32L4R5QGI6STR, STM32MP131AAE3, STM32MP131AAF3, STM32MP131AAG3, STM32MP131CAE3, STM32MP131CAF3, STM32MP131CAG3, STM32MP131DAE7, STM32MP131DAF7, STM32MP131DAG7, STM32MP131FAE7, STM32MP131FAF7, STM32MP131FAG7, STM32MP133AAE3, STM32MP133AAF3, STM32MP133AAG3, STM32MP133CAE3, STM32MP133CAF3, STM32MP133CAG3, STM32MP133DAE7, STM32MP133DAF7, STM32MP133DAG7, STM32MP133FAE7, STM32MP133FAF7, STM32MP133FAG7, STM32MP135AAE3, STM32MP135AAF3, STM32MP135AAG3, STM32MP135CAE3, STM32MP135CAF3, STM32MP135CAG3, STM32MP135DAE7, STM32MP135DAF7, STM32MP135DAG7, STM32MP135F-DK, STM32MP135FAE7, STM32MP135FAF7, STM32MP135FAF7T, STM32MP135FAF7U, STM32MP135FAG7, STM32U535CBT6, STM32U535CBT6Q, STM32U535CBU6, STM32U535CBU6Q, STM32U535CCT6, STM32U535CCT6Q, STM32U535CCU6, STM32U535CCU6Q, STM32U535CET6, STM32U535CET6Q, STM32U535CEU6, STM32U535CEU6Q, STM32U535JEY6QTR, STM32U535NCY6QTR, STM32U535NEY6QTR, STM32U535RBI6, STM32U535RBI6Q, STM32U535RBT6, STM32U535RBT6Q, STM32U535RCI6, STM32U535RCI6Q, STM32U535RCT6, STM32U535RCT6Q, STM32U535REI6, STM32U535REI6Q, STM32U535RET6, STM32U535RET6Q, STM32U535VCI6, STM32U535VCI6Q, STM32U535VCT6, STM32U535VCT6Q, STM32U535VEI6, STM32U535VEI6Q, STM32U535VET6, STM32U535VET6Q, STM32U545CET6, STM32U545CET6Q, STM32U545CEU6, STM32U545CEU6Q, STM32U545JEY6QTR, STM32U545NEY6QTR, STM32U545REI6, STM32U545REI6Q, STM32U545RET6, STM32U545RET6Q, STM32U545VEI6, STM32U545VEI6Q, STM32U545VET6, STM32U545VET6Q, STM32U595AIH6, STM32U595AIH6Q, STM32U595AJH6, STM32U595AJH6Q, STM32U595QII6, STM32U595QII6Q, STM32U595QJI6, STM32U595QJI6Q, STM32U595RIT6, STM32U595RIT6Q, STM32U595RJT6, STM32U595RJT6Q, STM32U595VIT6, STM32U595VIT6Q, STM32U595VJT6, STM32U595VJT6Q, STM32U595ZIT6, STM32U595ZIT6Q, STM32U595ZIY6QTR, STM32U595ZJT6, STM32U595ZJT6Q, STM32U595ZJY6QTR, STM32U599BJY6QTR, STM32U599NIH6Q, STM32U599NJH6Q, STM32U599VIT6Q, STM32U599VJT6, STM32U599VJT6Q, STM32U599ZIT6Q, STM32U599ZIY6QTR, STM32U599ZJT6Q, STM32U599ZJY6QTR, STM32U5A5AJH6, STM32U5A5AJH6Q, STM32U5A5QJI6, STM32U5A5QJI6Q, STM32U5A5RJT6, STM32U5A5RJT6Q, STM32U5A5VJT6, STM32U5A5VJT6Q, STM32U5A5ZJT6, STM32U5A5ZJT6Q, STM32U5A5ZJY6QTR, STM32U5A9BJY6QTR, STM32U5A9J-DK, STM32U5A9NJH6Q, STM32U5A9VJT6Q, STM32U5A9ZJT6Q, STM32U5A9ZJY6QTR, STM32U5F7VIT6, STM32U5F7VIT6Q, STM32U5F7VJT6, STM32U5F7VJT6Q, STM32U5F9BJY6QTR, STM32U5F9NJH6Q, STM32U5F9VIT6Q, STM32U5F9VJT6Q, STM32U5F9ZIJ6QTR, STM32U5F9ZIT6Q, STM32U5F9ZJJ6QTR, STM32U5F9ZJT6Q, STM32U5G7VJT6, STM32U5G7VJT6Q, STM32U5G9BJY6QTR, STM32U5G9J-DK1, STM32U5G9J-DK2, STM32U5G9NJH6Q, STM32U5G9VJT6Q, STM32U5G9ZJJ6QTR, STM32U5G9ZJT6Q, STM32WB1MMCH6, STM32WBA50KEU6, STM32WBA50KEU6TR, STM32WBA50KGU6, STM32WBA50KGU6TR, STM32WBA52CEU6, STM32WBA52CEU6TR, STM32WBA52CEU7, STM32WBA52CEU7TR, STM32WBA52CGU6, STM32WBA52CGU6TR, STM32WBA52CGU6U, STM32WBA52CGU7, STM32WBA52CGU7TR, STM32WBA52KEU6, STM32WBA52KEU6TR, STM32WBA52KGU6, STM32WBA52KGU6TR, STM32WBA54CEU6, STM32WBA54CEU6TR, STM32WBA54CEU7, STM32WBA54CEU7TR, STM32WBA54CGU6, STM32WBA54CGU6TR, STM32WBA54CGU7, STM32WBA54CGU7TR, STM32WBA54KEU6, STM32WBA54KEU6TR, STM32WBA54KEU7, STM32WBA54KEU7TR, STM32WBA54KGU6, STM32WBA54KGU6TR, STM32WBA54KGU7, STM32WBA54KGU7TR, STM32WBA55CEU6, STM32WBA55CEU6TR, STM32WBA55CEU7, STM32WBA55CEU7TR, STM32WBA55CGU6, STM32WBA55CGU6TR, STM32WBA55CGU6U, STM32WBA55CGU7, STM32WBA55CGU7TR, STM32WBA55G-DK1, STM32WBA55HEF6, STM32WBA55HEF7, STM32WBA55HGF6, STM32WBA55HGF7, STM32WBA55UEI6, STM32WBA55UEI6TR, STM32WBA55UEI7, STM32WBA55UEI7TR, STM32WBA55UGI6, STM32WBA55UGI6TR, STM32WBA55UGI7, STM32WBA55UGI7TR, STM32WL5MOCH6, STM32WL5MOCH6TR]
2024-01-17 11:42:13,463 [INFO] DbMcus:218 - Found 3930 MCUs, 3930 are supported
2024-01-17 11:42:13,469 [INFO] ApiDb:423 - Load user favorites file C:\Users\aleja/.stm32cubeide/favorites.mcus.txt: 1 item(s)
2024-01-17 11:42:13,470 [INFO] ApiDb:427 - User favorites MCUs=[STM32F042F4P6]
2024-01-17 11:42:13,470 [INFO] DbMcus:224 - Set 1 / 1 favorites MCUs
2024-01-17 11:42:13,849 [INFO] MicroXplorer:468 - Change Database Path : 
2024-01-17 11:42:13,849 [INFO] MicroXplorer:498 - Change Database Version : DB.6.0.100
2024-01-17 11:42:13,850 [WARN] ThirdParty:833 - waiting for thirdparty lock release [change project]
2024-01-17 11:42:13,850 [INFO] ThirdParty:835 - entering critical section [change project]
2024-01-17 11:42:13,850 [INFO] ThirdParty:1030 - CMSIS Pack Vendor :STMicroelectronics X-CUBE-ISPU 1.1.0
2024-01-17 11:42:13,850 [INFO] ThirdParty:1030 - CMSIS Pack Vendor :STMicroelectronics USBPD 4.1
2024-01-17 11:42:13,850 [INFO] ThirdParty:1030 - CMSIS Pack Vendor :STMicroelectronics X-CUBE-GNSS1 6.0.0
2024-01-17 11:42:13,850 [INFO] ThirdParty:1030 - CMSIS Pack Vendor :STMicroelectronics USB_HOST 2.0.0
2024-01-17 11:42:13,850 [INFO] ThirdParty:1030 - CMSIS Pack Vendor :STMicroelectronics X-CUBE-AZRTOS-F4 1.1.0
2024-01-17 11:42:13,850 [INFO] ThirdParty:1030 - CMSIS Pack Vendor :STMicroelectronics LIBJPEG 8.0.0
2024-01-17 11:42:13,850 [INFO] ThirdParty:1030 - CMSIS Pack Vendor :wolfSSL I-CUBE-wolfSSL 5.6.4
2024-01-17 11:42:13,850 [INFO] ThirdParty:1030 - CMSIS Pack Vendor :STMicroelectronics X-CUBE-SMBUS 2.1.0
2024-01-17 11:42:13,850 [INFO] ThirdParty:1030 - CMSIS Pack Vendor :STMicroelectronics USB_DEVICE 3.0.0
2024-01-17 11:42:13,850 [INFO] ThirdParty:1030 - CMSIS Pack Vendor :STMicroelectronics X-CUBE-AZRTOS-WB 2.0.0
2024-01-17 11:42:13,850 [INFO] ThirdParty:1030 - CMSIS Pack Vendor :STMicroelectronics X-CUBE-TOUCHGFX 4.23.0
2024-01-17 11:42:13,850 [INFO] ThirdParty:1030 - CMSIS Pack Vendor :STMicroelectronics X-CUBE-AZRTOS-F7 1.1.0
2024-01-17 11:42:13,850 [INFO] ThirdParty:1030 - CMSIS Pack Vendor :STMicroelectronics X-CUBE-AZRTOS-L5 2.0.0
2024-01-17 11:42:13,850 [INFO] ThirdParty:1030 - CMSIS Pack Vendor :STMicroelectronics USB_DEVICE 2.0.0
2024-01-17 11:42:13,850 [INFO] ThirdParty:1030 - CMSIS Pack Vendor :STMicroelectronics X-CUBE-EEPRMA1 4.2.0
2024-01-17 11:42:13,850 [INFO] ThirdParty:1030 - CMSIS Pack Vendor :ITTIA_DB I-CUBE-ITTIADB 8.8.0
2024-01-17 11:42:13,850 [INFO] ThirdParty:1030 - CMSIS Pack Vendor :STMicroelectronics FP-SNS-MOTENV1 4.3.2
2024-01-17 11:42:13,850 [INFO] ThirdParty:1030 - CMSIS Pack Vendor :STMicroelectronics X-CUBE-ALGOBUILD 1.3.0
2024-01-17 11:42:13,850 [INFO] ThirdParty:1030 - CMSIS Pack Vendor :STMicroelectronics FreeRTOS 0.0.1
2024-01-17 11:42:13,850 [INFO] ThirdParty:1030 - CMSIS Pack Vendor :STMicroelectronics X-CUBE-AZRTOS-G0 1.1.0
2024-01-17 11:42:13,850 [INFO] ThirdParty:1030 - CMSIS Pack Vendor :STMicroelectronics X-CUBE-NFC4 3.0.0
2024-01-17 11:42:13,850 [INFO] ThirdParty:1030 - CMSIS Pack Vendor :STMicroelectronics X-CUBE-SUBG2 5.0.0
2024-01-17 11:42:13,850 [INFO] ThirdParty:1030 - CMSIS Pack Vendor :STMicroelectronics STM32_WPAN 1.0.0
2024-01-17 11:42:13,850 [INFO] ThirdParty:1030 - CMSIS Pack Vendor :STMicroelectronics lwIP 2.0.3
2024-01-17 11:42:13,851 [INFO] ThirdParty:1030 - CMSIS Pack Vendor :STMicroelectronics FP-SNS-FLIGHT1 5.0.2
2024-01-17 11:42:13,851 [INFO] ThirdParty:1030 - CMSIS Pack Vendor :STMicroelectronics USB_HOST 1.0.0
2024-01-17 11:42:13,851 [INFO] ThirdParty:1030 - CMSIS Pack Vendor :STMicroelectronics X-CUBE-AZRTOS-G4 2.0.0
2024-01-17 11:42:13,851 [INFO] ThirdParty:1030 - CMSIS Pack Vendor :STMicroelectronics PDM2PCM 3.1.0
2024-01-17 11:42:13,851 [INFO] ThirdParty:1030 - CMSIS Pack Vendor :STMicroelectronics X-CUBE-AZRTOS-H7 3.1.0
2024-01-17 11:42:13,851 [INFO] ThirdParty:1030 - CMSIS Pack Vendor :Infineon AIROC-Wi-Fi-Bluetooth-STM32 1.5.1
2024-01-17 11:42:13,851 [INFO] ThirdParty:1030 - CMSIS Pack Vendor :STMicroelectronics X-CUBE-BLEMGR 3.0.0
2024-01-17 11:42:13,851 [INFO] ThirdParty:1030 - CMSIS Pack Vendor :STMicroelectronics PDM2PCM 3.3.0
2024-01-17 11:42:13,851 [INFO] ThirdParty:1030 - CMSIS Pack Vendor :STMicroelectronics X-CUBE-DISPLAY 3.0.0
2024-01-17 11:42:13,851 [INFO] ThirdParty:1030 - CMSIS Pack Vendor :STMicroelectronics FP-SNS-MOTENVWB1 1.3.1
2024-01-17 11:42:13,851 [INFO] ThirdParty:1030 - CMSIS Pack Vendor :STMicroelectronics X-CUBE-BLE1 7.0.0
2024-01-17 11:42:13,851 [INFO] ThirdParty:1030 - CMSIS Pack Vendor :STMicroelectronics FP-ATR-SIGFOX1 3.2.0
2024-01-17 11:42:13,851 [INFO] ThirdParty:1030 - CMSIS Pack Vendor :STMicroelectronics X-CUBE-ISPU 2.0.0
2024-01-17 11:42:13,851 [INFO] ThirdParty:1030 - CMSIS Pack Vendor :STMicroelectronics HAL Drivers 0.0.0
2024-01-17 11:42:13,851 [INFO] ThirdParty:1030 - CMSIS Pack Vendor :STMicroelectronics MBEDTLS 2.16.2
2024-01-17 11:42:13,851 [INFO] ThirdParty:1030 - CMSIS Pack Vendor :emotas I-CUBE-CANOPEN 1.3.0
2024-01-17 11:42:13,851 [INFO] ThirdParty:1030 - CMSIS Pack Vendor :STMicroelectronics X-CUBE-MEMS1 10.0.0
2024-01-17 11:42:13,851 [INFO] ThirdParty:1030 - CMSIS Pack Vendor :STMicroelectronics X-CUBE-FREERTOS 1.1.0
2024-01-17 11:42:13,851 [INFO] ThirdParty:1030 - CMSIS Pack Vendor :STMicroelectronics X-CUBE-NFC7 1.0.1
2024-01-17 11:42:13,851 [INFO] ThirdParty:1030 - CMSIS Pack Vendor :STMicroelectronics MBEDTLS 2.14.1
2024-01-17 11:42:13,851 [INFO] ThirdParty:1030 - CMSIS Pack Vendor :STMicroelectronics X-CUBE-TOUCHGFX 4.22.1
2024-01-17 11:42:13,851 [INFO] ThirdParty:1030 - CMSIS Pack Vendor :STMicroelectronics X-CUBE-NFC6 3.0.0
2024-01-17 11:42:13,851 [INFO] ThirdParty:1030 - CMSIS Pack Vendor :portGmbH I-Cube-SoM-uGOAL 1.1.0
2024-01-17 11:42:13,851 [INFO] ThirdParty:1030 - CMSIS Pack Vendor :STMicroelectronics X-CUBE-ALS 1.0.1
2024-01-17 11:42:13,851 [INFO] ThirdParty:1030 - CMSIS Pack Vendor :STMicroelectronics ThreadX 1.0.0
2024-01-17 11:42:13,851 [INFO] ThirdParty:1030 - CMSIS Pack Vendor :STMicroelectronics FP-SNS-SMARTAG2 1.2.0
2024-01-17 11:42:13,851 [INFO] ThirdParty:1030 - CMSIS Pack Vendor :STMicroelectronics X-CUBE-AZRTOS-WL 2.0.0
2024-01-17 11:42:13,851 [INFO] ThirdParty:1030 - CMSIS Pack Vendor :STMicroelectronics USB_DEVICE 1.0.0
2024-01-17 11:42:13,851 [INFO] ThirdParty:1030 - CMSIS Pack Vendor :STMicroelectronics X-CUBE-AI 8.1.0
2024-01-17 11:42:13,851 [INFO] ThirdParty:1030 - CMSIS Pack Vendor :STMicroelectronics X-CUBE-AZRTOS-L4 2.0.0
2024-01-17 11:42:13,851 [INFO] ThirdParty:1030 - CMSIS Pack Vendor :STMicroelectronics ThreadX 0.0.2
2024-01-17 11:42:13,851 [INFO] ThirdParty:1030 - CMSIS Pack Vendor :WES I-CUBE-Cesium 1.3.0
2024-01-17 11:42:13,851 [INFO] ThirdParty:1030 - CMSIS Pack Vendor :STMicroelectronics FP-ATR-ASTRA1 2.0.0
2024-01-17 11:42:13,851 [INFO] ThirdParty:1030 - CMSIS Pack Vendor :STMicroelectronics lwIP 2.1.2
2024-01-17 11:42:13,851 [INFO] ThirdParty:1030 - CMSIS Pack Vendor :STMicroelectronics X-CUBE-SFXS2LP1 4.0.0
2024-01-17 11:42:13,851 [INFO] ThirdParty:1030 - CMSIS Pack Vendor :STMicroelectronics X-CUBE-BLE2 3.3.0
2024-01-17 11:42:13,851 [INFO] ThirdParty:1030 - CMSIS Pack Vendor :STMicroelectronics X-CUBE-TOF1 3.4.0
2024-01-17 11:42:13,852 [INFO] ThirdParty:1030 - CMSIS Pack Vendor :STMicroelectronics X-CUBE-AZRTOS-H7 3.2.0
2024-01-17 11:42:13,852 [INFO] ThirdParty:1030 - CMSIS Pack Vendor :STMicroelectronics PDM2PCM 3.2.0
2024-01-17 11:42:13,852 [INFO] ThirdParty:841 - exiting critical section [change project]
2024-01-17 11:42:14,212 [INFO] PinOutPanel:1499 - setPackage(No Configuration,No Configuration)
2024-01-17 11:42:14,215 [INFO] PinOutPanel:1499 - setPackage(STM32F042F4Px,TSSOP20)
2024-01-17 11:42:15,354 [INFO] UtilMem:75 - Before build in PCC Used Memory: 504683304 Bytes (972029952)
2024-01-17 11:42:16,286 [INFO] UtilMem:75 - After build in PCC Used Memory: 597480232 Bytes (972029952)
2024-01-17 11:42:16,313 [INFO] IPUIPlugin:80 - create IPUIPlugin
2024-01-17 11:42:16,313 [INFO] IPUIPlugin:80 - create IPUIPlugin
2024-01-17 11:42:16,313 [INFO] IPUIPlugin:80 - create IPUIPlugin
2024-01-17 11:42:16,314 [INFO] IPUIPlugin:80 - create IPUIPlugin
2024-01-17 11:42:16,314 [INFO] IPUIPlugin:80 - create IPUIPlugin
2024-01-17 11:42:16,314 [INFO] IPUIPlugin:80 - create IPUIPlugin
2024-01-17 11:42:16,314 [INFO] IPUIPlugin:80 - create IPUIPlugin
2024-01-17 11:42:16,315 [INFO] IPUIPlugin:80 - create IPUIPlugin
2024-01-17 11:42:16,315 [INFO] IPUIPlugin:80 - create IPUIPlugin
2024-01-17 11:42:16,315 [INFO] IPUIPlugin:80 - create IPUIPlugin
2024-01-17 11:42:16,315 [INFO] IPUIPlugin:80 - create IPUIPlugin
2024-01-17 11:42:16,315 [INFO] IPUIPlugin:80 - create IPUIPlugin
2024-01-17 11:42:16,315 [INFO] IPUIPlugin:80 - create IPUIPlugin
2024-01-17 11:42:16,315 [INFO] IPUIPlugin:80 - create IPUIPlugin
2024-01-17 11:42:16,316 [INFO] IPUIPlugin:80 - create IPUIPlugin
2024-01-17 11:42:16,316 [INFO] IPUIPlugin:80 - create IPUIPlugin
2024-01-17 11:42:16,316 [INFO] IPUIPlugin:80 - create IPUIPlugin
2024-01-17 11:42:16,316 [INFO] IPUIPlugin:80 - create IPUIPlugin
2024-01-17 11:42:16,316 [INFO] IPUIPlugin:80 - create IPUIPlugin
2024-01-17 11:42:16,316 [INFO] IPUIPlugin:80 - create IPUIPlugin
2024-01-17 11:42:16,316 [INFO] IPUIPlugin:80 - create IPUIPlugin
2024-01-17 11:42:16,316 [INFO] IPUIPlugin:80 - create IPUIPlugin
2024-01-17 11:42:16,316 [INFO] IPUIPlugin:80 - create IPUIPlugin
2024-01-17 11:42:16,317 [INFO] IPUIPlugin:80 - create IPUIPlugin
2024-01-17 11:42:16,317 [INFO] IPUIPlugin:80 - create IPUIPlugin
2024-01-17 11:42:16,317 [INFO] IPUIPlugin:80 - create IPUIPlugin
2024-01-17 11:42:16,317 [INFO] IPUIPlugin:80 - create IPUIPlugin
2024-01-17 11:42:16,317 [INFO] IPUIPlugin:80 - create IPUIPlugin
2024-01-17 11:42:16,317 [INFO] IPUIPlugin:80 - create IPUIPlugin
2024-01-17 11:42:16,317 [INFO] IPUIPlugin:80 - create IPUIPlugin
2024-01-17 11:42:16,349 [INFO] Can:71 - Can Add PropertyChangeListener com.st.microxplorer.plugins.ip.can.Can@a13f719
2024-01-17 11:42:16,555 [INFO] CADModel:165 - CPN selected for project levelSTM32F042F4P6
2024-01-17 11:42:16,556 [INFO] CADModel:114 - Register for checkConnection events
2024-01-17 11:42:16,615 [INFO] OpenFileManager:343 - Restore cursor
2024-01-17 11:46:37,878 [INFO] NvicIntPanel:101 - NVIC parent = com.st.microxplorer.plugins.ip.nvic.MultiNvicIntPanel[,0,0,450x117,layout=javax.swing.BoxLayout,alignmentX=0.0,alignmentY=0.0,border=,flags=9,maximumSize=,minimumSize=,preferredSize=]
2024-01-17 11:49:22,594 [INFO] UtilMem:75 - End SaveConfig() Used Memory: 678737440 Bytes (1052770304)
2024-01-17 11:49:22,668 [INFO] UtilMem:75 - End SaveConfig() Used Memory: 689513488 Bytes (1052770304)
2024-01-17 11:49:22,859 [INFO] UtilMem:75 - End SaveConfig() Used Memory: 705146416 Bytes (1052770304)
2024-01-17 11:49:23,262 [INFO] BlockDiagram:2759 - set Specific Code input for plugin: ADC
2024-01-17 11:49:23,263 [INFO] BlockDiagram:2759 - set Specific Code input for plugin: NVIC
2024-01-17 11:49:23,263 [INFO] BlockDiagram:2759 - set Specific Code input for plugin: DMA
2024-01-17 11:49:23,263 [INFO] BlockDiagram:2759 - set Specific Code input for plugin: TIM1_8F0
2024-01-17 11:49:23,263 [INFO] BlockDiagram:2759 - set Specific Code input for plugin: SYS
2024-01-17 11:49:23,263 [INFO] BlockDiagram:2759 - set Specific Code input for plugin: GPIO
2024-01-17 11:49:23,263 [INFO] BlockDiagram:2759 - set Specific Code input for plugin: CAN
2024-01-17 11:49:23,264 [INFO] BlockDiagram:2759 - set Specific Code input for plugin: RCC
2024-01-17 11:49:23,266 [INFO] CodeGenerator:807 - code generatio: config db path: C:\ST\STM32CubeIDE_1.13.2\STM32CubeIDE\plugins\com.st.stm32cube.common.mx_6.10.0.202311202037\\db\
2024-01-17 11:49:23,449 [INFO] CodeEngine:255 - oldGeneratedFile, C:\Users\aleja\Downloads\front-node-04\MXTmpFiles\license.tmp_save
2024-01-17 11:49:23,823 [INFO] CodeEngine:279 - Generated code: C:\Users\aleja\Downloads\front-node-04\MXTmpFiles\license.tmp
2024-01-17 11:49:23,971 [INFO] CodeEngine:255 - oldGeneratedFile, C:\Users\aleja\Downloads\front-node-04\MXTmpFiles\gpio.tmp_save
2024-01-17 11:49:24,123 [INFO] CodeEngine:279 - Generated code: C:\Users\aleja\Downloads\front-node-04\MXTmpFiles\gpio.tmp
2024-01-17 11:49:24,469 [INFO] CodeEngine:255 - oldGeneratedFile, C:\Users\aleja\Downloads\front-node-04\MXTmpFiles\dma.tmp_save
2024-01-17 11:49:24,568 [INFO] CodeEngine:279 - Generated code: C:\Users\aleja\Downloads\front-node-04\MXTmpFiles\dma.tmp
2024-01-17 11:49:24,577 [INFO] CodeEngine:255 - oldGeneratedFile, C:\Users\aleja\Downloads\front-node-04\MXTmpFiles\dma_GV.tmp_save
2024-01-17 11:49:24,637 [INFO] CodeEngine:279 - Generated code: C:\Users\aleja\Downloads\front-node-04\MXTmpFiles\dma_GV.tmp
2024-01-17 11:49:24,662 [INFO] CodeEngine:255 - oldGeneratedFile, C:\Users\aleja\Downloads\front-node-04\Core\Src\stm32f0xx_it.c_save
2024-01-17 11:49:24,820 [INFO] CodeEngine:279 - Generated code: C:\Users\aleja\Downloads\front-node-04\Core\Src\stm32f0xx_it.c
2024-01-17 11:49:24,835 [INFO] CodeEngine:255 - oldGeneratedFile, C:\Users\aleja\Downloads\front-node-04\Core\Inc\stm32f0xx_it.h_save
2024-01-17 11:49:24,927 [INFO] CodeEngine:279 - Generated code: C:\Users\aleja\Downloads\front-node-04\Core\Inc\stm32f0xx_it.h
2024-01-17 11:49:24,950 [INFO] CodeEngine:255 - oldGeneratedFile, C:\Users\aleja\Downloads\front-node-04\Core\Src\stm32f0xx_hal_msp.c_save
2024-01-17 11:49:25,087 [INFO] CodeEngine:279 - Generated code: C:\Users\aleja\Downloads\front-node-04\Core\Src\stm32f0xx_hal_msp.c
2024-01-17 11:49:25,092 [INFO] CodeEngine:255 - oldGeneratedFile, C:\Users\aleja\Downloads\front-node-04\MXTmpFiles\system.tmp_save
2024-01-17 11:49:25,161 [INFO] CodeEngine:279 - Generated code: C:\Users\aleja\Downloads\front-node-04\MXTmpFiles\system.tmp
2024-01-17 11:49:25,186 [INFO] CodeEngine:311 - oldGeneratedFile, C:\Users\aleja\Downloads\front-node-04\Core\Inc\stm32f0xx_hal_conf.h_save
2024-01-17 11:49:25,294 [INFO] CodeEngine:335 - Generated code: C:\Users\aleja\Downloads\front-node-04\Core\Inc\stm32f0xx_hal_conf.h
2024-01-17 11:49:25,325 [WARN] IPConfigManager:3440 - IP not found : TIM
2024-01-17 11:49:25,326 [WARN] CodeGenerator:3939 - IP not found : null
2024-01-17 11:49:25,344 [INFO] CodeEngine:255 - oldGeneratedFile, C:\Users\aleja\Downloads\front-node-04\Core\Inc\main.h_save
2024-01-17 11:49:25,471 [INFO] CodeEngine:279 - Generated code: C:\Users\aleja\Downloads\front-node-04\Core\Inc\main.h
2024-01-17 11:49:25,488 [INFO] CodeEngine:255 - oldGeneratedFile, C:\Users\aleja\Downloads\front-node-04\Core\Src\main.c_save
2024-01-17 11:49:25,724 [INFO] CodeEngine:279 - Generated code: C:\Users\aleja\Downloads\front-node-04\Core\Src\main.c
2024-01-17 11:49:26,184 [INFO] ProjectBuilder:3076 - Time for Copy HAL[1] : 175mS.
2024-01-17 11:49:26,189 [INFO] ProjectBuilder:4485 - Project Generator version: 4.2.0-B44
2024-01-17 11:49:26,459 [INFO] ConfigFileManager:1495 - The Die is : DIE445
2024-01-17 11:49:26,476 [INFO] ApiDbMcu:508 - Load IP Config File for FATFS
2024-01-17 11:49:26,515 [INFO] ApiDbMcu:508 - Load IP Config File for FREERTOS
2024-01-17 11:49:26,665 [INFO] ApiDbMcu:508 - Load IP Config File for TOUCHSENSING
2024-01-17 11:49:26,682 [INFO] ApiDbMcu:508 - Load IP Config File for USB_DEVICE
2024-01-17 11:49:27,309 [INFO] LogOutputStream:77 - [STDOUT_REDIRECT] 
2024-01-17 11:49:27,965 [INFO] ProjectBuilder:4747 - Time for Generating toolchain IDE Files: 1776mS.
2024-01-17 11:49:27,966 [INFO] ProjectBuilder:2947 - Time for Copy CMSIS : 0mS.
2024-01-17 11:49:27,968 [INFO] ProjectBuilder:2947 - Time for Copy CMSIS : 0mS.
2024-01-17 11:49:28,429 [INFO] MainUpdater:2873 - connection check result : 10
2024-01-17 11:49:28,430 [INFO] MainUpdater:2873 - connection check result : 10
2024-01-17 11:49:28,446 [INFO] MicroXplorer:468 - Change Database Path : 
2024-01-17 11:49:28,447 [INFO] MicroXplorer:498 - Change Database Version : DB.6.0.100
2024-01-17 11:49:28,484 [ERROR] ProjectManagerView:394 - 
java.lang.NullPointerException: Cannot invoke "javax.swing.JTextField.getText()" because the return value of "java.util.List.get(int)" is null
	at com.st.microxplorer.plugins.projectmanager.gui.ProjectChoiceTab$10.caretUpdate(ProjectChoiceTab.java:2493) ~[filemanager.jar:?]
	at javax.swing.text.JTextComponent.fireCaretUpdate(JTextComponent.java:412) ~[?:?]
	at javax.swing.text.JTextComponent$MutableCaretEvent.fire(JTextComponent.java:4491) ~[?:?]
	at javax.swing.text.JTextComponent$MutableCaretEvent.stateChanged(JTextComponent.java:4513) ~[?:?]
	at javax.swing.text.DefaultCaret.fireStateChanged(DefaultCaret.java:842) ~[?:?]
	at javax.swing.text.DefaultCaret.changeCaretPosition(DefaultCaret.java:1313) ~[?:?]
	at javax.swing.text.DefaultCaret.handleSetDot(DefaultCaret.java:1212) ~[?:?]
	at javax.swing.text.DefaultCaret.setDot(DefaultCaret.java:1193) ~[?:?]
	at javax.swing.text.DefaultCaret$Handler.insertUpdate(DefaultCaret.java:1789) ~[?:?]
	at javax.swing.text.AbstractDocument.fireInsertUpdate(AbstractDocument.java:226) ~[?:?]
	at javax.swing.text.AbstractDocument.handleInsertString(AbstractDocument.java:780) ~[?:?]
	at javax.swing.text.AbstractDocument.insertString(AbstractDocument.java:739) ~[?:?]
	at javax.swing.text.PlainDocument.insertString(PlainDocument.java:131) ~[?:?]
	at javax.swing.text.AbstractDocument.replace(AbstractDocument.java:698) ~[?:?]
	at javax.swing.text.JTextComponent.setText(JTextComponent.java:1729) ~[?:?]
	at com.st.microxplorer.plugins.projectmanager.gui.ProjectChoiceTab.createHeapStackFields(ProjectChoiceTab.java:933) ~[filemanager.jar:?]
	at com.st.microxplorer.plugins.projectmanager.gui.ProjectChoiceTab.buildLinkSettingsPanel(ProjectChoiceTab.java:3426) ~[filemanager.jar:?]
	at com.st.microxplorer.plugins.projectmanager.gui.ProjectChoiceTab.defineWindowsFields(ProjectChoiceTab.java:1813) ~[filemanager.jar:?]
	at com.st.microxplorer.plugins.projectmanager.gui.ProjectChoiceTab.updateSettings(ProjectChoiceTab.java:533) ~[filemanager.jar:?]
	at com.st.microxplorer.plugins.projectmanager.gui.ProjectSettingsPanel.UpdateDialog(ProjectSettingsPanel.java:244) ~[filemanager.jar:?]
	at com.st.microxplorer.plugins.projectmanager.ProjectManagerView.propertyChange(ProjectManagerView.java:391) ~[filemanager.jar:?]
	at java.beans.PropertyChangeSupport.fire(PropertyChangeSupport.java:343) ~[?:?]
	at java.beans.PropertyChangeSupport.firePropertyChange(PropertyChangeSupport.java:335) ~[?:?]
	at java.beans.PropertyChangeSupport.firePropertyChange(PropertyChangeSupport.java:268) ~[?:?]
	at com.st.microxplorer.util.MXPropertyChangeSupport.firePropertyChange(MXPropertyChangeSupport.java:54) ~[STM32CubeMX.jar:?]
	at com.st.microxplorer.mxsystem.MxSystem.closeConfig(MxSystem.java:900) ~[STM32CubeMX.jar:?]
	at com.st.microxplorer.maingui.MainPanel.closeConfig(MainPanel.java:776) ~[STM32CubeMX.jar:?]
	at com.st.microxplorer.plugins.filemanager.engine.OpenFileManager.loadConfigurationFile(OpenFileManager.java:245) ~[filemanager.jar:?]
	at com.st.microxplorer.plugins.filemanager.engine.MainFileManager.userLoadConfig(MainFileManager.java:290) ~[filemanager.jar:?]
	at com.st.microxplorer.plugins.filemanager.FileManagerView.getSpecificTask(FileManagerView.java:247) ~[filemanager.jar:?]
	at com.st.stm32cube.common.mx.editor.CubeMxEditor.getMxTabbedPaneInstance(CubeMxEditor.java:1184) ~[com.st.stm32cube.common.mx_6.10.0.202311202037/:?]
	at com.st.stm32cube.common.mx.editor.CubeMxEditor$12$1.createSwingComponent(CubeMxEditor.java:1065) ~[com.st.stm32cube.common.mx_6.10.0.202311202037/:?]
	at com.st.stm32cube.common.mx.oss.core.awtswtbridge.EmbeddedSwingComposite.doComponentCreation(EmbeddedSwingComposite.java:492) ~[com.st.stm32cube.common.mx.oss_6.10.0.202311202037/:?]
	at com.st.stm32cube.common.mx.oss.core.awtswtbridge.EmbeddedSwingComposite$4.run(EmbeddedSwingComposite.java:291) ~[com.st.stm32cube.common.mx.oss_6.10.0.202311202037/:?]
	at com.st.stm32cube.common.mx.oss.core.awtswtbridge.AwtEnvironment$2.run(AwtEnvironment.java:166) ~[com.st.stm32cube.common.mx.oss_6.10.0.202311202037/:?]
	at java.awt.event.InvocationEvent.dispatch(InvocationEvent.java:318) ~[?:?]
	at java.awt.EventQueue.dispatchEventImpl(EventQueue.java:773) ~[?:?]
	at java.awt.EventQueue$4.run(EventQueue.java:720) ~[?:?]
	at java.awt.EventQueue$4.run(EventQueue.java:714) ~[?:?]
	at java.security.AccessController.doPrivileged(AccessController.java:399) ~[?:?]
	at java.security.ProtectionDomain$JavaSecurityAccessImpl.doIntersectionPrivilege(ProtectionDomain.java:86) ~[?:?]
	at java.awt.EventQueue.dispatchEvent(EventQueue.java:742) ~[?:?]
	at java.awt.EventDispatchThread.pumpOneEventForFilters(EventDispatchThread.java:203) ~[?:?]
	at java.awt.EventDispatchThread.pumpEventsForFilter(EventDispatchThread.java:124) ~[?:?]
	at java.awt.EventDispatchThread.pumpEventsForHierarchy(EventDispatchThread.java:113) ~[?:?]
	at java.awt.EventDispatchThread.pumpEvents(EventDispatchThread.java:109) ~[?:?]
	at java.awt.EventDispatchThread.pumpEvents(EventDispatchThread.java:101) ~[?:?]
	at java.awt.EventDispatchThread.run(EventDispatchThread.java:90) ~[?:?]
2024-01-17 11:49:28,496 [WARN] ThirdParty:871 - waiting for thirdparty lock release [close project]
2024-01-17 11:49:28,496 [INFO] ThirdParty:873 - entering critical section [close project]
2024-01-17 11:49:28,497 [INFO] ThirdParty:883 - exiting critical section [close project]
2024-01-17 11:49:28,499 [INFO] PinOutPanel:1499 - setPackage(No Configuration,No Configuration)
2024-01-17 11:49:28,506 [INFO] UtilMem:75 - Begin LoadConfig() Used Memory: 288102328 Bytes (954204160)
2024-01-17 11:49:28,507 [INFO] MicroXplorer:468 - Change Database Path : 
2024-01-17 11:49:28,507 [INFO] MicroXplorer:498 - Change Database Version : DB.6.0.100
2024-01-17 11:49:28,507 [INFO] OpenFileManager:312 - Change cursor
2024-01-17 11:49:28,526 [INFO] RulesReader:64 - Compatibility file has been processed (297 Rules)
2024-01-17 11:49:28,531 [INFO] Mcu:2016 - Initializing MCU STM32F042F4Px STM32F042F4Px STM32F042F4P6
2024-01-17 11:49:29,081 [INFO] Context:659 - Trying to add GPIOservice into a context  which must be forbidden
2024-01-17 11:49:29,329 [INFO] RtosManager:555 - Registered RTOS mode: class=CMSIS, group=RTOS, mode=CMSIS_V1, owner=FREERTOS
2024-01-17 11:49:29,329 [INFO] RtosManager:555 - Registered RTOS mode: class=CMSIS, group=RTOS2, mode=CMSIS_V2, owner=FREERTOS
2024-01-17 11:49:29,329 [INFO] RtosManager:555 - Registered RTOS mode: class=RTOS, group=Core, mode=CMSIS_V1, owner=FREERTOS
2024-01-17 11:49:29,329 [INFO] RtosManager:555 - Registered RTOS mode: class=RTOS, group=Core, mode=CMSIS_V2, owner=FREERTOS
2024-01-17 11:49:29,329 [WARN] ModelIntegratedComponent:184 - Missing modes for component STMicroelectronics:FreeRTOS:0.0.1:STMicroelectronics:RTOS:FreeRTOS:Core:::10.2.0:
2024-01-17 11:49:29,337 [WARN] ModelIntegratedComponent:63 - No mode defined for component null
2024-01-17 11:49:29,337 [WARN] ModelIntegratedComponent:63 - No mode defined for component null
2024-01-17 11:49:29,337 [WARN] ModelIntegratedComponent:63 - No mode defined for component null
2024-01-17 11:49:29,337 [WARN] ModelIntegratedComponent:63 - No mode defined for component null
2024-01-17 11:49:29,337 [WARN] ModelIntegratedComponent:63 - No mode defined for component null
2024-01-17 11:49:29,337 [WARN] ModelIntegratedComponent:63 - No mode defined for component null
2024-01-17 11:49:29,337 [WARN] ModelIntegratedComponent:63 - No mode defined for component null
2024-01-17 11:49:29,337 [WARN] ModelIntegratedComponent:63 - No mode defined for component null
2024-01-17 11:49:29,338 [WARN] ModelIntegratedComponent:63 - No mode defined for component null
2024-01-17 11:49:29,338 [WARN] ModelIntegratedComponent:63 - No mode defined for component null
2024-01-17 11:49:29,338 [WARN] ModelIntegratedComponent:63 - No mode defined for component null
2024-01-17 11:49:29,338 [WARN] ModelIntegratedComponent:63 - No mode defined for component null
2024-01-17 11:49:29,338 [WARN] ModelIntegratedComponent:63 - No mode defined for component null
2024-01-17 11:49:29,338 [WARN] ModelIntegratedComponent:63 - No mode defined for component null
2024-01-17 11:49:29,338 [WARN] ModelIntegratedComponent:63 - No mode defined for component null
2024-01-17 11:49:29,338 [WARN] ModelIntegratedComponent:63 - No mode defined for component null
2024-01-17 11:49:29,338 [WARN] ModelIntegratedComponent:63 - No mode defined for component null
2024-01-17 11:49:29,338 [WARN] ModelIntegratedComponent:63 - No mode defined for component null
2024-01-17 11:49:29,338 [WARN] ModelIntegratedComponent:63 - No mode defined for component null
2024-01-17 11:49:29,338 [WARN] ModelIntegratedComponent:63 - No mode defined for component null
2024-01-17 11:49:29,338 [WARN] ModelIntegratedComponent:63 - No mode defined for component null
2024-01-17 11:49:29,338 [WARN] ModelIntegratedComponent:63 - No mode defined for component null
2024-01-17 11:49:29,338 [WARN] ModelIntegratedComponent:63 - No mode defined for component null
2024-01-17 11:49:29,338 [WARN] ModelIntegratedComponent:63 - No mode defined for component null
2024-01-17 11:49:29,339 [WARN] ModelIntegratedComponent:63 - No mode defined for component null
2024-01-17 11:49:29,339 [WARN] ModelIntegratedComponent:63 - No mode defined for component null
2024-01-17 11:49:29,339 [WARN] ModelIntegratedComponent:63 - No mode defined for component null
2024-01-17 11:49:29,339 [WARN] ModelIntegratedComponent:63 - No mode defined for component null
2024-01-17 11:49:29,339 [WARN] ModelIntegratedComponent:63 - No mode defined for component null
2024-01-17 11:49:29,339 [WARN] ModelIntegratedComponent:63 - No mode defined for component null
2024-01-17 11:49:29,339 [WARN] ModelIntegratedComponent:63 - No mode defined for component null
2024-01-17 11:49:29,339 [WARN] ModelIntegratedComponent:63 - No mode defined for component null
2024-01-17 11:49:29,339 [WARN] ModelIntegratedComponent:63 - No mode defined for component null
2024-01-17 11:49:29,385 [INFO] ThirdPartyModel:298 - Start build external matchings
2024-01-17 11:49:29,553 [INFO] ThirdPartyModel:316 - End build external matchings
2024-01-17 11:49:29,559 [INFO] ImportTextPane:194 - (OptionalMessage_ERROR) IP (RCC) : Invalid parameter (FamilyName)
2024-01-17 11:49:29,559 [INFO] ImportTextPane:194 - (OptionalMessage_ERROR) IP (RCC) : Invalid parameter (HSICECFreq_Value)
2024-01-17 11:49:29,685 [INFO] ApiDb:668 - CubeFinder database Data Model version=2.1
2024-01-17 11:49:29,686 [INFO] ApiDb:669 - CubeFinder database Configuration version=3.0.39
2024-01-17 11:49:29,686 [INFO] ApiDb:670 - CubeFinder database generation date=2023-12-08 (1702028721)
2024-01-17 11:49:29,686 [INFO] ApiDb:671 - CubeFinder database FW Pack versions=[FP-ATR-ASTRA1_V2.0.0, FP-SNS-FLIGHT1_V5.0.1, FP-SNS-FLIGHT1_V5.0.2, FP-SNS-MOTENV1_V4.3.1, FP-SNS-MOTENV1_V4.3.2, FP-SNS-MOTENVWB1_V1.3.1, FP-SNS-SMARTAG2_V1.2.0, STM32Cube_FW_C0_V1.1.0, STM32Cube_FW_F4_V1.28.0, STM32Cube_FW_F7_V1.17.0, STM32Cube_FW_G0_V1.6.1, STM32Cube_FW_G4_V1.5.1, STM32Cube_FW_H5_V0.5.1, STM32Cube_FW_H5_V1.1.1, STM32Cube_FW_H5_V1.2.0RC2, STM32Cube_FW_H7_V1.11.0, STM32Cube_FW_L0_V1.12.2, STM32Cube_FW_L5_V1.5.0, STM32Cube_FW_U5_V1.3.0RC4, STM32Cube_FW_U5_V1.4.0, STM32Cube_FW_WBA_V1.0.0RC1, STM32Cube_FW_WBA_V1.1.0RC1, STM32Cube_FW_WBA_V1.2.0, STM32Cube_FW_WBA_V1.2.0RC2, STM32Cube_FW_WB_V1.15.0RC1, STM32Cube_FW_WB_V1.16.0, STM32Cube_FW_WB_V1.16.0RC2, STM32Cube_FW_WB_V1.18.0, STM32Cube_FW_WL_V1.3.0, X-CUBE-ALGOBUILD_V1.3.0, X-CUBE-ALS_V1.0.1, X-CUBE-AZRTOS-F4_V1.1.0, X-CUBE-AZRTOS-F7_V1.1.0, X-CUBE-AZRTOS-G0_V1.1.0, X-CUBE-AZRTOS-G4_V2.0.0, X-CUBE-AZRTOS-H7_V3.1.0, X-CUBE-AZRTOS-L4_V1.0.0, X-CUBE-AZRTOS-L4_V2.0.0, X-CUBE-AZRTOS-L5_V1.1.0, X-CUBE-AZRTOS-WB_V2.0.0, X-CUBE-AZRTOS-WL_V2.0.0, X-CUBE-BLE1_V7.0.0, X-CUBE-BLE2_V3.3.0, X-CUBE-BLEMGR_V3.0.0, X-CUBE-EEPRMA1_V4.1.0, X-CUBE-EEPRMA1_V4.2.0, X-CUBE-FREERTOS_V1.1.0, X-CUBE-GNSS1_V6.0.0, X-CUBE-MEMS1_V10.0.0, X-CUBE-MEMS1_V9.1.0, X-CUBE-MEMS1_V9.4.0, X-CUBE-MEMS1_V9.6.0, X-CUBE-NFC4_V3.0.0, X-CUBE-NFC7_V1.0.1, X-CUBE-SFXS2LP1_V4.0.0, X-CUBE-SUBG2_V5.0.0, X-CUBE-TOF1_V3.4.0]
2024-01-17 11:49:29,879 [INFO] DbBoardsSqlite:226 - include board P-NUCLEO-WB55-NUCLEO as a kit item of type 'Nucleo-64'
2024-01-17 11:49:29,880 [INFO] DbBoardsSqlite:226 - include board P-NUCLEO-WB55-USBDONGLE as a kit item of type 'Nucleo USB Dongle'
2024-01-17 11:49:29,884 [INFO] DbBoardsSqlite:226 - include board STEVAL-IDP005V1 as a kit item of type 'Evaluation Board'
2024-01-17 11:49:29,885 [INFO] DbBoardsSqlite:226 - include board STEVAL-IDP005V2 as a kit item of type 'Evaluation Board'
2024-01-17 11:49:30,322 [INFO] ApiDb:240 - Found 371 in-development CPN: [B-G473E-ZEST1S, B-WB1M-WPAN1, B-WL5M-SUBG1, NUCLEO-C031C6, NUCLEO-H503RB, NUCLEO-H563ZI, NUCLEO-U545RE-Q, NUCLEO-U5A5ZJ-Q, NUCLEO-WBA52CG, NUCLEO-WBA55CG, STEVAL-MKBOXPRO, STEVAL-PROTEUS1, STEVAL-STWINBX1, STM320518-EVAL, STM32C0116-DK, STM32C011D6Y3TR, STM32C011D6Y6TR, STM32C011F4P3, STM32C011F4P6, STM32C011F4U3, STM32C011F4U6TR, STM32C011F6P3, STM32C011F6P6, STM32C011F6U3, STM32C011F6U6TR, STM32C011J4M3, STM32C011J4M6, STM32C011J6M3, STM32C011J6M6, STM32C0316-DK, STM32C031C4T3, STM32C031C4T6, STM32C031C4U3, STM32C031C4U6, STM32C031C6T3, STM32C031C6T6, STM32C031C6U3, STM32C031C6U6, STM32C031F4P3, STM32C031F4P6, STM32C031F6P3, STM32C031F6P6, STM32C031G4U3, STM32C031G4U6, STM32C031G6U3, STM32C031G6U6, STM32C031K4T3, STM32C031K4T6, STM32C031K4U3, STM32C031K4U6, STM32C031K6T3, STM32C031K6T6, STM32C031K6U3, STM32C031K6U6, STM32G071K8TXN, STM32G071K8UXN, STM32G081GBU6N, STM32G081KBT6N, STM32G081KBUXN, STM32G0B1CCT6N, STM32G0B1KCT6, STM32G0B1NEY6TR, STM32G0B1RCT6N, STM32G0C1CCT6, STM32G0C1CCT6N, STM32G0C1CCU6N, STM32G0C1CET6N, STM32G0C1CEU6N, STM32G0C1KCT6, STM32G0C1NEY6TR, STM32G0C1RCI6N, STM32G0C1RCT6N, STM32G0C1REI6N, STM32G0C1RET6N, STM32G0C1VCI6, STM32G0C1VEI6, STM32G471CCT6, STM32G471CCU6, STM32G471CET3, STM32G471CET6, STM32G471CEU3, STM32G471CEU6, STM32G471MCT6, STM32G471MET3, STM32G471MET6, STM32G471MEY6TR, STM32G471QCT6, STM32G471QET3, STM32G471RCT6, STM32G471RET3, STM32G471RET6, STM32G471VCH6, STM32G471VCI6, STM32G471VCT6, STM32G471VEH3, STM32G471VEH6, STM32G471VEI3, STM32G471VEI6, STM32G471VET3, STM32G471VET6, STM32G474CCT6, STM32H503CBT6, STM32H503CBU6, STM32H503EBY6TR, STM32H503KBU6, STM32H503RBT6, STM32H562AGI6, STM32H562AII6, STM32H562IGK6, STM32H562IGT6, STM32H562IIK6, STM32H562IIT6, STM32H562RGT6, STM32H562RGV6, STM32H562RIT6, STM32H562RIV6, STM32H562VGT6, STM32H562VIT6, STM32H562ZGT6, STM32H562ZIT6, STM32H563AGI6, STM32H563AII3Q, STM32H563AII6, STM32H563IGK6, STM32H563IGT6, STM32H563IIK3Q, STM32H563IIK6, STM32H563IIT3Q, STM32H563IIT6, STM32H563MIY3QTR, STM32H563RGT6, STM32H563RGV6, STM32H563RIT6, STM32H563RIV6, STM32H563VGT6, STM32H563VIT3Q, STM32H563VIT6, STM32H563ZGT6, STM32H563ZIT3Q, STM32H563ZIT6, STM32H573AII3Q, STM32H573AII6, STM32H573I-DK, STM32H573IIK3Q, STM32H573IIK6, STM32H573IIT3Q, STM32H573IIT6, STM32H573MIY3QTR, STM32H573RIT6, STM32H573RIV6, STM32H573VIT3Q, STM32H573VIT6, STM32H573ZIT3Q, STM32H573ZIT6, STM32L4R5QGI6STR, STM32MP131AAE3, STM32MP131AAF3, STM32MP131AAG3, STM32MP131CAE3, STM32MP131CAF3, STM32MP131CAG3, STM32MP131DAE7, STM32MP131DAF7, STM32MP131DAG7, STM32MP131FAE7, STM32MP131FAF7, STM32MP131FAG7, STM32MP133AAE3, STM32MP133AAF3, STM32MP133AAG3, STM32MP133CAE3, STM32MP133CAF3, STM32MP133CAG3, STM32MP133DAE7, STM32MP133DAF7, STM32MP133DAG7, STM32MP133FAE7, STM32MP133FAF7, STM32MP133FAG7, STM32MP135AAE3, STM32MP135AAF3, STM32MP135AAG3, STM32MP135CAE3, STM32MP135CAF3, STM32MP135CAG3, STM32MP135DAE7, STM32MP135DAF7, STM32MP135DAG7, STM32MP135F-DK, STM32MP135FAE7, STM32MP135FAF7, STM32MP135FAF7T, STM32MP135FAF7U, STM32MP135FAG7, STM32U535CBT6, STM32U535CBT6Q, STM32U535CBU6, STM32U535CBU6Q, STM32U535CCT6, STM32U535CCT6Q, STM32U535CCU6, STM32U535CCU6Q, STM32U535CET6, STM32U535CET6Q, STM32U535CEU6, STM32U535CEU6Q, STM32U535JEY6QTR, STM32U535NCY6QTR, STM32U535NEY6QTR, STM32U535RBI6, STM32U535RBI6Q, STM32U535RBT6, STM32U535RBT6Q, STM32U535RCI6, STM32U535RCI6Q, STM32U535RCT6, STM32U535RCT6Q, STM32U535REI6, STM32U535REI6Q, STM32U535RET6, STM32U535RET6Q, STM32U535VCI6, STM32U535VCI6Q, STM32U535VCT6, STM32U535VCT6Q, STM32U535VEI6, STM32U535VEI6Q, STM32U535VET6, STM32U535VET6Q, STM32U545CET6, STM32U545CET6Q, STM32U545CEU6, STM32U545CEU6Q, STM32U545JEY6QTR, STM32U545NEY6QTR, STM32U545REI6, STM32U545REI6Q, STM32U545RET6, STM32U545RET6Q, STM32U545VEI6, STM32U545VEI6Q, STM32U545VET6, STM32U545VET6Q, STM32U595AIH6, STM32U595AIH6Q, STM32U595AJH6, STM32U595AJH6Q, STM32U595QII6, STM32U595QII6Q, STM32U595QJI6, STM32U595QJI6Q, STM32U595RIT6, STM32U595RIT6Q, STM32U595RJT6, STM32U595RJT6Q, STM32U595VIT6, STM32U595VIT6Q, STM32U595VJT6, STM32U595VJT6Q, STM32U595ZIT6, STM32U595ZIT6Q, STM32U595ZIY6QTR, STM32U595ZJT6, STM32U595ZJT6Q, STM32U595ZJY6QTR, STM32U599BJY6QTR, STM32U599NIH6Q, STM32U599NJH6Q, STM32U599VIT6Q, STM32U599VJT6, STM32U599VJT6Q, STM32U599ZIT6Q, STM32U599ZIY6QTR, STM32U599ZJT6Q, STM32U599ZJY6QTR, STM32U5A5AJH6, STM32U5A5AJH6Q, STM32U5A5QJI6, STM32U5A5QJI6Q, STM32U5A5RJT6, STM32U5A5RJT6Q, STM32U5A5VJT6, STM32U5A5VJT6Q, STM32U5A5ZJT6, STM32U5A5ZJT6Q, STM32U5A5ZJY6QTR, STM32U5A9BJY6QTR, STM32U5A9J-DK, STM32U5A9NJH6Q, STM32U5A9VJT6Q, STM32U5A9ZJT6Q, STM32U5A9ZJY6QTR, STM32U5F7VIT6, STM32U5F7VIT6Q, STM32U5F7VJT6, STM32U5F7VJT6Q, STM32U5F9BJY6QTR, STM32U5F9NJH6Q, STM32U5F9VIT6Q, STM32U5F9VJT6Q, STM32U5F9ZIJ6QTR, STM32U5F9ZIT6Q, STM32U5F9ZJJ6QTR, STM32U5F9ZJT6Q, STM32U5G7VJT6, STM32U5G7VJT6Q, STM32U5G9BJY6QTR, STM32U5G9J-DK1, STM32U5G9J-DK2, STM32U5G9NJH6Q, STM32U5G9VJT6Q, STM32U5G9ZJJ6QTR, STM32U5G9ZJT6Q, STM32WB1MMCH6, STM32WBA50KEU6, STM32WBA50KEU6TR, STM32WBA50KGU6, STM32WBA50KGU6TR, STM32WBA52CEU6, STM32WBA52CEU6TR, STM32WBA52CEU7, STM32WBA52CEU7TR, STM32WBA52CGU6, STM32WBA52CGU6TR, STM32WBA52CGU6U, STM32WBA52CGU7, STM32WBA52CGU7TR, STM32WBA52KEU6, STM32WBA52KEU6TR, STM32WBA52KGU6, STM32WBA52KGU6TR, STM32WBA54CEU6, STM32WBA54CEU6TR, STM32WBA54CEU7, STM32WBA54CEU7TR, STM32WBA54CGU6, STM32WBA54CGU6TR, STM32WBA54CGU7, STM32WBA54CGU7TR, STM32WBA54KEU6, STM32WBA54KEU6TR, STM32WBA54KEU7, STM32WBA54KEU7TR, STM32WBA54KGU6, STM32WBA54KGU6TR, STM32WBA54KGU7, STM32WBA54KGU7TR, STM32WBA55CEU6, STM32WBA55CEU6TR, STM32WBA55CEU7, STM32WBA55CEU7TR, STM32WBA55CGU6, STM32WBA55CGU6TR, STM32WBA55CGU6U, STM32WBA55CGU7, STM32WBA55CGU7TR, STM32WBA55G-DK1, STM32WBA55HEF6, STM32WBA55HEF7, STM32WBA55HGF6, STM32WBA55HGF7, STM32WBA55UEI6, STM32WBA55UEI6TR, STM32WBA55UEI7, STM32WBA55UEI7TR, STM32WBA55UGI6, STM32WBA55UGI6TR, STM32WBA55UGI7, STM32WBA55UGI7TR, STM32WL5MOCH6, STM32WL5MOCH6TR]
2024-01-17 11:49:30,414 [INFO] BoardInfo:889 - No configuration file found for board P-NUCLEO-WB55
2024-01-17 11:49:30,414 [INFO] DbBoards:161 - Kit is not supported: P-NUCLEO-WB55
2024-01-17 11:49:30,418 [INFO] BoardInfo:889 - No configuration file found for board STEVAL-BFA001V1B
2024-01-17 11:49:30,418 [INFO] DbBoards:161 - Kit is not supported: STEVAL-BFA001V1B
2024-01-17 11:49:30,419 [INFO] BoardInfo:889 - No configuration file found for board STEVAL-BFA001V2B
2024-01-17 11:49:30,419 [INFO] DbBoards:161 - Kit is not supported: STEVAL-BFA001V2B
2024-01-17 11:49:30,517 [INFO] DbBoards:168 - Found 193 boards, 190 are supported
2024-01-17 11:49:30,517 [INFO] DbBoards:169 - Found 193 boards, 3 of them is supported for  Bsp
2024-01-17 11:49:30,520 [INFO] ApiDb:423 - Load user favorites file C:\Users\aleja/.stm32cubeide/favorites.boards.txt: 0 item(s)
2024-01-17 11:49:30,520 [INFO] ApiDb:427 - User favorites Boards=[]
2024-01-17 11:49:30,520 [INFO] DbBoards:198 - Set 0 / 0 favorites Boards
2024-01-17 11:49:30,577 [INFO] UtilMem:75 - End LoadConfig() Used Memory: 423115624 Bytes (951058432)
2024-01-17 11:49:30,618 [INFO] MicroXplorer:468 - Change Database Path : 
2024-01-17 11:49:30,618 [INFO] MicroXplorer:498 - Change Database Version : DB.6.0.100
2024-01-17 11:49:30,619 [WARN] ThirdParty:833 - waiting for thirdparty lock release [change project]
2024-01-17 11:49:30,619 [INFO] ThirdParty:835 - entering critical section [change project]
2024-01-17 11:49:30,619 [INFO] ThirdParty:1030 - CMSIS Pack Vendor :STMicroelectronics X-CUBE-ISPU 1.1.0
2024-01-17 11:49:30,619 [INFO] ThirdParty:1030 - CMSIS Pack Vendor :STMicroelectronics USBPD 4.1
2024-01-17 11:49:30,619 [INFO] ThirdParty:1030 - CMSIS Pack Vendor :STMicroelectronics X-CUBE-GNSS1 6.0.0
2024-01-17 11:49:30,619 [INFO] ThirdParty:1030 - CMSIS Pack Vendor :STMicroelectronics USB_HOST 2.0.0
2024-01-17 11:49:30,619 [INFO] ThirdParty:1030 - CMSIS Pack Vendor :STMicroelectronics X-CUBE-AZRTOS-F4 1.1.0
2024-01-17 11:49:30,619 [INFO] ThirdParty:1030 - CMSIS Pack Vendor :STMicroelectronics LIBJPEG 8.0.0
2024-01-17 11:49:30,619 [INFO] ThirdParty:1030 - CMSIS Pack Vendor :wolfSSL I-CUBE-wolfSSL 5.6.4
2024-01-17 11:49:30,619 [INFO] ThirdParty:1030 - CMSIS Pack Vendor :STMicroelectronics X-CUBE-SMBUS 2.1.0
2024-01-17 11:49:30,619 [INFO] ThirdParty:1030 - CMSIS Pack Vendor :STMicroelectronics USB_DEVICE 3.0.0
2024-01-17 11:49:30,619 [INFO] ThirdParty:1030 - CMSIS Pack Vendor :STMicroelectronics X-CUBE-AZRTOS-WB 2.0.0
2024-01-17 11:49:30,619 [INFO] ThirdParty:1030 - CMSIS Pack Vendor :STMicroelectronics X-CUBE-TOUCHGFX 4.23.0
2024-01-17 11:49:30,619 [INFO] ThirdParty:1030 - CMSIS Pack Vendor :STMicroelectronics X-CUBE-AZRTOS-F7 1.1.0
2024-01-17 11:49:30,620 [INFO] ThirdParty:1030 - CMSIS Pack Vendor :STMicroelectronics X-CUBE-AZRTOS-L5 2.0.0
2024-01-17 11:49:30,620 [INFO] ThirdParty:1030 - CMSIS Pack Vendor :STMicroelectronics USB_DEVICE 2.0.0
2024-01-17 11:49:30,620 [INFO] ThirdParty:1030 - CMSIS Pack Vendor :STMicroelectronics X-CUBE-EEPRMA1 4.2.0
2024-01-17 11:49:30,620 [INFO] ThirdParty:1030 - CMSIS Pack Vendor :ITTIA_DB I-CUBE-ITTIADB 8.8.0
2024-01-17 11:49:30,620 [INFO] ThirdParty:1030 - CMSIS Pack Vendor :STMicroelectronics FP-SNS-MOTENV1 4.3.2
2024-01-17 11:49:30,620 [INFO] ThirdParty:1030 - CMSIS Pack Vendor :STMicroelectronics X-CUBE-ALGOBUILD 1.3.0
2024-01-17 11:49:30,620 [INFO] ThirdParty:1030 - CMSIS Pack Vendor :STMicroelectronics FreeRTOS 0.0.1
2024-01-17 11:49:30,620 [INFO] ThirdParty:1030 - CMSIS Pack Vendor :STMicroelectronics X-CUBE-AZRTOS-G0 1.1.0
2024-01-17 11:49:30,620 [INFO] ThirdParty:1030 - CMSIS Pack Vendor :STMicroelectronics X-CUBE-NFC4 3.0.0
2024-01-17 11:49:30,620 [INFO] ThirdParty:1030 - CMSIS Pack Vendor :STMicroelectronics X-CUBE-SUBG2 5.0.0
2024-01-17 11:49:30,620 [INFO] ThirdParty:1030 - CMSIS Pack Vendor :STMicroelectronics STM32_WPAN 1.0.0
2024-01-17 11:49:30,621 [INFO] ThirdParty:1030 - CMSIS Pack Vendor :STMicroelectronics lwIP 2.0.3
2024-01-17 11:49:30,621 [INFO] ThirdParty:1030 - CMSIS Pack Vendor :STMicroelectronics FP-SNS-FLIGHT1 5.0.2
2024-01-17 11:49:30,621 [INFO] ThirdParty:1030 - CMSIS Pack Vendor :STMicroelectronics USB_HOST 1.0.0
2024-01-17 11:49:30,621 [INFO] ThirdParty:1030 - CMSIS Pack Vendor :STMicroelectronics X-CUBE-AZRTOS-G4 2.0.0
2024-01-17 11:49:30,621 [INFO] ThirdParty:1030 - CMSIS Pack Vendor :STMicroelectronics PDM2PCM 3.1.0
2024-01-17 11:49:30,621 [INFO] ThirdParty:1030 - CMSIS Pack Vendor :STMicroelectronics X-CUBE-AZRTOS-H7 3.1.0
2024-01-17 11:49:30,621 [INFO] ThirdParty:1030 - CMSIS Pack Vendor :Infineon AIROC-Wi-Fi-Bluetooth-STM32 1.5.1
2024-01-17 11:49:30,621 [INFO] ThirdParty:1030 - CMSIS Pack Vendor :STMicroelectronics X-CUBE-BLEMGR 3.0.0
2024-01-17 11:49:30,621 [INFO] ThirdParty:1030 - CMSIS Pack Vendor :STMicroelectronics PDM2PCM 3.3.0
2024-01-17 11:49:30,621 [INFO] ThirdParty:1030 - CMSIS Pack Vendor :STMicroelectronics X-CUBE-DISPLAY 3.0.0
2024-01-17 11:49:30,621 [INFO] ThirdParty:1030 - CMSIS Pack Vendor :STMicroelectronics FP-SNS-MOTENVWB1 1.3.1
2024-01-17 11:49:30,621 [INFO] ThirdParty:1030 - CMSIS Pack Vendor :STMicroelectronics X-CUBE-BLE1 7.0.0
2024-01-17 11:49:30,621 [INFO] ThirdParty:1030 - CMSIS Pack Vendor :STMicroelectronics FP-ATR-SIGFOX1 3.2.0
2024-01-17 11:49:30,621 [INFO] ThirdParty:1030 - CMSIS Pack Vendor :STMicroelectronics X-CUBE-ISPU 2.0.0
2024-01-17 11:49:30,621 [INFO] ThirdParty:1030 - CMSIS Pack Vendor :STMicroelectronics HAL Drivers 0.0.0
2024-01-17 11:49:30,621 [INFO] ThirdParty:1030 - CMSIS Pack Vendor :STMicroelectronics MBEDTLS 2.16.2
2024-01-17 11:49:30,621 [INFO] ThirdParty:1030 - CMSIS Pack Vendor :emotas I-CUBE-CANOPEN 1.3.0
2024-01-17 11:49:30,622 [INFO] ThirdParty:1030 - CMSIS Pack Vendor :STMicroelectronics X-CUBE-MEMS1 10.0.0
2024-01-17 11:49:30,622 [INFO] ThirdParty:1030 - CMSIS Pack Vendor :STMicroelectronics X-CUBE-FREERTOS 1.1.0
2024-01-17 11:49:30,622 [INFO] ThirdParty:1030 - CMSIS Pack Vendor :STMicroelectronics X-CUBE-NFC7 1.0.1
2024-01-17 11:49:30,622 [INFO] ThirdParty:1030 - CMSIS Pack Vendor :STMicroelectronics MBEDTLS 2.14.1
2024-01-17 11:49:30,622 [INFO] ThirdParty:1030 - CMSIS Pack Vendor :STMicroelectronics X-CUBE-TOUCHGFX 4.22.1
2024-01-17 11:49:30,622 [INFO] ThirdParty:1030 - CMSIS Pack Vendor :STMicroelectronics X-CUBE-NFC6 3.0.0
2024-01-17 11:49:30,622 [INFO] ThirdParty:1030 - CMSIS Pack Vendor :portGmbH I-Cube-SoM-uGOAL 1.1.0
2024-01-17 11:49:30,622 [INFO] ThirdParty:1030 - CMSIS Pack Vendor :STMicroelectronics X-CUBE-ALS 1.0.1
2024-01-17 11:49:30,622 [INFO] ThirdParty:1030 - CMSIS Pack Vendor :STMicroelectronics ThreadX 1.0.0
2024-01-17 11:49:30,622 [INFO] ThirdParty:1030 - CMSIS Pack Vendor :STMicroelectronics FP-SNS-SMARTAG2 1.2.0
2024-01-17 11:49:30,622 [INFO] ThirdParty:1030 - CMSIS Pack Vendor :STMicroelectronics X-CUBE-AZRTOS-WL 2.0.0
2024-01-17 11:49:30,622 [INFO] ThirdParty:1030 - CMSIS Pack Vendor :STMicroelectronics USB_DEVICE 1.0.0
2024-01-17 11:49:30,622 [INFO] ThirdParty:1030 - CMSIS Pack Vendor :STMicroelectronics X-CUBE-AI 8.1.0
2024-01-17 11:49:30,622 [INFO] ThirdParty:1030 - CMSIS Pack Vendor :STMicroelectronics X-CUBE-AZRTOS-L4 2.0.0
2024-01-17 11:49:30,622 [INFO] ThirdParty:1030 - CMSIS Pack Vendor :STMicroelectronics ThreadX 0.0.2
2024-01-17 11:49:30,622 [INFO] ThirdParty:1030 - CMSIS Pack Vendor :WES I-CUBE-Cesium 1.3.0
2024-01-17 11:49:30,622 [INFO] ThirdParty:1030 - CMSIS Pack Vendor :STMicroelectronics FP-ATR-ASTRA1 2.0.0
2024-01-17 11:49:30,622 [INFO] ThirdParty:1030 - CMSIS Pack Vendor :STMicroelectronics lwIP 2.1.2
2024-01-17 11:49:30,622 [INFO] ThirdParty:1030 - CMSIS Pack Vendor :STMicroelectronics X-CUBE-SFXS2LP1 4.0.0
2024-01-17 11:49:30,622 [INFO] ThirdParty:1030 - CMSIS Pack Vendor :STMicroelectronics X-CUBE-BLE2 3.3.0
2024-01-17 11:49:30,622 [INFO] ThirdParty:1030 - CMSIS Pack Vendor :STMicroelectronics X-CUBE-TOF1 3.4.0
2024-01-17 11:49:30,622 [INFO] ThirdParty:1030 - CMSIS Pack Vendor :STMicroelectronics X-CUBE-AZRTOS-H7 3.2.0
2024-01-17 11:49:30,622 [INFO] ThirdParty:1030 - CMSIS Pack Vendor :STMicroelectronics PDM2PCM 3.2.0
2024-01-17 11:49:30,622 [INFO] ThirdParty:841 - exiting critical section [change project]
2024-01-17 11:49:30,724 [INFO] PinOutPanel:1499 - setPackage(No Configuration,No Configuration)
2024-01-17 11:49:30,725 [INFO] PinOutPanel:1499 - setPackage(STM32F042F4Px,TSSOP20)
2024-01-17 11:49:31,385 [INFO] UtilMem:75 - Before build in PCC Used Memory: 540250912 Bytes (951058432)
2024-01-17 11:49:31,616 [INFO] UtilMem:75 - After build in PCC Used Memory: 582716192 Bytes (951058432)
2024-01-17 11:49:31,633 [INFO] IPUIPlugin:80 - create IPUIPlugin
2024-01-17 11:49:31,634 [INFO] IPUIPlugin:80 - create IPUIPlugin
2024-01-17 11:49:31,634 [INFO] IPUIPlugin:80 - create IPUIPlugin
2024-01-17 11:49:31,634 [INFO] IPUIPlugin:80 - create IPUIPlugin
2024-01-17 11:49:31,634 [INFO] IPUIPlugin:80 - create IPUIPlugin
2024-01-17 11:49:31,634 [INFO] IPUIPlugin:80 - create IPUIPlugin
2024-01-17 11:49:31,634 [INFO] IPUIPlugin:80 - create IPUIPlugin
2024-01-17 11:49:31,634 [INFO] IPUIPlugin:80 - create IPUIPlugin
2024-01-17 11:49:31,634 [INFO] IPUIPlugin:80 - create IPUIPlugin
2024-01-17 11:49:31,635 [INFO] IPUIPlugin:80 - create IPUIPlugin
2024-01-17 11:49:31,635 [INFO] IPUIPlugin:80 - create IPUIPlugin
2024-01-17 11:49:31,635 [INFO] IPUIPlugin:80 - create IPUIPlugin
2024-01-17 11:49:31,635 [INFO] IPUIPlugin:80 - create IPUIPlugin
2024-01-17 11:49:31,635 [INFO] IPUIPlugin:80 - create IPUIPlugin
2024-01-17 11:49:31,635 [INFO] IPUIPlugin:80 - create IPUIPlugin
2024-01-17 11:49:31,636 [INFO] IPUIPlugin:80 - create IPUIPlugin
2024-01-17 11:49:31,636 [INFO] IPUIPlugin:80 - create IPUIPlugin
2024-01-17 11:49:31,636 [INFO] IPUIPlugin:80 - create IPUIPlugin
2024-01-17 11:49:31,636 [INFO] IPUIPlugin:80 - create IPUIPlugin
2024-01-17 11:49:31,637 [INFO] IPUIPlugin:80 - create IPUIPlugin
2024-01-17 11:49:31,637 [INFO] IPUIPlugin:80 - create IPUIPlugin
2024-01-17 11:49:31,637 [INFO] IPUIPlugin:80 - create IPUIPlugin
2024-01-17 11:49:31,637 [INFO] IPUIPlugin:80 - create IPUIPlugin
2024-01-17 11:49:31,637 [INFO] IPUIPlugin:80 - create IPUIPlugin
2024-01-17 11:49:31,638 [INFO] IPUIPlugin:80 - create IPUIPlugin
2024-01-17 11:49:31,638 [INFO] IPUIPlugin:80 - create IPUIPlugin
2024-01-17 11:49:31,638 [INFO] IPUIPlugin:80 - create IPUIPlugin
2024-01-17 11:49:31,638 [INFO] IPUIPlugin:80 - create IPUIPlugin
2024-01-17 11:49:31,638 [INFO] IPUIPlugin:80 - create IPUIPlugin
2024-01-17 11:49:31,638 [INFO] IPUIPlugin:80 - create IPUIPlugin
2024-01-17 11:49:31,674 [INFO] CADModel:165 - CPN selected for project levelSTM32F042F4P6
2024-01-17 11:49:31,675 [INFO] CADModel:114 - Register for checkConnection events
2024-01-17 11:49:31,736 [INFO] OpenFileManager:343 - Restore cursor
2024-01-17 11:49:45,459 [INFO] NvicIntPanel:101 - NVIC parent = com.st.microxplorer.plugins.ip.nvic.MultiNvicIntPanel[,0,0,450x117,layout=javax.swing.BoxLayout,alignmentX=0.0,alignmentY=0.0,border=,flags=9,maximumSize=,minimumSize=,preferredSize=]
2024-01-17 11:49:53,143 [INFO] NvicIntPanel:101 - NVIC parent = com.st.microxplorer.plugins.ip.nvic.MultiNvicIntPanel[,0,0,0x0,invalid,layout=javax.swing.BoxLayout,alignmentX=0.0,alignmentY=0.0,border=,flags=9,maximumSize=,minimumSize=,preferredSize=]
2024-01-17 11:51:26,047 [INFO] UtilMem:75 - End SaveConfig() Used Memory: 546386840 Bytes (951058432)
2024-01-17 11:51:26,118 [INFO] UtilMem:75 - End SaveConfig() Used Memory: 558671592 Bytes (951058432)
2024-01-17 11:51:26,696 [INFO] UtilMem:75 - End SaveConfig() Used Memory: 585080568 Bytes (951058432)
2024-01-17 11:51:26,872 [INFO] BlockDiagram:2759 - set Specific Code input for plugin: NVIC
2024-01-17 11:51:26,872 [INFO] BlockDiagram:2759 - set Specific Code input for plugin: TIM1_8F0
2024-01-17 11:51:26,872 [INFO] BlockDiagram:2759 - set Specific Code input for plugin: SYS
2024-01-17 11:51:26,872 [INFO] BlockDiagram:2759 - set Specific Code input for plugin: GPIO
2024-01-17 11:51:26,872 [INFO] BlockDiagram:2759 - set Specific Code input for plugin: RCC
2024-01-17 11:51:26,873 [INFO] CodeGenerator:807 - code generatio: config db path: C:\ST\STM32CubeIDE_1.13.2\STM32CubeIDE\plugins\com.st.stm32cube.common.mx_6.10.0.202311202037\\db\
2024-01-17 11:51:26,993 [INFO] CodeEngine:255 - oldGeneratedFile, C:\Users\aleja\OneDrive\Escritorio\gettingStartedSTM\timerLed\MXTmpFiles\license.tmp_save
2024-01-17 11:51:27,094 [INFO] CodeEngine:279 - Generated code: C:\Users\aleja\OneDrive\Escritorio\gettingStartedSTM\timerLed\MXTmpFiles\license.tmp
2024-01-17 11:51:27,127 [INFO] CodeEngine:255 - oldGeneratedFile, C:\Users\aleja\OneDrive\Escritorio\gettingStartedSTM\timerLed\MXTmpFiles\gpio.tmp_save
2024-01-17 11:51:27,239 [INFO] CodeEngine:279 - Generated code: C:\Users\aleja\OneDrive\Escritorio\gettingStartedSTM\timerLed\MXTmpFiles\gpio.tmp
2024-01-17 11:51:27,348 [INFO] CodeEngine:255 - oldGeneratedFile, C:\Users\aleja\OneDrive\Escritorio\gettingStartedSTM\timerLed\Core\Src\stm32f0xx_it.c_save
2024-01-17 11:51:27,467 [INFO] CodeEngine:279 - Generated code: C:\Users\aleja\OneDrive\Escritorio\gettingStartedSTM\timerLed\Core\Src\stm32f0xx_it.c
2024-01-17 11:51:27,477 [INFO] CodeEngine:255 - oldGeneratedFile, C:\Users\aleja\OneDrive\Escritorio\gettingStartedSTM\timerLed\Core\Inc\stm32f0xx_it.h_save
2024-01-17 11:51:27,575 [INFO] CodeEngine:279 - Generated code: C:\Users\aleja\OneDrive\Escritorio\gettingStartedSTM\timerLed\Core\Inc\stm32f0xx_it.h
2024-01-17 11:51:27,617 [INFO] CodeEngine:255 - oldGeneratedFile, C:\Users\aleja\OneDrive\Escritorio\gettingStartedSTM\timerLed\Core\Src\stm32f0xx_hal_msp.c_save
2024-01-17 11:51:27,768 [INFO] CodeEngine:279 - Generated code: C:\Users\aleja\OneDrive\Escritorio\gettingStartedSTM\timerLed\Core\Src\stm32f0xx_hal_msp.c
2024-01-17 11:51:27,773 [INFO] CodeEngine:255 - oldGeneratedFile, C:\Users\aleja\OneDrive\Escritorio\gettingStartedSTM\timerLed\MXTmpFiles\system.tmp_save
2024-01-17 11:51:27,832 [INFO] CodeEngine:279 - Generated code: C:\Users\aleja\OneDrive\Escritorio\gettingStartedSTM\timerLed\MXTmpFiles\system.tmp
2024-01-17 11:51:27,867 [INFO] CodeEngine:311 - oldGeneratedFile, C:\Users\aleja\OneDrive\Escritorio\gettingStartedSTM\timerLed\Core\Inc\stm32f0xx_hal_conf.h_save
2024-01-17 11:51:27,976 [INFO] CodeEngine:335 - Generated code: C:\Users\aleja\OneDrive\Escritorio\gettingStartedSTM\timerLed\Core\Inc\stm32f0xx_hal_conf.h
2024-01-17 11:51:28,005 [WARN] IPConfigManager:3440 - IP not found : TIM
2024-01-17 11:51:28,006 [WARN] CodeGenerator:3939 - IP not found : null
2024-01-17 11:51:28,025 [INFO] CodeEngine:255 - oldGeneratedFile, C:\Users\aleja\OneDrive\Escritorio\gettingStartedSTM\timerLed\Core\Inc\main.h_save
2024-01-17 11:51:28,134 [INFO] CodeEngine:279 - Generated code: C:\Users\aleja\OneDrive\Escritorio\gettingStartedSTM\timerLed\Core\Inc\main.h
2024-01-17 11:51:28,162 [INFO] CodeEngine:255 - oldGeneratedFile, C:\Users\aleja\OneDrive\Escritorio\gettingStartedSTM\timerLed\Core\Src\main.c_save
2024-01-17 11:51:28,357 [INFO] CodeEngine:279 - Generated code: C:\Users\aleja\OneDrive\Escritorio\gettingStartedSTM\timerLed\Core\Src\main.c
2024-01-17 11:51:28,962 [INFO] ProjectBuilder:3076 - Time for Copy HAL[1] : 281mS.
2024-01-17 11:51:28,965 [INFO] ProjectBuilder:4485 - Project Generator version: 4.2.0-B44
2024-01-17 11:51:29,091 [INFO] ConfigFileManager:1495 - The Die is : DIE445
2024-01-17 11:51:29,096 [INFO] ApiDbMcu:508 - Load IP Config File for FATFS
2024-01-17 11:51:29,117 [INFO] ApiDbMcu:508 - Load IP Config File for FREERTOS
2024-01-17 11:51:29,225 [INFO] ApiDbMcu:508 - Load IP Config File for TOUCHSENSING
2024-01-17 11:51:29,240 [INFO] ApiDbMcu:508 - Load IP Config File for USB_DEVICE
2024-01-17 11:51:30,556 [INFO] ProjectBuilder:4747 - Time for Generating toolchain IDE Files: 1591mS.
2024-01-17 11:51:30,557 [INFO] ProjectBuilder:2947 - Time for Copy CMSIS : 1mS.
2024-01-17 11:51:30,563 [INFO] ProjectBuilder:2947 - Time for Copy CMSIS : 0mS.
2024-01-17 11:51:31,088 [INFO] MainUpdater:2873 - connection check result : 10
2024-01-17 11:51:31,088 [INFO] MainUpdater:2873 - connection check result : 10
2024-01-17 11:51:31,115 [INFO] MicroXplorer:468 - Change Database Path : 
2024-01-17 11:51:31,115 [INFO] MicroXplorer:498 - Change Database Version : DB.6.0.100
2024-01-17 11:51:31,129 [ERROR] ProjectManagerView:394 - 
java.lang.NullPointerException: Cannot invoke "javax.swing.JTextField.getText()" because the return value of "java.util.List.get(int)" is null
	at com.st.microxplorer.plugins.projectmanager.gui.ProjectChoiceTab$10.caretUpdate(ProjectChoiceTab.java:2493) ~[filemanager.jar:?]
	at javax.swing.text.JTextComponent.fireCaretUpdate(JTextComponent.java:412) ~[?:?]
	at javax.swing.text.JTextComponent$MutableCaretEvent.fire(JTextComponent.java:4491) ~[?:?]
	at javax.swing.text.JTextComponent$MutableCaretEvent.stateChanged(JTextComponent.java:4513) ~[?:?]
	at javax.swing.text.DefaultCaret.fireStateChanged(DefaultCaret.java:842) ~[?:?]
	at javax.swing.text.DefaultCaret.changeCaretPosition(DefaultCaret.java:1313) ~[?:?]
	at javax.swing.text.DefaultCaret.handleSetDot(DefaultCaret.java:1212) ~[?:?]
	at javax.swing.text.DefaultCaret.setDot(DefaultCaret.java:1193) ~[?:?]
	at javax.swing.text.DefaultCaret$Handler.insertUpdate(DefaultCaret.java:1789) ~[?:?]
	at javax.swing.text.AbstractDocument.fireInsertUpdate(AbstractDocument.java:226) ~[?:?]
	at javax.swing.text.AbstractDocument.handleInsertString(AbstractDocument.java:780) ~[?:?]
	at javax.swing.text.AbstractDocument.insertString(AbstractDocument.java:739) ~[?:?]
	at javax.swing.text.PlainDocument.insertString(PlainDocument.java:131) ~[?:?]
	at javax.swing.text.AbstractDocument.replace(AbstractDocument.java:698) ~[?:?]
	at javax.swing.text.JTextComponent.setText(JTextComponent.java:1729) ~[?:?]
	at com.st.microxplorer.plugins.projectmanager.gui.ProjectChoiceTab.createHeapStackFields(ProjectChoiceTab.java:933) ~[filemanager.jar:?]
	at com.st.microxplorer.plugins.projectmanager.gui.ProjectChoiceTab.buildLinkSettingsPanel(ProjectChoiceTab.java:3426) ~[filemanager.jar:?]
	at com.st.microxplorer.plugins.projectmanager.gui.ProjectChoiceTab.defineWindowsFields(ProjectChoiceTab.java:1813) ~[filemanager.jar:?]
	at com.st.microxplorer.plugins.projectmanager.gui.ProjectChoiceTab.updateSettings(ProjectChoiceTab.java:533) ~[filemanager.jar:?]
	at com.st.microxplorer.plugins.projectmanager.gui.ProjectSettingsPanel.UpdateDialog(ProjectSettingsPanel.java:244) ~[filemanager.jar:?]
	at com.st.microxplorer.plugins.projectmanager.ProjectManagerView.propertyChange(ProjectManagerView.java:391) ~[filemanager.jar:?]
	at java.beans.PropertyChangeSupport.fire(PropertyChangeSupport.java:343) ~[?:?]
	at java.beans.PropertyChangeSupport.firePropertyChange(PropertyChangeSupport.java:335) ~[?:?]
	at java.beans.PropertyChangeSupport.firePropertyChange(PropertyChangeSupport.java:268) ~[?:?]
	at com.st.microxplorer.util.MXPropertyChangeSupport.firePropertyChange(MXPropertyChangeSupport.java:54) ~[STM32CubeMX.jar:?]
	at com.st.microxplorer.mxsystem.MxSystem.closeConfig(MxSystem.java:900) ~[STM32CubeMX.jar:?]
	at com.st.microxplorer.maingui.MainPanel.closeConfig(MainPanel.java:776) ~[STM32CubeMX.jar:?]
	at com.st.microxplorer.plugins.filemanager.engine.OpenFileManager.loadConfigurationFile(OpenFileManager.java:245) ~[filemanager.jar:?]
	at com.st.microxplorer.plugins.filemanager.engine.MainFileManager.userLoadConfig(MainFileManager.java:290) ~[filemanager.jar:?]
	at com.st.microxplorer.plugins.filemanager.FileManagerView.getSpecificTask(FileManagerView.java:247) ~[filemanager.jar:?]
	at com.st.stm32cube.common.mx.editor.CubeMxEditor.getMxTabbedPaneInstance(CubeMxEditor.java:1184) ~[com.st.stm32cube.common.mx_6.10.0.202311202037/:?]
	at com.st.stm32cube.common.mx.editor.CubeMxEditor$12$1.createSwingComponent(CubeMxEditor.java:1065) ~[com.st.stm32cube.common.mx_6.10.0.202311202037/:?]
	at com.st.stm32cube.common.mx.oss.core.awtswtbridge.EmbeddedSwingComposite.doComponentCreation(EmbeddedSwingComposite.java:492) ~[com.st.stm32cube.common.mx.oss_6.10.0.202311202037/:?]
	at com.st.stm32cube.common.mx.oss.core.awtswtbridge.EmbeddedSwingComposite$4.run(EmbeddedSwingComposite.java:291) ~[com.st.stm32cube.common.mx.oss_6.10.0.202311202037/:?]
	at com.st.stm32cube.common.mx.oss.core.awtswtbridge.AwtEnvironment$2.run(AwtEnvironment.java:166) ~[com.st.stm32cube.common.mx.oss_6.10.0.202311202037/:?]
	at java.awt.event.InvocationEvent.dispatch(InvocationEvent.java:318) ~[?:?]
	at java.awt.EventQueue.dispatchEventImpl(EventQueue.java:773) ~[?:?]
	at java.awt.EventQueue$4.run(EventQueue.java:720) ~[?:?]
	at java.awt.EventQueue$4.run(EventQueue.java:714) ~[?:?]
	at java.security.AccessController.doPrivileged(AccessController.java:399) ~[?:?]
	at java.security.ProtectionDomain$JavaSecurityAccessImpl.doIntersectionPrivilege(ProtectionDomain.java:86) ~[?:?]
	at java.awt.EventQueue.dispatchEvent(EventQueue.java:742) ~[?:?]
	at java.awt.EventDispatchThread.pumpOneEventForFilters(EventDispatchThread.java:203) ~[?:?]
	at java.awt.EventDispatchThread.pumpEventsForFilter(EventDispatchThread.java:124) ~[?:?]
	at java.awt.EventDispatchThread.pumpEventsForHierarchy(EventDispatchThread.java:113) ~[?:?]
	at java.awt.EventDispatchThread.pumpEvents(EventDispatchThread.java:109) ~[?:?]
	at java.awt.EventDispatchThread.pumpEvents(EventDispatchThread.java:101) ~[?:?]
	at java.awt.EventDispatchThread.run(EventDispatchThread.java:90) ~[?:?]
2024-01-17 11:51:31,130 [WARN] ThirdParty:871 - waiting for thirdparty lock release [close project]
2024-01-17 11:51:31,130 [INFO] ThirdParty:873 - entering critical section [close project]
2024-01-17 11:51:31,130 [INFO] ThirdParty:883 - exiting critical section [close project]
2024-01-17 11:51:31,131 [INFO] PinOutPanel:1499 - setPackage(No Configuration,No Configuration)
2024-01-17 11:51:31,133 [INFO] UtilMem:75 - Begin LoadConfig() Used Memory: 378331752 Bytes (1005584384)
2024-01-17 11:51:31,134 [INFO] MicroXplorer:468 - Change Database Path : 
2024-01-17 11:51:31,134 [INFO] MicroXplorer:498 - Change Database Version : DB.6.0.100
2024-01-17 11:51:31,134 [INFO] OpenFileManager:312 - Change cursor
2024-01-17 11:51:31,144 [INFO] RulesReader:64 - Compatibility file has been processed (297 Rules)
2024-01-17 11:51:31,148 [INFO] Mcu:2016 - Initializing MCU STM32F042F4Px STM32F042F4Px STM32F042F4P6
2024-01-17 11:51:31,764 [INFO] Context:659 - Trying to add GPIOservice into a context  which must be forbidden
2024-01-17 11:51:31,886 [INFO] RtosManager:555 - Registered RTOS mode: class=CMSIS, group=RTOS, mode=CMSIS_V1, owner=FREERTOS
2024-01-17 11:51:31,886 [INFO] RtosManager:555 - Registered RTOS mode: class=CMSIS, group=RTOS2, mode=CMSIS_V2, owner=FREERTOS
2024-01-17 11:51:31,886 [INFO] RtosManager:555 - Registered RTOS mode: class=RTOS, group=Core, mode=CMSIS_V1, owner=FREERTOS
2024-01-17 11:51:31,886 [INFO] RtosManager:555 - Registered RTOS mode: class=RTOS, group=Core, mode=CMSIS_V2, owner=FREERTOS
2024-01-17 11:51:31,886 [WARN] ModelIntegratedComponent:184 - Missing modes for component STMicroelectronics:FreeRTOS:0.0.1:STMicroelectronics:RTOS:FreeRTOS:Core:::10.2.0:
2024-01-17 11:51:31,891 [WARN] ModelIntegratedComponent:63 - No mode defined for component null
2024-01-17 11:51:31,891 [WARN] ModelIntegratedComponent:63 - No mode defined for component null
2024-01-17 11:51:31,891 [WARN] ModelIntegratedComponent:63 - No mode defined for component null
2024-01-17 11:51:31,891 [WARN] ModelIntegratedComponent:63 - No mode defined for component null
2024-01-17 11:51:31,891 [WARN] ModelIntegratedComponent:63 - No mode defined for component null
2024-01-17 11:51:31,891 [WARN] ModelIntegratedComponent:63 - No mode defined for component null
2024-01-17 11:51:31,891 [WARN] ModelIntegratedComponent:63 - No mode defined for component null
2024-01-17 11:51:31,891 [WARN] ModelIntegratedComponent:63 - No mode defined for component null
2024-01-17 11:51:31,891 [WARN] ModelIntegratedComponent:63 - No mode defined for component null
2024-01-17 11:51:31,891 [WARN] ModelIntegratedComponent:63 - No mode defined for component null
2024-01-17 11:51:31,891 [WARN] ModelIntegratedComponent:63 - No mode defined for component null
2024-01-17 11:51:31,891 [WARN] ModelIntegratedComponent:63 - No mode defined for component null
2024-01-17 11:51:31,891 [WARN] ModelIntegratedComponent:63 - No mode defined for component null
2024-01-17 11:51:31,891 [WARN] ModelIntegratedComponent:63 - No mode defined for component null
2024-01-17 11:51:31,891 [WARN] ModelIntegratedComponent:63 - No mode defined for component null
2024-01-17 11:51:31,891 [WARN] ModelIntegratedComponent:63 - No mode defined for component null
2024-01-17 11:51:31,891 [WARN] ModelIntegratedComponent:63 - No mode defined for component null
2024-01-17 11:51:31,891 [WARN] ModelIntegratedComponent:63 - No mode defined for component null
2024-01-17 11:51:31,891 [WARN] ModelIntegratedComponent:63 - No mode defined for component null
2024-01-17 11:51:31,891 [WARN] ModelIntegratedComponent:63 - No mode defined for component null
2024-01-17 11:51:31,891 [WARN] ModelIntegratedComponent:63 - No mode defined for component null
2024-01-17 11:51:31,891 [WARN] ModelIntegratedComponent:63 - No mode defined for component null
2024-01-17 11:51:31,891 [WARN] ModelIntegratedComponent:63 - No mode defined for component null
2024-01-17 11:51:31,891 [WARN] ModelIntegratedComponent:63 - No mode defined for component null
2024-01-17 11:51:31,891 [WARN] ModelIntegratedComponent:63 - No mode defined for component null
2024-01-17 11:51:31,891 [WARN] ModelIntegratedComponent:63 - No mode defined for component null
2024-01-17 11:51:31,891 [WARN] ModelIntegratedComponent:63 - No mode defined for component null
2024-01-17 11:51:31,891 [WARN] ModelIntegratedComponent:63 - No mode defined for component null
2024-01-17 11:51:31,891 [WARN] ModelIntegratedComponent:63 - No mode defined for component null
2024-01-17 11:51:31,891 [WARN] ModelIntegratedComponent:63 - No mode defined for component null
2024-01-17 11:51:31,891 [WARN] ModelIntegratedComponent:63 - No mode defined for component null
2024-01-17 11:51:31,891 [WARN] ModelIntegratedComponent:63 - No mode defined for component null
2024-01-17 11:51:31,891 [WARN] ModelIntegratedComponent:63 - No mode defined for component null
2024-01-17 11:51:31,940 [INFO] ThirdPartyModel:298 - Start build external matchings
2024-01-17 11:51:32,091 [INFO] ThirdPartyModel:316 - End build external matchings
2024-01-17 11:51:32,096 [INFO] ImportTextPane:194 - (OptionalMessage_ERROR) IP (DMA) : Parameter (Instance) has Id (ADC) currently not set
2024-01-17 11:51:32,096 [INFO] ImportTextPane:194 - (OptionalMessage_ERROR) IP (DMA) : Parameter (Direction) has Id (ADC) currently not set
2024-01-17 11:51:32,096 [INFO] ImportTextPane:194 - (OptionalMessage_ERROR) IP (DMA) : Parameter (PeriphInc) has Id (ADC) currently not set
2024-01-17 11:51:32,096 [INFO] ImportTextPane:194 - (OptionalMessage_ERROR) IP (DMA) : Parameter (MemInc) has Id (ADC) currently not set
2024-01-17 11:51:32,096 [INFO] ImportTextPane:194 - (OptionalMessage_ERROR) IP (DMA) : Parameter (PeriphDataAlignment) has Id (ADC) currently not set
2024-01-17 11:51:32,096 [INFO] ImportTextPane:194 - (OptionalMessage_ERROR) IP (DMA) : Parameter (MemDataAlignment) has Id (ADC) currently not set
2024-01-17 11:51:32,097 [INFO] ImportTextPane:194 - (OptionalMessage_ERROR) IP (DMA) : Parameter (Mode) has Id (ADC) currently not set
2024-01-17 11:51:32,097 [INFO] ImportTextPane:194 - (OptionalMessage_ERROR) IP (DMA) : Parameter (Priority) has Id (ADC) currently not set
2024-01-17 11:51:32,097 [INFO] ImportTextPane:194 - (OptionalMessage_ERROR) IP (RCC) : Invalid parameter (FamilyName)
2024-01-17 11:51:32,097 [INFO] ImportTextPane:194 - (OptionalMessage_ERROR) IP (RCC) : Invalid parameter (HSICECFreq_Value)
2024-01-17 11:51:32,251 [INFO] UtilMem:75 - End LoadConfig() Used Memory: 377096912 Bytes (1005584384)
2024-01-17 11:51:32,325 [INFO] MicroXplorer:468 - Change Database Path : 
2024-01-17 11:51:32,325 [INFO] MicroXplorer:498 - Change Database Version : DB.6.0.100
2024-01-17 11:51:32,325 [WARN] ThirdParty:833 - waiting for thirdparty lock release [change project]
2024-01-17 11:51:32,325 [INFO] ThirdParty:835 - entering critical section [change project]
2024-01-17 11:51:32,327 [INFO] ThirdParty:1030 - CMSIS Pack Vendor :STMicroelectronics X-CUBE-ISPU 1.1.0
2024-01-17 11:51:32,327 [INFO] ThirdParty:1030 - CMSIS Pack Vendor :STMicroelectronics USBPD 4.1
2024-01-17 11:51:32,327 [INFO] ThirdParty:1030 - CMSIS Pack Vendor :STMicroelectronics X-CUBE-GNSS1 6.0.0
2024-01-17 11:51:32,327 [INFO] ThirdParty:1030 - CMSIS Pack Vendor :STMicroelectronics USB_HOST 2.0.0
2024-01-17 11:51:32,327 [INFO] ThirdParty:1030 - CMSIS Pack Vendor :STMicroelectronics X-CUBE-AZRTOS-F4 1.1.0
2024-01-17 11:51:32,327 [INFO] ThirdParty:1030 - CMSIS Pack Vendor :STMicroelectronics LIBJPEG 8.0.0
2024-01-17 11:51:32,327 [INFO] ThirdParty:1030 - CMSIS Pack Vendor :wolfSSL I-CUBE-wolfSSL 5.6.4
2024-01-17 11:51:32,327 [INFO] ThirdParty:1030 - CMSIS Pack Vendor :STMicroelectronics X-CUBE-SMBUS 2.1.0
2024-01-17 11:51:32,327 [INFO] ThirdParty:1030 - CMSIS Pack Vendor :STMicroelectronics USB_DEVICE 3.0.0
2024-01-17 11:51:32,327 [INFO] ThirdParty:1030 - CMSIS Pack Vendor :STMicroelectronics X-CUBE-AZRTOS-WB 2.0.0
2024-01-17 11:51:32,327 [INFO] ThirdParty:1030 - CMSIS Pack Vendor :STMicroelectronics X-CUBE-TOUCHGFX 4.23.0
2024-01-17 11:51:32,327 [INFO] ThirdParty:1030 - CMSIS Pack Vendor :STMicroelectronics X-CUBE-AZRTOS-F7 1.1.0
2024-01-17 11:51:32,327 [INFO] ThirdParty:1030 - CMSIS Pack Vendor :STMicroelectronics X-CUBE-AZRTOS-L5 2.0.0
2024-01-17 11:51:32,328 [INFO] ThirdParty:1030 - CMSIS Pack Vendor :STMicroelectronics USB_DEVICE 2.0.0
2024-01-17 11:51:32,328 [INFO] ThirdParty:1030 - CMSIS Pack Vendor :STMicroelectronics X-CUBE-EEPRMA1 4.2.0
2024-01-17 11:51:32,328 [INFO] ThirdParty:1030 - CMSIS Pack Vendor :ITTIA_DB I-CUBE-ITTIADB 8.8.0
2024-01-17 11:51:32,328 [INFO] ThirdParty:1030 - CMSIS Pack Vendor :STMicroelectronics FP-SNS-MOTENV1 4.3.2
2024-01-17 11:51:32,328 [INFO] ThirdParty:1030 - CMSIS Pack Vendor :STMicroelectronics X-CUBE-ALGOBUILD 1.3.0
2024-01-17 11:51:32,328 [INFO] ThirdParty:1030 - CMSIS Pack Vendor :STMicroelectronics FreeRTOS 0.0.1
2024-01-17 11:51:32,328 [INFO] ThirdParty:1030 - CMSIS Pack Vendor :STMicroelectronics X-CUBE-AZRTOS-G0 1.1.0
2024-01-17 11:51:32,328 [INFO] ThirdParty:1030 - CMSIS Pack Vendor :STMicroelectronics X-CUBE-NFC4 3.0.0
2024-01-17 11:51:32,328 [INFO] ThirdParty:1030 - CMSIS Pack Vendor :STMicroelectronics X-CUBE-SUBG2 5.0.0
2024-01-17 11:51:32,328 [INFO] ThirdParty:1030 - CMSIS Pack Vendor :STMicroelectronics STM32_WPAN 1.0.0
2024-01-17 11:51:32,328 [INFO] ThirdParty:1030 - CMSIS Pack Vendor :STMicroelectronics lwIP 2.0.3
2024-01-17 11:51:32,328 [INFO] ThirdParty:1030 - CMSIS Pack Vendor :STMicroelectronics FP-SNS-FLIGHT1 5.0.2
2024-01-17 11:51:32,328 [INFO] ThirdParty:1030 - CMSIS Pack Vendor :STMicroelectronics USB_HOST 1.0.0
2024-01-17 11:51:32,328 [INFO] ThirdParty:1030 - CMSIS Pack Vendor :STMicroelectronics X-CUBE-AZRTOS-G4 2.0.0
2024-01-17 11:51:32,328 [INFO] ThirdParty:1030 - CMSIS Pack Vendor :STMicroelectronics PDM2PCM 3.1.0
2024-01-17 11:51:32,328 [INFO] ThirdParty:1030 - CMSIS Pack Vendor :STMicroelectronics X-CUBE-AZRTOS-H7 3.1.0
2024-01-17 11:51:32,328 [INFO] ThirdParty:1030 - CMSIS Pack Vendor :Infineon AIROC-Wi-Fi-Bluetooth-STM32 1.5.1
2024-01-17 11:51:32,328 [INFO] ThirdParty:1030 - CMSIS Pack Vendor :STMicroelectronics X-CUBE-BLEMGR 3.0.0
2024-01-17 11:51:32,328 [INFO] ThirdParty:1030 - CMSIS Pack Vendor :STMicroelectronics PDM2PCM 3.3.0
2024-01-17 11:51:32,328 [INFO] ThirdParty:1030 - CMSIS Pack Vendor :STMicroelectronics X-CUBE-DISPLAY 3.0.0
2024-01-17 11:51:32,328 [INFO] ThirdParty:1030 - CMSIS Pack Vendor :STMicroelectronics FP-SNS-MOTENVWB1 1.3.1
2024-01-17 11:51:32,328 [INFO] ThirdParty:1030 - CMSIS Pack Vendor :STMicroelectronics X-CUBE-BLE1 7.0.0
2024-01-17 11:51:32,328 [INFO] ThirdParty:1030 - CMSIS Pack Vendor :STMicroelectronics FP-ATR-SIGFOX1 3.2.0
2024-01-17 11:51:32,328 [INFO] ThirdParty:1030 - CMSIS Pack Vendor :STMicroelectronics X-CUBE-ISPU 2.0.0
2024-01-17 11:51:32,328 [INFO] ThirdParty:1030 - CMSIS Pack Vendor :STMicroelectronics HAL Drivers 0.0.0
2024-01-17 11:51:32,328 [INFO] ThirdParty:1030 - CMSIS Pack Vendor :STMicroelectronics MBEDTLS 2.16.2
2024-01-17 11:51:32,328 [INFO] ThirdParty:1030 - CMSIS Pack Vendor :emotas I-CUBE-CANOPEN 1.3.0
2024-01-17 11:51:32,328 [INFO] ThirdParty:1030 - CMSIS Pack Vendor :STMicroelectronics X-CUBE-MEMS1 10.0.0
2024-01-17 11:51:32,328 [INFO] ThirdParty:1030 - CMSIS Pack Vendor :STMicroelectronics X-CUBE-FREERTOS 1.1.0
2024-01-17 11:51:32,328 [INFO] ThirdParty:1030 - CMSIS Pack Vendor :STMicroelectronics X-CUBE-NFC7 1.0.1
2024-01-17 11:51:32,328 [INFO] ThirdParty:1030 - CMSIS Pack Vendor :STMicroelectronics MBEDTLS 2.14.1
2024-01-17 11:51:32,328 [INFO] ThirdParty:1030 - CMSIS Pack Vendor :STMicroelectronics X-CUBE-TOUCHGFX 4.22.1
2024-01-17 11:51:32,328 [INFO] ThirdParty:1030 - CMSIS Pack Vendor :STMicroelectronics X-CUBE-NFC6 3.0.0
2024-01-17 11:51:32,328 [INFO] ThirdParty:1030 - CMSIS Pack Vendor :portGmbH I-Cube-SoM-uGOAL 1.1.0
2024-01-17 11:51:32,328 [INFO] ThirdParty:1030 - CMSIS Pack Vendor :STMicroelectronics X-CUBE-ALS 1.0.1
2024-01-17 11:51:32,328 [INFO] ThirdParty:1030 - CMSIS Pack Vendor :STMicroelectronics ThreadX 1.0.0
2024-01-17 11:51:32,328 [INFO] ThirdParty:1030 - CMSIS Pack Vendor :STMicroelectronics FP-SNS-SMARTAG2 1.2.0
2024-01-17 11:51:32,328 [INFO] ThirdParty:1030 - CMSIS Pack Vendor :STMicroelectronics X-CUBE-AZRTOS-WL 2.0.0
2024-01-17 11:51:32,328 [INFO] ThirdParty:1030 - CMSIS Pack Vendor :STMicroelectronics USB_DEVICE 1.0.0
2024-01-17 11:51:32,329 [INFO] ThirdParty:1030 - CMSIS Pack Vendor :STMicroelectronics X-CUBE-AI 8.1.0
2024-01-17 11:51:32,329 [INFO] ThirdParty:1030 - CMSIS Pack Vendor :STMicroelectronics X-CUBE-AZRTOS-L4 2.0.0
2024-01-17 11:51:32,329 [INFO] ThirdParty:1030 - CMSIS Pack Vendor :STMicroelectronics ThreadX 0.0.2
2024-01-17 11:51:32,329 [INFO] ThirdParty:1030 - CMSIS Pack Vendor :WES I-CUBE-Cesium 1.3.0
2024-01-17 11:51:32,329 [INFO] ThirdParty:1030 - CMSIS Pack Vendor :STMicroelectronics FP-ATR-ASTRA1 2.0.0
2024-01-17 11:51:32,329 [INFO] ThirdParty:1030 - CMSIS Pack Vendor :STMicroelectronics lwIP 2.1.2
2024-01-17 11:51:32,329 [INFO] ThirdParty:1030 - CMSIS Pack Vendor :STMicroelectronics X-CUBE-SFXS2LP1 4.0.0
2024-01-17 11:51:32,329 [INFO] ThirdParty:1030 - CMSIS Pack Vendor :STMicroelectronics X-CUBE-BLE2 3.3.0
2024-01-17 11:51:32,329 [INFO] ThirdParty:1030 - CMSIS Pack Vendor :STMicroelectronics X-CUBE-TOF1 3.4.0
2024-01-17 11:51:32,329 [INFO] ThirdParty:1030 - CMSIS Pack Vendor :STMicroelectronics X-CUBE-AZRTOS-H7 3.2.0
2024-01-17 11:51:32,329 [INFO] ThirdParty:1030 - CMSIS Pack Vendor :STMicroelectronics PDM2PCM 3.2.0
2024-01-17 11:51:32,329 [INFO] ThirdParty:841 - exiting critical section [change project]
2024-01-17 11:51:32,393 [INFO] PinOutPanel:1499 - setPackage(No Configuration,No Configuration)
2024-01-17 11:51:32,394 [INFO] PinOutPanel:1499 - setPackage(STM32F042F4Px,TSSOP20)
2024-01-17 11:51:33,087 [INFO] UtilMem:75 - Before build in PCC Used Memory: 362959984 Bytes (979369984)
2024-01-17 11:51:33,282 [INFO] UtilMem:75 - After build in PCC Used Memory: 405425264 Bytes (979369984)
2024-01-17 11:51:33,293 [INFO] IPUIPlugin:80 - create IPUIPlugin
2024-01-17 11:51:33,293 [INFO] IPUIPlugin:80 - create IPUIPlugin
2024-01-17 11:51:33,294 [INFO] IPUIPlugin:80 - create IPUIPlugin
2024-01-17 11:51:33,294 [INFO] IPUIPlugin:80 - create IPUIPlugin
2024-01-17 11:51:33,294 [INFO] IPUIPlugin:80 - create IPUIPlugin
2024-01-17 11:51:33,294 [INFO] IPUIPlugin:80 - create IPUIPlugin
2024-01-17 11:51:33,294 [INFO] IPUIPlugin:80 - create IPUIPlugin
2024-01-17 11:51:33,294 [INFO] IPUIPlugin:80 - create IPUIPlugin
2024-01-17 11:51:33,294 [INFO] IPUIPlugin:80 - create IPUIPlugin
2024-01-17 11:51:33,294 [INFO] IPUIPlugin:80 - create IPUIPlugin
2024-01-17 11:51:33,294 [INFO] IPUIPlugin:80 - create IPUIPlugin
2024-01-17 11:51:33,294 [INFO] IPUIPlugin:80 - create IPUIPlugin
2024-01-17 11:51:33,294 [INFO] IPUIPlugin:80 - create IPUIPlugin
2024-01-17 11:51:33,294 [INFO] IPUIPlugin:80 - create IPUIPlugin
2024-01-17 11:51:33,295 [INFO] IPUIPlugin:80 - create IPUIPlugin
2024-01-17 11:51:33,295 [INFO] IPUIPlugin:80 - create IPUIPlugin
2024-01-17 11:51:33,295 [INFO] IPUIPlugin:80 - create IPUIPlugin
2024-01-17 11:51:33,295 [INFO] IPUIPlugin:80 - create IPUIPlugin
2024-01-17 11:51:33,296 [INFO] IPUIPlugin:80 - create IPUIPlugin
2024-01-17 11:51:33,296 [INFO] IPUIPlugin:80 - create IPUIPlugin
2024-01-17 11:51:33,296 [INFO] IPUIPlugin:80 - create IPUIPlugin
2024-01-17 11:51:33,296 [INFO] IPUIPlugin:80 - create IPUIPlugin
2024-01-17 11:51:33,296 [INFO] IPUIPlugin:80 - create IPUIPlugin
2024-01-17 11:51:33,296 [INFO] IPUIPlugin:80 - create IPUIPlugin
2024-01-17 11:51:33,296 [INFO] IPUIPlugin:80 - create IPUIPlugin
2024-01-17 11:51:33,296 [INFO] IPUIPlugin:80 - create IPUIPlugin
2024-01-17 11:51:33,296 [INFO] IPUIPlugin:80 - create IPUIPlugin
2024-01-17 11:51:33,297 [INFO] IPUIPlugin:80 - create IPUIPlugin
2024-01-17 11:51:33,297 [INFO] IPUIPlugin:80 - create IPUIPlugin
2024-01-17 11:51:33,297 [INFO] IPUIPlugin:80 - create IPUIPlugin
2024-01-17 11:51:33,298 [INFO] Can:71 - Can Add PropertyChangeListener com.st.microxplorer.plugins.ip.can.Can@7aad5431
2024-01-17 11:51:33,327 [INFO] CADModel:165 - CPN selected for project levelSTM32F042F4P6
2024-01-17 11:51:33,327 [INFO] CADModel:114 - Register for checkConnection events
2024-01-17 11:51:33,402 [INFO] OpenFileManager:343 - Restore cursor
2024-01-17 11:51:59,063 [INFO] MainUpdater:2873 - connection check result : 10
2024-01-17 11:51:59,063 [INFO] MainUpdater:2873 - connection check result : 10
2024-01-17 11:51:59,074 [INFO] MicroXplorer:468 - Change Database Path : 
2024-01-17 11:51:59,074 [INFO] MicroXplorer:498 - Change Database Version : DB.6.0.100
2024-01-17 11:51:59,085 [ERROR] ProjectManagerView:394 - 
java.lang.NullPointerException: Cannot invoke "javax.swing.JTextField.getText()" because the return value of "java.util.List.get(int)" is null
	at com.st.microxplorer.plugins.projectmanager.gui.ProjectChoiceTab$10.caretUpdate(ProjectChoiceTab.java:2493) ~[filemanager.jar:?]
	at javax.swing.text.JTextComponent.fireCaretUpdate(JTextComponent.java:412) ~[?:?]
	at javax.swing.text.JTextComponent$MutableCaretEvent.fire(JTextComponent.java:4491) ~[?:?]
	at javax.swing.text.JTextComponent$MutableCaretEvent.stateChanged(JTextComponent.java:4513) ~[?:?]
	at javax.swing.text.DefaultCaret.fireStateChanged(DefaultCaret.java:842) ~[?:?]
	at javax.swing.text.DefaultCaret.changeCaretPosition(DefaultCaret.java:1313) ~[?:?]
	at javax.swing.text.DefaultCaret.handleSetDot(DefaultCaret.java:1212) ~[?:?]
	at javax.swing.text.DefaultCaret.setDot(DefaultCaret.java:1193) ~[?:?]
	at javax.swing.text.DefaultCaret$Handler.insertUpdate(DefaultCaret.java:1789) ~[?:?]
	at javax.swing.text.AbstractDocument.fireInsertUpdate(AbstractDocument.java:226) ~[?:?]
	at javax.swing.text.AbstractDocument.handleInsertString(AbstractDocument.java:780) ~[?:?]
	at javax.swing.text.AbstractDocument.insertString(AbstractDocument.java:739) ~[?:?]
	at javax.swing.text.PlainDocument.insertString(PlainDocument.java:131) ~[?:?]
	at javax.swing.text.AbstractDocument.replace(AbstractDocument.java:698) ~[?:?]
	at javax.swing.text.JTextComponent.setText(JTextComponent.java:1729) ~[?:?]
	at com.st.microxplorer.plugins.projectmanager.gui.ProjectChoiceTab.createHeapStackFields(ProjectChoiceTab.java:933) ~[filemanager.jar:?]
	at com.st.microxplorer.plugins.projectmanager.gui.ProjectChoiceTab.buildLinkSettingsPanel(ProjectChoiceTab.java:3426) ~[filemanager.jar:?]
	at com.st.microxplorer.plugins.projectmanager.gui.ProjectChoiceTab.defineWindowsFields(ProjectChoiceTab.java:1813) ~[filemanager.jar:?]
	at com.st.microxplorer.plugins.projectmanager.gui.ProjectChoiceTab.updateSettings(ProjectChoiceTab.java:533) ~[filemanager.jar:?]
	at com.st.microxplorer.plugins.projectmanager.gui.ProjectSettingsPanel.UpdateDialog(ProjectSettingsPanel.java:244) ~[filemanager.jar:?]
	at com.st.microxplorer.plugins.projectmanager.ProjectManagerView.propertyChange(ProjectManagerView.java:391) ~[filemanager.jar:?]
	at java.beans.PropertyChangeSupport.fire(PropertyChangeSupport.java:343) ~[?:?]
	at java.beans.PropertyChangeSupport.firePropertyChange(PropertyChangeSupport.java:335) ~[?:?]
	at java.beans.PropertyChangeSupport.firePropertyChange(PropertyChangeSupport.java:268) ~[?:?]
	at com.st.microxplorer.util.MXPropertyChangeSupport.firePropertyChange(MXPropertyChangeSupport.java:54) ~[STM32CubeMX.jar:?]
	at com.st.microxplorer.mxsystem.MxSystem.closeConfig(MxSystem.java:900) ~[STM32CubeMX.jar:?]
	at com.st.microxplorer.maingui.MainPanel.closeConfig(MainPanel.java:776) ~[STM32CubeMX.jar:?]
	at com.st.microxplorer.plugins.filemanager.engine.OpenFileManager.loadConfigurationFile(OpenFileManager.java:245) ~[filemanager.jar:?]
	at com.st.microxplorer.plugins.filemanager.engine.MainFileManager.userLoadConfig(MainFileManager.java:290) ~[filemanager.jar:?]
	at com.st.microxplorer.plugins.filemanager.FileManagerView.getSpecificTask(FileManagerView.java:247) ~[filemanager.jar:?]
	at com.st.stm32cube.common.mx.editor.CubeMxEditor.getMxTabbedPaneInstance(CubeMxEditor.java:1184) ~[com.st.stm32cube.common.mx_6.10.0.202311202037/:?]
	at com.st.stm32cube.common.mx.editor.CubeMxEditor$12$1.createSwingComponent(CubeMxEditor.java:1065) ~[com.st.stm32cube.common.mx_6.10.0.202311202037/:?]
	at com.st.stm32cube.common.mx.oss.core.awtswtbridge.EmbeddedSwingComposite.doComponentCreation(EmbeddedSwingComposite.java:492) ~[com.st.stm32cube.common.mx.oss_6.10.0.202311202037/:?]
	at com.st.stm32cube.common.mx.oss.core.awtswtbridge.EmbeddedSwingComposite$4.run(EmbeddedSwingComposite.java:291) ~[com.st.stm32cube.common.mx.oss_6.10.0.202311202037/:?]
	at com.st.stm32cube.common.mx.oss.core.awtswtbridge.AwtEnvironment$2.run(AwtEnvironment.java:166) ~[com.st.stm32cube.common.mx.oss_6.10.0.202311202037/:?]
	at java.awt.event.InvocationEvent.dispatch(InvocationEvent.java:318) ~[?:?]
	at java.awt.EventQueue.dispatchEventImpl(EventQueue.java:773) ~[?:?]
	at java.awt.EventQueue$4.run(EventQueue.java:720) ~[?:?]
	at java.awt.EventQueue$4.run(EventQueue.java:714) ~[?:?]
	at java.security.AccessController.doPrivileged(AccessController.java:399) ~[?:?]
	at java.security.ProtectionDomain$JavaSecurityAccessImpl.doIntersectionPrivilege(ProtectionDomain.java:86) ~[?:?]
	at java.awt.EventQueue.dispatchEvent(EventQueue.java:742) ~[?:?]
	at java.awt.EventDispatchThread.pumpOneEventForFilters(EventDispatchThread.java:203) ~[?:?]
	at java.awt.EventDispatchThread.pumpEventsForFilter(EventDispatchThread.java:124) ~[?:?]
	at java.awt.EventDispatchThread.pumpEventsForHierarchy(EventDispatchThread.java:113) ~[?:?]
	at java.awt.EventDispatchThread.pumpEvents(EventDispatchThread.java:109) ~[?:?]
	at java.awt.EventDispatchThread.pumpEvents(EventDispatchThread.java:101) ~[?:?]
	at java.awt.EventDispatchThread.run(EventDispatchThread.java:90) ~[?:?]
2024-01-17 11:51:59,086 [WARN] ThirdParty:871 - waiting for thirdparty lock release [close project]
2024-01-17 11:51:59,086 [INFO] ThirdParty:873 - entering critical section [close project]
2024-01-17 11:51:59,086 [INFO] ThirdParty:883 - exiting critical section [close project]
2024-01-17 11:51:59,088 [INFO] PinOutPanel:1499 - setPackage(No Configuration,No Configuration)
2024-01-17 11:51:59,091 [INFO] UtilMem:75 - Begin LoadConfig() Used Memory: 775216296 Bytes (979369984)
2024-01-17 11:51:59,091 [INFO] MicroXplorer:468 - Change Database Path : 
2024-01-17 11:51:59,091 [INFO] MicroXplorer:498 - Change Database Version : DB.6.0.100
2024-01-17 11:51:59,092 [INFO] OpenFileManager:312 - Change cursor
2024-01-17 11:51:59,096 [INFO] Mcu:2016 - Initializing MCU STM32F042F4Px STM32F042F4Px STM32F042F4P6
2024-01-17 11:51:59,571 [INFO] Context:659 - Trying to add GPIOservice into a context  which must be forbidden
2024-01-17 11:51:59,717 [INFO] RtosManager:555 - Registered RTOS mode: class=CMSIS, group=RTOS, mode=CMSIS_V1, owner=FREERTOS
2024-01-17 11:51:59,717 [INFO] RtosManager:555 - Registered RTOS mode: class=CMSIS, group=RTOS2, mode=CMSIS_V2, owner=FREERTOS
2024-01-17 11:51:59,717 [INFO] RtosManager:555 - Registered RTOS mode: class=RTOS, group=Core, mode=CMSIS_V1, owner=FREERTOS
2024-01-17 11:51:59,717 [INFO] RtosManager:555 - Registered RTOS mode: class=RTOS, group=Core, mode=CMSIS_V2, owner=FREERTOS
2024-01-17 11:51:59,717 [WARN] ModelIntegratedComponent:184 - Missing modes for component STMicroelectronics:FreeRTOS:0.0.1:STMicroelectronics:RTOS:FreeRTOS:Core:::10.2.0:
2024-01-17 11:51:59,723 [WARN] ModelIntegratedComponent:63 - No mode defined for component null
2024-01-17 11:51:59,723 [WARN] ModelIntegratedComponent:63 - No mode defined for component null
2024-01-17 11:51:59,723 [WARN] ModelIntegratedComponent:63 - No mode defined for component null
2024-01-17 11:51:59,723 [WARN] ModelIntegratedComponent:63 - No mode defined for component null
2024-01-17 11:51:59,723 [WARN] ModelIntegratedComponent:63 - No mode defined for component null
2024-01-17 11:51:59,723 [WARN] ModelIntegratedComponent:63 - No mode defined for component null
2024-01-17 11:51:59,724 [WARN] ModelIntegratedComponent:63 - No mode defined for component null
2024-01-17 11:51:59,724 [WARN] ModelIntegratedComponent:63 - No mode defined for component null
2024-01-17 11:51:59,724 [WARN] ModelIntegratedComponent:63 - No mode defined for component null
2024-01-17 11:51:59,724 [WARN] ModelIntegratedComponent:63 - No mode defined for component null
2024-01-17 11:51:59,724 [WARN] ModelIntegratedComponent:63 - No mode defined for component null
2024-01-17 11:51:59,724 [WARN] ModelIntegratedComponent:63 - No mode defined for component null
2024-01-17 11:51:59,724 [WARN] ModelIntegratedComponent:63 - No mode defined for component null
2024-01-17 11:51:59,724 [WARN] ModelIntegratedComponent:63 - No mode defined for component null
2024-01-17 11:51:59,724 [WARN] ModelIntegratedComponent:63 - No mode defined for component null
2024-01-17 11:51:59,724 [WARN] ModelIntegratedComponent:63 - No mode defined for component null
2024-01-17 11:51:59,724 [WARN] ModelIntegratedComponent:63 - No mode defined for component null
2024-01-17 11:51:59,724 [WARN] ModelIntegratedComponent:63 - No mode defined for component null
2024-01-17 11:51:59,724 [WARN] ModelIntegratedComponent:63 - No mode defined for component null
2024-01-17 11:51:59,724 [WARN] ModelIntegratedComponent:63 - No mode defined for component null
2024-01-17 11:51:59,724 [WARN] ModelIntegratedComponent:63 - No mode defined for component null
2024-01-17 11:51:59,724 [WARN] ModelIntegratedComponent:63 - No mode defined for component null
2024-01-17 11:51:59,724 [WARN] ModelIntegratedComponent:63 - No mode defined for component null
2024-01-17 11:51:59,724 [WARN] ModelIntegratedComponent:63 - No mode defined for component null
2024-01-17 11:51:59,724 [WARN] ModelIntegratedComponent:63 - No mode defined for component null
2024-01-17 11:51:59,724 [WARN] ModelIntegratedComponent:63 - No mode defined for component null
2024-01-17 11:51:59,724 [WARN] ModelIntegratedComponent:63 - No mode defined for component null
2024-01-17 11:51:59,724 [WARN] ModelIntegratedComponent:63 - No mode defined for component null
2024-01-17 11:51:59,724 [WARN] ModelIntegratedComponent:63 - No mode defined for component null
2024-01-17 11:51:59,725 [WARN] ModelIntegratedComponent:63 - No mode defined for component null
2024-01-17 11:51:59,725 [WARN] ModelIntegratedComponent:63 - No mode defined for component null
2024-01-17 11:51:59,725 [WARN] ModelIntegratedComponent:63 - No mode defined for component null
2024-01-17 11:51:59,725 [WARN] ModelIntegratedComponent:63 - No mode defined for component null
2024-01-17 11:51:59,783 [INFO] ThirdPartyModel:298 - Start build external matchings
2024-01-17 11:51:59,965 [INFO] ThirdPartyModel:316 - End build external matchings
2024-01-17 11:51:59,971 [INFO] ImportTextPane:194 - (OptionalMessage_ERROR) IP (RCC) : Invalid parameter (FamilyName)
2024-01-17 11:51:59,971 [INFO] ImportTextPane:194 - (OptionalMessage_ERROR) IP (RCC) : Invalid parameter (HSICECFreq_Value)
2024-01-17 11:52:00,145 [INFO] UtilMem:75 - End LoadConfig() Used Memory: 444574816 Bytes (979369984)
2024-01-17 11:52:00,220 [INFO] MicroXplorer:468 - Change Database Path : 
2024-01-17 11:52:00,220 [INFO] MicroXplorer:498 - Change Database Version : DB.6.0.100
2024-01-17 11:52:00,221 [WARN] ThirdParty:833 - waiting for thirdparty lock release [change project]
2024-01-17 11:52:00,221 [INFO] ThirdParty:835 - entering critical section [change project]
2024-01-17 11:52:00,221 [INFO] ThirdParty:1030 - CMSIS Pack Vendor :STMicroelectronics X-CUBE-ISPU 1.1.0
2024-01-17 11:52:00,221 [INFO] ThirdParty:1030 - CMSIS Pack Vendor :STMicroelectronics USBPD 4.1
2024-01-17 11:52:00,221 [INFO] ThirdParty:1030 - CMSIS Pack Vendor :STMicroelectronics X-CUBE-GNSS1 6.0.0
2024-01-17 11:52:00,221 [INFO] ThirdParty:1030 - CMSIS Pack Vendor :STMicroelectronics USB_HOST 2.0.0
2024-01-17 11:52:00,221 [INFO] ThirdParty:1030 - CMSIS Pack Vendor :STMicroelectronics X-CUBE-AZRTOS-F4 1.1.0
2024-01-17 11:52:00,221 [INFO] ThirdParty:1030 - CMSIS Pack Vendor :STMicroelectronics LIBJPEG 8.0.0
2024-01-17 11:52:00,221 [INFO] ThirdParty:1030 - CMSIS Pack Vendor :wolfSSL I-CUBE-wolfSSL 5.6.4
2024-01-17 11:52:00,221 [INFO] ThirdParty:1030 - CMSIS Pack Vendor :STMicroelectronics X-CUBE-SMBUS 2.1.0
2024-01-17 11:52:00,221 [INFO] ThirdParty:1030 - CMSIS Pack Vendor :STMicroelectronics USB_DEVICE 3.0.0
2024-01-17 11:52:00,221 [INFO] ThirdParty:1030 - CMSIS Pack Vendor :STMicroelectronics X-CUBE-AZRTOS-WB 2.0.0
2024-01-17 11:52:00,221 [INFO] ThirdParty:1030 - CMSIS Pack Vendor :STMicroelectronics X-CUBE-TOUCHGFX 4.23.0
2024-01-17 11:52:00,221 [INFO] ThirdParty:1030 - CMSIS Pack Vendor :STMicroelectronics X-CUBE-AZRTOS-F7 1.1.0
2024-01-17 11:52:00,221 [INFO] ThirdParty:1030 - CMSIS Pack Vendor :STMicroelectronics X-CUBE-AZRTOS-L5 2.0.0
2024-01-17 11:52:00,221 [INFO] ThirdParty:1030 - CMSIS Pack Vendor :STMicroelectronics USB_DEVICE 2.0.0
2024-01-17 11:52:00,221 [INFO] ThirdParty:1030 - CMSIS Pack Vendor :STMicroelectronics X-CUBE-EEPRMA1 4.2.0
2024-01-17 11:52:00,221 [INFO] ThirdParty:1030 - CMSIS Pack Vendor :ITTIA_DB I-CUBE-ITTIADB 8.8.0
2024-01-17 11:52:00,221 [INFO] ThirdParty:1030 - CMSIS Pack Vendor :STMicroelectronics FP-SNS-MOTENV1 4.3.2
2024-01-17 11:52:00,221 [INFO] ThirdParty:1030 - CMSIS Pack Vendor :STMicroelectronics X-CUBE-ALGOBUILD 1.3.0
2024-01-17 11:52:00,221 [INFO] ThirdParty:1030 - CMSIS Pack Vendor :STMicroelectronics FreeRTOS 0.0.1
2024-01-17 11:52:00,221 [INFO] ThirdParty:1030 - CMSIS Pack Vendor :STMicroelectronics X-CUBE-AZRTOS-G0 1.1.0
2024-01-17 11:52:00,221 [INFO] ThirdParty:1030 - CMSIS Pack Vendor :STMicroelectronics X-CUBE-NFC4 3.0.0
2024-01-17 11:52:00,221 [INFO] ThirdParty:1030 - CMSIS Pack Vendor :STMicroelectronics X-CUBE-SUBG2 5.0.0
2024-01-17 11:52:00,221 [INFO] ThirdParty:1030 - CMSIS Pack Vendor :STMicroelectronics STM32_WPAN 1.0.0
2024-01-17 11:52:00,221 [INFO] ThirdParty:1030 - CMSIS Pack Vendor :STMicroelectronics lwIP 2.0.3
2024-01-17 11:52:00,221 [INFO] ThirdParty:1030 - CMSIS Pack Vendor :STMicroelectronics FP-SNS-FLIGHT1 5.0.2
2024-01-17 11:52:00,221 [INFO] ThirdParty:1030 - CMSIS Pack Vendor :STMicroelectronics USB_HOST 1.0.0
2024-01-17 11:52:00,221 [INFO] ThirdParty:1030 - CMSIS Pack Vendor :STMicroelectronics X-CUBE-AZRTOS-G4 2.0.0
2024-01-17 11:52:00,221 [INFO] ThirdParty:1030 - CMSIS Pack Vendor :STMicroelectronics PDM2PCM 3.1.0
2024-01-17 11:52:00,221 [INFO] ThirdParty:1030 - CMSIS Pack Vendor :STMicroelectronics X-CUBE-AZRTOS-H7 3.1.0
2024-01-17 11:52:00,221 [INFO] ThirdParty:1030 - CMSIS Pack Vendor :Infineon AIROC-Wi-Fi-Bluetooth-STM32 1.5.1
2024-01-17 11:52:00,221 [INFO] ThirdParty:1030 - CMSIS Pack Vendor :STMicroelectronics X-CUBE-BLEMGR 3.0.0
2024-01-17 11:52:00,221 [INFO] ThirdParty:1030 - CMSIS Pack Vendor :STMicroelectronics PDM2PCM 3.3.0
2024-01-17 11:52:00,221 [INFO] ThirdParty:1030 - CMSIS Pack Vendor :STMicroelectronics X-CUBE-DISPLAY 3.0.0
2024-01-17 11:52:00,221 [INFO] ThirdParty:1030 - CMSIS Pack Vendor :STMicroelectronics FP-SNS-MOTENVWB1 1.3.1
2024-01-17 11:52:00,221 [INFO] ThirdParty:1030 - CMSIS Pack Vendor :STMicroelectronics X-CUBE-BLE1 7.0.0
2024-01-17 11:52:00,221 [INFO] ThirdParty:1030 - CMSIS Pack Vendor :STMicroelectronics FP-ATR-SIGFOX1 3.2.0
2024-01-17 11:52:00,221 [INFO] ThirdParty:1030 - CMSIS Pack Vendor :STMicroelectronics X-CUBE-ISPU 2.0.0
2024-01-17 11:52:00,221 [INFO] ThirdParty:1030 - CMSIS Pack Vendor :STMicroelectronics HAL Drivers 0.0.0
2024-01-17 11:52:00,221 [INFO] ThirdParty:1030 - CMSIS Pack Vendor :STMicroelectronics MBEDTLS 2.16.2
2024-01-17 11:52:00,221 [INFO] ThirdParty:1030 - CMSIS Pack Vendor :emotas I-CUBE-CANOPEN 1.3.0
2024-01-17 11:52:00,221 [INFO] ThirdParty:1030 - CMSIS Pack Vendor :STMicroelectronics X-CUBE-MEMS1 10.0.0
2024-01-17 11:52:00,221 [INFO] ThirdParty:1030 - CMSIS Pack Vendor :STMicroelectronics X-CUBE-FREERTOS 1.1.0
2024-01-17 11:52:00,221 [INFO] ThirdParty:1030 - CMSIS Pack Vendor :STMicroelectronics X-CUBE-NFC7 1.0.1
2024-01-17 11:52:00,221 [INFO] ThirdParty:1030 - CMSIS Pack Vendor :STMicroelectronics MBEDTLS 2.14.1
2024-01-17 11:52:00,221 [INFO] ThirdParty:1030 - CMSIS Pack Vendor :STMicroelectronics X-CUBE-TOUCHGFX 4.22.1
2024-01-17 11:52:00,221 [INFO] ThirdParty:1030 - CMSIS Pack Vendor :STMicroelectronics X-CUBE-NFC6 3.0.0
2024-01-17 11:52:00,221 [INFO] ThirdParty:1030 - CMSIS Pack Vendor :portGmbH I-Cube-SoM-uGOAL 1.1.0
2024-01-17 11:52:00,221 [INFO] ThirdParty:1030 - CMSIS Pack Vendor :STMicroelectronics X-CUBE-ALS 1.0.1
2024-01-17 11:52:00,221 [INFO] ThirdParty:1030 - CMSIS Pack Vendor :STMicroelectronics ThreadX 1.0.0
2024-01-17 11:52:00,221 [INFO] ThirdParty:1030 - CMSIS Pack Vendor :STMicroelectronics FP-SNS-SMARTAG2 1.2.0
2024-01-17 11:52:00,221 [INFO] ThirdParty:1030 - CMSIS Pack Vendor :STMicroelectronics X-CUBE-AZRTOS-WL 2.0.0
2024-01-17 11:52:00,221 [INFO] ThirdParty:1030 - CMSIS Pack Vendor :STMicroelectronics USB_DEVICE 1.0.0
2024-01-17 11:52:00,221 [INFO] ThirdParty:1030 - CMSIS Pack Vendor :STMicroelectronics X-CUBE-AI 8.1.0
2024-01-17 11:52:00,221 [INFO] ThirdParty:1030 - CMSIS Pack Vendor :STMicroelectronics X-CUBE-AZRTOS-L4 2.0.0
2024-01-17 11:52:00,221 [INFO] ThirdParty:1030 - CMSIS Pack Vendor :STMicroelectronics ThreadX 0.0.2
2024-01-17 11:52:00,222 [INFO] ThirdParty:1030 - CMSIS Pack Vendor :WES I-CUBE-Cesium 1.3.0
2024-01-17 11:52:00,222 [INFO] ThirdParty:1030 - CMSIS Pack Vendor :STMicroelectronics FP-ATR-ASTRA1 2.0.0
2024-01-17 11:52:00,222 [INFO] ThirdParty:1030 - CMSIS Pack Vendor :STMicroelectronics lwIP 2.1.2
2024-01-17 11:52:00,222 [INFO] ThirdParty:1030 - CMSIS Pack Vendor :STMicroelectronics X-CUBE-SFXS2LP1 4.0.0
2024-01-17 11:52:00,222 [INFO] ThirdParty:1030 - CMSIS Pack Vendor :STMicroelectronics X-CUBE-BLE2 3.3.0
2024-01-17 11:52:00,222 [INFO] ThirdParty:1030 - CMSIS Pack Vendor :STMicroelectronics X-CUBE-TOF1 3.4.0
2024-01-17 11:52:00,222 [INFO] ThirdParty:1030 - CMSIS Pack Vendor :STMicroelectronics X-CUBE-AZRTOS-H7 3.2.0
2024-01-17 11:52:00,222 [INFO] ThirdParty:1030 - CMSIS Pack Vendor :STMicroelectronics PDM2PCM 3.2.0
2024-01-17 11:52:00,222 [INFO] ThirdParty:841 - exiting critical section [change project]
2024-01-17 11:52:00,273 [INFO] PinOutPanel:1499 - setPackage(No Configuration,No Configuration)
2024-01-17 11:52:00,274 [INFO] PinOutPanel:1499 - setPackage(STM32F042F4Px,TSSOP20)
2024-01-17 11:52:00,842 [INFO] UtilMem:75 - Before build in PCC Used Memory: 561302632 Bytes (979369984)
2024-01-17 11:52:00,964 [INFO] UtilMem:75 - After build in PCC Used Memory: 603245672 Bytes (979369984)
2024-01-17 11:52:00,975 [INFO] IPUIPlugin:80 - create IPUIPlugin
2024-01-17 11:52:00,975 [INFO] IPUIPlugin:80 - create IPUIPlugin
2024-01-17 11:52:00,975 [INFO] IPUIPlugin:80 - create IPUIPlugin
2024-01-17 11:52:00,975 [INFO] IPUIPlugin:80 - create IPUIPlugin
2024-01-17 11:52:00,976 [INFO] IPUIPlugin:80 - create IPUIPlugin
2024-01-17 11:52:00,976 [INFO] IPUIPlugin:80 - create IPUIPlugin
2024-01-17 11:52:00,976 [INFO] IPUIPlugin:80 - create IPUIPlugin
2024-01-17 11:52:00,976 [INFO] IPUIPlugin:80 - create IPUIPlugin
2024-01-17 11:52:00,976 [INFO] IPUIPlugin:80 - create IPUIPlugin
2024-01-17 11:52:00,976 [INFO] IPUIPlugin:80 - create IPUIPlugin
2024-01-17 11:52:00,976 [INFO] IPUIPlugin:80 - create IPUIPlugin
2024-01-17 11:52:00,976 [INFO] IPUIPlugin:80 - create IPUIPlugin
2024-01-17 11:52:00,976 [INFO] IPUIPlugin:80 - create IPUIPlugin
2024-01-17 11:52:00,976 [INFO] IPUIPlugin:80 - create IPUIPlugin
2024-01-17 11:52:00,976 [INFO] IPUIPlugin:80 - create IPUIPlugin
2024-01-17 11:52:00,976 [INFO] IPUIPlugin:80 - create IPUIPlugin
2024-01-17 11:52:00,977 [INFO] IPUIPlugin:80 - create IPUIPlugin
2024-01-17 11:52:00,977 [INFO] IPUIPlugin:80 - create IPUIPlugin
2024-01-17 11:52:00,977 [INFO] IPUIPlugin:80 - create IPUIPlugin
2024-01-17 11:52:00,977 [INFO] IPUIPlugin:80 - create IPUIPlugin
2024-01-17 11:52:00,977 [INFO] IPUIPlugin:80 - create IPUIPlugin
2024-01-17 11:52:00,977 [INFO] IPUIPlugin:80 - create IPUIPlugin
2024-01-17 11:52:00,978 [INFO] IPUIPlugin:80 - create IPUIPlugin
2024-01-17 11:52:00,978 [INFO] IPUIPlugin:80 - create IPUIPlugin
2024-01-17 11:52:00,978 [INFO] IPUIPlugin:80 - create IPUIPlugin
2024-01-17 11:52:00,978 [INFO] IPUIPlugin:80 - create IPUIPlugin
2024-01-17 11:52:00,978 [INFO] IPUIPlugin:80 - create IPUIPlugin
2024-01-17 11:52:00,978 [INFO] IPUIPlugin:80 - create IPUIPlugin
2024-01-17 11:52:00,978 [INFO] IPUIPlugin:80 - create IPUIPlugin
2024-01-17 11:52:00,978 [INFO] IPUIPlugin:80 - create IPUIPlugin
2024-01-17 11:52:01,004 [INFO] CADModel:165 - CPN selected for project levelSTM32F042F4P6
2024-01-17 11:52:01,005 [INFO] CADModel:114 - Register for checkConnection events
2024-01-17 11:52:01,074 [INFO] OpenFileManager:343 - Restore cursor
2024-01-17 11:53:18,032 [INFO] NvicIntPanel:101 - NVIC parent = com.st.microxplorer.plugins.ip.nvic.MultiNvicIntPanel[,0,0,0x0,invalid,layout=javax.swing.BoxLayout,alignmentX=0.0,alignmentY=0.0,border=,flags=9,maximumSize=,minimumSize=,preferredSize=]
2024-01-17 11:53:36,253 [INFO] UtilMem:75 - End SaveConfig() Used Memory: 913427384 Bytes (979369984)
2024-01-17 11:53:36,755 [INFO] UtilMem:75 - End SaveConfig() Used Memory: 939469120 Bytes (979369984)
2024-01-17 11:53:36,915 [INFO] BlockDiagram:2759 - set Specific Code input for plugin: NVIC
2024-01-17 11:53:36,915 [INFO] BlockDiagram:2759 - set Specific Code input for plugin: TIM1_8F0
2024-01-17 11:53:36,915 [INFO] BlockDiagram:2759 - set Specific Code input for plugin: SYS
2024-01-17 11:53:36,915 [INFO] BlockDiagram:2759 - set Specific Code input for plugin: GPIO
2024-01-17 11:53:36,915 [INFO] BlockDiagram:2759 - set Specific Code input for plugin: RCC
2024-01-17 11:53:36,916 [INFO] CodeGenerator:807 - code generatio: config db path: C:\ST\STM32CubeIDE_1.13.2\STM32CubeIDE\plugins\com.st.stm32cube.common.mx_6.10.0.202311202037\\db\
2024-01-17 11:53:37,076 [INFO] CodeEngine:255 - oldGeneratedFile, C:\Users\aleja\OneDrive\Escritorio\gettingStartedSTM\timerLed\MXTmpFiles\license.tmp_save
2024-01-17 11:53:37,181 [INFO] CodeEngine:279 - Generated code: C:\Users\aleja\OneDrive\Escritorio\gettingStartedSTM\timerLed\MXTmpFiles\license.tmp
2024-01-17 11:53:37,212 [INFO] CodeEngine:255 - oldGeneratedFile, C:\Users\aleja\OneDrive\Escritorio\gettingStartedSTM\timerLed\MXTmpFiles\gpio.tmp_save
2024-01-17 11:53:37,300 [INFO] CodeEngine:279 - Generated code: C:\Users\aleja\OneDrive\Escritorio\gettingStartedSTM\timerLed\MXTmpFiles\gpio.tmp
2024-01-17 11:53:37,398 [INFO] CodeEngine:255 - oldGeneratedFile, C:\Users\aleja\OneDrive\Escritorio\gettingStartedSTM\timerLed\Core\Src\stm32f0xx_it.c_save
2024-01-17 11:53:37,509 [INFO] CodeEngine:279 - Generated code: C:\Users\aleja\OneDrive\Escritorio\gettingStartedSTM\timerLed\Core\Src\stm32f0xx_it.c
2024-01-17 11:53:37,515 [INFO] CodeEngine:255 - oldGeneratedFile, C:\Users\aleja\OneDrive\Escritorio\gettingStartedSTM\timerLed\Core\Inc\stm32f0xx_it.h_save
2024-01-17 11:53:37,567 [INFO] CodeEngine:279 - Generated code: C:\Users\aleja\OneDrive\Escritorio\gettingStartedSTM\timerLed\Core\Inc\stm32f0xx_it.h
2024-01-17 11:53:37,603 [INFO] CodeEngine:255 - oldGeneratedFile, C:\Users\aleja\OneDrive\Escritorio\gettingStartedSTM\timerLed\Core\Src\stm32f0xx_hal_msp.c_save
2024-01-17 11:53:37,703 [INFO] CodeEngine:279 - Generated code: C:\Users\aleja\OneDrive\Escritorio\gettingStartedSTM\timerLed\Core\Src\stm32f0xx_hal_msp.c
2024-01-17 11:53:37,708 [INFO] CodeEngine:255 - oldGeneratedFile, C:\Users\aleja\OneDrive\Escritorio\gettingStartedSTM\timerLed\MXTmpFiles\system.tmp_save
2024-01-17 11:53:37,749 [INFO] CodeEngine:279 - Generated code: C:\Users\aleja\OneDrive\Escritorio\gettingStartedSTM\timerLed\MXTmpFiles\system.tmp
2024-01-17 11:53:37,772 [INFO] CodeEngine:311 - oldGeneratedFile, C:\Users\aleja\OneDrive\Escritorio\gettingStartedSTM\timerLed\Core\Inc\stm32f0xx_hal_conf.h_save
2024-01-17 11:53:37,936 [INFO] CodeEngine:335 - Generated code: C:\Users\aleja\OneDrive\Escritorio\gettingStartedSTM\timerLed\Core\Inc\stm32f0xx_hal_conf.h
2024-01-17 11:53:37,980 [WARN] IPConfigManager:3440 - IP not found : TIM
2024-01-17 11:53:37,981 [WARN] CodeGenerator:3939 - IP not found : null
2024-01-17 11:53:38,012 [INFO] CodeEngine:255 - oldGeneratedFile, C:\Users\aleja\OneDrive\Escritorio\gettingStartedSTM\timerLed\Core\Inc\main.h_save
2024-01-17 11:53:38,098 [INFO] CodeEngine:279 - Generated code: C:\Users\aleja\OneDrive\Escritorio\gettingStartedSTM\timerLed\Core\Inc\main.h
2024-01-17 11:53:38,119 [INFO] CodeEngine:255 - oldGeneratedFile, C:\Users\aleja\OneDrive\Escritorio\gettingStartedSTM\timerLed\Core\Src\main.c_save
2024-01-17 11:53:38,257 [INFO] CodeEngine:279 - Generated code: C:\Users\aleja\OneDrive\Escritorio\gettingStartedSTM\timerLed\Core\Src\main.c
2024-01-17 11:53:38,764 [INFO] ProjectBuilder:3076 - Time for Copy HAL[1] : 145mS.
2024-01-17 11:53:38,767 [INFO] ProjectBuilder:4485 - Project Generator version: 4.2.0-B44
2024-01-17 11:53:38,900 [INFO] ConfigFileManager:1495 - The Die is : DIE445
2024-01-17 11:53:38,904 [INFO] ApiDbMcu:508 - Load IP Config File for FATFS
2024-01-17 11:53:38,924 [INFO] ApiDbMcu:508 - Load IP Config File for FREERTOS
2024-01-17 11:53:39,049 [INFO] ApiDbMcu:508 - Load IP Config File for TOUCHSENSING
2024-01-17 11:53:39,067 [INFO] ApiDbMcu:508 - Load IP Config File for USB_DEVICE
2024-01-17 11:53:40,207 [INFO] ProjectBuilder:4747 - Time for Generating toolchain IDE Files: 1439mS.
2024-01-17 11:53:40,208 [INFO] ProjectBuilder:2947 - Time for Copy CMSIS : 1mS.
2024-01-17 11:53:40,213 [INFO] ProjectBuilder:2947 - Time for Copy CMSIS : 0mS.
2024-01-17 11:54:30,118 [INFO] NvicIntPanel:101 - NVIC parent = com.st.microxplorer.plugins.ip.nvic.MultiNvicIntPanel[,0,0,0x0,invalid,layout=javax.swing.BoxLayout,alignmentX=0.0,alignmentY=0.0,border=,flags=9,maximumSize=,minimumSize=,preferredSize=]
2024-01-17 11:54:39,768 [INFO] Gpio:277 - dependency for GPIO [RCC, SYS]
2024-01-17 11:54:48,506 [INFO] UtilMem:75 - End SaveConfig() Used Memory: 447071360 Bytes (954204160)
2024-01-17 11:54:48,800 [INFO] UtilMem:75 - End SaveConfig() Used Memory: 471188608 Bytes (954204160)
2024-01-17 11:54:48,915 [INFO] BlockDiagram:2759 - set Specific Code input for plugin: NVIC
2024-01-17 11:54:48,915 [INFO] BlockDiagram:2759 - set Specific Code input for plugin: TIM1_8F0
2024-01-17 11:54:48,915 [INFO] BlockDiagram:2759 - set Specific Code input for plugin: SYS
2024-01-17 11:54:48,915 [INFO] BlockDiagram:2759 - set Specific Code input for plugin: GPIO
2024-01-17 11:54:48,915 [INFO] BlockDiagram:2759 - set Specific Code input for plugin: RCC
2024-01-17 11:54:48,916 [INFO] CodeGenerator:807 - code generatio: config db path: C:\ST\STM32CubeIDE_1.13.2\STM32CubeIDE\plugins\com.st.stm32cube.common.mx_6.10.0.202311202037\\db\
2024-01-17 11:54:49,004 [INFO] CodeEngine:255 - oldGeneratedFile, C:\Users\aleja\OneDrive\Escritorio\gettingStartedSTM\timerLed\MXTmpFiles\license.tmp_save
2024-01-17 11:54:49,108 [INFO] CodeEngine:279 - Generated code: C:\Users\aleja\OneDrive\Escritorio\gettingStartedSTM\timerLed\MXTmpFiles\license.tmp
2024-01-17 11:54:49,123 [INFO] CodeEngine:255 - oldGeneratedFile, C:\Users\aleja\OneDrive\Escritorio\gettingStartedSTM\timerLed\MXTmpFiles\gpio.tmp_save
2024-01-17 11:54:49,301 [INFO] CodeEngine:279 - Generated code: C:\Users\aleja\OneDrive\Escritorio\gettingStartedSTM\timerLed\MXTmpFiles\gpio.tmp
2024-01-17 11:54:49,354 [INFO] CodeEngine:255 - oldGeneratedFile, C:\Users\aleja\OneDrive\Escritorio\gettingStartedSTM\timerLed\Core\Src\stm32f0xx_it.c_save
2024-01-17 11:54:49,449 [INFO] CodeEngine:279 - Generated code: C:\Users\aleja\OneDrive\Escritorio\gettingStartedSTM\timerLed\Core\Src\stm32f0xx_it.c
2024-01-17 11:54:49,455 [INFO] CodeEngine:255 - oldGeneratedFile, C:\Users\aleja\OneDrive\Escritorio\gettingStartedSTM\timerLed\Core\Inc\stm32f0xx_it.h_save
2024-01-17 11:54:49,516 [INFO] CodeEngine:279 - Generated code: C:\Users\aleja\OneDrive\Escritorio\gettingStartedSTM\timerLed\Core\Inc\stm32f0xx_it.h
2024-01-17 11:54:49,546 [INFO] CodeEngine:255 - oldGeneratedFile, C:\Users\aleja\OneDrive\Escritorio\gettingStartedSTM\timerLed\Core\Src\stm32f0xx_hal_msp.c_save
2024-01-17 11:54:49,664 [INFO] CodeEngine:279 - Generated code: C:\Users\aleja\OneDrive\Escritorio\gettingStartedSTM\timerLed\Core\Src\stm32f0xx_hal_msp.c
2024-01-17 11:54:49,671 [INFO] CodeEngine:255 - oldGeneratedFile, C:\Users\aleja\OneDrive\Escritorio\gettingStartedSTM\timerLed\MXTmpFiles\system.tmp_save
2024-01-17 11:54:49,729 [INFO] CodeEngine:279 - Generated code: C:\Users\aleja\OneDrive\Escritorio\gettingStartedSTM\timerLed\MXTmpFiles\system.tmp
2024-01-17 11:54:49,758 [INFO] CodeEngine:311 - oldGeneratedFile, C:\Users\aleja\OneDrive\Escritorio\gettingStartedSTM\timerLed\Core\Inc\stm32f0xx_hal_conf.h_save
2024-01-17 11:54:49,871 [INFO] CodeEngine:335 - Generated code: C:\Users\aleja\OneDrive\Escritorio\gettingStartedSTM\timerLed\Core\Inc\stm32f0xx_hal_conf.h
2024-01-17 11:54:49,892 [WARN] IPConfigManager:3440 - IP not found : TIM
2024-01-17 11:54:49,892 [WARN] CodeGenerator:3939 - IP not found : null
2024-01-17 11:54:49,911 [INFO] CodeEngine:255 - oldGeneratedFile, C:\Users\aleja\OneDrive\Escritorio\gettingStartedSTM\timerLed\Core\Inc\main.h_save
2024-01-17 11:54:50,001 [INFO] CodeEngine:279 - Generated code: C:\Users\aleja\OneDrive\Escritorio\gettingStartedSTM\timerLed\Core\Inc\main.h
2024-01-17 11:54:50,022 [INFO] CodeEngine:255 - oldGeneratedFile, C:\Users\aleja\OneDrive\Escritorio\gettingStartedSTM\timerLed\Core\Src\main.c_save
2024-01-17 11:54:50,129 [INFO] CodeEngine:279 - Generated code: C:\Users\aleja\OneDrive\Escritorio\gettingStartedSTM\timerLed\Core\Src\main.c
2024-01-17 11:54:50,613 [INFO] ProjectBuilder:3076 - Time for Copy HAL[1] : 162mS.
2024-01-17 11:54:50,615 [INFO] ProjectBuilder:4485 - Project Generator version: 4.2.0-B44
2024-01-17 11:54:50,750 [INFO] ConfigFileManager:1495 - The Die is : DIE445
2024-01-17 11:54:52,152 [INFO] ProjectBuilder:4747 - Time for Generating toolchain IDE Files: 1537mS.
2024-01-17 11:54:52,154 [INFO] ProjectBuilder:2947 - Time for Copy CMSIS : 1mS.
2024-01-17 11:54:52,158 [INFO] ProjectBuilder:2947 - Time for Copy CMSIS : 0mS.
2024-01-17 11:54:52,413 [INFO] UtilMem:75 - End SaveConfig() Used Memory: 303140896 Bytes (1002438656)
2024-01-17 11:54:52,882 [INFO] BlockDiagram:2759 - set Specific Code input for plugin: NVIC
2024-01-17 11:54:52,882 [INFO] BlockDiagram:2759 - set Specific Code input for plugin: TIM1_8F0
2024-01-17 11:54:52,882 [INFO] BlockDiagram:2759 - set Specific Code input for plugin: SYS
2024-01-17 11:54:52,882 [INFO] BlockDiagram:2759 - set Specific Code input for plugin: GPIO
2024-01-17 11:54:52,882 [INFO] BlockDiagram:2759 - set Specific Code input for plugin: RCC
2024-01-17 11:54:52,883 [INFO] CodeGenerator:807 - code generatio: config db path: C:\ST\STM32CubeIDE_1.13.2\STM32CubeIDE\plugins\com.st.stm32cube.common.mx_6.10.0.202311202037\\db\
2024-01-17 11:54:53,148 [INFO] CodeEngine:255 - oldGeneratedFile, C:\Users\aleja\OneDrive\Escritorio\gettingStartedSTM\timerLed\MXTmpFiles\license.tmp_save
2024-01-17 11:54:53,239 [INFO] CodeEngine:279 - Generated code: C:\Users\aleja\OneDrive\Escritorio\gettingStartedSTM\timerLed\MXTmpFiles\license.tmp
2024-01-17 11:54:53,250 [INFO] CodeEngine:255 - oldGeneratedFile, C:\Users\aleja\OneDrive\Escritorio\gettingStartedSTM\timerLed\MXTmpFiles\gpio.tmp_save
2024-01-17 11:54:53,349 [INFO] CodeEngine:279 - Generated code: C:\Users\aleja\OneDrive\Escritorio\gettingStartedSTM\timerLed\MXTmpFiles\gpio.tmp
2024-01-17 11:54:53,392 [INFO] CodeEngine:255 - oldGeneratedFile, C:\Users\aleja\OneDrive\Escritorio\gettingStartedSTM\timerLed\Core\Src\stm32f0xx_it.c_save
2024-01-17 11:54:53,476 [INFO] CodeEngine:279 - Generated code: C:\Users\aleja\OneDrive\Escritorio\gettingStartedSTM\timerLed\Core\Src\stm32f0xx_it.c
2024-01-17 11:54:53,482 [INFO] CodeEngine:255 - oldGeneratedFile, C:\Users\aleja\OneDrive\Escritorio\gettingStartedSTM\timerLed\Core\Inc\stm32f0xx_it.h_save
2024-01-17 11:54:53,532 [INFO] CodeEngine:279 - Generated code: C:\Users\aleja\OneDrive\Escritorio\gettingStartedSTM\timerLed\Core\Inc\stm32f0xx_it.h
2024-01-17 11:54:53,556 [INFO] CodeEngine:255 - oldGeneratedFile, C:\Users\aleja\OneDrive\Escritorio\gettingStartedSTM\timerLed\Core\Src\stm32f0xx_hal_msp.c_save
2024-01-17 11:54:53,632 [INFO] CodeEngine:279 - Generated code: C:\Users\aleja\OneDrive\Escritorio\gettingStartedSTM\timerLed\Core\Src\stm32f0xx_hal_msp.c
2024-01-17 11:54:53,637 [INFO] CodeEngine:255 - oldGeneratedFile, C:\Users\aleja\OneDrive\Escritorio\gettingStartedSTM\timerLed\MXTmpFiles\system.tmp_save
2024-01-17 11:54:53,680 [INFO] CodeEngine:279 - Generated code: C:\Users\aleja\OneDrive\Escritorio\gettingStartedSTM\timerLed\MXTmpFiles\system.tmp
2024-01-17 11:54:53,710 [INFO] CodeEngine:311 - oldGeneratedFile, C:\Users\aleja\OneDrive\Escritorio\gettingStartedSTM\timerLed\Core\Inc\stm32f0xx_hal_conf.h_save
2024-01-17 11:54:53,821 [INFO] CodeEngine:335 - Generated code: C:\Users\aleja\OneDrive\Escritorio\gettingStartedSTM\timerLed\Core\Inc\stm32f0xx_hal_conf.h
2024-01-17 11:54:53,844 [WARN] IPConfigManager:3440 - IP not found : TIM
2024-01-17 11:54:53,844 [WARN] CodeGenerator:3939 - IP not found : null
2024-01-17 11:54:53,867 [INFO] CodeEngine:255 - oldGeneratedFile, C:\Users\aleja\OneDrive\Escritorio\gettingStartedSTM\timerLed\Core\Inc\main.h_save
2024-01-17 11:54:53,949 [INFO] CodeEngine:279 - Generated code: C:\Users\aleja\OneDrive\Escritorio\gettingStartedSTM\timerLed\Core\Inc\main.h
2024-01-17 11:54:53,972 [INFO] CodeEngine:255 - oldGeneratedFile, C:\Users\aleja\OneDrive\Escritorio\gettingStartedSTM\timerLed\Core\Src\main.c_save
2024-01-17 11:54:54,042 [INFO] CodeEngine:279 - Generated code: C:\Users\aleja\OneDrive\Escritorio\gettingStartedSTM\timerLed\Core\Src\main.c
2024-01-17 11:54:54,716 [INFO] ProjectBuilder:3076 - Time for Copy HAL[1] : 260mS.
2024-01-17 11:54:54,719 [INFO] ProjectBuilder:4485 - Project Generator version: 4.2.0-B44
2024-01-17 11:54:54,849 [INFO] ConfigFileManager:1495 - The Die is : DIE445
2024-01-17 11:54:56,033 [INFO] ProjectBuilder:4747 - Time for Generating toolchain IDE Files: 1314mS.
2024-01-17 11:54:56,037 [INFO] ProjectBuilder:2947 - Time for Copy CMSIS : 3mS.
2024-01-17 11:54:56,042 [INFO] ProjectBuilder:2947 - Time for Copy CMSIS : 1mS.
2024-01-17 12:06:00,613 [INFO] Gpio:277 - dependency for GPIO [RCC, SYS]
2024-01-17 12:06:00,655 [INFO] NvicIntPanel:101 - NVIC parent = com.st.microxplorer.plugins.ip.nvic.MultiNvicIntPanel[,0,0,0x0,invalid,layout=javax.swing.BoxLayout,alignmentX=0.0,alignmentY=0.0,border=,flags=9,maximumSize=,minimumSize=,preferredSize=]
2024-01-17 12:06:35,250 [INFO] UtilMem:75 - End SaveConfig() Used Memory: 565651472 Bytes (888143872)
2024-01-17 12:06:35,336 [INFO] UtilMem:75 - End SaveConfig() Used Memory: 578760720 Bytes (888143872)
2024-01-17 12:06:35,837 [INFO] UtilMem:75 - End SaveConfig() Used Memory: 606023696 Bytes (888143872)
2024-01-17 12:06:35,945 [INFO] BlockDiagram:2759 - set Specific Code input for plugin: NVIC
2024-01-17 12:06:35,945 [INFO] BlockDiagram:2759 - set Specific Code input for plugin: TIM1_8F0
2024-01-17 12:06:35,945 [INFO] BlockDiagram:2759 - set Specific Code input for plugin: SYS
2024-01-17 12:06:35,946 [INFO] BlockDiagram:2759 - set Specific Code input for plugin: GPIO
2024-01-17 12:06:35,946 [INFO] BlockDiagram:2759 - set Specific Code input for plugin: RCC
2024-01-17 12:06:35,946 [INFO] CodeGenerator:807 - code generatio: config db path: C:\ST\STM32CubeIDE_1.13.2\STM32CubeIDE\plugins\com.st.stm32cube.common.mx_6.10.0.202311202037\\db\
2024-01-17 12:06:36,103 [INFO] CodeEngine:255 - oldGeneratedFile, C:\Users\aleja\OneDrive\Escritorio\gettingStartedSTM\timerLed\MXTmpFiles\license.tmp_save
2024-01-17 12:06:36,201 [INFO] CodeEngine:279 - Generated code: C:\Users\aleja\OneDrive\Escritorio\gettingStartedSTM\timerLed\MXTmpFiles\license.tmp
2024-01-17 12:06:36,227 [INFO] CodeEngine:255 - oldGeneratedFile, C:\Users\aleja\OneDrive\Escritorio\gettingStartedSTM\timerLed\MXTmpFiles\gpio.tmp_save
2024-01-17 12:06:36,362 [INFO] CodeEngine:279 - Generated code: C:\Users\aleja\OneDrive\Escritorio\gettingStartedSTM\timerLed\MXTmpFiles\gpio.tmp
2024-01-17 12:06:36,433 [INFO] CodeEngine:255 - oldGeneratedFile, C:\Users\aleja\OneDrive\Escritorio\gettingStartedSTM\timerLed\Core\Src\stm32f0xx_it.c_save
2024-01-17 12:06:36,597 [INFO] CodeEngine:279 - Generated code: C:\Users\aleja\OneDrive\Escritorio\gettingStartedSTM\timerLed\Core\Src\stm32f0xx_it.c
2024-01-17 12:06:36,638 [INFO] CodeEngine:255 - oldGeneratedFile, C:\Users\aleja\OneDrive\Escritorio\gettingStartedSTM\timerLed\Core\Inc\stm32f0xx_it.h_save
2024-01-17 12:06:36,782 [INFO] CodeEngine:279 - Generated code: C:\Users\aleja\OneDrive\Escritorio\gettingStartedSTM\timerLed\Core\Inc\stm32f0xx_it.h
2024-01-17 12:06:36,834 [INFO] CodeEngine:255 - oldGeneratedFile, C:\Users\aleja\OneDrive\Escritorio\gettingStartedSTM\timerLed\Core\Src\stm32f0xx_hal_msp.c_save
2024-01-17 12:06:37,054 [INFO] CodeEngine:279 - Generated code: C:\Users\aleja\OneDrive\Escritorio\gettingStartedSTM\timerLed\Core\Src\stm32f0xx_hal_msp.c
2024-01-17 12:06:37,064 [INFO] CodeEngine:255 - oldGeneratedFile, C:\Users\aleja\OneDrive\Escritorio\gettingStartedSTM\timerLed\MXTmpFiles\system.tmp_save
2024-01-17 12:06:37,126 [INFO] CodeEngine:279 - Generated code: C:\Users\aleja\OneDrive\Escritorio\gettingStartedSTM\timerLed\MXTmpFiles\system.tmp
2024-01-17 12:06:37,153 [INFO] CodeEngine:311 - oldGeneratedFile, C:\Users\aleja\OneDrive\Escritorio\gettingStartedSTM\timerLed\Core\Inc\stm32f0xx_hal_conf.h_save
2024-01-17 12:06:37,255 [INFO] CodeEngine:335 - Generated code: C:\Users\aleja\OneDrive\Escritorio\gettingStartedSTM\timerLed\Core\Inc\stm32f0xx_hal_conf.h
2024-01-17 12:06:37,275 [WARN] IPConfigManager:3440 - IP not found : TIM
2024-01-17 12:06:37,275 [WARN] CodeGenerator:3939 - IP not found : null
2024-01-17 12:06:37,309 [INFO] CodeEngine:255 - oldGeneratedFile, C:\Users\aleja\OneDrive\Escritorio\gettingStartedSTM\timerLed\Core\Inc\main.h_save
2024-01-17 12:06:37,444 [INFO] CodeEngine:279 - Generated code: C:\Users\aleja\OneDrive\Escritorio\gettingStartedSTM\timerLed\Core\Inc\main.h
2024-01-17 12:06:37,487 [INFO] CodeEngine:255 - oldGeneratedFile, C:\Users\aleja\OneDrive\Escritorio\gettingStartedSTM\timerLed\Core\Src\main.c_save
2024-01-17 12:06:37,644 [INFO] CodeEngine:279 - Generated code: C:\Users\aleja\OneDrive\Escritorio\gettingStartedSTM\timerLed\Core\Src\main.c
2024-01-17 12:06:38,226 [INFO] ProjectBuilder:3076 - Time for Copy HAL[1] : 252mS.
2024-01-17 12:06:38,229 [INFO] ProjectBuilder:4485 - Project Generator version: 4.2.0-B44
2024-01-17 12:06:38,385 [INFO] ConfigFileManager:1495 - The Die is : DIE445
2024-01-17 12:06:39,714 [INFO] ProjectBuilder:4747 - Time for Generating toolchain IDE Files: 1485mS.
2024-01-17 12:06:39,715 [INFO] ProjectBuilder:2947 - Time for Copy CMSIS : 1mS.
2024-01-17 12:06:39,721 [INFO] ProjectBuilder:2947 - Time for Copy CMSIS : 0mS.
2024-01-17 12:06:40,130 [INFO] MainUpdater:2873 - connection check result : 10
2024-01-17 12:06:40,130 [INFO] MainUpdater:2873 - connection check result : 10
2024-01-17 12:06:40,148 [INFO] MicroXplorer:468 - Change Database Path : 
2024-01-17 12:06:40,148 [INFO] MicroXplorer:498 - Change Database Version : DB.6.0.100
2024-01-17 12:06:40,161 [ERROR] ProjectManagerView:394 - 
java.lang.NullPointerException: Cannot invoke "javax.swing.JTextField.getText()" because the return value of "java.util.List.get(int)" is null
	at com.st.microxplorer.plugins.projectmanager.gui.ProjectChoiceTab$10.caretUpdate(ProjectChoiceTab.java:2493) ~[filemanager.jar:?]
	at javax.swing.text.JTextComponent.fireCaretUpdate(JTextComponent.java:412) ~[?:?]
	at javax.swing.text.JTextComponent$MutableCaretEvent.fire(JTextComponent.java:4491) ~[?:?]
	at javax.swing.text.JTextComponent$MutableCaretEvent.stateChanged(JTextComponent.java:4513) ~[?:?]
	at javax.swing.text.DefaultCaret.fireStateChanged(DefaultCaret.java:842) ~[?:?]
	at javax.swing.text.DefaultCaret.changeCaretPosition(DefaultCaret.java:1313) ~[?:?]
	at javax.swing.text.DefaultCaret.handleSetDot(DefaultCaret.java:1212) ~[?:?]
	at javax.swing.text.DefaultCaret.setDot(DefaultCaret.java:1193) ~[?:?]
	at javax.swing.text.DefaultCaret$Handler.insertUpdate(DefaultCaret.java:1789) ~[?:?]
	at javax.swing.text.AbstractDocument.fireInsertUpdate(AbstractDocument.java:226) ~[?:?]
	at javax.swing.text.AbstractDocument.handleInsertString(AbstractDocument.java:780) ~[?:?]
	at javax.swing.text.AbstractDocument.insertString(AbstractDocument.java:739) ~[?:?]
	at javax.swing.text.PlainDocument.insertString(PlainDocument.java:131) ~[?:?]
	at javax.swing.text.AbstractDocument.replace(AbstractDocument.java:698) ~[?:?]
	at javax.swing.text.JTextComponent.setText(JTextComponent.java:1729) ~[?:?]
	at com.st.microxplorer.plugins.projectmanager.gui.ProjectChoiceTab.createHeapStackFields(ProjectChoiceTab.java:933) ~[filemanager.jar:?]
	at com.st.microxplorer.plugins.projectmanager.gui.ProjectChoiceTab.buildLinkSettingsPanel(ProjectChoiceTab.java:3426) ~[filemanager.jar:?]
	at com.st.microxplorer.plugins.projectmanager.gui.ProjectChoiceTab.defineWindowsFields(ProjectChoiceTab.java:1813) ~[filemanager.jar:?]
	at com.st.microxplorer.plugins.projectmanager.gui.ProjectChoiceTab.updateSettings(ProjectChoiceTab.java:533) ~[filemanager.jar:?]
	at com.st.microxplorer.plugins.projectmanager.gui.ProjectSettingsPanel.UpdateDialog(ProjectSettingsPanel.java:244) ~[filemanager.jar:?]
	at com.st.microxplorer.plugins.projectmanager.ProjectManagerView.propertyChange(ProjectManagerView.java:391) ~[filemanager.jar:?]
	at java.beans.PropertyChangeSupport.fire(PropertyChangeSupport.java:343) ~[?:?]
	at java.beans.PropertyChangeSupport.firePropertyChange(PropertyChangeSupport.java:335) ~[?:?]
	at java.beans.PropertyChangeSupport.firePropertyChange(PropertyChangeSupport.java:268) ~[?:?]
	at com.st.microxplorer.util.MXPropertyChangeSupport.firePropertyChange(MXPropertyChangeSupport.java:54) ~[STM32CubeMX.jar:?]
	at com.st.microxplorer.mxsystem.MxSystem.closeConfig(MxSystem.java:900) ~[STM32CubeMX.jar:?]
	at com.st.microxplorer.maingui.MainPanel.closeConfig(MainPanel.java:776) ~[STM32CubeMX.jar:?]
	at com.st.microxplorer.plugins.filemanager.engine.OpenFileManager.loadConfigurationFile(OpenFileManager.java:245) ~[filemanager.jar:?]
	at com.st.microxplorer.plugins.filemanager.engine.MainFileManager.userLoadConfig(MainFileManager.java:290) ~[filemanager.jar:?]
	at com.st.microxplorer.plugins.filemanager.FileManagerView.getSpecificTask(FileManagerView.java:247) ~[filemanager.jar:?]
	at com.st.stm32cube.common.mx.editor.CubeMxEditor.getMxTabbedPaneInstance(CubeMxEditor.java:1184) ~[com.st.stm32cube.common.mx_6.10.0.202311202037/:?]
	at com.st.stm32cube.common.mx.editor.CubeMxEditor$12$1.createSwingComponent(CubeMxEditor.java:1065) ~[com.st.stm32cube.common.mx_6.10.0.202311202037/:?]
	at com.st.stm32cube.common.mx.oss.core.awtswtbridge.EmbeddedSwingComposite.doComponentCreation(EmbeddedSwingComposite.java:492) ~[com.st.stm32cube.common.mx.oss_6.10.0.202311202037/:?]
	at com.st.stm32cube.common.mx.oss.core.awtswtbridge.EmbeddedSwingComposite$4.run(EmbeddedSwingComposite.java:291) ~[com.st.stm32cube.common.mx.oss_6.10.0.202311202037/:?]
	at com.st.stm32cube.common.mx.oss.core.awtswtbridge.AwtEnvironment$2.run(AwtEnvironment.java:166) ~[com.st.stm32cube.common.mx.oss_6.10.0.202311202037/:?]
	at java.awt.event.InvocationEvent.dispatch(InvocationEvent.java:318) ~[?:?]
	at java.awt.EventQueue.dispatchEventImpl(EventQueue.java:773) ~[?:?]
	at java.awt.EventQueue$4.run(EventQueue.java:720) ~[?:?]
	at java.awt.EventQueue$4.run(EventQueue.java:714) ~[?:?]
	at java.security.AccessController.doPrivileged(AccessController.java:399) ~[?:?]
	at java.security.ProtectionDomain$JavaSecurityAccessImpl.doIntersectionPrivilege(ProtectionDomain.java:86) ~[?:?]
	at java.awt.EventQueue.dispatchEvent(EventQueue.java:742) ~[?:?]
	at java.awt.EventDispatchThread.pumpOneEventForFilters(EventDispatchThread.java:203) ~[?:?]
	at java.awt.EventDispatchThread.pumpEventsForFilter(EventDispatchThread.java:124) ~[?:?]
	at java.awt.EventDispatchThread.pumpEventsForHierarchy(EventDispatchThread.java:113) ~[?:?]
	at java.awt.EventDispatchThread.pumpEvents(EventDispatchThread.java:109) ~[?:?]
	at java.awt.EventDispatchThread.pumpEvents(EventDispatchThread.java:101) ~[?:?]
	at java.awt.EventDispatchThread.run(EventDispatchThread.java:90) ~[?:?]
2024-01-17 12:06:40,162 [WARN] ThirdParty:871 - waiting for thirdparty lock release [close project]
2024-01-17 12:06:40,162 [INFO] ThirdParty:873 - entering critical section [close project]
2024-01-17 12:06:40,162 [INFO] ThirdParty:883 - exiting critical section [close project]
2024-01-17 12:06:40,163 [INFO] PinOutPanel:1499 - setPackage(No Configuration,No Configuration)
2024-01-17 12:06:40,165 [INFO] UtilMem:75 - Begin LoadConfig() Used Memory: 491289888 Bytes (982515712)
2024-01-17 12:06:40,165 [INFO] MicroXplorer:468 - Change Database Path : 
2024-01-17 12:06:40,165 [INFO] MicroXplorer:498 - Change Database Version : DB.6.0.100
2024-01-17 12:06:40,165 [INFO] OpenFileManager:312 - Change cursor
2024-01-17 12:06:40,184 [INFO] RulesReader:64 - Compatibility file has been processed (297 Rules)
2024-01-17 12:06:40,195 [INFO] Mcu:2016 - Initializing MCU STM32F042F4Px STM32F042F4Px STM32F042F4P6
2024-01-17 12:06:40,938 [INFO] Context:659 - Trying to add GPIOservice into a context  which must be forbidden
2024-01-17 12:06:41,127 [INFO] RtosManager:555 - Registered RTOS mode: class=CMSIS, group=RTOS, mode=CMSIS_V1, owner=FREERTOS
2024-01-17 12:06:41,127 [INFO] RtosManager:555 - Registered RTOS mode: class=CMSIS, group=RTOS2, mode=CMSIS_V2, owner=FREERTOS
2024-01-17 12:06:41,127 [INFO] RtosManager:555 - Registered RTOS mode: class=RTOS, group=Core, mode=CMSIS_V1, owner=FREERTOS
2024-01-17 12:06:41,127 [INFO] RtosManager:555 - Registered RTOS mode: class=RTOS, group=Core, mode=CMSIS_V2, owner=FREERTOS
2024-01-17 12:06:41,127 [WARN] ModelIntegratedComponent:184 - Missing modes for component STMicroelectronics:FreeRTOS:0.0.1:STMicroelectronics:RTOS:FreeRTOS:Core:::10.2.0:
2024-01-17 12:06:41,132 [WARN] ModelIntegratedComponent:63 - No mode defined for component null
2024-01-17 12:06:41,132 [WARN] ModelIntegratedComponent:63 - No mode defined for component null
2024-01-17 12:06:41,132 [WARN] ModelIntegratedComponent:63 - No mode defined for component null
2024-01-17 12:06:41,132 [WARN] ModelIntegratedComponent:63 - No mode defined for component null
2024-01-17 12:06:41,132 [WARN] ModelIntegratedComponent:63 - No mode defined for component null
2024-01-17 12:06:41,132 [WARN] ModelIntegratedComponent:63 - No mode defined for component null
2024-01-17 12:06:41,132 [WARN] ModelIntegratedComponent:63 - No mode defined for component null
2024-01-17 12:06:41,132 [WARN] ModelIntegratedComponent:63 - No mode defined for component null
2024-01-17 12:06:41,132 [WARN] ModelIntegratedComponent:63 - No mode defined for component null
2024-01-17 12:06:41,132 [WARN] ModelIntegratedComponent:63 - No mode defined for component null
2024-01-17 12:06:41,132 [WARN] ModelIntegratedComponent:63 - No mode defined for component null
2024-01-17 12:06:41,132 [WARN] ModelIntegratedComponent:63 - No mode defined for component null
2024-01-17 12:06:41,132 [WARN] ModelIntegratedComponent:63 - No mode defined for component null
2024-01-17 12:06:41,132 [WARN] ModelIntegratedComponent:63 - No mode defined for component null
2024-01-17 12:06:41,132 [WARN] ModelIntegratedComponent:63 - No mode defined for component null
2024-01-17 12:06:41,132 [WARN] ModelIntegratedComponent:63 - No mode defined for component null
2024-01-17 12:06:41,132 [WARN] ModelIntegratedComponent:63 - No mode defined for component null
2024-01-17 12:06:41,132 [WARN] ModelIntegratedComponent:63 - No mode defined for component null
2024-01-17 12:06:41,132 [WARN] ModelIntegratedComponent:63 - No mode defined for component null
2024-01-17 12:06:41,132 [WARN] ModelIntegratedComponent:63 - No mode defined for component null
2024-01-17 12:06:41,132 [WARN] ModelIntegratedComponent:63 - No mode defined for component null
2024-01-17 12:06:41,132 [WARN] ModelIntegratedComponent:63 - No mode defined for component null
2024-01-17 12:06:41,132 [WARN] ModelIntegratedComponent:63 - No mode defined for component null
2024-01-17 12:06:41,132 [WARN] ModelIntegratedComponent:63 - No mode defined for component null
2024-01-17 12:06:41,132 [WARN] ModelIntegratedComponent:63 - No mode defined for component null
2024-01-17 12:06:41,132 [WARN] ModelIntegratedComponent:63 - No mode defined for component null
2024-01-17 12:06:41,132 [WARN] ModelIntegratedComponent:63 - No mode defined for component null
2024-01-17 12:06:41,132 [WARN] ModelIntegratedComponent:63 - No mode defined for component null
2024-01-17 12:06:41,132 [WARN] ModelIntegratedComponent:63 - No mode defined for component null
2024-01-17 12:06:41,132 [WARN] ModelIntegratedComponent:63 - No mode defined for component null
2024-01-17 12:06:41,132 [WARN] ModelIntegratedComponent:63 - No mode defined for component null
2024-01-17 12:06:41,132 [WARN] ModelIntegratedComponent:63 - No mode defined for component null
2024-01-17 12:06:41,132 [WARN] ModelIntegratedComponent:63 - No mode defined for component null
2024-01-17 12:06:41,195 [INFO] ThirdPartyModel:298 - Start build external matchings
2024-01-17 12:06:41,346 [INFO] ThirdPartyModel:316 - End build external matchings
2024-01-17 12:06:41,350 [INFO] ImportTextPane:194 - (OptionalMessage_ERROR) IP (DMA) : Parameter (Instance) has Id (ADC) currently not set
2024-01-17 12:06:41,350 [INFO] ImportTextPane:194 - (OptionalMessage_ERROR) IP (DMA) : Parameter (Direction) has Id (ADC) currently not set
2024-01-17 12:06:41,350 [INFO] ImportTextPane:194 - (OptionalMessage_ERROR) IP (DMA) : Parameter (PeriphInc) has Id (ADC) currently not set
2024-01-17 12:06:41,350 [INFO] ImportTextPane:194 - (OptionalMessage_ERROR) IP (DMA) : Parameter (MemInc) has Id (ADC) currently not set
2024-01-17 12:06:41,350 [INFO] ImportTextPane:194 - (OptionalMessage_ERROR) IP (DMA) : Parameter (PeriphDataAlignment) has Id (ADC) currently not set
2024-01-17 12:06:41,350 [INFO] ImportTextPane:194 - (OptionalMessage_ERROR) IP (DMA) : Parameter (MemDataAlignment) has Id (ADC) currently not set
2024-01-17 12:06:41,350 [INFO] ImportTextPane:194 - (OptionalMessage_ERROR) IP (DMA) : Parameter (Mode) has Id (ADC) currently not set
2024-01-17 12:06:41,350 [INFO] ImportTextPane:194 - (OptionalMessage_ERROR) IP (DMA) : Parameter (Priority) has Id (ADC) currently not set
2024-01-17 12:06:41,351 [INFO] ImportTextPane:194 - (OptionalMessage_ERROR) IP (RCC) : Invalid parameter (FamilyName)
2024-01-17 12:06:41,351 [INFO] ImportTextPane:194 - (OptionalMessage_ERROR) IP (RCC) : Invalid parameter (HSICECFreq_Value)
2024-01-17 12:06:41,490 [INFO] UtilMem:75 - End LoadConfig() Used Memory: 487105000 Bytes (982515712)
2024-01-17 12:06:41,563 [INFO] MicroXplorer:468 - Change Database Path : 
2024-01-17 12:06:41,563 [INFO] MicroXplorer:498 - Change Database Version : DB.6.0.100
2024-01-17 12:06:41,564 [WARN] ThirdParty:833 - waiting for thirdparty lock release [change project]
2024-01-17 12:06:41,564 [INFO] ThirdParty:835 - entering critical section [change project]
2024-01-17 12:06:41,564 [INFO] ThirdParty:1030 - CMSIS Pack Vendor :STMicroelectronics X-CUBE-ISPU 1.1.0
2024-01-17 12:06:41,564 [INFO] ThirdParty:1030 - CMSIS Pack Vendor :STMicroelectronics USBPD 4.1
2024-01-17 12:06:41,564 [INFO] ThirdParty:1030 - CMSIS Pack Vendor :STMicroelectronics X-CUBE-GNSS1 6.0.0
2024-01-17 12:06:41,564 [INFO] ThirdParty:1030 - CMSIS Pack Vendor :STMicroelectronics USB_HOST 2.0.0
2024-01-17 12:06:41,564 [INFO] ThirdParty:1030 - CMSIS Pack Vendor :STMicroelectronics X-CUBE-AZRTOS-F4 1.1.0
2024-01-17 12:06:41,564 [INFO] ThirdParty:1030 - CMSIS Pack Vendor :STMicroelectronics LIBJPEG 8.0.0
2024-01-17 12:06:41,564 [INFO] ThirdParty:1030 - CMSIS Pack Vendor :wolfSSL I-CUBE-wolfSSL 5.6.4
2024-01-17 12:06:41,564 [INFO] ThirdParty:1030 - CMSIS Pack Vendor :STMicroelectronics X-CUBE-SMBUS 2.1.0
2024-01-17 12:06:41,564 [INFO] ThirdParty:1030 - CMSIS Pack Vendor :STMicroelectronics USB_DEVICE 3.0.0
2024-01-17 12:06:41,564 [INFO] ThirdParty:1030 - CMSIS Pack Vendor :STMicroelectronics X-CUBE-AZRTOS-WB 2.0.0
2024-01-17 12:06:41,564 [INFO] ThirdParty:1030 - CMSIS Pack Vendor :STMicroelectronics X-CUBE-TOUCHGFX 4.23.0
2024-01-17 12:06:41,564 [INFO] ThirdParty:1030 - CMSIS Pack Vendor :STMicroelectronics X-CUBE-AZRTOS-F7 1.1.0
2024-01-17 12:06:41,564 [INFO] ThirdParty:1030 - CMSIS Pack Vendor :STMicroelectronics X-CUBE-AZRTOS-L5 2.0.0
2024-01-17 12:06:41,564 [INFO] ThirdParty:1030 - CMSIS Pack Vendor :STMicroelectronics USB_DEVICE 2.0.0
2024-01-17 12:06:41,564 [INFO] ThirdParty:1030 - CMSIS Pack Vendor :STMicroelectronics X-CUBE-EEPRMA1 4.2.0
2024-01-17 12:06:41,564 [INFO] ThirdParty:1030 - CMSIS Pack Vendor :ITTIA_DB I-CUBE-ITTIADB 8.8.0
2024-01-17 12:06:41,564 [INFO] ThirdParty:1030 - CMSIS Pack Vendor :STMicroelectronics FP-SNS-MOTENV1 4.3.2
2024-01-17 12:06:41,564 [INFO] ThirdParty:1030 - CMSIS Pack Vendor :STMicroelectronics X-CUBE-ALGOBUILD 1.3.0
2024-01-17 12:06:41,564 [INFO] ThirdParty:1030 - CMSIS Pack Vendor :STMicroelectronics FreeRTOS 0.0.1
2024-01-17 12:06:41,564 [INFO] ThirdParty:1030 - CMSIS Pack Vendor :STMicroelectronics X-CUBE-AZRTOS-G0 1.1.0
2024-01-17 12:06:41,564 [INFO] ThirdParty:1030 - CMSIS Pack Vendor :STMicroelectronics X-CUBE-NFC4 3.0.0
2024-01-17 12:06:41,564 [INFO] ThirdParty:1030 - CMSIS Pack Vendor :STMicroelectronics X-CUBE-SUBG2 5.0.0
2024-01-17 12:06:41,564 [INFO] ThirdParty:1030 - CMSIS Pack Vendor :STMicroelectronics STM32_WPAN 1.0.0
2024-01-17 12:06:41,564 [INFO] ThirdParty:1030 - CMSIS Pack Vendor :STMicroelectronics lwIP 2.0.3
2024-01-17 12:06:41,564 [INFO] ThirdParty:1030 - CMSIS Pack Vendor :STMicroelectronics FP-SNS-FLIGHT1 5.0.2
2024-01-17 12:06:41,564 [INFO] ThirdParty:1030 - CMSIS Pack Vendor :STMicroelectronics USB_HOST 1.0.0
2024-01-17 12:06:41,564 [INFO] ThirdParty:1030 - CMSIS Pack Vendor :STMicroelectronics X-CUBE-AZRTOS-G4 2.0.0
2024-01-17 12:06:41,564 [INFO] ThirdParty:1030 - CMSIS Pack Vendor :STMicroelectronics PDM2PCM 3.1.0
2024-01-17 12:06:41,564 [INFO] ThirdParty:1030 - CMSIS Pack Vendor :STMicroelectronics X-CUBE-AZRTOS-H7 3.1.0
2024-01-17 12:06:41,564 [INFO] ThirdParty:1030 - CMSIS Pack Vendor :Infineon AIROC-Wi-Fi-Bluetooth-STM32 1.5.1
2024-01-17 12:06:41,564 [INFO] ThirdParty:1030 - CMSIS Pack Vendor :STMicroelectronics X-CUBE-BLEMGR 3.0.0
2024-01-17 12:06:41,564 [INFO] ThirdParty:1030 - CMSIS Pack Vendor :STMicroelectronics PDM2PCM 3.3.0
2024-01-17 12:06:41,564 [INFO] ThirdParty:1030 - CMSIS Pack Vendor :STMicroelectronics X-CUBE-DISPLAY 3.0.0
2024-01-17 12:06:41,564 [INFO] ThirdParty:1030 - CMSIS Pack Vendor :STMicroelectronics FP-SNS-MOTENVWB1 1.3.1
2024-01-17 12:06:41,564 [INFO] ThirdParty:1030 - CMSIS Pack Vendor :STMicroelectronics X-CUBE-BLE1 7.0.0
2024-01-17 12:06:41,564 [INFO] ThirdParty:1030 - CMSIS Pack Vendor :STMicroelectronics FP-ATR-SIGFOX1 3.2.0
2024-01-17 12:06:41,564 [INFO] ThirdParty:1030 - CMSIS Pack Vendor :STMicroelectronics X-CUBE-ISPU 2.0.0
2024-01-17 12:06:41,564 [INFO] ThirdParty:1030 - CMSIS Pack Vendor :STMicroelectronics HAL Drivers 0.0.0
2024-01-17 12:06:41,564 [INFO] ThirdParty:1030 - CMSIS Pack Vendor :STMicroelectronics MBEDTLS 2.16.2
2024-01-17 12:06:41,564 [INFO] ThirdParty:1030 - CMSIS Pack Vendor :emotas I-CUBE-CANOPEN 1.3.0
2024-01-17 12:06:41,564 [INFO] ThirdParty:1030 - CMSIS Pack Vendor :STMicroelectronics X-CUBE-MEMS1 10.0.0
2024-01-17 12:06:41,564 [INFO] ThirdParty:1030 - CMSIS Pack Vendor :STMicroelectronics X-CUBE-FREERTOS 1.1.0
2024-01-17 12:06:41,564 [INFO] ThirdParty:1030 - CMSIS Pack Vendor :STMicroelectronics X-CUBE-NFC7 1.0.1
2024-01-17 12:06:41,564 [INFO] ThirdParty:1030 - CMSIS Pack Vendor :STMicroelectronics MBEDTLS 2.14.1
2024-01-17 12:06:41,564 [INFO] ThirdParty:1030 - CMSIS Pack Vendor :STMicroelectronics X-CUBE-TOUCHGFX 4.22.1
2024-01-17 12:06:41,564 [INFO] ThirdParty:1030 - CMSIS Pack Vendor :STMicroelectronics X-CUBE-NFC6 3.0.0
2024-01-17 12:06:41,564 [INFO] ThirdParty:1030 - CMSIS Pack Vendor :portGmbH I-Cube-SoM-uGOAL 1.1.0
2024-01-17 12:06:41,564 [INFO] ThirdParty:1030 - CMSIS Pack Vendor :STMicroelectronics X-CUBE-ALS 1.0.1
2024-01-17 12:06:41,564 [INFO] ThirdParty:1030 - CMSIS Pack Vendor :STMicroelectronics ThreadX 1.0.0
2024-01-17 12:06:41,564 [INFO] ThirdParty:1030 - CMSIS Pack Vendor :STMicroelectronics FP-SNS-SMARTAG2 1.2.0
2024-01-17 12:06:41,564 [INFO] ThirdParty:1030 - CMSIS Pack Vendor :STMicroelectronics X-CUBE-AZRTOS-WL 2.0.0
2024-01-17 12:06:41,564 [INFO] ThirdParty:1030 - CMSIS Pack Vendor :STMicroelectronics USB_DEVICE 1.0.0
2024-01-17 12:06:41,564 [INFO] ThirdParty:1030 - CMSIS Pack Vendor :STMicroelectronics X-CUBE-AI 8.1.0
2024-01-17 12:06:41,564 [INFO] ThirdParty:1030 - CMSIS Pack Vendor :STMicroelectronics X-CUBE-AZRTOS-L4 2.0.0
2024-01-17 12:06:41,564 [INFO] ThirdParty:1030 - CMSIS Pack Vendor :STMicroelectronics ThreadX 0.0.2
2024-01-17 12:06:41,564 [INFO] ThirdParty:1030 - CMSIS Pack Vendor :WES I-CUBE-Cesium 1.3.0
2024-01-17 12:06:41,564 [INFO] ThirdParty:1030 - CMSIS Pack Vendor :STMicroelectronics FP-ATR-ASTRA1 2.0.0
2024-01-17 12:06:41,564 [INFO] ThirdParty:1030 - CMSIS Pack Vendor :STMicroelectronics lwIP 2.1.2
2024-01-17 12:06:41,564 [INFO] ThirdParty:1030 - CMSIS Pack Vendor :STMicroelectronics X-CUBE-SFXS2LP1 4.0.0
2024-01-17 12:06:41,564 [INFO] ThirdParty:1030 - CMSIS Pack Vendor :STMicroelectronics X-CUBE-BLE2 3.3.0
2024-01-17 12:06:41,564 [INFO] ThirdParty:1030 - CMSIS Pack Vendor :STMicroelectronics X-CUBE-TOF1 3.4.0
2024-01-17 12:06:41,564 [INFO] ThirdParty:1030 - CMSIS Pack Vendor :STMicroelectronics X-CUBE-AZRTOS-H7 3.2.0
2024-01-17 12:06:41,564 [INFO] ThirdParty:1030 - CMSIS Pack Vendor :STMicroelectronics PDM2PCM 3.2.0
2024-01-17 12:06:41,564 [INFO] ThirdParty:841 - exiting critical section [change project]
2024-01-17 12:06:41,626 [INFO] PinOutPanel:1499 - setPackage(No Configuration,No Configuration)
2024-01-17 12:06:41,627 [INFO] PinOutPanel:1499 - setPackage(STM32F042F4Px,TSSOP20)
2024-01-17 12:06:42,311 [INFO] UtilMem:75 - Before build in PCC Used Memory: 619072912 Bytes (982515712)
2024-01-17 12:06:42,493 [INFO] UtilMem:75 - After build in PCC Used Memory: 312570128 Bytes (982515712)
2024-01-17 12:06:42,503 [INFO] IPUIPlugin:80 - create IPUIPlugin
2024-01-17 12:06:42,503 [INFO] IPUIPlugin:80 - create IPUIPlugin
2024-01-17 12:06:42,503 [INFO] IPUIPlugin:80 - create IPUIPlugin
2024-01-17 12:06:42,503 [INFO] IPUIPlugin:80 - create IPUIPlugin
2024-01-17 12:06:42,503 [INFO] IPUIPlugin:80 - create IPUIPlugin
2024-01-17 12:06:42,503 [INFO] IPUIPlugin:80 - create IPUIPlugin
2024-01-17 12:06:42,503 [INFO] IPUIPlugin:80 - create IPUIPlugin
2024-01-17 12:06:42,503 [INFO] IPUIPlugin:80 - create IPUIPlugin
2024-01-17 12:06:42,503 [INFO] IPUIPlugin:80 - create IPUIPlugin
2024-01-17 12:06:42,503 [INFO] IPUIPlugin:80 - create IPUIPlugin
2024-01-17 12:06:42,503 [INFO] IPUIPlugin:80 - create IPUIPlugin
2024-01-17 12:06:42,503 [INFO] IPUIPlugin:80 - create IPUIPlugin
2024-01-17 12:06:42,503 [INFO] IPUIPlugin:80 - create IPUIPlugin
2024-01-17 12:06:42,504 [INFO] IPUIPlugin:80 - create IPUIPlugin
2024-01-17 12:06:42,504 [INFO] IPUIPlugin:80 - create IPUIPlugin
2024-01-17 12:06:42,504 [INFO] IPUIPlugin:80 - create IPUIPlugin
2024-01-17 12:06:42,517 [INFO] IPUIPlugin:80 - create IPUIPlugin
2024-01-17 12:06:42,517 [INFO] IPUIPlugin:80 - create IPUIPlugin
2024-01-17 12:06:42,517 [INFO] IPUIPlugin:80 - create IPUIPlugin
2024-01-17 12:06:42,519 [INFO] IPUIPlugin:80 - create IPUIPlugin
2024-01-17 12:06:42,519 [INFO] IPUIPlugin:80 - create IPUIPlugin
2024-01-17 12:06:42,519 [INFO] IPUIPlugin:80 - create IPUIPlugin
2024-01-17 12:06:42,519 [INFO] IPUIPlugin:80 - create IPUIPlugin
2024-01-17 12:06:42,519 [INFO] IPUIPlugin:80 - create IPUIPlugin
2024-01-17 12:06:42,519 [INFO] IPUIPlugin:80 - create IPUIPlugin
2024-01-17 12:06:42,520 [INFO] IPUIPlugin:80 - create IPUIPlugin
2024-01-17 12:06:42,520 [INFO] IPUIPlugin:80 - create IPUIPlugin
2024-01-17 12:06:42,520 [INFO] IPUIPlugin:80 - create IPUIPlugin
2024-01-17 12:06:42,520 [INFO] IPUIPlugin:80 - create IPUIPlugin
2024-01-17 12:06:42,520 [INFO] IPUIPlugin:80 - create IPUIPlugin
2024-01-17 12:06:42,522 [INFO] Can:71 - Can Add PropertyChangeListener com.st.microxplorer.plugins.ip.can.Can@6241f583
2024-01-17 12:06:42,545 [INFO] CADModel:165 - CPN selected for project levelSTM32F042F4P6
2024-01-17 12:06:42,545 [INFO] CADModel:114 - Register for checkConnection events
2024-01-17 12:06:42,616 [INFO] OpenFileManager:343 - Restore cursor
2024-01-17 12:06:58,107 [INFO] NvicIntPanel:101 - NVIC parent = com.st.microxplorer.plugins.ip.nvic.MultiNvicIntPanel[,0,0,0x0,invalid,layout=javax.swing.BoxLayout,alignmentX=0.0,alignmentY=0.0,border=,flags=9,maximumSize=,minimumSize=,preferredSize=]
2024-01-17 12:07:38,062 [INFO] NvicIntPanel:101 - NVIC parent = com.st.microxplorer.plugins.ip.nvic.MultiNvicIntPanel[,0,0,450x137,layout=javax.swing.BoxLayout,alignmentX=0.0,alignmentY=0.0,border=,flags=9,maximumSize=,minimumSize=,preferredSize=]
2024-01-17 12:08:25,147 [INFO] MainUpdater:2873 - connection check result : 10
2024-01-17 12:08:25,147 [INFO] MainUpdater:2873 - connection check result : 10
2024-01-17 12:08:25,158 [INFO] MicroXplorer:468 - Change Database Path : 
2024-01-17 12:08:25,158 [INFO] MicroXplorer:498 - Change Database Version : DB.6.0.100
2024-01-17 12:08:25,162 [ERROR] ProjectManagerView:394 - 
java.lang.NullPointerException: Cannot invoke "javax.swing.JTextField.getText()" because the return value of "java.util.List.get(int)" is null
	at com.st.microxplorer.plugins.projectmanager.gui.ProjectChoiceTab$10.caretUpdate(ProjectChoiceTab.java:2493) ~[filemanager.jar:?]
	at javax.swing.text.JTextComponent.fireCaretUpdate(JTextComponent.java:412) ~[?:?]
	at javax.swing.text.JTextComponent$MutableCaretEvent.fire(JTextComponent.java:4491) ~[?:?]
	at javax.swing.text.JTextComponent$MutableCaretEvent.stateChanged(JTextComponent.java:4513) ~[?:?]
	at javax.swing.text.DefaultCaret.fireStateChanged(DefaultCaret.java:842) ~[?:?]
	at javax.swing.text.DefaultCaret.changeCaretPosition(DefaultCaret.java:1313) ~[?:?]
	at javax.swing.text.DefaultCaret.handleSetDot(DefaultCaret.java:1212) ~[?:?]
	at javax.swing.text.DefaultCaret.setDot(DefaultCaret.java:1193) ~[?:?]
	at javax.swing.text.DefaultCaret$Handler.insertUpdate(DefaultCaret.java:1789) ~[?:?]
	at javax.swing.text.AbstractDocument.fireInsertUpdate(AbstractDocument.java:226) ~[?:?]
	at javax.swing.text.AbstractDocument.handleInsertString(AbstractDocument.java:780) ~[?:?]
	at javax.swing.text.AbstractDocument.insertString(AbstractDocument.java:739) ~[?:?]
	at javax.swing.text.PlainDocument.insertString(PlainDocument.java:131) ~[?:?]
	at javax.swing.text.AbstractDocument.replace(AbstractDocument.java:698) ~[?:?]
	at javax.swing.text.JTextComponent.setText(JTextComponent.java:1729) ~[?:?]
	at com.st.microxplorer.plugins.projectmanager.gui.ProjectChoiceTab.createHeapStackFields(ProjectChoiceTab.java:933) ~[filemanager.jar:?]
	at com.st.microxplorer.plugins.projectmanager.gui.ProjectChoiceTab.buildLinkSettingsPanel(ProjectChoiceTab.java:3426) ~[filemanager.jar:?]
	at com.st.microxplorer.plugins.projectmanager.gui.ProjectChoiceTab.defineWindowsFields(ProjectChoiceTab.java:1813) ~[filemanager.jar:?]
	at com.st.microxplorer.plugins.projectmanager.gui.ProjectChoiceTab.updateSettings(ProjectChoiceTab.java:533) ~[filemanager.jar:?]
	at com.st.microxplorer.plugins.projectmanager.gui.ProjectSettingsPanel.UpdateDialog(ProjectSettingsPanel.java:244) ~[filemanager.jar:?]
	at com.st.microxplorer.plugins.projectmanager.ProjectManagerView.propertyChange(ProjectManagerView.java:391) ~[filemanager.jar:?]
	at java.beans.PropertyChangeSupport.fire(PropertyChangeSupport.java:343) ~[?:?]
	at java.beans.PropertyChangeSupport.firePropertyChange(PropertyChangeSupport.java:335) ~[?:?]
	at java.beans.PropertyChangeSupport.firePropertyChange(PropertyChangeSupport.java:268) ~[?:?]
	at com.st.microxplorer.util.MXPropertyChangeSupport.firePropertyChange(MXPropertyChangeSupport.java:54) ~[STM32CubeMX.jar:?]
	at com.st.microxplorer.mxsystem.MxSystem.closeConfig(MxSystem.java:900) ~[STM32CubeMX.jar:?]
	at com.st.microxplorer.maingui.MainPanel.closeConfig(MainPanel.java:776) ~[STM32CubeMX.jar:?]
	at com.st.microxplorer.plugins.filemanager.engine.OpenFileManager.loadConfigurationFile(OpenFileManager.java:245) ~[filemanager.jar:?]
	at com.st.microxplorer.plugins.filemanager.engine.MainFileManager.userLoadConfig(MainFileManager.java:290) ~[filemanager.jar:?]
	at com.st.microxplorer.plugins.filemanager.FileManagerView.getSpecificTask(FileManagerView.java:247) ~[filemanager.jar:?]
	at com.st.stm32cube.common.mx.editor.CubeMxEditor.getMxTabbedPaneInstance(CubeMxEditor.java:1184) ~[com.st.stm32cube.common.mx_6.10.0.202311202037/:?]
	at com.st.stm32cube.common.mx.editor.CubeMxEditor$12$1.createSwingComponent(CubeMxEditor.java:1065) ~[com.st.stm32cube.common.mx_6.10.0.202311202037/:?]
	at com.st.stm32cube.common.mx.oss.core.awtswtbridge.EmbeddedSwingComposite.doComponentCreation(EmbeddedSwingComposite.java:492) ~[com.st.stm32cube.common.mx.oss_6.10.0.202311202037/:?]
	at com.st.stm32cube.common.mx.oss.core.awtswtbridge.EmbeddedSwingComposite$4.run(EmbeddedSwingComposite.java:291) ~[com.st.stm32cube.common.mx.oss_6.10.0.202311202037/:?]
	at com.st.stm32cube.common.mx.oss.core.awtswtbridge.AwtEnvironment$2.run(AwtEnvironment.java:166) ~[com.st.stm32cube.common.mx.oss_6.10.0.202311202037/:?]
	at java.awt.event.InvocationEvent.dispatch(InvocationEvent.java:318) ~[?:?]
	at java.awt.EventQueue.dispatchEventImpl(EventQueue.java:773) ~[?:?]
	at java.awt.EventQueue$4.run(EventQueue.java:720) ~[?:?]
	at java.awt.EventQueue$4.run(EventQueue.java:714) ~[?:?]
	at java.security.AccessController.doPrivileged(AccessController.java:399) ~[?:?]
	at java.security.ProtectionDomain$JavaSecurityAccessImpl.doIntersectionPrivilege(ProtectionDomain.java:86) ~[?:?]
	at java.awt.EventQueue.dispatchEvent(EventQueue.java:742) ~[?:?]
	at java.awt.EventDispatchThread.pumpOneEventForFilters(EventDispatchThread.java:203) ~[?:?]
	at java.awt.EventDispatchThread.pumpEventsForFilter(EventDispatchThread.java:124) ~[?:?]
	at java.awt.EventDispatchThread.pumpEventsForHierarchy(EventDispatchThread.java:113) ~[?:?]
	at java.awt.EventDispatchThread.pumpEvents(EventDispatchThread.java:109) ~[?:?]
	at java.awt.EventDispatchThread.pumpEvents(EventDispatchThread.java:101) ~[?:?]
	at java.awt.EventDispatchThread.run(EventDispatchThread.java:90) ~[?:?]
2024-01-17 12:08:25,163 [WARN] ThirdParty:871 - waiting for thirdparty lock release [close project]
2024-01-17 12:08:25,163 [INFO] ThirdParty:873 - entering critical section [close project]
2024-01-17 12:08:25,163 [INFO] ThirdParty:883 - exiting critical section [close project]
2024-01-17 12:08:25,163 [INFO] PinOutPanel:1499 - setPackage(No Configuration,No Configuration)
2024-01-17 12:08:25,165 [INFO] UtilMem:75 - Begin LoadConfig() Used Memory: 735365864 Bytes (968884224)
2024-01-17 12:08:25,165 [INFO] MicroXplorer:468 - Change Database Path : 
2024-01-17 12:08:25,165 [INFO] MicroXplorer:498 - Change Database Version : DB.6.0.100
2024-01-17 12:08:25,166 [INFO] OpenFileManager:312 - Change cursor
2024-01-17 12:08:25,171 [INFO] Mcu:2016 - Initializing MCU STM32F042F4Px STM32F042F4Px STM32F042F4P6
2024-01-17 12:08:25,676 [INFO] Context:659 - Trying to add GPIOservice into a context  which must be forbidden
2024-01-17 12:08:25,771 [INFO] RtosManager:555 - Registered RTOS mode: class=CMSIS, group=RTOS, mode=CMSIS_V1, owner=FREERTOS
2024-01-17 12:08:25,771 [INFO] RtosManager:555 - Registered RTOS mode: class=CMSIS, group=RTOS2, mode=CMSIS_V2, owner=FREERTOS
2024-01-17 12:08:25,771 [INFO] RtosManager:555 - Registered RTOS mode: class=RTOS, group=Core, mode=CMSIS_V1, owner=FREERTOS
2024-01-17 12:08:25,771 [INFO] RtosManager:555 - Registered RTOS mode: class=RTOS, group=Core, mode=CMSIS_V2, owner=FREERTOS
2024-01-17 12:08:25,771 [WARN] ModelIntegratedComponent:184 - Missing modes for component STMicroelectronics:FreeRTOS:0.0.1:STMicroelectronics:RTOS:FreeRTOS:Core:::10.2.0:
2024-01-17 12:08:25,775 [WARN] ModelIntegratedComponent:63 - No mode defined for component null
2024-01-17 12:08:25,775 [WARN] ModelIntegratedComponent:63 - No mode defined for component null
2024-01-17 12:08:25,775 [WARN] ModelIntegratedComponent:63 - No mode defined for component null
2024-01-17 12:08:25,775 [WARN] ModelIntegratedComponent:63 - No mode defined for component null
2024-01-17 12:08:25,775 [WARN] ModelIntegratedComponent:63 - No mode defined for component null
2024-01-17 12:08:25,775 [WARN] ModelIntegratedComponent:63 - No mode defined for component null
2024-01-17 12:08:25,776 [WARN] ModelIntegratedComponent:63 - No mode defined for component null
2024-01-17 12:08:25,776 [WARN] ModelIntegratedComponent:63 - No mode defined for component null
2024-01-17 12:08:25,776 [WARN] ModelIntegratedComponent:63 - No mode defined for component null
2024-01-17 12:08:25,776 [WARN] ModelIntegratedComponent:63 - No mode defined for component null
2024-01-17 12:08:25,776 [WARN] ModelIntegratedComponent:63 - No mode defined for component null
2024-01-17 12:08:25,776 [WARN] ModelIntegratedComponent:63 - No mode defined for component null
2024-01-17 12:08:25,776 [WARN] ModelIntegratedComponent:63 - No mode defined for component null
2024-01-17 12:08:25,776 [WARN] ModelIntegratedComponent:63 - No mode defined for component null
2024-01-17 12:08:25,776 [WARN] ModelIntegratedComponent:63 - No mode defined for component null
2024-01-17 12:08:25,776 [WARN] ModelIntegratedComponent:63 - No mode defined for component null
2024-01-17 12:08:25,776 [WARN] ModelIntegratedComponent:63 - No mode defined for component null
2024-01-17 12:08:25,776 [WARN] ModelIntegratedComponent:63 - No mode defined for component null
2024-01-17 12:08:25,776 [WARN] ModelIntegratedComponent:63 - No mode defined for component null
2024-01-17 12:08:25,776 [WARN] ModelIntegratedComponent:63 - No mode defined for component null
2024-01-17 12:08:25,776 [WARN] ModelIntegratedComponent:63 - No mode defined for component null
2024-01-17 12:08:25,776 [WARN] ModelIntegratedComponent:63 - No mode defined for component null
2024-01-17 12:08:25,776 [WARN] ModelIntegratedComponent:63 - No mode defined for component null
2024-01-17 12:08:25,776 [WARN] ModelIntegratedComponent:63 - No mode defined for component null
2024-01-17 12:08:25,776 [WARN] ModelIntegratedComponent:63 - No mode defined for component null
2024-01-17 12:08:25,776 [WARN] ModelIntegratedComponent:63 - No mode defined for component null
2024-01-17 12:08:25,776 [WARN] ModelIntegratedComponent:63 - No mode defined for component null
2024-01-17 12:08:25,776 [WARN] ModelIntegratedComponent:63 - No mode defined for component null
2024-01-17 12:08:25,776 [WARN] ModelIntegratedComponent:63 - No mode defined for component null
2024-01-17 12:08:25,776 [WARN] ModelIntegratedComponent:63 - No mode defined for component null
2024-01-17 12:08:25,776 [WARN] ModelIntegratedComponent:63 - No mode defined for component null
2024-01-17 12:08:25,776 [WARN] ModelIntegratedComponent:63 - No mode defined for component null
2024-01-17 12:08:25,776 [WARN] ModelIntegratedComponent:63 - No mode defined for component null
2024-01-17 12:08:25,825 [INFO] ThirdPartyModel:298 - Start build external matchings
2024-01-17 12:08:25,994 [INFO] ThirdPartyModel:316 - End build external matchings
2024-01-17 12:08:25,996 [INFO] ImportTextPane:194 - (OptionalMessage_ERROR) IP (RCC) : Invalid parameter (FamilyName)
2024-01-17 12:08:25,996 [INFO] ImportTextPane:194 - (OptionalMessage_ERROR) IP (RCC) : Invalid parameter (HSICECFreq_Value)
2024-01-17 12:08:26,188 [INFO] UtilMem:75 - End LoadConfig() Used Memory: 352488488 Bytes (968884224)
2024-01-17 12:08:26,250 [INFO] MicroXplorer:468 - Change Database Path : 
2024-01-17 12:08:26,250 [INFO] MicroXplorer:498 - Change Database Version : DB.6.0.100
2024-01-17 12:08:26,250 [WARN] ThirdParty:833 - waiting for thirdparty lock release [change project]
2024-01-17 12:08:26,250 [INFO] ThirdParty:835 - entering critical section [change project]
2024-01-17 12:08:26,250 [INFO] ThirdParty:1030 - CMSIS Pack Vendor :STMicroelectronics X-CUBE-ISPU 1.1.0
2024-01-17 12:08:26,250 [INFO] ThirdParty:1030 - CMSIS Pack Vendor :STMicroelectronics USBPD 4.1
2024-01-17 12:08:26,250 [INFO] ThirdParty:1030 - CMSIS Pack Vendor :STMicroelectronics X-CUBE-GNSS1 6.0.0
2024-01-17 12:08:26,250 [INFO] ThirdParty:1030 - CMSIS Pack Vendor :STMicroelectronics USB_HOST 2.0.0
2024-01-17 12:08:26,250 [INFO] ThirdParty:1030 - CMSIS Pack Vendor :STMicroelectronics X-CUBE-AZRTOS-F4 1.1.0
2024-01-17 12:08:26,250 [INFO] ThirdParty:1030 - CMSIS Pack Vendor :STMicroelectronics LIBJPEG 8.0.0
2024-01-17 12:08:26,250 [INFO] ThirdParty:1030 - CMSIS Pack Vendor :wolfSSL I-CUBE-wolfSSL 5.6.4
2024-01-17 12:08:26,250 [INFO] ThirdParty:1030 - CMSIS Pack Vendor :STMicroelectronics X-CUBE-SMBUS 2.1.0
2024-01-17 12:08:26,250 [INFO] ThirdParty:1030 - CMSIS Pack Vendor :STMicroelectronics USB_DEVICE 3.0.0
2024-01-17 12:08:26,250 [INFO] ThirdParty:1030 - CMSIS Pack Vendor :STMicroelectronics X-CUBE-AZRTOS-WB 2.0.0
2024-01-17 12:08:26,251 [INFO] ThirdParty:1030 - CMSIS Pack Vendor :STMicroelectronics X-CUBE-TOUCHGFX 4.23.0
2024-01-17 12:08:26,251 [INFO] ThirdParty:1030 - CMSIS Pack Vendor :STMicroelectronics X-CUBE-AZRTOS-F7 1.1.0
2024-01-17 12:08:26,251 [INFO] ThirdParty:1030 - CMSIS Pack Vendor :STMicroelectronics X-CUBE-AZRTOS-L5 2.0.0
2024-01-17 12:08:26,251 [INFO] ThirdParty:1030 - CMSIS Pack Vendor :STMicroelectronics USB_DEVICE 2.0.0
2024-01-17 12:08:26,251 [INFO] ThirdParty:1030 - CMSIS Pack Vendor :STMicroelectronics X-CUBE-EEPRMA1 4.2.0
2024-01-17 12:08:26,251 [INFO] ThirdParty:1030 - CMSIS Pack Vendor :ITTIA_DB I-CUBE-ITTIADB 8.8.0
2024-01-17 12:08:26,251 [INFO] ThirdParty:1030 - CMSIS Pack Vendor :STMicroelectronics FP-SNS-MOTENV1 4.3.2
2024-01-17 12:08:26,251 [INFO] ThirdParty:1030 - CMSIS Pack Vendor :STMicroelectronics X-CUBE-ALGOBUILD 1.3.0
2024-01-17 12:08:26,251 [INFO] ThirdParty:1030 - CMSIS Pack Vendor :STMicroelectronics FreeRTOS 0.0.1
2024-01-17 12:08:26,251 [INFO] ThirdParty:1030 - CMSIS Pack Vendor :STMicroelectronics X-CUBE-AZRTOS-G0 1.1.0
2024-01-17 12:08:26,251 [INFO] ThirdParty:1030 - CMSIS Pack Vendor :STMicroelectronics X-CUBE-NFC4 3.0.0
2024-01-17 12:08:26,251 [INFO] ThirdParty:1030 - CMSIS Pack Vendor :STMicroelectronics X-CUBE-SUBG2 5.0.0
2024-01-17 12:08:26,251 [INFO] ThirdParty:1030 - CMSIS Pack Vendor :STMicroelectronics STM32_WPAN 1.0.0
2024-01-17 12:08:26,251 [INFO] ThirdParty:1030 - CMSIS Pack Vendor :STMicroelectronics lwIP 2.0.3
2024-01-17 12:08:26,251 [INFO] ThirdParty:1030 - CMSIS Pack Vendor :STMicroelectronics FP-SNS-FLIGHT1 5.0.2
2024-01-17 12:08:26,251 [INFO] ThirdParty:1030 - CMSIS Pack Vendor :STMicroelectronics USB_HOST 1.0.0
2024-01-17 12:08:26,251 [INFO] ThirdParty:1030 - CMSIS Pack Vendor :STMicroelectronics X-CUBE-AZRTOS-G4 2.0.0
2024-01-17 12:08:26,251 [INFO] ThirdParty:1030 - CMSIS Pack Vendor :STMicroelectronics PDM2PCM 3.1.0
2024-01-17 12:08:26,251 [INFO] ThirdParty:1030 - CMSIS Pack Vendor :STMicroelectronics X-CUBE-AZRTOS-H7 3.1.0
2024-01-17 12:08:26,251 [INFO] ThirdParty:1030 - CMSIS Pack Vendor :Infineon AIROC-Wi-Fi-Bluetooth-STM32 1.5.1
2024-01-17 12:08:26,251 [INFO] ThirdParty:1030 - CMSIS Pack Vendor :STMicroelectronics X-CUBE-BLEMGR 3.0.0
2024-01-17 12:08:26,251 [INFO] ThirdParty:1030 - CMSIS Pack Vendor :STMicroelectronics PDM2PCM 3.3.0
2024-01-17 12:08:26,251 [INFO] ThirdParty:1030 - CMSIS Pack Vendor :STMicroelectronics X-CUBE-DISPLAY 3.0.0
2024-01-17 12:08:26,251 [INFO] ThirdParty:1030 - CMSIS Pack Vendor :STMicroelectronics FP-SNS-MOTENVWB1 1.3.1
2024-01-17 12:08:26,251 [INFO] ThirdParty:1030 - CMSIS Pack Vendor :STMicroelectronics X-CUBE-BLE1 7.0.0
2024-01-17 12:08:26,251 [INFO] ThirdParty:1030 - CMSIS Pack Vendor :STMicroelectronics FP-ATR-SIGFOX1 3.2.0
2024-01-17 12:08:26,251 [INFO] ThirdParty:1030 - CMSIS Pack Vendor :STMicroelectronics X-CUBE-ISPU 2.0.0
2024-01-17 12:08:26,251 [INFO] ThirdParty:1030 - CMSIS Pack Vendor :STMicroelectronics HAL Drivers 0.0.0
2024-01-17 12:08:26,251 [INFO] ThirdParty:1030 - CMSIS Pack Vendor :STMicroelectronics MBEDTLS 2.16.2
2024-01-17 12:08:26,251 [INFO] ThirdParty:1030 - CMSIS Pack Vendor :emotas I-CUBE-CANOPEN 1.3.0
2024-01-17 12:08:26,251 [INFO] ThirdParty:1030 - CMSIS Pack Vendor :STMicroelectronics X-CUBE-MEMS1 10.0.0
2024-01-17 12:08:26,251 [INFO] ThirdParty:1030 - CMSIS Pack Vendor :STMicroelectronics X-CUBE-FREERTOS 1.1.0
2024-01-17 12:08:26,251 [INFO] ThirdParty:1030 - CMSIS Pack Vendor :STMicroelectronics X-CUBE-NFC7 1.0.1
2024-01-17 12:08:26,251 [INFO] ThirdParty:1030 - CMSIS Pack Vendor :STMicroelectronics MBEDTLS 2.14.1
2024-01-17 12:08:26,251 [INFO] ThirdParty:1030 - CMSIS Pack Vendor :STMicroelectronics X-CUBE-TOUCHGFX 4.22.1
2024-01-17 12:08:26,251 [INFO] ThirdParty:1030 - CMSIS Pack Vendor :STMicroelectronics X-CUBE-NFC6 3.0.0
2024-01-17 12:08:26,251 [INFO] ThirdParty:1030 - CMSIS Pack Vendor :portGmbH I-Cube-SoM-uGOAL 1.1.0
2024-01-17 12:08:26,251 [INFO] ThirdParty:1030 - CMSIS Pack Vendor :STMicroelectronics X-CUBE-ALS 1.0.1
2024-01-17 12:08:26,251 [INFO] ThirdParty:1030 - CMSIS Pack Vendor :STMicroelectronics ThreadX 1.0.0
2024-01-17 12:08:26,251 [INFO] ThirdParty:1030 - CMSIS Pack Vendor :STMicroelectronics FP-SNS-SMARTAG2 1.2.0
2024-01-17 12:08:26,251 [INFO] ThirdParty:1030 - CMSIS Pack Vendor :STMicroelectronics X-CUBE-AZRTOS-WL 2.0.0
2024-01-17 12:08:26,251 [INFO] ThirdParty:1030 - CMSIS Pack Vendor :STMicroelectronics USB_DEVICE 1.0.0
2024-01-17 12:08:26,251 [INFO] ThirdParty:1030 - CMSIS Pack Vendor :STMicroelectronics X-CUBE-AI 8.1.0
2024-01-17 12:08:26,251 [INFO] ThirdParty:1030 - CMSIS Pack Vendor :STMicroelectronics X-CUBE-AZRTOS-L4 2.0.0
2024-01-17 12:08:26,251 [INFO] ThirdParty:1030 - CMSIS Pack Vendor :STMicroelectronics ThreadX 0.0.2
2024-01-17 12:08:26,251 [INFO] ThirdParty:1030 - CMSIS Pack Vendor :WES I-CUBE-Cesium 1.3.0
2024-01-17 12:08:26,251 [INFO] ThirdParty:1030 - CMSIS Pack Vendor :STMicroelectronics FP-ATR-ASTRA1 2.0.0
2024-01-17 12:08:26,251 [INFO] ThirdParty:1030 - CMSIS Pack Vendor :STMicroelectronics lwIP 2.1.2
2024-01-17 12:08:26,251 [INFO] ThirdParty:1030 - CMSIS Pack Vendor :STMicroelectronics X-CUBE-SFXS2LP1 4.0.0
2024-01-17 12:08:26,251 [INFO] ThirdParty:1030 - CMSIS Pack Vendor :STMicroelectronics X-CUBE-BLE2 3.3.0
2024-01-17 12:08:26,251 [INFO] ThirdParty:1030 - CMSIS Pack Vendor :STMicroelectronics X-CUBE-TOF1 3.4.0
2024-01-17 12:08:26,251 [INFO] ThirdParty:1030 - CMSIS Pack Vendor :STMicroelectronics X-CUBE-AZRTOS-H7 3.2.0
2024-01-17 12:08:26,251 [INFO] ThirdParty:1030 - CMSIS Pack Vendor :STMicroelectronics PDM2PCM 3.2.0
2024-01-17 12:08:26,251 [INFO] ThirdParty:841 - exiting critical section [change project]
2024-01-17 12:08:26,300 [INFO] PinOutPanel:1499 - setPackage(No Configuration,No Configuration)
2024-01-17 12:08:26,300 [INFO] PinOutPanel:1499 - setPackage(STM32F042F4Px,TSSOP20)
2024-01-17 12:08:26,905 [INFO] UtilMem:75 - Before build in PCC Used Memory: 513337400 Bytes (968884224)
2024-01-17 12:08:27,029 [INFO] UtilMem:75 - After build in PCC Used Memory: 555280440 Bytes (968884224)
2024-01-17 12:08:27,039 [INFO] IPUIPlugin:80 - create IPUIPlugin
2024-01-17 12:08:27,039 [INFO] IPUIPlugin:80 - create IPUIPlugin
2024-01-17 12:08:27,039 [INFO] IPUIPlugin:80 - create IPUIPlugin
2024-01-17 12:08:27,039 [INFO] IPUIPlugin:80 - create IPUIPlugin
2024-01-17 12:08:27,039 [INFO] IPUIPlugin:80 - create IPUIPlugin
2024-01-17 12:08:27,039 [INFO] IPUIPlugin:80 - create IPUIPlugin
2024-01-17 12:08:27,040 [INFO] IPUIPlugin:80 - create IPUIPlugin
2024-01-17 12:08:27,040 [INFO] IPUIPlugin:80 - create IPUIPlugin
2024-01-17 12:08:27,040 [INFO] IPUIPlugin:80 - create IPUIPlugin
2024-01-17 12:08:27,040 [INFO] IPUIPlugin:80 - create IPUIPlugin
2024-01-17 12:08:27,040 [INFO] IPUIPlugin:80 - create IPUIPlugin
2024-01-17 12:08:27,040 [INFO] IPUIPlugin:80 - create IPUIPlugin
2024-01-17 12:08:27,040 [INFO] IPUIPlugin:80 - create IPUIPlugin
2024-01-17 12:08:27,040 [INFO] IPUIPlugin:80 - create IPUIPlugin
2024-01-17 12:08:27,041 [INFO] IPUIPlugin:80 - create IPUIPlugin
2024-01-17 12:08:27,041 [INFO] IPUIPlugin:80 - create IPUIPlugin
2024-01-17 12:08:27,041 [INFO] IPUIPlugin:80 - create IPUIPlugin
2024-01-17 12:08:27,041 [INFO] IPUIPlugin:80 - create IPUIPlugin
2024-01-17 12:08:27,041 [INFO] IPUIPlugin:80 - create IPUIPlugin
2024-01-17 12:08:27,042 [INFO] IPUIPlugin:80 - create IPUIPlugin
2024-01-17 12:08:27,042 [INFO] IPUIPlugin:80 - create IPUIPlugin
2024-01-17 12:08:27,042 [INFO] IPUIPlugin:80 - create IPUIPlugin
2024-01-17 12:08:27,042 [INFO] IPUIPlugin:80 - create IPUIPlugin
2024-01-17 12:08:27,042 [INFO] IPUIPlugin:80 - create IPUIPlugin
2024-01-17 12:08:27,042 [INFO] IPUIPlugin:80 - create IPUIPlugin
2024-01-17 12:08:27,043 [INFO] IPUIPlugin:80 - create IPUIPlugin
2024-01-17 12:08:27,043 [INFO] IPUIPlugin:80 - create IPUIPlugin
2024-01-17 12:08:27,043 [INFO] IPUIPlugin:80 - create IPUIPlugin
2024-01-17 12:08:27,043 [INFO] IPUIPlugin:80 - create IPUIPlugin
2024-01-17 12:08:27,043 [INFO] IPUIPlugin:80 - create IPUIPlugin
2024-01-17 12:08:27,068 [INFO] CADModel:165 - CPN selected for project levelSTM32F042F4P6
2024-01-17 12:08:27,068 [INFO] CADModel:114 - Register for checkConnection events
2024-01-17 12:08:27,131 [INFO] OpenFileManager:343 - Restore cursor
2024-01-17 12:08:36,742 [INFO] NvicIntPanel:101 - NVIC parent = com.st.microxplorer.plugins.ip.nvic.MultiNvicIntPanel[,0,0,0x0,invalid,layout=javax.swing.BoxLayout,alignmentX=0.0,alignmentY=0.0,border=,flags=9,maximumSize=,minimumSize=,preferredSize=]
2024-01-17 12:09:29,524 [INFO] MainUpdater:2873 - connection check result : 10
2024-01-17 12:09:29,524 [INFO] MainUpdater:2873 - connection check result : 10
2024-01-17 12:09:29,533 [INFO] MicroXplorer:468 - Change Database Path : 
2024-01-17 12:09:29,534 [INFO] MicroXplorer:498 - Change Database Version : DB.6.0.100
2024-01-17 12:09:29,537 [ERROR] ProjectManagerView:394 - 
java.lang.NullPointerException: Cannot invoke "javax.swing.JTextField.getText()" because the return value of "java.util.List.get(int)" is null
	at com.st.microxplorer.plugins.projectmanager.gui.ProjectChoiceTab$10.caretUpdate(ProjectChoiceTab.java:2493) ~[filemanager.jar:?]
	at javax.swing.text.JTextComponent.fireCaretUpdate(JTextComponent.java:412) ~[?:?]
	at javax.swing.text.JTextComponent$MutableCaretEvent.fire(JTextComponent.java:4491) ~[?:?]
	at javax.swing.text.JTextComponent$MutableCaretEvent.stateChanged(JTextComponent.java:4513) ~[?:?]
	at javax.swing.text.DefaultCaret.fireStateChanged(DefaultCaret.java:842) ~[?:?]
	at javax.swing.text.DefaultCaret.changeCaretPosition(DefaultCaret.java:1313) ~[?:?]
	at javax.swing.text.DefaultCaret.handleSetDot(DefaultCaret.java:1212) ~[?:?]
	at javax.swing.text.DefaultCaret.setDot(DefaultCaret.java:1193) ~[?:?]
	at javax.swing.text.DefaultCaret$Handler.insertUpdate(DefaultCaret.java:1789) ~[?:?]
	at javax.swing.text.AbstractDocument.fireInsertUpdate(AbstractDocument.java:226) ~[?:?]
	at javax.swing.text.AbstractDocument.handleInsertString(AbstractDocument.java:780) ~[?:?]
	at javax.swing.text.AbstractDocument.insertString(AbstractDocument.java:739) ~[?:?]
	at javax.swing.text.PlainDocument.insertString(PlainDocument.java:131) ~[?:?]
	at javax.swing.text.AbstractDocument.replace(AbstractDocument.java:698) ~[?:?]
	at javax.swing.text.JTextComponent.setText(JTextComponent.java:1729) ~[?:?]
	at com.st.microxplorer.plugins.projectmanager.gui.ProjectChoiceTab.createHeapStackFields(ProjectChoiceTab.java:933) ~[filemanager.jar:?]
	at com.st.microxplorer.plugins.projectmanager.gui.ProjectChoiceTab.buildLinkSettingsPanel(ProjectChoiceTab.java:3426) ~[filemanager.jar:?]
	at com.st.microxplorer.plugins.projectmanager.gui.ProjectChoiceTab.defineWindowsFields(ProjectChoiceTab.java:1813) ~[filemanager.jar:?]
	at com.st.microxplorer.plugins.projectmanager.gui.ProjectChoiceTab.updateSettings(ProjectChoiceTab.java:533) ~[filemanager.jar:?]
	at com.st.microxplorer.plugins.projectmanager.gui.ProjectSettingsPanel.UpdateDialog(ProjectSettingsPanel.java:244) ~[filemanager.jar:?]
	at com.st.microxplorer.plugins.projectmanager.ProjectManagerView.propertyChange(ProjectManagerView.java:391) ~[filemanager.jar:?]
	at java.beans.PropertyChangeSupport.fire(PropertyChangeSupport.java:343) ~[?:?]
	at java.beans.PropertyChangeSupport.firePropertyChange(PropertyChangeSupport.java:335) ~[?:?]
	at java.beans.PropertyChangeSupport.firePropertyChange(PropertyChangeSupport.java:268) ~[?:?]
	at com.st.microxplorer.util.MXPropertyChangeSupport.firePropertyChange(MXPropertyChangeSupport.java:54) ~[STM32CubeMX.jar:?]
	at com.st.microxplorer.mxsystem.MxSystem.closeConfig(MxSystem.java:900) ~[STM32CubeMX.jar:?]
	at com.st.microxplorer.maingui.MainPanel.closeConfig(MainPanel.java:776) ~[STM32CubeMX.jar:?]
	at com.st.microxplorer.plugins.filemanager.engine.OpenFileManager.loadConfigurationFile(OpenFileManager.java:245) ~[filemanager.jar:?]
	at com.st.microxplorer.plugins.filemanager.engine.MainFileManager.userLoadConfig(MainFileManager.java:290) ~[filemanager.jar:?]
	at com.st.microxplorer.plugins.filemanager.FileManagerView.getSpecificTask(FileManagerView.java:247) ~[filemanager.jar:?]
	at com.st.stm32cube.common.mx.editor.CubeMxEditor.getMxTabbedPaneInstance(CubeMxEditor.java:1184) ~[com.st.stm32cube.common.mx_6.10.0.202311202037/:?]
	at com.st.stm32cube.common.mx.editor.CubeMxEditor$12$1.createSwingComponent(CubeMxEditor.java:1065) ~[com.st.stm32cube.common.mx_6.10.0.202311202037/:?]
	at com.st.stm32cube.common.mx.oss.core.awtswtbridge.EmbeddedSwingComposite.doComponentCreation(EmbeddedSwingComposite.java:492) ~[com.st.stm32cube.common.mx.oss_6.10.0.202311202037/:?]
	at com.st.stm32cube.common.mx.oss.core.awtswtbridge.EmbeddedSwingComposite$4.run(EmbeddedSwingComposite.java:291) ~[com.st.stm32cube.common.mx.oss_6.10.0.202311202037/:?]
	at com.st.stm32cube.common.mx.oss.core.awtswtbridge.AwtEnvironment$2.run(AwtEnvironment.java:166) ~[com.st.stm32cube.common.mx.oss_6.10.0.202311202037/:?]
	at java.awt.event.InvocationEvent.dispatch(InvocationEvent.java:318) ~[?:?]
	at java.awt.EventQueue.dispatchEventImpl(EventQueue.java:773) ~[?:?]
	at java.awt.EventQueue$4.run(EventQueue.java:720) ~[?:?]
	at java.awt.EventQueue$4.run(EventQueue.java:714) ~[?:?]
	at java.security.AccessController.doPrivileged(AccessController.java:399) ~[?:?]
	at java.security.ProtectionDomain$JavaSecurityAccessImpl.doIntersectionPrivilege(ProtectionDomain.java:86) ~[?:?]
	at java.awt.EventQueue.dispatchEvent(EventQueue.java:742) ~[?:?]
	at java.awt.EventDispatchThread.pumpOneEventForFilters(EventDispatchThread.java:203) ~[?:?]
	at java.awt.EventDispatchThread.pumpEventsForFilter(EventDispatchThread.java:124) ~[?:?]
	at java.awt.EventDispatchThread.pumpEventsForHierarchy(EventDispatchThread.java:113) ~[?:?]
	at java.awt.EventDispatchThread.pumpEvents(EventDispatchThread.java:109) ~[?:?]
	at java.awt.EventDispatchThread.pumpEvents(EventDispatchThread.java:101) ~[?:?]
	at java.awt.EventDispatchThread.run(EventDispatchThread.java:90) ~[?:?]
2024-01-17 12:09:29,538 [WARN] ThirdParty:871 - waiting for thirdparty lock release [close project]
2024-01-17 12:09:29,538 [INFO] ThirdParty:873 - entering critical section [close project]
2024-01-17 12:09:29,538 [INFO] ThirdParty:883 - exiting critical section [close project]
2024-01-17 12:09:29,539 [INFO] PinOutPanel:1499 - setPackage(No Configuration,No Configuration)
2024-01-17 12:09:29,540 [INFO] UtilMem:75 - Begin LoadConfig() Used Memory: 338085320 Bytes (968884224)
2024-01-17 12:09:29,540 [INFO] MicroXplorer:468 - Change Database Path : 
2024-01-17 12:09:29,540 [INFO] MicroXplorer:498 - Change Database Version : DB.6.0.100
2024-01-17 12:09:29,540 [INFO] OpenFileManager:312 - Change cursor
2024-01-17 12:09:29,543 [INFO] Mcu:2016 - Initializing MCU STM32F042F4Px STM32F042F4Px STM32F042F4P6
2024-01-17 12:09:29,981 [INFO] Context:659 - Trying to add GPIOservice into a context  which must be forbidden
2024-01-17 12:09:30,083 [INFO] RtosManager:555 - Registered RTOS mode: class=CMSIS, group=RTOS, mode=CMSIS_V1, owner=FREERTOS
2024-01-17 12:09:30,083 [INFO] RtosManager:555 - Registered RTOS mode: class=CMSIS, group=RTOS2, mode=CMSIS_V2, owner=FREERTOS
2024-01-17 12:09:30,083 [INFO] RtosManager:555 - Registered RTOS mode: class=RTOS, group=Core, mode=CMSIS_V1, owner=FREERTOS
2024-01-17 12:09:30,083 [INFO] RtosManager:555 - Registered RTOS mode: class=RTOS, group=Core, mode=CMSIS_V2, owner=FREERTOS
2024-01-17 12:09:30,083 [WARN] ModelIntegratedComponent:184 - Missing modes for component STMicroelectronics:FreeRTOS:0.0.1:STMicroelectronics:RTOS:FreeRTOS:Core:::10.2.0:
2024-01-17 12:09:30,087 [WARN] ModelIntegratedComponent:63 - No mode defined for component null
2024-01-17 12:09:30,087 [WARN] ModelIntegratedComponent:63 - No mode defined for component null
2024-01-17 12:09:30,087 [WARN] ModelIntegratedComponent:63 - No mode defined for component null
2024-01-17 12:09:30,087 [WARN] ModelIntegratedComponent:63 - No mode defined for component null
2024-01-17 12:09:30,087 [WARN] ModelIntegratedComponent:63 - No mode defined for component null
2024-01-17 12:09:30,087 [WARN] ModelIntegratedComponent:63 - No mode defined for component null
2024-01-17 12:09:30,088 [WARN] ModelIntegratedComponent:63 - No mode defined for component null
2024-01-17 12:09:30,088 [WARN] ModelIntegratedComponent:63 - No mode defined for component null
2024-01-17 12:09:30,088 [WARN] ModelIntegratedComponent:63 - No mode defined for component null
2024-01-17 12:09:30,088 [WARN] ModelIntegratedComponent:63 - No mode defined for component null
2024-01-17 12:09:30,088 [WARN] ModelIntegratedComponent:63 - No mode defined for component null
2024-01-17 12:09:30,088 [WARN] ModelIntegratedComponent:63 - No mode defined for component null
2024-01-17 12:09:30,088 [WARN] ModelIntegratedComponent:63 - No mode defined for component null
2024-01-17 12:09:30,088 [WARN] ModelIntegratedComponent:63 - No mode defined for component null
2024-01-17 12:09:30,088 [WARN] ModelIntegratedComponent:63 - No mode defined for component null
2024-01-17 12:09:30,088 [WARN] ModelIntegratedComponent:63 - No mode defined for component null
2024-01-17 12:09:30,088 [WARN] ModelIntegratedComponent:63 - No mode defined for component null
2024-01-17 12:09:30,088 [WARN] ModelIntegratedComponent:63 - No mode defined for component null
2024-01-17 12:09:30,088 [WARN] ModelIntegratedComponent:63 - No mode defined for component null
2024-01-17 12:09:30,088 [WARN] ModelIntegratedComponent:63 - No mode defined for component null
2024-01-17 12:09:30,088 [WARN] ModelIntegratedComponent:63 - No mode defined for component null
2024-01-17 12:09:30,088 [WARN] ModelIntegratedComponent:63 - No mode defined for component null
2024-01-17 12:09:30,088 [WARN] ModelIntegratedComponent:63 - No mode defined for component null
2024-01-17 12:09:30,088 [WARN] ModelIntegratedComponent:63 - No mode defined for component null
2024-01-17 12:09:30,088 [WARN] ModelIntegratedComponent:63 - No mode defined for component null
2024-01-17 12:09:30,088 [WARN] ModelIntegratedComponent:63 - No mode defined for component null
2024-01-17 12:09:30,088 [WARN] ModelIntegratedComponent:63 - No mode defined for component null
2024-01-17 12:09:30,088 [WARN] ModelIntegratedComponent:63 - No mode defined for component null
2024-01-17 12:09:30,088 [WARN] ModelIntegratedComponent:63 - No mode defined for component null
2024-01-17 12:09:30,088 [WARN] ModelIntegratedComponent:63 - No mode defined for component null
2024-01-17 12:09:30,088 [WARN] ModelIntegratedComponent:63 - No mode defined for component null
2024-01-17 12:09:30,088 [WARN] ModelIntegratedComponent:63 - No mode defined for component null
2024-01-17 12:09:30,088 [WARN] ModelIntegratedComponent:63 - No mode defined for component null
2024-01-17 12:09:30,132 [INFO] ThirdPartyModel:298 - Start build external matchings
2024-01-17 12:09:30,281 [INFO] ThirdPartyModel:316 - End build external matchings
2024-01-17 12:09:30,285 [INFO] ImportTextPane:194 - (OptionalMessage_ERROR) IP (DMA) : Parameter (Instance) has Id (ADC) currently not set
2024-01-17 12:09:30,285 [INFO] ImportTextPane:194 - (OptionalMessage_ERROR) IP (DMA) : Parameter (Direction) has Id (ADC) currently not set
2024-01-17 12:09:30,285 [INFO] ImportTextPane:194 - (OptionalMessage_ERROR) IP (DMA) : Parameter (PeriphInc) has Id (ADC) currently not set
2024-01-17 12:09:30,285 [INFO] ImportTextPane:194 - (OptionalMessage_ERROR) IP (DMA) : Parameter (MemInc) has Id (ADC) currently not set
2024-01-17 12:09:30,285 [INFO] ImportTextPane:194 - (OptionalMessage_ERROR) IP (DMA) : Parameter (PeriphDataAlignment) has Id (ADC) currently not set
2024-01-17 12:09:30,285 [INFO] ImportTextPane:194 - (OptionalMessage_ERROR) IP (DMA) : Parameter (MemDataAlignment) has Id (ADC) currently not set
2024-01-17 12:09:30,285 [INFO] ImportTextPane:194 - (OptionalMessage_ERROR) IP (DMA) : Parameter (Mode) has Id (ADC) currently not set
2024-01-17 12:09:30,286 [INFO] ImportTextPane:194 - (OptionalMessage_ERROR) IP (DMA) : Parameter (Priority) has Id (ADC) currently not set
2024-01-17 12:09:30,286 [INFO] ImportTextPane:194 - (OptionalMessage_ERROR) IP (RCC) : Invalid parameter (FamilyName)
2024-01-17 12:09:30,286 [INFO] ImportTextPane:194 - (OptionalMessage_ERROR) IP (RCC) : Invalid parameter (HSICECFreq_Value)
2024-01-17 12:09:30,376 [INFO] UtilMem:75 - End LoadConfig() Used Memory: 478786768 Bytes (968884224)
2024-01-17 12:09:30,421 [INFO] MicroXplorer:468 - Change Database Path : 
2024-01-17 12:09:30,422 [INFO] MicroXplorer:498 - Change Database Version : DB.6.0.100
2024-01-17 12:09:30,422 [WARN] ThirdParty:833 - waiting for thirdparty lock release [change project]
2024-01-17 12:09:30,422 [INFO] ThirdParty:835 - entering critical section [change project]
2024-01-17 12:09:30,422 [INFO] ThirdParty:1030 - CMSIS Pack Vendor :STMicroelectronics X-CUBE-ISPU 1.1.0
2024-01-17 12:09:30,422 [INFO] ThirdParty:1030 - CMSIS Pack Vendor :STMicroelectronics USBPD 4.1
2024-01-17 12:09:30,422 [INFO] ThirdParty:1030 - CMSIS Pack Vendor :STMicroelectronics X-CUBE-GNSS1 6.0.0
2024-01-17 12:09:30,422 [INFO] ThirdParty:1030 - CMSIS Pack Vendor :STMicroelectronics USB_HOST 2.0.0
2024-01-17 12:09:30,422 [INFO] ThirdParty:1030 - CMSIS Pack Vendor :STMicroelectronics X-CUBE-AZRTOS-F4 1.1.0
2024-01-17 12:09:30,422 [INFO] ThirdParty:1030 - CMSIS Pack Vendor :STMicroelectronics LIBJPEG 8.0.0
2024-01-17 12:09:30,422 [INFO] ThirdParty:1030 - CMSIS Pack Vendor :wolfSSL I-CUBE-wolfSSL 5.6.4
2024-01-17 12:09:30,422 [INFO] ThirdParty:1030 - CMSIS Pack Vendor :STMicroelectronics X-CUBE-SMBUS 2.1.0
2024-01-17 12:09:30,422 [INFO] ThirdParty:1030 - CMSIS Pack Vendor :STMicroelectronics USB_DEVICE 3.0.0
2024-01-17 12:09:30,422 [INFO] ThirdParty:1030 - CMSIS Pack Vendor :STMicroelectronics X-CUBE-AZRTOS-WB 2.0.0
2024-01-17 12:09:30,422 [INFO] ThirdParty:1030 - CMSIS Pack Vendor :STMicroelectronics X-CUBE-TOUCHGFX 4.23.0
2024-01-17 12:09:30,422 [INFO] ThirdParty:1030 - CMSIS Pack Vendor :STMicroelectronics X-CUBE-AZRTOS-F7 1.1.0
2024-01-17 12:09:30,422 [INFO] ThirdParty:1030 - CMSIS Pack Vendor :STMicroelectronics X-CUBE-AZRTOS-L5 2.0.0
2024-01-17 12:09:30,422 [INFO] ThirdParty:1030 - CMSIS Pack Vendor :STMicroelectronics USB_DEVICE 2.0.0
2024-01-17 12:09:30,422 [INFO] ThirdParty:1030 - CMSIS Pack Vendor :STMicroelectronics X-CUBE-EEPRMA1 4.2.0
2024-01-17 12:09:30,422 [INFO] ThirdParty:1030 - CMSIS Pack Vendor :ITTIA_DB I-CUBE-ITTIADB 8.8.0
2024-01-17 12:09:30,422 [INFO] ThirdParty:1030 - CMSIS Pack Vendor :STMicroelectronics FP-SNS-MOTENV1 4.3.2
2024-01-17 12:09:30,422 [INFO] ThirdParty:1030 - CMSIS Pack Vendor :STMicroelectronics X-CUBE-ALGOBUILD 1.3.0
2024-01-17 12:09:30,422 [INFO] ThirdParty:1030 - CMSIS Pack Vendor :STMicroelectronics FreeRTOS 0.0.1
2024-01-17 12:09:30,422 [INFO] ThirdParty:1030 - CMSIS Pack Vendor :STMicroelectronics X-CUBE-AZRTOS-G0 1.1.0
2024-01-17 12:09:30,422 [INFO] ThirdParty:1030 - CMSIS Pack Vendor :STMicroelectronics X-CUBE-NFC4 3.0.0
2024-01-17 12:09:30,422 [INFO] ThirdParty:1030 - CMSIS Pack Vendor :STMicroelectronics X-CUBE-SUBG2 5.0.0
2024-01-17 12:09:30,422 [INFO] ThirdParty:1030 - CMSIS Pack Vendor :STMicroelectronics STM32_WPAN 1.0.0
2024-01-17 12:09:30,422 [INFO] ThirdParty:1030 - CMSIS Pack Vendor :STMicroelectronics lwIP 2.0.3
2024-01-17 12:09:30,422 [INFO] ThirdParty:1030 - CMSIS Pack Vendor :STMicroelectronics FP-SNS-FLIGHT1 5.0.2
2024-01-17 12:09:30,422 [INFO] ThirdParty:1030 - CMSIS Pack Vendor :STMicroelectronics USB_HOST 1.0.0
2024-01-17 12:09:30,422 [INFO] ThirdParty:1030 - CMSIS Pack Vendor :STMicroelectronics X-CUBE-AZRTOS-G4 2.0.0
2024-01-17 12:09:30,422 [INFO] ThirdParty:1030 - CMSIS Pack Vendor :STMicroelectronics PDM2PCM 3.1.0
2024-01-17 12:09:30,422 [INFO] ThirdParty:1030 - CMSIS Pack Vendor :STMicroelectronics X-CUBE-AZRTOS-H7 3.1.0
2024-01-17 12:09:30,422 [INFO] ThirdParty:1030 - CMSIS Pack Vendor :Infineon AIROC-Wi-Fi-Bluetooth-STM32 1.5.1
2024-01-17 12:09:30,422 [INFO] ThirdParty:1030 - CMSIS Pack Vendor :STMicroelectronics X-CUBE-BLEMGR 3.0.0
2024-01-17 12:09:30,422 [INFO] ThirdParty:1030 - CMSIS Pack Vendor :STMicroelectronics PDM2PCM 3.3.0
2024-01-17 12:09:30,422 [INFO] ThirdParty:1030 - CMSIS Pack Vendor :STMicroelectronics X-CUBE-DISPLAY 3.0.0
2024-01-17 12:09:30,422 [INFO] ThirdParty:1030 - CMSIS Pack Vendor :STMicroelectronics FP-SNS-MOTENVWB1 1.3.1
2024-01-17 12:09:30,422 [INFO] ThirdParty:1030 - CMSIS Pack Vendor :STMicroelectronics X-CUBE-BLE1 7.0.0
2024-01-17 12:09:30,422 [INFO] ThirdParty:1030 - CMSIS Pack Vendor :STMicroelectronics FP-ATR-SIGFOX1 3.2.0
2024-01-17 12:09:30,422 [INFO] ThirdParty:1030 - CMSIS Pack Vendor :STMicroelectronics X-CUBE-ISPU 2.0.0
2024-01-17 12:09:30,422 [INFO] ThirdParty:1030 - CMSIS Pack Vendor :STMicroelectronics HAL Drivers 0.0.0
2024-01-17 12:09:30,422 [INFO] ThirdParty:1030 - CMSIS Pack Vendor :STMicroelectronics MBEDTLS 2.16.2
2024-01-17 12:09:30,422 [INFO] ThirdParty:1030 - CMSIS Pack Vendor :emotas I-CUBE-CANOPEN 1.3.0
2024-01-17 12:09:30,422 [INFO] ThirdParty:1030 - CMSIS Pack Vendor :STMicroelectronics X-CUBE-MEMS1 10.0.0
2024-01-17 12:09:30,422 [INFO] ThirdParty:1030 - CMSIS Pack Vendor :STMicroelectronics X-CUBE-FREERTOS 1.1.0
2024-01-17 12:09:30,422 [INFO] ThirdParty:1030 - CMSIS Pack Vendor :STMicroelectronics X-CUBE-NFC7 1.0.1
2024-01-17 12:09:30,422 [INFO] ThirdParty:1030 - CMSIS Pack Vendor :STMicroelectronics MBEDTLS 2.14.1
2024-01-17 12:09:30,422 [INFO] ThirdParty:1030 - CMSIS Pack Vendor :STMicroelectronics X-CUBE-TOUCHGFX 4.22.1
2024-01-17 12:09:30,422 [INFO] ThirdParty:1030 - CMSIS Pack Vendor :STMicroelectronics X-CUBE-NFC6 3.0.0
2024-01-17 12:09:30,422 [INFO] ThirdParty:1030 - CMSIS Pack Vendor :portGmbH I-Cube-SoM-uGOAL 1.1.0
2024-01-17 12:09:30,422 [INFO] ThirdParty:1030 - CMSIS Pack Vendor :STMicroelectronics X-CUBE-ALS 1.0.1
2024-01-17 12:09:30,422 [INFO] ThirdParty:1030 - CMSIS Pack Vendor :STMicroelectronics ThreadX 1.0.0
2024-01-17 12:09:30,422 [INFO] ThirdParty:1030 - CMSIS Pack Vendor :STMicroelectronics FP-SNS-SMARTAG2 1.2.0
2024-01-17 12:09:30,422 [INFO] ThirdParty:1030 - CMSIS Pack Vendor :STMicroelectronics X-CUBE-AZRTOS-WL 2.0.0
2024-01-17 12:09:30,422 [INFO] ThirdParty:1030 - CMSIS Pack Vendor :STMicroelectronics USB_DEVICE 1.0.0
2024-01-17 12:09:30,422 [INFO] ThirdParty:1030 - CMSIS Pack Vendor :STMicroelectronics X-CUBE-AI 8.1.0
2024-01-17 12:09:30,422 [INFO] ThirdParty:1030 - CMSIS Pack Vendor :STMicroelectronics X-CUBE-AZRTOS-L4 2.0.0
2024-01-17 12:09:30,422 [INFO] ThirdParty:1030 - CMSIS Pack Vendor :STMicroelectronics ThreadX 0.0.2
2024-01-17 12:09:30,422 [INFO] ThirdParty:1030 - CMSIS Pack Vendor :WES I-CUBE-Cesium 1.3.0
2024-01-17 12:09:30,422 [INFO] ThirdParty:1030 - CMSIS Pack Vendor :STMicroelectronics FP-ATR-ASTRA1 2.0.0
2024-01-17 12:09:30,422 [INFO] ThirdParty:1030 - CMSIS Pack Vendor :STMicroelectronics lwIP 2.1.2
2024-01-17 12:09:30,422 [INFO] ThirdParty:1030 - CMSIS Pack Vendor :STMicroelectronics X-CUBE-SFXS2LP1 4.0.0
2024-01-17 12:09:30,422 [INFO] ThirdParty:1030 - CMSIS Pack Vendor :STMicroelectronics X-CUBE-BLE2 3.3.0
2024-01-17 12:09:30,422 [INFO] ThirdParty:1030 - CMSIS Pack Vendor :STMicroelectronics X-CUBE-TOF1 3.4.0
2024-01-17 12:09:30,423 [INFO] ThirdParty:1030 - CMSIS Pack Vendor :STMicroelectronics X-CUBE-AZRTOS-H7 3.2.0
2024-01-17 12:09:30,423 [INFO] ThirdParty:1030 - CMSIS Pack Vendor :STMicroelectronics PDM2PCM 3.2.0
2024-01-17 12:09:30,423 [INFO] ThirdParty:841 - exiting critical section [change project]
2024-01-17 12:09:30,470 [INFO] PinOutPanel:1499 - setPackage(No Configuration,No Configuration)
2024-01-17 12:09:30,471 [INFO] PinOutPanel:1499 - setPackage(STM32F042F4Px,TSSOP20)
2024-01-17 12:09:31,143 [INFO] UtilMem:75 - Before build in PCC Used Memory: 364089184 Bytes (968884224)
2024-01-17 12:09:31,244 [INFO] UtilMem:75 - After build in PCC Used Memory: 406558560 Bytes (968884224)
2024-01-17 12:09:31,254 [INFO] IPUIPlugin:80 - create IPUIPlugin
2024-01-17 12:09:31,254 [INFO] IPUIPlugin:80 - create IPUIPlugin
2024-01-17 12:09:31,254 [INFO] IPUIPlugin:80 - create IPUIPlugin
2024-01-17 12:09:31,254 [INFO] IPUIPlugin:80 - create IPUIPlugin
2024-01-17 12:09:31,254 [INFO] IPUIPlugin:80 - create IPUIPlugin
2024-01-17 12:09:31,254 [INFO] IPUIPlugin:80 - create IPUIPlugin
2024-01-17 12:09:31,254 [INFO] IPUIPlugin:80 - create IPUIPlugin
2024-01-17 12:09:31,254 [INFO] IPUIPlugin:80 - create IPUIPlugin
2024-01-17 12:09:31,254 [INFO] IPUIPlugin:80 - create IPUIPlugin
2024-01-17 12:09:31,254 [INFO] IPUIPlugin:80 - create IPUIPlugin
2024-01-17 12:09:31,254 [INFO] IPUIPlugin:80 - create IPUIPlugin
2024-01-17 12:09:31,254 [INFO] IPUIPlugin:80 - create IPUIPlugin
2024-01-17 12:09:31,254 [INFO] IPUIPlugin:80 - create IPUIPlugin
2024-01-17 12:09:31,254 [INFO] IPUIPlugin:80 - create IPUIPlugin
2024-01-17 12:09:31,254 [INFO] IPUIPlugin:80 - create IPUIPlugin
2024-01-17 12:09:31,254 [INFO] IPUIPlugin:80 - create IPUIPlugin
2024-01-17 12:09:31,255 [INFO] IPUIPlugin:80 - create IPUIPlugin
2024-01-17 12:09:31,255 [INFO] IPUIPlugin:80 - create IPUIPlugin
2024-01-17 12:09:31,255 [INFO] IPUIPlugin:80 - create IPUIPlugin
2024-01-17 12:09:31,255 [INFO] IPUIPlugin:80 - create IPUIPlugin
2024-01-17 12:09:31,256 [INFO] IPUIPlugin:80 - create IPUIPlugin
2024-01-17 12:09:31,256 [INFO] IPUIPlugin:80 - create IPUIPlugin
2024-01-17 12:09:31,256 [INFO] IPUIPlugin:80 - create IPUIPlugin
2024-01-17 12:09:31,256 [INFO] IPUIPlugin:80 - create IPUIPlugin
2024-01-17 12:09:31,256 [INFO] IPUIPlugin:80 - create IPUIPlugin
2024-01-17 12:09:31,256 [INFO] IPUIPlugin:80 - create IPUIPlugin
2024-01-17 12:09:31,256 [INFO] IPUIPlugin:80 - create IPUIPlugin
2024-01-17 12:09:31,256 [INFO] IPUIPlugin:80 - create IPUIPlugin
2024-01-17 12:09:31,257 [INFO] IPUIPlugin:80 - create IPUIPlugin
2024-01-17 12:09:31,257 [INFO] IPUIPlugin:80 - create IPUIPlugin
2024-01-17 12:09:31,257 [INFO] Can:71 - Can Add PropertyChangeListener com.st.microxplorer.plugins.ip.can.Can@6d88008a
2024-01-17 12:09:31,279 [INFO] CADModel:165 - CPN selected for project levelSTM32F042F4P6
2024-01-17 12:09:31,279 [INFO] CADModel:114 - Register for checkConnection events
2024-01-17 12:09:31,356 [INFO] OpenFileManager:343 - Restore cursor
2024-01-17 12:10:26,809 [INFO] NvicIntPanel:101 - NVIC parent = com.st.microxplorer.plugins.ip.nvic.MultiNvicIntPanel[,0,0,450x267,layout=javax.swing.BoxLayout,alignmentX=0.0,alignmentY=0.0,border=,flags=9,maximumSize=,minimumSize=,preferredSize=]
2024-01-17 12:10:48,766 [INFO] NvicIntPanel:101 - NVIC parent = com.st.microxplorer.plugins.ip.nvic.MultiNvicIntPanel[,0,0,0x0,invalid,layout=javax.swing.BoxLayout,alignmentX=0.0,alignmentY=0.0,border=,flags=9,maximumSize=,minimumSize=,preferredSize=]
2024-01-17 12:11:03,039 [INFO] MainUpdater:2873 - connection check result : 10
2024-01-17 12:11:03,039 [INFO] MainUpdater:2873 - connection check result : 10
2024-01-17 12:11:03,049 [INFO] MicroXplorer:468 - Change Database Path : 
2024-01-17 12:11:03,049 [INFO] MicroXplorer:498 - Change Database Version : DB.6.0.100
2024-01-17 12:11:03,054 [ERROR] ProjectManagerView:394 - 
java.lang.NullPointerException: Cannot invoke "javax.swing.JTextField.getText()" because the return value of "java.util.List.get(int)" is null
	at com.st.microxplorer.plugins.projectmanager.gui.ProjectChoiceTab$10.caretUpdate(ProjectChoiceTab.java:2493) ~[filemanager.jar:?]
	at javax.swing.text.JTextComponent.fireCaretUpdate(JTextComponent.java:412) ~[?:?]
	at javax.swing.text.JTextComponent$MutableCaretEvent.fire(JTextComponent.java:4491) ~[?:?]
	at javax.swing.text.JTextComponent$MutableCaretEvent.stateChanged(JTextComponent.java:4513) ~[?:?]
	at javax.swing.text.DefaultCaret.fireStateChanged(DefaultCaret.java:842) ~[?:?]
	at javax.swing.text.DefaultCaret.changeCaretPosition(DefaultCaret.java:1313) ~[?:?]
	at javax.swing.text.DefaultCaret.handleSetDot(DefaultCaret.java:1212) ~[?:?]
	at javax.swing.text.DefaultCaret.setDot(DefaultCaret.java:1193) ~[?:?]
	at javax.swing.text.DefaultCaret$Handler.insertUpdate(DefaultCaret.java:1789) ~[?:?]
	at javax.swing.text.AbstractDocument.fireInsertUpdate(AbstractDocument.java:226) ~[?:?]
	at javax.swing.text.AbstractDocument.handleInsertString(AbstractDocument.java:780) ~[?:?]
	at javax.swing.text.AbstractDocument.insertString(AbstractDocument.java:739) ~[?:?]
	at javax.swing.text.PlainDocument.insertString(PlainDocument.java:131) ~[?:?]
	at javax.swing.text.AbstractDocument.replace(AbstractDocument.java:698) ~[?:?]
	at javax.swing.text.JTextComponent.setText(JTextComponent.java:1729) ~[?:?]
	at com.st.microxplorer.plugins.projectmanager.gui.ProjectChoiceTab.createHeapStackFields(ProjectChoiceTab.java:933) ~[filemanager.jar:?]
	at com.st.microxplorer.plugins.projectmanager.gui.ProjectChoiceTab.buildLinkSettingsPanel(ProjectChoiceTab.java:3426) ~[filemanager.jar:?]
	at com.st.microxplorer.plugins.projectmanager.gui.ProjectChoiceTab.defineWindowsFields(ProjectChoiceTab.java:1813) ~[filemanager.jar:?]
	at com.st.microxplorer.plugins.projectmanager.gui.ProjectChoiceTab.updateSettings(ProjectChoiceTab.java:533) ~[filemanager.jar:?]
	at com.st.microxplorer.plugins.projectmanager.gui.ProjectSettingsPanel.UpdateDialog(ProjectSettingsPanel.java:244) ~[filemanager.jar:?]
	at com.st.microxplorer.plugins.projectmanager.ProjectManagerView.propertyChange(ProjectManagerView.java:391) ~[filemanager.jar:?]
	at java.beans.PropertyChangeSupport.fire(PropertyChangeSupport.java:343) ~[?:?]
	at java.beans.PropertyChangeSupport.firePropertyChange(PropertyChangeSupport.java:335) ~[?:?]
	at java.beans.PropertyChangeSupport.firePropertyChange(PropertyChangeSupport.java:268) ~[?:?]
	at com.st.microxplorer.util.MXPropertyChangeSupport.firePropertyChange(MXPropertyChangeSupport.java:54) ~[STM32CubeMX.jar:?]
	at com.st.microxplorer.mxsystem.MxSystem.closeConfig(MxSystem.java:900) ~[STM32CubeMX.jar:?]
	at com.st.microxplorer.maingui.MainPanel.closeConfig(MainPanel.java:776) ~[STM32CubeMX.jar:?]
	at com.st.microxplorer.plugins.filemanager.engine.OpenFileManager.loadConfigurationFile(OpenFileManager.java:245) ~[filemanager.jar:?]
	at com.st.microxplorer.plugins.filemanager.engine.MainFileManager.userLoadConfig(MainFileManager.java:290) ~[filemanager.jar:?]
	at com.st.microxplorer.plugins.filemanager.FileManagerView.getSpecificTask(FileManagerView.java:247) ~[filemanager.jar:?]
	at com.st.stm32cube.common.mx.editor.CubeMxEditor.getMxTabbedPaneInstance(CubeMxEditor.java:1184) ~[com.st.stm32cube.common.mx_6.10.0.202311202037/:?]
	at com.st.stm32cube.common.mx.editor.CubeMxEditor$12$1.createSwingComponent(CubeMxEditor.java:1065) ~[com.st.stm32cube.common.mx_6.10.0.202311202037/:?]
	at com.st.stm32cube.common.mx.oss.core.awtswtbridge.EmbeddedSwingComposite.doComponentCreation(EmbeddedSwingComposite.java:492) ~[com.st.stm32cube.common.mx.oss_6.10.0.202311202037/:?]
	at com.st.stm32cube.common.mx.oss.core.awtswtbridge.EmbeddedSwingComposite$4.run(EmbeddedSwingComposite.java:291) ~[com.st.stm32cube.common.mx.oss_6.10.0.202311202037/:?]
	at com.st.stm32cube.common.mx.oss.core.awtswtbridge.AwtEnvironment$2.run(AwtEnvironment.java:166) ~[com.st.stm32cube.common.mx.oss_6.10.0.202311202037/:?]
	at java.awt.event.InvocationEvent.dispatch(InvocationEvent.java:318) ~[?:?]
	at java.awt.EventQueue.dispatchEventImpl(EventQueue.java:773) ~[?:?]
	at java.awt.EventQueue$4.run(EventQueue.java:720) ~[?:?]
	at java.awt.EventQueue$4.run(EventQueue.java:714) ~[?:?]
	at java.security.AccessController.doPrivileged(AccessController.java:399) ~[?:?]
	at java.security.ProtectionDomain$JavaSecurityAccessImpl.doIntersectionPrivilege(ProtectionDomain.java:86) ~[?:?]
	at java.awt.EventQueue.dispatchEvent(EventQueue.java:742) ~[?:?]
	at java.awt.EventDispatchThread.pumpOneEventForFilters(EventDispatchThread.java:203) ~[?:?]
	at java.awt.EventDispatchThread.pumpEventsForFilter(EventDispatchThread.java:124) ~[?:?]
	at java.awt.EventDispatchThread.pumpEventsForHierarchy(EventDispatchThread.java:113) ~[?:?]
	at java.awt.EventDispatchThread.pumpEvents(EventDispatchThread.java:109) ~[?:?]
	at java.awt.EventDispatchThread.pumpEvents(EventDispatchThread.java:101) ~[?:?]
	at java.awt.EventDispatchThread.run(EventDispatchThread.java:90) ~[?:?]
2024-01-17 12:11:03,055 [WARN] ThirdParty:871 - waiting for thirdparty lock release [close project]
2024-01-17 12:11:03,055 [INFO] ThirdParty:873 - entering critical section [close project]
2024-01-17 12:11:03,055 [INFO] ThirdParty:883 - exiting critical section [close project]
2024-01-17 12:11:03,056 [INFO] PinOutPanel:1499 - setPackage(No Configuration,No Configuration)
2024-01-17 12:11:03,057 [INFO] UtilMem:75 - Begin LoadConfig() Used Memory: 660313952 Bytes (968884224)
2024-01-17 12:11:03,057 [INFO] MicroXplorer:468 - Change Database Path : 
2024-01-17 12:11:03,057 [INFO] MicroXplorer:498 - Change Database Version : DB.6.0.100
2024-01-17 12:11:03,057 [INFO] OpenFileManager:312 - Change cursor
2024-01-17 12:11:03,060 [INFO] Mcu:2016 - Initializing MCU STM32F042F4Px STM32F042F4Px STM32F042F4P6
2024-01-17 12:11:03,537 [INFO] Context:659 - Trying to add GPIOservice into a context  which must be forbidden
2024-01-17 12:11:03,622 [INFO] RtosManager:555 - Registered RTOS mode: class=CMSIS, group=RTOS, mode=CMSIS_V1, owner=FREERTOS
2024-01-17 12:11:03,622 [INFO] RtosManager:555 - Registered RTOS mode: class=CMSIS, group=RTOS2, mode=CMSIS_V2, owner=FREERTOS
2024-01-17 12:11:03,622 [INFO] RtosManager:555 - Registered RTOS mode: class=RTOS, group=Core, mode=CMSIS_V1, owner=FREERTOS
2024-01-17 12:11:03,622 [INFO] RtosManager:555 - Registered RTOS mode: class=RTOS, group=Core, mode=CMSIS_V2, owner=FREERTOS
2024-01-17 12:11:03,622 [WARN] ModelIntegratedComponent:184 - Missing modes for component STMicroelectronics:FreeRTOS:0.0.1:STMicroelectronics:RTOS:FreeRTOS:Core:::10.2.0:
2024-01-17 12:11:03,625 [WARN] ModelIntegratedComponent:63 - No mode defined for component null
2024-01-17 12:11:03,625 [WARN] ModelIntegratedComponent:63 - No mode defined for component null
2024-01-17 12:11:03,625 [WARN] ModelIntegratedComponent:63 - No mode defined for component null
2024-01-17 12:11:03,625 [WARN] ModelIntegratedComponent:63 - No mode defined for component null
2024-01-17 12:11:03,625 [WARN] ModelIntegratedComponent:63 - No mode defined for component null
2024-01-17 12:11:03,625 [WARN] ModelIntegratedComponent:63 - No mode defined for component null
2024-01-17 12:11:03,625 [WARN] ModelIntegratedComponent:63 - No mode defined for component null
2024-01-17 12:11:03,625 [WARN] ModelIntegratedComponent:63 - No mode defined for component null
2024-01-17 12:11:03,625 [WARN] ModelIntegratedComponent:63 - No mode defined for component null
2024-01-17 12:11:03,625 [WARN] ModelIntegratedComponent:63 - No mode defined for component null
2024-01-17 12:11:03,625 [WARN] ModelIntegratedComponent:63 - No mode defined for component null
2024-01-17 12:11:03,625 [WARN] ModelIntegratedComponent:63 - No mode defined for component null
2024-01-17 12:11:03,625 [WARN] ModelIntegratedComponent:63 - No mode defined for component null
2024-01-17 12:11:03,625 [WARN] ModelIntegratedComponent:63 - No mode defined for component null
2024-01-17 12:11:03,625 [WARN] ModelIntegratedComponent:63 - No mode defined for component null
2024-01-17 12:11:03,625 [WARN] ModelIntegratedComponent:63 - No mode defined for component null
2024-01-17 12:11:03,625 [WARN] ModelIntegratedComponent:63 - No mode defined for component null
2024-01-17 12:11:03,625 [WARN] ModelIntegratedComponent:63 - No mode defined for component null
2024-01-17 12:11:03,625 [WARN] ModelIntegratedComponent:63 - No mode defined for component null
2024-01-17 12:11:03,626 [WARN] ModelIntegratedComponent:63 - No mode defined for component null
2024-01-17 12:11:03,626 [WARN] ModelIntegratedComponent:63 - No mode defined for component null
2024-01-17 12:11:03,626 [WARN] ModelIntegratedComponent:63 - No mode defined for component null
2024-01-17 12:11:03,626 [WARN] ModelIntegratedComponent:63 - No mode defined for component null
2024-01-17 12:11:03,626 [WARN] ModelIntegratedComponent:63 - No mode defined for component null
2024-01-17 12:11:03,626 [WARN] ModelIntegratedComponent:63 - No mode defined for component null
2024-01-17 12:11:03,626 [WARN] ModelIntegratedComponent:63 - No mode defined for component null
2024-01-17 12:11:03,626 [WARN] ModelIntegratedComponent:63 - No mode defined for component null
2024-01-17 12:11:03,626 [WARN] ModelIntegratedComponent:63 - No mode defined for component null
2024-01-17 12:11:03,626 [WARN] ModelIntegratedComponent:63 - No mode defined for component null
2024-01-17 12:11:03,626 [WARN] ModelIntegratedComponent:63 - No mode defined for component null
2024-01-17 12:11:03,626 [WARN] ModelIntegratedComponent:63 - No mode defined for component null
2024-01-17 12:11:03,626 [WARN] ModelIntegratedComponent:63 - No mode defined for component null
2024-01-17 12:11:03,626 [WARN] ModelIntegratedComponent:63 - No mode defined for component null
2024-01-17 12:11:03,671 [INFO] ThirdPartyModel:298 - Start build external matchings
2024-01-17 12:11:03,813 [INFO] ThirdPartyModel:316 - End build external matchings
2024-01-17 12:11:03,816 [INFO] ImportTextPane:194 - (OptionalMessage_ERROR) IP (RCC) : Invalid parameter (FamilyName)
2024-01-17 12:11:03,816 [INFO] ImportTextPane:194 - (OptionalMessage_ERROR) IP (RCC) : Invalid parameter (HSICECFreq_Value)
2024-01-17 12:11:03,988 [INFO] UtilMem:75 - End LoadConfig() Used Memory: 320991896 Bytes (968884224)
2024-01-17 12:11:04,058 [INFO] MicroXplorer:468 - Change Database Path : 
2024-01-17 12:11:04,058 [INFO] MicroXplorer:498 - Change Database Version : DB.6.0.100
2024-01-17 12:11:04,058 [WARN] ThirdParty:833 - waiting for thirdparty lock release [change project]
2024-01-17 12:11:04,058 [INFO] ThirdParty:835 - entering critical section [change project]
2024-01-17 12:11:04,059 [INFO] ThirdParty:1030 - CMSIS Pack Vendor :STMicroelectronics X-CUBE-ISPU 1.1.0
2024-01-17 12:11:04,059 [INFO] ThirdParty:1030 - CMSIS Pack Vendor :STMicroelectronics USBPD 4.1
2024-01-17 12:11:04,059 [INFO] ThirdParty:1030 - CMSIS Pack Vendor :STMicroelectronics X-CUBE-GNSS1 6.0.0
2024-01-17 12:11:04,059 [INFO] ThirdParty:1030 - CMSIS Pack Vendor :STMicroelectronics USB_HOST 2.0.0
2024-01-17 12:11:04,059 [INFO] ThirdParty:1030 - CMSIS Pack Vendor :STMicroelectronics X-CUBE-AZRTOS-F4 1.1.0
2024-01-17 12:11:04,059 [INFO] ThirdParty:1030 - CMSIS Pack Vendor :STMicroelectronics LIBJPEG 8.0.0
2024-01-17 12:11:04,059 [INFO] ThirdParty:1030 - CMSIS Pack Vendor :wolfSSL I-CUBE-wolfSSL 5.6.4
2024-01-17 12:11:04,059 [INFO] ThirdParty:1030 - CMSIS Pack Vendor :STMicroelectronics X-CUBE-SMBUS 2.1.0
2024-01-17 12:11:04,059 [INFO] ThirdParty:1030 - CMSIS Pack Vendor :STMicroelectronics USB_DEVICE 3.0.0
2024-01-17 12:11:04,059 [INFO] ThirdParty:1030 - CMSIS Pack Vendor :STMicroelectronics X-CUBE-AZRTOS-WB 2.0.0
2024-01-17 12:11:04,059 [INFO] ThirdParty:1030 - CMSIS Pack Vendor :STMicroelectronics X-CUBE-TOUCHGFX 4.23.0
2024-01-17 12:11:04,059 [INFO] ThirdParty:1030 - CMSIS Pack Vendor :STMicroelectronics X-CUBE-AZRTOS-F7 1.1.0
2024-01-17 12:11:04,059 [INFO] ThirdParty:1030 - CMSIS Pack Vendor :STMicroelectronics X-CUBE-AZRTOS-L5 2.0.0
2024-01-17 12:11:04,059 [INFO] ThirdParty:1030 - CMSIS Pack Vendor :STMicroelectronics USB_DEVICE 2.0.0
2024-01-17 12:11:04,059 [INFO] ThirdParty:1030 - CMSIS Pack Vendor :STMicroelectronics X-CUBE-EEPRMA1 4.2.0
2024-01-17 12:11:04,059 [INFO] ThirdParty:1030 - CMSIS Pack Vendor :ITTIA_DB I-CUBE-ITTIADB 8.8.0
2024-01-17 12:11:04,059 [INFO] ThirdParty:1030 - CMSIS Pack Vendor :STMicroelectronics FP-SNS-MOTENV1 4.3.2
2024-01-17 12:11:04,059 [INFO] ThirdParty:1030 - CMSIS Pack Vendor :STMicroelectronics X-CUBE-ALGOBUILD 1.3.0
2024-01-17 12:11:04,059 [INFO] ThirdParty:1030 - CMSIS Pack Vendor :STMicroelectronics FreeRTOS 0.0.1
2024-01-17 12:11:04,059 [INFO] ThirdParty:1030 - CMSIS Pack Vendor :STMicroelectronics X-CUBE-AZRTOS-G0 1.1.0
2024-01-17 12:11:04,059 [INFO] ThirdParty:1030 - CMSIS Pack Vendor :STMicroelectronics X-CUBE-NFC4 3.0.0
2024-01-17 12:11:04,059 [INFO] ThirdParty:1030 - CMSIS Pack Vendor :STMicroelectronics X-CUBE-SUBG2 5.0.0
2024-01-17 12:11:04,059 [INFO] ThirdParty:1030 - CMSIS Pack Vendor :STMicroelectronics STM32_WPAN 1.0.0
2024-01-17 12:11:04,059 [INFO] ThirdParty:1030 - CMSIS Pack Vendor :STMicroelectronics lwIP 2.0.3
2024-01-17 12:11:04,059 [INFO] ThirdParty:1030 - CMSIS Pack Vendor :STMicroelectronics FP-SNS-FLIGHT1 5.0.2
2024-01-17 12:11:04,059 [INFO] ThirdParty:1030 - CMSIS Pack Vendor :STMicroelectronics USB_HOST 1.0.0
2024-01-17 12:11:04,059 [INFO] ThirdParty:1030 - CMSIS Pack Vendor :STMicroelectronics X-CUBE-AZRTOS-G4 2.0.0
2024-01-17 12:11:04,059 [INFO] ThirdParty:1030 - CMSIS Pack Vendor :STMicroelectronics PDM2PCM 3.1.0
2024-01-17 12:11:04,059 [INFO] ThirdParty:1030 - CMSIS Pack Vendor :STMicroelectronics X-CUBE-AZRTOS-H7 3.1.0
2024-01-17 12:11:04,059 [INFO] ThirdParty:1030 - CMSIS Pack Vendor :Infineon AIROC-Wi-Fi-Bluetooth-STM32 1.5.1
2024-01-17 12:11:04,059 [INFO] ThirdParty:1030 - CMSIS Pack Vendor :STMicroelectronics X-CUBE-BLEMGR 3.0.0
2024-01-17 12:11:04,059 [INFO] ThirdParty:1030 - CMSIS Pack Vendor :STMicroelectronics PDM2PCM 3.3.0
2024-01-17 12:11:04,059 [INFO] ThirdParty:1030 - CMSIS Pack Vendor :STMicroelectronics X-CUBE-DISPLAY 3.0.0
2024-01-17 12:11:04,059 [INFO] ThirdParty:1030 - CMSIS Pack Vendor :STMicroelectronics FP-SNS-MOTENVWB1 1.3.1
2024-01-17 12:11:04,059 [INFO] ThirdParty:1030 - CMSIS Pack Vendor :STMicroelectronics X-CUBE-BLE1 7.0.0
2024-01-17 12:11:04,059 [INFO] ThirdParty:1030 - CMSIS Pack Vendor :STMicroelectronics FP-ATR-SIGFOX1 3.2.0
2024-01-17 12:11:04,059 [INFO] ThirdParty:1030 - CMSIS Pack Vendor :STMicroelectronics X-CUBE-ISPU 2.0.0
2024-01-17 12:11:04,059 [INFO] ThirdParty:1030 - CMSIS Pack Vendor :STMicroelectronics HAL Drivers 0.0.0
2024-01-17 12:11:04,059 [INFO] ThirdParty:1030 - CMSIS Pack Vendor :STMicroelectronics MBEDTLS 2.16.2
2024-01-17 12:11:04,059 [INFO] ThirdParty:1030 - CMSIS Pack Vendor :emotas I-CUBE-CANOPEN 1.3.0
2024-01-17 12:11:04,059 [INFO] ThirdParty:1030 - CMSIS Pack Vendor :STMicroelectronics X-CUBE-MEMS1 10.0.0
2024-01-17 12:11:04,059 [INFO] ThirdParty:1030 - CMSIS Pack Vendor :STMicroelectronics X-CUBE-FREERTOS 1.1.0
2024-01-17 12:11:04,059 [INFO] ThirdParty:1030 - CMSIS Pack Vendor :STMicroelectronics X-CUBE-NFC7 1.0.1
2024-01-17 12:11:04,059 [INFO] ThirdParty:1030 - CMSIS Pack Vendor :STMicroelectronics MBEDTLS 2.14.1
2024-01-17 12:11:04,059 [INFO] ThirdParty:1030 - CMSIS Pack Vendor :STMicroelectronics X-CUBE-TOUCHGFX 4.22.1
2024-01-17 12:11:04,059 [INFO] ThirdParty:1030 - CMSIS Pack Vendor :STMicroelectronics X-CUBE-NFC6 3.0.0
2024-01-17 12:11:04,059 [INFO] ThirdParty:1030 - CMSIS Pack Vendor :portGmbH I-Cube-SoM-uGOAL 1.1.0
2024-01-17 12:11:04,059 [INFO] ThirdParty:1030 - CMSIS Pack Vendor :STMicroelectronics X-CUBE-ALS 1.0.1
2024-01-17 12:11:04,059 [INFO] ThirdParty:1030 - CMSIS Pack Vendor :STMicroelectronics ThreadX 1.0.0
2024-01-17 12:11:04,059 [INFO] ThirdParty:1030 - CMSIS Pack Vendor :STMicroelectronics FP-SNS-SMARTAG2 1.2.0
2024-01-17 12:11:04,059 [INFO] ThirdParty:1030 - CMSIS Pack Vendor :STMicroelectronics X-CUBE-AZRTOS-WL 2.0.0
2024-01-17 12:11:04,059 [INFO] ThirdParty:1030 - CMSIS Pack Vendor :STMicroelectronics USB_DEVICE 1.0.0
2024-01-17 12:11:04,059 [INFO] ThirdParty:1030 - CMSIS Pack Vendor :STMicroelectronics X-CUBE-AI 8.1.0
2024-01-17 12:11:04,059 [INFO] ThirdParty:1030 - CMSIS Pack Vendor :STMicroelectronics X-CUBE-AZRTOS-L4 2.0.0
2024-01-17 12:11:04,059 [INFO] ThirdParty:1030 - CMSIS Pack Vendor :STMicroelectronics ThreadX 0.0.2
2024-01-17 12:11:04,059 [INFO] ThirdParty:1030 - CMSIS Pack Vendor :WES I-CUBE-Cesium 1.3.0
2024-01-17 12:11:04,059 [INFO] ThirdParty:1030 - CMSIS Pack Vendor :STMicroelectronics FP-ATR-ASTRA1 2.0.0
2024-01-17 12:11:04,059 [INFO] ThirdParty:1030 - CMSIS Pack Vendor :STMicroelectronics lwIP 2.1.2
2024-01-17 12:11:04,059 [INFO] ThirdParty:1030 - CMSIS Pack Vendor :STMicroelectronics X-CUBE-SFXS2LP1 4.0.0
2024-01-17 12:11:04,059 [INFO] ThirdParty:1030 - CMSIS Pack Vendor :STMicroelectronics X-CUBE-BLE2 3.3.0
2024-01-17 12:11:04,059 [INFO] ThirdParty:1030 - CMSIS Pack Vendor :STMicroelectronics X-CUBE-TOF1 3.4.0
2024-01-17 12:11:04,059 [INFO] ThirdParty:1030 - CMSIS Pack Vendor :STMicroelectronics X-CUBE-AZRTOS-H7 3.2.0
2024-01-17 12:11:04,059 [INFO] ThirdParty:1030 - CMSIS Pack Vendor :STMicroelectronics PDM2PCM 3.2.0
2024-01-17 12:11:04,059 [INFO] ThirdParty:841 - exiting critical section [change project]
2024-01-17 12:11:04,109 [INFO] PinOutPanel:1499 - setPackage(No Configuration,No Configuration)
2024-01-17 12:11:04,111 [INFO] PinOutPanel:1499 - setPackage(STM32F042F4Px,TSSOP20)
2024-01-17 12:11:04,736 [INFO] UtilMem:75 - Before build in PCC Used Memory: 481571392 Bytes (968884224)
2024-01-17 12:11:04,849 [INFO] UtilMem:75 - After build in PCC Used Memory: 523514432 Bytes (968884224)
2024-01-17 12:11:04,862 [INFO] IPUIPlugin:80 - create IPUIPlugin
2024-01-17 12:11:04,862 [INFO] IPUIPlugin:80 - create IPUIPlugin
2024-01-17 12:11:04,862 [INFO] IPUIPlugin:80 - create IPUIPlugin
2024-01-17 12:11:04,862 [INFO] IPUIPlugin:80 - create IPUIPlugin
2024-01-17 12:11:04,862 [INFO] IPUIPlugin:80 - create IPUIPlugin
2024-01-17 12:11:04,863 [INFO] IPUIPlugin:80 - create IPUIPlugin
2024-01-17 12:11:04,863 [INFO] IPUIPlugin:80 - create IPUIPlugin
2024-01-17 12:11:04,863 [INFO] IPUIPlugin:80 - create IPUIPlugin
2024-01-17 12:11:04,863 [INFO] IPUIPlugin:80 - create IPUIPlugin
2024-01-17 12:11:04,863 [INFO] IPUIPlugin:80 - create IPUIPlugin
2024-01-17 12:11:04,863 [INFO] IPUIPlugin:80 - create IPUIPlugin
2024-01-17 12:11:04,863 [INFO] IPUIPlugin:80 - create IPUIPlugin
2024-01-17 12:11:04,863 [INFO] IPUIPlugin:80 - create IPUIPlugin
2024-01-17 12:11:04,863 [INFO] IPUIPlugin:80 - create IPUIPlugin
2024-01-17 12:11:04,863 [INFO] IPUIPlugin:80 - create IPUIPlugin
2024-01-17 12:11:04,864 [INFO] IPUIPlugin:80 - create IPUIPlugin
2024-01-17 12:11:04,864 [INFO] IPUIPlugin:80 - create IPUIPlugin
2024-01-17 12:11:04,864 [INFO] IPUIPlugin:80 - create IPUIPlugin
2024-01-17 12:11:04,864 [INFO] IPUIPlugin:80 - create IPUIPlugin
2024-01-17 12:11:04,864 [INFO] IPUIPlugin:80 - create IPUIPlugin
2024-01-17 12:11:04,864 [INFO] IPUIPlugin:80 - create IPUIPlugin
2024-01-17 12:11:04,865 [INFO] IPUIPlugin:80 - create IPUIPlugin
2024-01-17 12:11:04,865 [INFO] IPUIPlugin:80 - create IPUIPlugin
2024-01-17 12:11:04,865 [INFO] IPUIPlugin:80 - create IPUIPlugin
2024-01-17 12:11:04,865 [INFO] IPUIPlugin:80 - create IPUIPlugin
2024-01-17 12:11:04,866 [INFO] IPUIPlugin:80 - create IPUIPlugin
2024-01-17 12:11:04,866 [INFO] IPUIPlugin:80 - create IPUIPlugin
2024-01-17 12:11:04,866 [INFO] IPUIPlugin:80 - create IPUIPlugin
2024-01-17 12:11:04,866 [INFO] IPUIPlugin:80 - create IPUIPlugin
2024-01-17 12:11:04,866 [INFO] IPUIPlugin:80 - create IPUIPlugin
2024-01-17 12:11:04,888 [INFO] CADModel:165 - CPN selected for project levelSTM32F042F4P6
2024-01-17 12:11:04,888 [INFO] CADModel:114 - Register for checkConnection events
2024-01-17 12:11:04,959 [INFO] OpenFileManager:343 - Restore cursor
2024-01-17 12:11:10,156 [INFO] NvicIntPanel:101 - NVIC parent = com.st.microxplorer.plugins.ip.nvic.MultiNvicIntPanel[,0,0,450x117,layout=javax.swing.BoxLayout,alignmentX=0.0,alignmentY=0.0,border=,flags=9,maximumSize=,minimumSize=,preferredSize=]
2024-01-17 12:12:48,211 [INFO] MainUpdater:2873 - connection check result : 10
2024-01-17 12:12:48,211 [INFO] MainUpdater:2873 - connection check result : 10
2024-01-17 12:12:48,221 [INFO] MicroXplorer:468 - Change Database Path : 
2024-01-17 12:12:48,221 [INFO] MicroXplorer:498 - Change Database Version : DB.6.0.100
2024-01-17 12:12:48,226 [ERROR] ProjectManagerView:394 - 
java.lang.NullPointerException: Cannot invoke "javax.swing.JTextField.getText()" because the return value of "java.util.List.get(int)" is null
	at com.st.microxplorer.plugins.projectmanager.gui.ProjectChoiceTab$10.caretUpdate(ProjectChoiceTab.java:2493) ~[filemanager.jar:?]
	at javax.swing.text.JTextComponent.fireCaretUpdate(JTextComponent.java:412) ~[?:?]
	at javax.swing.text.JTextComponent$MutableCaretEvent.fire(JTextComponent.java:4491) ~[?:?]
	at javax.swing.text.JTextComponent$MutableCaretEvent.stateChanged(JTextComponent.java:4513) ~[?:?]
	at javax.swing.text.DefaultCaret.fireStateChanged(DefaultCaret.java:842) ~[?:?]
	at javax.swing.text.DefaultCaret.changeCaretPosition(DefaultCaret.java:1313) ~[?:?]
	at javax.swing.text.DefaultCaret.handleSetDot(DefaultCaret.java:1212) ~[?:?]
	at javax.swing.text.DefaultCaret.setDot(DefaultCaret.java:1193) ~[?:?]
	at javax.swing.text.DefaultCaret$Handler.insertUpdate(DefaultCaret.java:1789) ~[?:?]
	at javax.swing.text.AbstractDocument.fireInsertUpdate(AbstractDocument.java:226) ~[?:?]
	at javax.swing.text.AbstractDocument.handleInsertString(AbstractDocument.java:780) ~[?:?]
	at javax.swing.text.AbstractDocument.insertString(AbstractDocument.java:739) ~[?:?]
	at javax.swing.text.PlainDocument.insertString(PlainDocument.java:131) ~[?:?]
	at javax.swing.text.AbstractDocument.replace(AbstractDocument.java:698) ~[?:?]
	at javax.swing.text.JTextComponent.setText(JTextComponent.java:1729) ~[?:?]
	at com.st.microxplorer.plugins.projectmanager.gui.ProjectChoiceTab.createHeapStackFields(ProjectChoiceTab.java:933) ~[filemanager.jar:?]
	at com.st.microxplorer.plugins.projectmanager.gui.ProjectChoiceTab.buildLinkSettingsPanel(ProjectChoiceTab.java:3426) ~[filemanager.jar:?]
	at com.st.microxplorer.plugins.projectmanager.gui.ProjectChoiceTab.defineWindowsFields(ProjectChoiceTab.java:1813) ~[filemanager.jar:?]
	at com.st.microxplorer.plugins.projectmanager.gui.ProjectChoiceTab.updateSettings(ProjectChoiceTab.java:533) ~[filemanager.jar:?]
	at com.st.microxplorer.plugins.projectmanager.gui.ProjectSettingsPanel.UpdateDialog(ProjectSettingsPanel.java:244) ~[filemanager.jar:?]
	at com.st.microxplorer.plugins.projectmanager.ProjectManagerView.propertyChange(ProjectManagerView.java:391) ~[filemanager.jar:?]
	at java.beans.PropertyChangeSupport.fire(PropertyChangeSupport.java:343) ~[?:?]
	at java.beans.PropertyChangeSupport.firePropertyChange(PropertyChangeSupport.java:335) ~[?:?]
	at java.beans.PropertyChangeSupport.firePropertyChange(PropertyChangeSupport.java:268) ~[?:?]
	at com.st.microxplorer.util.MXPropertyChangeSupport.firePropertyChange(MXPropertyChangeSupport.java:54) ~[STM32CubeMX.jar:?]
	at com.st.microxplorer.mxsystem.MxSystem.closeConfig(MxSystem.java:900) ~[STM32CubeMX.jar:?]
	at com.st.microxplorer.maingui.MainPanel.closeConfig(MainPanel.java:776) ~[STM32CubeMX.jar:?]
	at com.st.microxplorer.plugins.filemanager.engine.OpenFileManager.loadConfigurationFile(OpenFileManager.java:245) ~[filemanager.jar:?]
	at com.st.microxplorer.plugins.filemanager.engine.MainFileManager.userLoadConfig(MainFileManager.java:290) ~[filemanager.jar:?]
	at com.st.microxplorer.plugins.filemanager.FileManagerView.getSpecificTask(FileManagerView.java:247) ~[filemanager.jar:?]
	at com.st.stm32cube.common.mx.editor.CubeMxEditor.getMxTabbedPaneInstance(CubeMxEditor.java:1184) ~[com.st.stm32cube.common.mx_6.10.0.202311202037/:?]
	at com.st.stm32cube.common.mx.editor.CubeMxEditor$12$1.createSwingComponent(CubeMxEditor.java:1065) ~[com.st.stm32cube.common.mx_6.10.0.202311202037/:?]
	at com.st.stm32cube.common.mx.oss.core.awtswtbridge.EmbeddedSwingComposite.doComponentCreation(EmbeddedSwingComposite.java:492) ~[com.st.stm32cube.common.mx.oss_6.10.0.202311202037/:?]
	at com.st.stm32cube.common.mx.oss.core.awtswtbridge.EmbeddedSwingComposite$4.run(EmbeddedSwingComposite.java:291) ~[com.st.stm32cube.common.mx.oss_6.10.0.202311202037/:?]
	at com.st.stm32cube.common.mx.oss.core.awtswtbridge.AwtEnvironment$2.run(AwtEnvironment.java:166) ~[com.st.stm32cube.common.mx.oss_6.10.0.202311202037/:?]
	at java.awt.event.InvocationEvent.dispatch(InvocationEvent.java:318) ~[?:?]
	at java.awt.EventQueue.dispatchEventImpl(EventQueue.java:773) ~[?:?]
	at java.awt.EventQueue$4.run(EventQueue.java:720) ~[?:?]
	at java.awt.EventQueue$4.run(EventQueue.java:714) ~[?:?]
	at java.security.AccessController.doPrivileged(AccessController.java:399) ~[?:?]
	at java.security.ProtectionDomain$JavaSecurityAccessImpl.doIntersectionPrivilege(ProtectionDomain.java:86) ~[?:?]
	at java.awt.EventQueue.dispatchEvent(EventQueue.java:742) ~[?:?]
	at java.awt.EventDispatchThread.pumpOneEventForFilters(EventDispatchThread.java:203) ~[?:?]
	at java.awt.EventDispatchThread.pumpEventsForFilter(EventDispatchThread.java:124) ~[?:?]
	at java.awt.EventDispatchThread.pumpEventsForHierarchy(EventDispatchThread.java:113) ~[?:?]
	at java.awt.EventDispatchThread.pumpEvents(EventDispatchThread.java:109) ~[?:?]
	at java.awt.EventDispatchThread.pumpEvents(EventDispatchThread.java:101) ~[?:?]
	at java.awt.EventDispatchThread.run(EventDispatchThread.java:90) ~[?:?]
2024-01-17 12:12:48,227 [WARN] ThirdParty:871 - waiting for thirdparty lock release [close project]
2024-01-17 12:12:48,227 [INFO] ThirdParty:873 - entering critical section [close project]
2024-01-17 12:12:48,227 [INFO] ThirdParty:883 - exiting critical section [close project]
2024-01-17 12:12:48,228 [INFO] PinOutPanel:1499 - setPackage(No Configuration,No Configuration)
2024-01-17 12:12:48,230 [INFO] UtilMem:75 - Begin LoadConfig() Used Memory: 466831680 Bytes (968884224)
2024-01-17 12:12:48,230 [INFO] MicroXplorer:468 - Change Database Path : 
2024-01-17 12:12:48,230 [INFO] MicroXplorer:498 - Change Database Version : DB.6.0.100
2024-01-17 12:12:48,231 [INFO] OpenFileManager:312 - Change cursor
2024-01-17 12:12:48,235 [INFO] Mcu:2016 - Initializing MCU STM32F042F4Px STM32F042F4Px STM32F042F4P6
2024-01-17 12:12:48,721 [INFO] Context:659 - Trying to add GPIOservice into a context  which must be forbidden
2024-01-17 12:12:48,803 [INFO] RtosManager:555 - Registered RTOS mode: class=CMSIS, group=RTOS, mode=CMSIS_V1, owner=FREERTOS
2024-01-17 12:12:48,804 [INFO] RtosManager:555 - Registered RTOS mode: class=CMSIS, group=RTOS2, mode=CMSIS_V2, owner=FREERTOS
2024-01-17 12:12:48,804 [INFO] RtosManager:555 - Registered RTOS mode: class=RTOS, group=Core, mode=CMSIS_V1, owner=FREERTOS
2024-01-17 12:12:48,804 [INFO] RtosManager:555 - Registered RTOS mode: class=RTOS, group=Core, mode=CMSIS_V2, owner=FREERTOS
2024-01-17 12:12:48,804 [WARN] ModelIntegratedComponent:184 - Missing modes for component STMicroelectronics:FreeRTOS:0.0.1:STMicroelectronics:RTOS:FreeRTOS:Core:::10.2.0:
2024-01-17 12:12:48,807 [WARN] ModelIntegratedComponent:63 - No mode defined for component null
2024-01-17 12:12:48,807 [WARN] ModelIntegratedComponent:63 - No mode defined for component null
2024-01-17 12:12:48,808 [WARN] ModelIntegratedComponent:63 - No mode defined for component null
2024-01-17 12:12:48,808 [WARN] ModelIntegratedComponent:63 - No mode defined for component null
2024-01-17 12:12:48,808 [WARN] ModelIntegratedComponent:63 - No mode defined for component null
2024-01-17 12:12:48,808 [WARN] ModelIntegratedComponent:63 - No mode defined for component null
2024-01-17 12:12:48,808 [WARN] ModelIntegratedComponent:63 - No mode defined for component null
2024-01-17 12:12:48,808 [WARN] ModelIntegratedComponent:63 - No mode defined for component null
2024-01-17 12:12:48,808 [WARN] ModelIntegratedComponent:63 - No mode defined for component null
2024-01-17 12:12:48,808 [WARN] ModelIntegratedComponent:63 - No mode defined for component null
2024-01-17 12:12:48,808 [WARN] ModelIntegratedComponent:63 - No mode defined for component null
2024-01-17 12:12:48,808 [WARN] ModelIntegratedComponent:63 - No mode defined for component null
2024-01-17 12:12:48,808 [WARN] ModelIntegratedComponent:63 - No mode defined for component null
2024-01-17 12:12:48,808 [WARN] ModelIntegratedComponent:63 - No mode defined for component null
2024-01-17 12:12:48,808 [WARN] ModelIntegratedComponent:63 - No mode defined for component null
2024-01-17 12:12:48,808 [WARN] ModelIntegratedComponent:63 - No mode defined for component null
2024-01-17 12:12:48,808 [WARN] ModelIntegratedComponent:63 - No mode defined for component null
2024-01-17 12:12:48,808 [WARN] ModelIntegratedComponent:63 - No mode defined for component null
2024-01-17 12:12:48,808 [WARN] ModelIntegratedComponent:63 - No mode defined for component null
2024-01-17 12:12:48,808 [WARN] ModelIntegratedComponent:63 - No mode defined for component null
2024-01-17 12:12:48,808 [WARN] ModelIntegratedComponent:63 - No mode defined for component null
2024-01-17 12:12:48,808 [WARN] ModelIntegratedComponent:63 - No mode defined for component null
2024-01-17 12:12:48,809 [WARN] ModelIntegratedComponent:63 - No mode defined for component null
2024-01-17 12:12:48,809 [WARN] ModelIntegratedComponent:63 - No mode defined for component null
2024-01-17 12:12:48,809 [WARN] ModelIntegratedComponent:63 - No mode defined for component null
2024-01-17 12:12:48,809 [WARN] ModelIntegratedComponent:63 - No mode defined for component null
2024-01-17 12:12:48,809 [WARN] ModelIntegratedComponent:63 - No mode defined for component null
2024-01-17 12:12:48,809 [WARN] ModelIntegratedComponent:63 - No mode defined for component null
2024-01-17 12:12:48,809 [WARN] ModelIntegratedComponent:63 - No mode defined for component null
2024-01-17 12:12:48,809 [WARN] ModelIntegratedComponent:63 - No mode defined for component null
2024-01-17 12:12:48,809 [WARN] ModelIntegratedComponent:63 - No mode defined for component null
2024-01-17 12:12:48,809 [WARN] ModelIntegratedComponent:63 - No mode defined for component null
2024-01-17 12:12:48,809 [WARN] ModelIntegratedComponent:63 - No mode defined for component null
2024-01-17 12:12:48,857 [INFO] ThirdPartyModel:298 - Start build external matchings
2024-01-17 12:12:49,014 [INFO] ThirdPartyModel:316 - End build external matchings
2024-01-17 12:12:49,018 [INFO] ImportTextPane:194 - (OptionalMessage_ERROR) IP (DMA) : Parameter (Instance) has Id (ADC) currently not set
2024-01-17 12:12:49,018 [INFO] ImportTextPane:194 - (OptionalMessage_ERROR) IP (DMA) : Parameter (Direction) has Id (ADC) currently not set
2024-01-17 12:12:49,018 [INFO] ImportTextPane:194 - (OptionalMessage_ERROR) IP (DMA) : Parameter (PeriphInc) has Id (ADC) currently not set
2024-01-17 12:12:49,018 [INFO] ImportTextPane:194 - (OptionalMessage_ERROR) IP (DMA) : Parameter (MemInc) has Id (ADC) currently not set
2024-01-17 12:12:49,018 [INFO] ImportTextPane:194 - (OptionalMessage_ERROR) IP (DMA) : Parameter (PeriphDataAlignment) has Id (ADC) currently not set
2024-01-17 12:12:49,018 [INFO] ImportTextPane:194 - (OptionalMessage_ERROR) IP (DMA) : Parameter (MemDataAlignment) has Id (ADC) currently not set
2024-01-17 12:12:49,018 [INFO] ImportTextPane:194 - (OptionalMessage_ERROR) IP (DMA) : Parameter (Mode) has Id (ADC) currently not set
2024-01-17 12:12:49,018 [INFO] ImportTextPane:194 - (OptionalMessage_ERROR) IP (DMA) : Parameter (Priority) has Id (ADC) currently not set
2024-01-17 12:12:49,018 [INFO] ImportTextPane:194 - (OptionalMessage_ERROR) IP (RCC) : Invalid parameter (FamilyName)
2024-01-17 12:12:49,018 [INFO] ImportTextPane:194 - (OptionalMessage_ERROR) IP (RCC) : Invalid parameter (HSICECFreq_Value)
2024-01-17 12:12:49,159 [INFO] UtilMem:75 - End LoadConfig() Used Memory: 570737296 Bytes (968884224)
2024-01-17 12:12:49,234 [INFO] MicroXplorer:468 - Change Database Path : 
2024-01-17 12:12:49,234 [INFO] MicroXplorer:498 - Change Database Version : DB.6.0.100
2024-01-17 12:12:49,234 [WARN] ThirdParty:833 - waiting for thirdparty lock release [change project]
2024-01-17 12:12:49,234 [INFO] ThirdParty:835 - entering critical section [change project]
2024-01-17 12:12:49,234 [INFO] ThirdParty:1030 - CMSIS Pack Vendor :STMicroelectronics X-CUBE-ISPU 1.1.0
2024-01-17 12:12:49,234 [INFO] ThirdParty:1030 - CMSIS Pack Vendor :STMicroelectronics USBPD 4.1
2024-01-17 12:12:49,234 [INFO] ThirdParty:1030 - CMSIS Pack Vendor :STMicroelectronics X-CUBE-GNSS1 6.0.0
2024-01-17 12:12:49,234 [INFO] ThirdParty:1030 - CMSIS Pack Vendor :STMicroelectronics USB_HOST 2.0.0
2024-01-17 12:12:49,234 [INFO] ThirdParty:1030 - CMSIS Pack Vendor :STMicroelectronics X-CUBE-AZRTOS-F4 1.1.0
2024-01-17 12:12:49,234 [INFO] ThirdParty:1030 - CMSIS Pack Vendor :STMicroelectronics LIBJPEG 8.0.0
2024-01-17 12:12:49,234 [INFO] ThirdParty:1030 - CMSIS Pack Vendor :wolfSSL I-CUBE-wolfSSL 5.6.4
2024-01-17 12:12:49,234 [INFO] ThirdParty:1030 - CMSIS Pack Vendor :STMicroelectronics X-CUBE-SMBUS 2.1.0
2024-01-17 12:12:49,234 [INFO] ThirdParty:1030 - CMSIS Pack Vendor :STMicroelectronics USB_DEVICE 3.0.0
2024-01-17 12:12:49,234 [INFO] ThirdParty:1030 - CMSIS Pack Vendor :STMicroelectronics X-CUBE-AZRTOS-WB 2.0.0
2024-01-17 12:12:49,234 [INFO] ThirdParty:1030 - CMSIS Pack Vendor :STMicroelectronics X-CUBE-TOUCHGFX 4.23.0
2024-01-17 12:12:49,234 [INFO] ThirdParty:1030 - CMSIS Pack Vendor :STMicroelectronics X-CUBE-AZRTOS-F7 1.1.0
2024-01-17 12:12:49,234 [INFO] ThirdParty:1030 - CMSIS Pack Vendor :STMicroelectronics X-CUBE-AZRTOS-L5 2.0.0
2024-01-17 12:12:49,234 [INFO] ThirdParty:1030 - CMSIS Pack Vendor :STMicroelectronics USB_DEVICE 2.0.0
2024-01-17 12:12:49,234 [INFO] ThirdParty:1030 - CMSIS Pack Vendor :STMicroelectronics X-CUBE-EEPRMA1 4.2.0
2024-01-17 12:12:49,234 [INFO] ThirdParty:1030 - CMSIS Pack Vendor :ITTIA_DB I-CUBE-ITTIADB 8.8.0
2024-01-17 12:12:49,234 [INFO] ThirdParty:1030 - CMSIS Pack Vendor :STMicroelectronics FP-SNS-MOTENV1 4.3.2
2024-01-17 12:12:49,234 [INFO] ThirdParty:1030 - CMSIS Pack Vendor :STMicroelectronics X-CUBE-ALGOBUILD 1.3.0
2024-01-17 12:12:49,234 [INFO] ThirdParty:1030 - CMSIS Pack Vendor :STMicroelectronics FreeRTOS 0.0.1
2024-01-17 12:12:49,234 [INFO] ThirdParty:1030 - CMSIS Pack Vendor :STMicroelectronics X-CUBE-AZRTOS-G0 1.1.0
2024-01-17 12:12:49,234 [INFO] ThirdParty:1030 - CMSIS Pack Vendor :STMicroelectronics X-CUBE-NFC4 3.0.0
2024-01-17 12:12:49,234 [INFO] ThirdParty:1030 - CMSIS Pack Vendor :STMicroelectronics X-CUBE-SUBG2 5.0.0
2024-01-17 12:12:49,234 [INFO] ThirdParty:1030 - CMSIS Pack Vendor :STMicroelectronics STM32_WPAN 1.0.0
2024-01-17 12:12:49,234 [INFO] ThirdParty:1030 - CMSIS Pack Vendor :STMicroelectronics lwIP 2.0.3
2024-01-17 12:12:49,234 [INFO] ThirdParty:1030 - CMSIS Pack Vendor :STMicroelectronics FP-SNS-FLIGHT1 5.0.2
2024-01-17 12:12:49,234 [INFO] ThirdParty:1030 - CMSIS Pack Vendor :STMicroelectronics USB_HOST 1.0.0
2024-01-17 12:12:49,234 [INFO] ThirdParty:1030 - CMSIS Pack Vendor :STMicroelectronics X-CUBE-AZRTOS-G4 2.0.0
2024-01-17 12:12:49,234 [INFO] ThirdParty:1030 - CMSIS Pack Vendor :STMicroelectronics PDM2PCM 3.1.0
2024-01-17 12:12:49,234 [INFO] ThirdParty:1030 - CMSIS Pack Vendor :STMicroelectronics X-CUBE-AZRTOS-H7 3.1.0
2024-01-17 12:12:49,234 [INFO] ThirdParty:1030 - CMSIS Pack Vendor :Infineon AIROC-Wi-Fi-Bluetooth-STM32 1.5.1
2024-01-17 12:12:49,234 [INFO] ThirdParty:1030 - CMSIS Pack Vendor :STMicroelectronics X-CUBE-BLEMGR 3.0.0
2024-01-17 12:12:49,234 [INFO] ThirdParty:1030 - CMSIS Pack Vendor :STMicroelectronics PDM2PCM 3.3.0
2024-01-17 12:12:49,234 [INFO] ThirdParty:1030 - CMSIS Pack Vendor :STMicroelectronics X-CUBE-DISPLAY 3.0.0
2024-01-17 12:12:49,234 [INFO] ThirdParty:1030 - CMSIS Pack Vendor :STMicroelectronics FP-SNS-MOTENVWB1 1.3.1
2024-01-17 12:12:49,234 [INFO] ThirdParty:1030 - CMSIS Pack Vendor :STMicroelectronics X-CUBE-BLE1 7.0.0
2024-01-17 12:12:49,234 [INFO] ThirdParty:1030 - CMSIS Pack Vendor :STMicroelectronics FP-ATR-SIGFOX1 3.2.0
2024-01-17 12:12:49,234 [INFO] ThirdParty:1030 - CMSIS Pack Vendor :STMicroelectronics X-CUBE-ISPU 2.0.0
2024-01-17 12:12:49,234 [INFO] ThirdParty:1030 - CMSIS Pack Vendor :STMicroelectronics HAL Drivers 0.0.0
2024-01-17 12:12:49,234 [INFO] ThirdParty:1030 - CMSIS Pack Vendor :STMicroelectronics MBEDTLS 2.16.2
2024-01-17 12:12:49,235 [INFO] ThirdParty:1030 - CMSIS Pack Vendor :emotas I-CUBE-CANOPEN 1.3.0
2024-01-17 12:12:49,235 [INFO] ThirdParty:1030 - CMSIS Pack Vendor :STMicroelectronics X-CUBE-MEMS1 10.0.0
2024-01-17 12:12:49,235 [INFO] ThirdParty:1030 - CMSIS Pack Vendor :STMicroelectronics X-CUBE-FREERTOS 1.1.0
2024-01-17 12:12:49,235 [INFO] ThirdParty:1030 - CMSIS Pack Vendor :STMicroelectronics X-CUBE-NFC7 1.0.1
2024-01-17 12:12:49,235 [INFO] ThirdParty:1030 - CMSIS Pack Vendor :STMicroelectronics MBEDTLS 2.14.1
2024-01-17 12:12:49,235 [INFO] ThirdParty:1030 - CMSIS Pack Vendor :STMicroelectronics X-CUBE-TOUCHGFX 4.22.1
2024-01-17 12:12:49,235 [INFO] ThirdParty:1030 - CMSIS Pack Vendor :STMicroelectronics X-CUBE-NFC6 3.0.0
2024-01-17 12:12:49,235 [INFO] ThirdParty:1030 - CMSIS Pack Vendor :portGmbH I-Cube-SoM-uGOAL 1.1.0
2024-01-17 12:12:49,235 [INFO] ThirdParty:1030 - CMSIS Pack Vendor :STMicroelectronics X-CUBE-ALS 1.0.1
2024-01-17 12:12:49,235 [INFO] ThirdParty:1030 - CMSIS Pack Vendor :STMicroelectronics ThreadX 1.0.0
2024-01-17 12:12:49,235 [INFO] ThirdParty:1030 - CMSIS Pack Vendor :STMicroelectronics FP-SNS-SMARTAG2 1.2.0
2024-01-17 12:12:49,235 [INFO] ThirdParty:1030 - CMSIS Pack Vendor :STMicroelectronics X-CUBE-AZRTOS-WL 2.0.0
2024-01-17 12:12:49,235 [INFO] ThirdParty:1030 - CMSIS Pack Vendor :STMicroelectronics USB_DEVICE 1.0.0
2024-01-17 12:12:49,235 [INFO] ThirdParty:1030 - CMSIS Pack Vendor :STMicroelectronics X-CUBE-AI 8.1.0
2024-01-17 12:12:49,235 [INFO] ThirdParty:1030 - CMSIS Pack Vendor :STMicroelectronics X-CUBE-AZRTOS-L4 2.0.0
2024-01-17 12:12:49,235 [INFO] ThirdParty:1030 - CMSIS Pack Vendor :STMicroelectronics ThreadX 0.0.2
2024-01-17 12:12:49,235 [INFO] ThirdParty:1030 - CMSIS Pack Vendor :WES I-CUBE-Cesium 1.3.0
2024-01-17 12:12:49,235 [INFO] ThirdParty:1030 - CMSIS Pack Vendor :STMicroelectronics FP-ATR-ASTRA1 2.0.0
2024-01-17 12:12:49,235 [INFO] ThirdParty:1030 - CMSIS Pack Vendor :STMicroelectronics lwIP 2.1.2
2024-01-17 12:12:49,235 [INFO] ThirdParty:1030 - CMSIS Pack Vendor :STMicroelectronics X-CUBE-SFXS2LP1 4.0.0
2024-01-17 12:12:49,235 [INFO] ThirdParty:1030 - CMSIS Pack Vendor :STMicroelectronics X-CUBE-BLE2 3.3.0
2024-01-17 12:12:49,235 [INFO] ThirdParty:1030 - CMSIS Pack Vendor :STMicroelectronics X-CUBE-TOF1 3.4.0
2024-01-17 12:12:49,235 [INFO] ThirdParty:1030 - CMSIS Pack Vendor :STMicroelectronics X-CUBE-AZRTOS-H7 3.2.0
2024-01-17 12:12:49,235 [INFO] ThirdParty:1030 - CMSIS Pack Vendor :STMicroelectronics PDM2PCM 3.2.0
2024-01-17 12:12:49,235 [INFO] ThirdParty:841 - exiting critical section [change project]
2024-01-17 12:12:49,277 [INFO] PinOutPanel:1499 - setPackage(No Configuration,No Configuration)
2024-01-17 12:12:49,278 [INFO] PinOutPanel:1499 - setPackage(STM32F042F4Px,TSSOP20)
2024-01-17 12:12:49,951 [INFO] UtilMem:75 - Before build in PCC Used Memory: 372171008 Bytes (968884224)
2024-01-17 12:12:50,067 [INFO] UtilMem:75 - After build in PCC Used Memory: 414636288 Bytes (968884224)
2024-01-17 12:12:50,078 [INFO] IPUIPlugin:80 - create IPUIPlugin
2024-01-17 12:12:50,078 [INFO] IPUIPlugin:80 - create IPUIPlugin
2024-01-17 12:12:50,078 [INFO] IPUIPlugin:80 - create IPUIPlugin
2024-01-17 12:12:50,078 [INFO] IPUIPlugin:80 - create IPUIPlugin
2024-01-17 12:12:50,078 [INFO] IPUIPlugin:80 - create IPUIPlugin
2024-01-17 12:12:50,078 [INFO] IPUIPlugin:80 - create IPUIPlugin
2024-01-17 12:12:50,078 [INFO] IPUIPlugin:80 - create IPUIPlugin
2024-01-17 12:12:50,078 [INFO] IPUIPlugin:80 - create IPUIPlugin
2024-01-17 12:12:50,078 [INFO] IPUIPlugin:80 - create IPUIPlugin
2024-01-17 12:12:50,078 [INFO] IPUIPlugin:80 - create IPUIPlugin
2024-01-17 12:12:50,078 [INFO] IPUIPlugin:80 - create IPUIPlugin
2024-01-17 12:12:50,078 [INFO] IPUIPlugin:80 - create IPUIPlugin
2024-01-17 12:12:50,078 [INFO] IPUIPlugin:80 - create IPUIPlugin
2024-01-17 12:12:50,078 [INFO] IPUIPlugin:80 - create IPUIPlugin
2024-01-17 12:12:50,078 [INFO] IPUIPlugin:80 - create IPUIPlugin
2024-01-17 12:12:50,079 [INFO] IPUIPlugin:80 - create IPUIPlugin
2024-01-17 12:12:50,079 [INFO] IPUIPlugin:80 - create IPUIPlugin
2024-01-17 12:12:50,079 [INFO] IPUIPlugin:80 - create IPUIPlugin
2024-01-17 12:12:50,079 [INFO] IPUIPlugin:80 - create IPUIPlugin
2024-01-17 12:12:50,079 [INFO] IPUIPlugin:80 - create IPUIPlugin
2024-01-17 12:12:50,079 [INFO] IPUIPlugin:80 - create IPUIPlugin
2024-01-17 12:12:50,079 [INFO] IPUIPlugin:80 - create IPUIPlugin
2024-01-17 12:12:50,079 [INFO] IPUIPlugin:80 - create IPUIPlugin
2024-01-17 12:12:50,079 [INFO] IPUIPlugin:80 - create IPUIPlugin
2024-01-17 12:12:50,079 [INFO] IPUIPlugin:80 - create IPUIPlugin
2024-01-17 12:12:50,079 [INFO] IPUIPlugin:80 - create IPUIPlugin
2024-01-17 12:12:50,079 [INFO] IPUIPlugin:80 - create IPUIPlugin
2024-01-17 12:12:50,079 [INFO] IPUIPlugin:80 - create IPUIPlugin
2024-01-17 12:12:50,080 [INFO] IPUIPlugin:80 - create IPUIPlugin
2024-01-17 12:12:50,080 [INFO] IPUIPlugin:80 - create IPUIPlugin
2024-01-17 12:12:50,081 [INFO] Can:71 - Can Add PropertyChangeListener com.st.microxplorer.plugins.ip.can.Can@ee74eed
2024-01-17 12:12:50,105 [INFO] CADModel:165 - CPN selected for project levelSTM32F042F4P6
2024-01-17 12:12:50,105 [INFO] CADModel:114 - Register for checkConnection events
2024-01-17 12:12:50,175 [INFO] OpenFileManager:343 - Restore cursor
2024-01-17 12:13:15,288 [INFO] MainUpdater:2873 - connection check result : 10
2024-01-17 12:13:15,288 [INFO] MainUpdater:2873 - connection check result : 10
2024-01-17 12:13:15,301 [INFO] MicroXplorer:468 - Change Database Path : 
2024-01-17 12:13:15,301 [INFO] MicroXplorer:498 - Change Database Version : DB.6.0.100
2024-01-17 12:13:15,306 [ERROR] ProjectManagerView:394 - 
java.lang.NullPointerException: Cannot invoke "javax.swing.JTextField.getText()" because the return value of "java.util.List.get(int)" is null
	at com.st.microxplorer.plugins.projectmanager.gui.ProjectChoiceTab$10.caretUpdate(ProjectChoiceTab.java:2493) ~[filemanager.jar:?]
	at javax.swing.text.JTextComponent.fireCaretUpdate(JTextComponent.java:412) ~[?:?]
	at javax.swing.text.JTextComponent$MutableCaretEvent.fire(JTextComponent.java:4491) ~[?:?]
	at javax.swing.text.JTextComponent$MutableCaretEvent.stateChanged(JTextComponent.java:4513) ~[?:?]
	at javax.swing.text.DefaultCaret.fireStateChanged(DefaultCaret.java:842) ~[?:?]
	at javax.swing.text.DefaultCaret.changeCaretPosition(DefaultCaret.java:1313) ~[?:?]
	at javax.swing.text.DefaultCaret.handleSetDot(DefaultCaret.java:1212) ~[?:?]
	at javax.swing.text.DefaultCaret.setDot(DefaultCaret.java:1193) ~[?:?]
	at javax.swing.text.DefaultCaret$Handler.insertUpdate(DefaultCaret.java:1789) ~[?:?]
	at javax.swing.text.AbstractDocument.fireInsertUpdate(AbstractDocument.java:226) ~[?:?]
	at javax.swing.text.AbstractDocument.handleInsertString(AbstractDocument.java:780) ~[?:?]
	at javax.swing.text.AbstractDocument.insertString(AbstractDocument.java:739) ~[?:?]
	at javax.swing.text.PlainDocument.insertString(PlainDocument.java:131) ~[?:?]
	at javax.swing.text.AbstractDocument.replace(AbstractDocument.java:698) ~[?:?]
	at javax.swing.text.JTextComponent.setText(JTextComponent.java:1729) ~[?:?]
	at com.st.microxplorer.plugins.projectmanager.gui.ProjectChoiceTab.createHeapStackFields(ProjectChoiceTab.java:933) ~[filemanager.jar:?]
	at com.st.microxplorer.plugins.projectmanager.gui.ProjectChoiceTab.buildLinkSettingsPanel(ProjectChoiceTab.java:3426) ~[filemanager.jar:?]
	at com.st.microxplorer.plugins.projectmanager.gui.ProjectChoiceTab.defineWindowsFields(ProjectChoiceTab.java:1813) ~[filemanager.jar:?]
	at com.st.microxplorer.plugins.projectmanager.gui.ProjectChoiceTab.updateSettings(ProjectChoiceTab.java:533) ~[filemanager.jar:?]
	at com.st.microxplorer.plugins.projectmanager.gui.ProjectSettingsPanel.UpdateDialog(ProjectSettingsPanel.java:244) ~[filemanager.jar:?]
	at com.st.microxplorer.plugins.projectmanager.ProjectManagerView.propertyChange(ProjectManagerView.java:391) ~[filemanager.jar:?]
	at java.beans.PropertyChangeSupport.fire(PropertyChangeSupport.java:343) ~[?:?]
	at java.beans.PropertyChangeSupport.firePropertyChange(PropertyChangeSupport.java:335) ~[?:?]
	at java.beans.PropertyChangeSupport.firePropertyChange(PropertyChangeSupport.java:268) ~[?:?]
	at com.st.microxplorer.util.MXPropertyChangeSupport.firePropertyChange(MXPropertyChangeSupport.java:54) ~[STM32CubeMX.jar:?]
	at com.st.microxplorer.mxsystem.MxSystem.closeConfig(MxSystem.java:900) ~[STM32CubeMX.jar:?]
	at com.st.microxplorer.maingui.MainPanel.closeConfig(MainPanel.java:776) ~[STM32CubeMX.jar:?]
	at com.st.microxplorer.plugins.filemanager.engine.OpenFileManager.loadConfigurationFile(OpenFileManager.java:245) ~[filemanager.jar:?]
	at com.st.microxplorer.plugins.filemanager.engine.MainFileManager.userLoadConfig(MainFileManager.java:290) ~[filemanager.jar:?]
	at com.st.microxplorer.plugins.filemanager.FileManagerView.getSpecificTask(FileManagerView.java:247) ~[filemanager.jar:?]
	at com.st.stm32cube.common.mx.editor.CubeMxEditor.getMxTabbedPaneInstance(CubeMxEditor.java:1184) ~[com.st.stm32cube.common.mx_6.10.0.202311202037/:?]
	at com.st.stm32cube.common.mx.editor.CubeMxEditor$12$1.createSwingComponent(CubeMxEditor.java:1065) ~[com.st.stm32cube.common.mx_6.10.0.202311202037/:?]
	at com.st.stm32cube.common.mx.oss.core.awtswtbridge.EmbeddedSwingComposite.doComponentCreation(EmbeddedSwingComposite.java:492) ~[com.st.stm32cube.common.mx.oss_6.10.0.202311202037/:?]
	at com.st.stm32cube.common.mx.oss.core.awtswtbridge.EmbeddedSwingComposite$4.run(EmbeddedSwingComposite.java:291) ~[com.st.stm32cube.common.mx.oss_6.10.0.202311202037/:?]
	at com.st.stm32cube.common.mx.oss.core.awtswtbridge.AwtEnvironment$2.run(AwtEnvironment.java:166) ~[com.st.stm32cube.common.mx.oss_6.10.0.202311202037/:?]
	at java.awt.event.InvocationEvent.dispatch(InvocationEvent.java:318) ~[?:?]
	at java.awt.EventQueue.dispatchEventImpl(EventQueue.java:773) ~[?:?]
	at java.awt.EventQueue$4.run(EventQueue.java:720) ~[?:?]
	at java.awt.EventQueue$4.run(EventQueue.java:714) ~[?:?]
	at java.security.AccessController.doPrivileged(AccessController.java:399) ~[?:?]
	at java.security.ProtectionDomain$JavaSecurityAccessImpl.doIntersectionPrivilege(ProtectionDomain.java:86) ~[?:?]
	at java.awt.EventQueue.dispatchEvent(EventQueue.java:742) ~[?:?]
	at java.awt.EventDispatchThread.pumpOneEventForFilters(EventDispatchThread.java:203) ~[?:?]
	at java.awt.EventDispatchThread.pumpEventsForFilter(EventDispatchThread.java:124) ~[?:?]
	at java.awt.EventDispatchThread.pumpEventsForHierarchy(EventDispatchThread.java:113) ~[?:?]
	at java.awt.EventDispatchThread.pumpEvents(EventDispatchThread.java:109) ~[?:?]
	at java.awt.EventDispatchThread.pumpEvents(EventDispatchThread.java:101) ~[?:?]
	at java.awt.EventDispatchThread.run(EventDispatchThread.java:90) ~[?:?]
2024-01-17 12:13:15,307 [WARN] ThirdParty:871 - waiting for thirdparty lock release [close project]
2024-01-17 12:13:15,307 [INFO] ThirdParty:873 - entering critical section [close project]
2024-01-17 12:13:15,307 [INFO] ThirdParty:883 - exiting critical section [close project]
2024-01-17 12:13:15,309 [INFO] PinOutPanel:1499 - setPackage(No Configuration,No Configuration)
2024-01-17 12:13:15,310 [INFO] UtilMem:75 - Begin LoadConfig() Used Memory: 331522768 Bytes (968884224)
2024-01-17 12:13:15,311 [INFO] MicroXplorer:468 - Change Database Path : 
2024-01-17 12:13:15,311 [INFO] MicroXplorer:498 - Change Database Version : DB.6.0.100
2024-01-17 12:13:15,311 [INFO] OpenFileManager:312 - Change cursor
2024-01-17 12:13:15,315 [INFO] Mcu:2016 - Initializing MCU STM32F042F4Px STM32F042F4Px STM32F042F4P6
2024-01-17 12:13:15,789 [INFO] Context:659 - Trying to add GPIOservice into a context  which must be forbidden
2024-01-17 12:13:15,943 [INFO] RtosManager:555 - Registered RTOS mode: class=CMSIS, group=RTOS, mode=CMSIS_V1, owner=FREERTOS
2024-01-17 12:13:15,943 [INFO] RtosManager:555 - Registered RTOS mode: class=CMSIS, group=RTOS2, mode=CMSIS_V2, owner=FREERTOS
2024-01-17 12:13:15,944 [INFO] RtosManager:555 - Registered RTOS mode: class=RTOS, group=Core, mode=CMSIS_V1, owner=FREERTOS
2024-01-17 12:13:15,944 [INFO] RtosManager:555 - Registered RTOS mode: class=RTOS, group=Core, mode=CMSIS_V2, owner=FREERTOS
2024-01-17 12:13:15,944 [WARN] ModelIntegratedComponent:184 - Missing modes for component STMicroelectronics:FreeRTOS:0.0.1:STMicroelectronics:RTOS:FreeRTOS:Core:::10.2.0:
2024-01-17 12:13:15,948 [WARN] ModelIntegratedComponent:63 - No mode defined for component null
2024-01-17 12:13:15,948 [WARN] ModelIntegratedComponent:63 - No mode defined for component null
2024-01-17 12:13:15,948 [WARN] ModelIntegratedComponent:63 - No mode defined for component null
2024-01-17 12:13:15,948 [WARN] ModelIntegratedComponent:63 - No mode defined for component null
2024-01-17 12:13:15,948 [WARN] ModelIntegratedComponent:63 - No mode defined for component null
2024-01-17 12:13:15,948 [WARN] ModelIntegratedComponent:63 - No mode defined for component null
2024-01-17 12:13:15,948 [WARN] ModelIntegratedComponent:63 - No mode defined for component null
2024-01-17 12:13:15,948 [WARN] ModelIntegratedComponent:63 - No mode defined for component null
2024-01-17 12:13:15,949 [WARN] ModelIntegratedComponent:63 - No mode defined for component null
2024-01-17 12:13:15,949 [WARN] ModelIntegratedComponent:63 - No mode defined for component null
2024-01-17 12:13:15,949 [WARN] ModelIntegratedComponent:63 - No mode defined for component null
2024-01-17 12:13:15,949 [WARN] ModelIntegratedComponent:63 - No mode defined for component null
2024-01-17 12:13:15,949 [WARN] ModelIntegratedComponent:63 - No mode defined for component null
2024-01-17 12:13:15,949 [WARN] ModelIntegratedComponent:63 - No mode defined for component null
2024-01-17 12:13:15,949 [WARN] ModelIntegratedComponent:63 - No mode defined for component null
2024-01-17 12:13:15,949 [WARN] ModelIntegratedComponent:63 - No mode defined for component null
2024-01-17 12:13:15,949 [WARN] ModelIntegratedComponent:63 - No mode defined for component null
2024-01-17 12:13:15,949 [WARN] ModelIntegratedComponent:63 - No mode defined for component null
2024-01-17 12:13:15,949 [WARN] ModelIntegratedComponent:63 - No mode defined for component null
2024-01-17 12:13:15,949 [WARN] ModelIntegratedComponent:63 - No mode defined for component null
2024-01-17 12:13:15,949 [WARN] ModelIntegratedComponent:63 - No mode defined for component null
2024-01-17 12:13:15,949 [WARN] ModelIntegratedComponent:63 - No mode defined for component null
2024-01-17 12:13:15,949 [WARN] ModelIntegratedComponent:63 - No mode defined for component null
2024-01-17 12:13:15,949 [WARN] ModelIntegratedComponent:63 - No mode defined for component null
2024-01-17 12:13:15,949 [WARN] ModelIntegratedComponent:63 - No mode defined for component null
2024-01-17 12:13:15,949 [WARN] ModelIntegratedComponent:63 - No mode defined for component null
2024-01-17 12:13:15,949 [WARN] ModelIntegratedComponent:63 - No mode defined for component null
2024-01-17 12:13:15,949 [WARN] ModelIntegratedComponent:63 - No mode defined for component null
2024-01-17 12:13:15,949 [WARN] ModelIntegratedComponent:63 - No mode defined for component null
2024-01-17 12:13:15,949 [WARN] ModelIntegratedComponent:63 - No mode defined for component null
2024-01-17 12:13:15,949 [WARN] ModelIntegratedComponent:63 - No mode defined for component null
2024-01-17 12:13:15,949 [WARN] ModelIntegratedComponent:63 - No mode defined for component null
2024-01-17 12:13:15,949 [WARN] ModelIntegratedComponent:63 - No mode defined for component null
2024-01-17 12:13:16,006 [INFO] ThirdPartyModel:298 - Start build external matchings
2024-01-17 12:13:16,152 [INFO] ThirdPartyModel:316 - End build external matchings
2024-01-17 12:13:16,158 [INFO] ImportTextPane:194 - (OptionalMessage_ERROR) IP (RCC) : Invalid parameter (FamilyName)
2024-01-17 12:13:16,158 [INFO] ImportTextPane:194 - (OptionalMessage_ERROR) IP (RCC) : Invalid parameter (HSICECFreq_Value)
2024-01-17 12:13:16,300 [INFO] UtilMem:75 - End LoadConfig() Used Memory: 500778704 Bytes (968884224)
2024-01-17 12:13:16,367 [INFO] MicroXplorer:468 - Change Database Path : 
2024-01-17 12:13:16,367 [INFO] MicroXplorer:498 - Change Database Version : DB.6.0.100
2024-01-17 12:13:16,367 [WARN] ThirdParty:833 - waiting for thirdparty lock release [change project]
2024-01-17 12:13:16,367 [INFO] ThirdParty:835 - entering critical section [change project]
2024-01-17 12:13:16,367 [INFO] ThirdParty:1030 - CMSIS Pack Vendor :STMicroelectronics X-CUBE-ISPU 1.1.0
2024-01-17 12:13:16,367 [INFO] ThirdParty:1030 - CMSIS Pack Vendor :STMicroelectronics USBPD 4.1
2024-01-17 12:13:16,367 [INFO] ThirdParty:1030 - CMSIS Pack Vendor :STMicroelectronics X-CUBE-GNSS1 6.0.0
2024-01-17 12:13:16,367 [INFO] ThirdParty:1030 - CMSIS Pack Vendor :STMicroelectronics USB_HOST 2.0.0
2024-01-17 12:13:16,367 [INFO] ThirdParty:1030 - CMSIS Pack Vendor :STMicroelectronics X-CUBE-AZRTOS-F4 1.1.0
2024-01-17 12:13:16,367 [INFO] ThirdParty:1030 - CMSIS Pack Vendor :STMicroelectronics LIBJPEG 8.0.0
2024-01-17 12:13:16,367 [INFO] ThirdParty:1030 - CMSIS Pack Vendor :wolfSSL I-CUBE-wolfSSL 5.6.4
2024-01-17 12:13:16,367 [INFO] ThirdParty:1030 - CMSIS Pack Vendor :STMicroelectronics X-CUBE-SMBUS 2.1.0
2024-01-17 12:13:16,367 [INFO] ThirdParty:1030 - CMSIS Pack Vendor :STMicroelectronics USB_DEVICE 3.0.0
2024-01-17 12:13:16,367 [INFO] ThirdParty:1030 - CMSIS Pack Vendor :STMicroelectronics X-CUBE-AZRTOS-WB 2.0.0
2024-01-17 12:13:16,367 [INFO] ThirdParty:1030 - CMSIS Pack Vendor :STMicroelectronics X-CUBE-TOUCHGFX 4.23.0
2024-01-17 12:13:16,367 [INFO] ThirdParty:1030 - CMSIS Pack Vendor :STMicroelectronics X-CUBE-AZRTOS-F7 1.1.0
2024-01-17 12:13:16,367 [INFO] ThirdParty:1030 - CMSIS Pack Vendor :STMicroelectronics X-CUBE-AZRTOS-L5 2.0.0
2024-01-17 12:13:16,367 [INFO] ThirdParty:1030 - CMSIS Pack Vendor :STMicroelectronics USB_DEVICE 2.0.0
2024-01-17 12:13:16,367 [INFO] ThirdParty:1030 - CMSIS Pack Vendor :STMicroelectronics X-CUBE-EEPRMA1 4.2.0
2024-01-17 12:13:16,367 [INFO] ThirdParty:1030 - CMSIS Pack Vendor :ITTIA_DB I-CUBE-ITTIADB 8.8.0
2024-01-17 12:13:16,367 [INFO] ThirdParty:1030 - CMSIS Pack Vendor :STMicroelectronics FP-SNS-MOTENV1 4.3.2
2024-01-17 12:13:16,367 [INFO] ThirdParty:1030 - CMSIS Pack Vendor :STMicroelectronics X-CUBE-ALGOBUILD 1.3.0
2024-01-17 12:13:16,367 [INFO] ThirdParty:1030 - CMSIS Pack Vendor :STMicroelectronics FreeRTOS 0.0.1
2024-01-17 12:13:16,367 [INFO] ThirdParty:1030 - CMSIS Pack Vendor :STMicroelectronics X-CUBE-AZRTOS-G0 1.1.0
2024-01-17 12:13:16,367 [INFO] ThirdParty:1030 - CMSIS Pack Vendor :STMicroelectronics X-CUBE-NFC4 3.0.0
2024-01-17 12:13:16,367 [INFO] ThirdParty:1030 - CMSIS Pack Vendor :STMicroelectronics X-CUBE-SUBG2 5.0.0
2024-01-17 12:13:16,367 [INFO] ThirdParty:1030 - CMSIS Pack Vendor :STMicroelectronics STM32_WPAN 1.0.0
2024-01-17 12:13:16,367 [INFO] ThirdParty:1030 - CMSIS Pack Vendor :STMicroelectronics lwIP 2.0.3
2024-01-17 12:13:16,367 [INFO] ThirdParty:1030 - CMSIS Pack Vendor :STMicroelectronics FP-SNS-FLIGHT1 5.0.2
2024-01-17 12:13:16,367 [INFO] ThirdParty:1030 - CMSIS Pack Vendor :STMicroelectronics USB_HOST 1.0.0
2024-01-17 12:13:16,367 [INFO] ThirdParty:1030 - CMSIS Pack Vendor :STMicroelectronics X-CUBE-AZRTOS-G4 2.0.0
2024-01-17 12:13:16,367 [INFO] ThirdParty:1030 - CMSIS Pack Vendor :STMicroelectronics PDM2PCM 3.1.0
2024-01-17 12:13:16,367 [INFO] ThirdParty:1030 - CMSIS Pack Vendor :STMicroelectronics X-CUBE-AZRTOS-H7 3.1.0
2024-01-17 12:13:16,367 [INFO] ThirdParty:1030 - CMSIS Pack Vendor :Infineon AIROC-Wi-Fi-Bluetooth-STM32 1.5.1
2024-01-17 12:13:16,367 [INFO] ThirdParty:1030 - CMSIS Pack Vendor :STMicroelectronics X-CUBE-BLEMGR 3.0.0
2024-01-17 12:13:16,367 [INFO] ThirdParty:1030 - CMSIS Pack Vendor :STMicroelectronics PDM2PCM 3.3.0
2024-01-17 12:13:16,367 [INFO] ThirdParty:1030 - CMSIS Pack Vendor :STMicroelectronics X-CUBE-DISPLAY 3.0.0
2024-01-17 12:13:16,367 [INFO] ThirdParty:1030 - CMSIS Pack Vendor :STMicroelectronics FP-SNS-MOTENVWB1 1.3.1
2024-01-17 12:13:16,367 [INFO] ThirdParty:1030 - CMSIS Pack Vendor :STMicroelectronics X-CUBE-BLE1 7.0.0
2024-01-17 12:13:16,367 [INFO] ThirdParty:1030 - CMSIS Pack Vendor :STMicroelectronics FP-ATR-SIGFOX1 3.2.0
2024-01-17 12:13:16,367 [INFO] ThirdParty:1030 - CMSIS Pack Vendor :STMicroelectronics X-CUBE-ISPU 2.0.0
2024-01-17 12:13:16,367 [INFO] ThirdParty:1030 - CMSIS Pack Vendor :STMicroelectronics HAL Drivers 0.0.0
2024-01-17 12:13:16,367 [INFO] ThirdParty:1030 - CMSIS Pack Vendor :STMicroelectronics MBEDTLS 2.16.2
2024-01-17 12:13:16,367 [INFO] ThirdParty:1030 - CMSIS Pack Vendor :emotas I-CUBE-CANOPEN 1.3.0
2024-01-17 12:13:16,368 [INFO] ThirdParty:1030 - CMSIS Pack Vendor :STMicroelectronics X-CUBE-MEMS1 10.0.0
2024-01-17 12:13:16,368 [INFO] ThirdParty:1030 - CMSIS Pack Vendor :STMicroelectronics X-CUBE-FREERTOS 1.1.0
2024-01-17 12:13:16,368 [INFO] ThirdParty:1030 - CMSIS Pack Vendor :STMicroelectronics X-CUBE-NFC7 1.0.1
2024-01-17 12:13:16,368 [INFO] ThirdParty:1030 - CMSIS Pack Vendor :STMicroelectronics MBEDTLS 2.14.1
2024-01-17 12:13:16,368 [INFO] ThirdParty:1030 - CMSIS Pack Vendor :STMicroelectronics X-CUBE-TOUCHGFX 4.22.1
2024-01-17 12:13:16,368 [INFO] ThirdParty:1030 - CMSIS Pack Vendor :STMicroelectronics X-CUBE-NFC6 3.0.0
2024-01-17 12:13:16,368 [INFO] ThirdParty:1030 - CMSIS Pack Vendor :portGmbH I-Cube-SoM-uGOAL 1.1.0
2024-01-17 12:13:16,368 [INFO] ThirdParty:1030 - CMSIS Pack Vendor :STMicroelectronics X-CUBE-ALS 1.0.1
2024-01-17 12:13:16,368 [INFO] ThirdParty:1030 - CMSIS Pack Vendor :STMicroelectronics ThreadX 1.0.0
2024-01-17 12:13:16,368 [INFO] ThirdParty:1030 - CMSIS Pack Vendor :STMicroelectronics FP-SNS-SMARTAG2 1.2.0
2024-01-17 12:13:16,368 [INFO] ThirdParty:1030 - CMSIS Pack Vendor :STMicroelectronics X-CUBE-AZRTOS-WL 2.0.0
2024-01-17 12:13:16,368 [INFO] ThirdParty:1030 - CMSIS Pack Vendor :STMicroelectronics USB_DEVICE 1.0.0
2024-01-17 12:13:16,368 [INFO] ThirdParty:1030 - CMSIS Pack Vendor :STMicroelectronics X-CUBE-AI 8.1.0
2024-01-17 12:13:16,368 [INFO] ThirdParty:1030 - CMSIS Pack Vendor :STMicroelectronics X-CUBE-AZRTOS-L4 2.0.0
2024-01-17 12:13:16,368 [INFO] ThirdParty:1030 - CMSIS Pack Vendor :STMicroelectronics ThreadX 0.0.2
2024-01-17 12:13:16,368 [INFO] ThirdParty:1030 - CMSIS Pack Vendor :WES I-CUBE-Cesium 1.3.0
2024-01-17 12:13:16,368 [INFO] ThirdParty:1030 - CMSIS Pack Vendor :STMicroelectronics FP-ATR-ASTRA1 2.0.0
2024-01-17 12:13:16,368 [INFO] ThirdParty:1030 - CMSIS Pack Vendor :STMicroelectronics lwIP 2.1.2
2024-01-17 12:13:16,368 [INFO] ThirdParty:1030 - CMSIS Pack Vendor :STMicroelectronics X-CUBE-SFXS2LP1 4.0.0
2024-01-17 12:13:16,368 [INFO] ThirdParty:1030 - CMSIS Pack Vendor :STMicroelectronics X-CUBE-BLE2 3.3.0
2024-01-17 12:13:16,368 [INFO] ThirdParty:1030 - CMSIS Pack Vendor :STMicroelectronics X-CUBE-TOF1 3.4.0
2024-01-17 12:13:16,368 [INFO] ThirdParty:1030 - CMSIS Pack Vendor :STMicroelectronics X-CUBE-AZRTOS-H7 3.2.0
2024-01-17 12:13:16,368 [INFO] ThirdParty:1030 - CMSIS Pack Vendor :STMicroelectronics PDM2PCM 3.2.0
2024-01-17 12:13:16,368 [INFO] ThirdParty:841 - exiting critical section [change project]
2024-01-17 12:13:16,416 [INFO] PinOutPanel:1499 - setPackage(No Configuration,No Configuration)
2024-01-17 12:13:16,416 [INFO] PinOutPanel:1499 - setPackage(STM32F042F4Px,TSSOP20)
2024-01-17 12:13:17,043 [INFO] UtilMem:75 - Before build in PCC Used Memory: 660688592 Bytes (968884224)
2024-01-17 12:13:17,159 [INFO] UtilMem:75 - After build in PCC Used Memory: 703153872 Bytes (968884224)
2024-01-17 12:13:17,169 [INFO] IPUIPlugin:80 - create IPUIPlugin
2024-01-17 12:13:17,169 [INFO] IPUIPlugin:80 - create IPUIPlugin
2024-01-17 12:13:17,169 [INFO] IPUIPlugin:80 - create IPUIPlugin
2024-01-17 12:13:17,169 [INFO] IPUIPlugin:80 - create IPUIPlugin
2024-01-17 12:13:17,169 [INFO] IPUIPlugin:80 - create IPUIPlugin
2024-01-17 12:13:17,169 [INFO] IPUIPlugin:80 - create IPUIPlugin
2024-01-17 12:13:17,169 [INFO] IPUIPlugin:80 - create IPUIPlugin
2024-01-17 12:13:17,169 [INFO] IPUIPlugin:80 - create IPUIPlugin
2024-01-17 12:13:17,169 [INFO] IPUIPlugin:80 - create IPUIPlugin
2024-01-17 12:13:17,169 [INFO] IPUIPlugin:80 - create IPUIPlugin
2024-01-17 12:13:17,169 [INFO] IPUIPlugin:80 - create IPUIPlugin
2024-01-17 12:13:17,169 [INFO] IPUIPlugin:80 - create IPUIPlugin
2024-01-17 12:13:17,169 [INFO] IPUIPlugin:80 - create IPUIPlugin
2024-01-17 12:13:17,169 [INFO] IPUIPlugin:80 - create IPUIPlugin
2024-01-17 12:13:17,169 [INFO] IPUIPlugin:80 - create IPUIPlugin
2024-01-17 12:13:17,170 [INFO] IPUIPlugin:80 - create IPUIPlugin
2024-01-17 12:13:17,170 [INFO] IPUIPlugin:80 - create IPUIPlugin
2024-01-17 12:13:17,170 [INFO] IPUIPlugin:80 - create IPUIPlugin
2024-01-17 12:13:17,170 [INFO] IPUIPlugin:80 - create IPUIPlugin
2024-01-17 12:13:17,170 [INFO] IPUIPlugin:80 - create IPUIPlugin
2024-01-17 12:13:17,170 [INFO] IPUIPlugin:80 - create IPUIPlugin
2024-01-17 12:13:17,170 [INFO] IPUIPlugin:80 - create IPUIPlugin
2024-01-17 12:13:17,171 [INFO] IPUIPlugin:80 - create IPUIPlugin
2024-01-17 12:13:17,171 [INFO] IPUIPlugin:80 - create IPUIPlugin
2024-01-17 12:13:17,171 [INFO] IPUIPlugin:80 - create IPUIPlugin
2024-01-17 12:13:17,171 [INFO] IPUIPlugin:80 - create IPUIPlugin
2024-01-17 12:13:17,171 [INFO] IPUIPlugin:80 - create IPUIPlugin
2024-01-17 12:13:17,171 [INFO] IPUIPlugin:80 - create IPUIPlugin
2024-01-17 12:13:17,171 [INFO] IPUIPlugin:80 - create IPUIPlugin
2024-01-17 12:13:17,171 [INFO] IPUIPlugin:80 - create IPUIPlugin
2024-01-17 12:13:17,196 [INFO] CADModel:165 - CPN selected for project levelSTM32F042F4P6
2024-01-17 12:13:17,196 [INFO] CADModel:114 - Register for checkConnection events
2024-01-17 12:13:17,273 [INFO] OpenFileManager:343 - Restore cursor
2024-01-17 12:15:03,018 [INFO] MainUpdater:2873 - connection check result : 10
2024-01-17 12:15:03,018 [INFO] MainUpdater:2873 - connection check result : 10
2024-01-17 12:15:03,029 [INFO] MicroXplorer:468 - Change Database Path : 
2024-01-17 12:15:03,029 [INFO] MicroXplorer:498 - Change Database Version : DB.6.0.100
2024-01-17 12:15:03,033 [ERROR] ProjectManagerView:394 - 
java.lang.NullPointerException: Cannot invoke "javax.swing.JTextField.getText()" because the return value of "java.util.List.get(int)" is null
	at com.st.microxplorer.plugins.projectmanager.gui.ProjectChoiceTab$10.caretUpdate(ProjectChoiceTab.java:2493) ~[filemanager.jar:?]
	at javax.swing.text.JTextComponent.fireCaretUpdate(JTextComponent.java:412) ~[?:?]
	at javax.swing.text.JTextComponent$MutableCaretEvent.fire(JTextComponent.java:4491) ~[?:?]
	at javax.swing.text.JTextComponent$MutableCaretEvent.stateChanged(JTextComponent.java:4513) ~[?:?]
	at javax.swing.text.DefaultCaret.fireStateChanged(DefaultCaret.java:842) ~[?:?]
	at javax.swing.text.DefaultCaret.changeCaretPosition(DefaultCaret.java:1313) ~[?:?]
	at javax.swing.text.DefaultCaret.handleSetDot(DefaultCaret.java:1212) ~[?:?]
	at javax.swing.text.DefaultCaret.setDot(DefaultCaret.java:1193) ~[?:?]
	at javax.swing.text.DefaultCaret$Handler.insertUpdate(DefaultCaret.java:1789) ~[?:?]
	at javax.swing.text.AbstractDocument.fireInsertUpdate(AbstractDocument.java:226) ~[?:?]
	at javax.swing.text.AbstractDocument.handleInsertString(AbstractDocument.java:780) ~[?:?]
	at javax.swing.text.AbstractDocument.insertString(AbstractDocument.java:739) ~[?:?]
	at javax.swing.text.PlainDocument.insertString(PlainDocument.java:131) ~[?:?]
	at javax.swing.text.AbstractDocument.replace(AbstractDocument.java:698) ~[?:?]
	at javax.swing.text.JTextComponent.setText(JTextComponent.java:1729) ~[?:?]
	at com.st.microxplorer.plugins.projectmanager.gui.ProjectChoiceTab.createHeapStackFields(ProjectChoiceTab.java:933) ~[filemanager.jar:?]
	at com.st.microxplorer.plugins.projectmanager.gui.ProjectChoiceTab.buildLinkSettingsPanel(ProjectChoiceTab.java:3426) ~[filemanager.jar:?]
	at com.st.microxplorer.plugins.projectmanager.gui.ProjectChoiceTab.defineWindowsFields(ProjectChoiceTab.java:1813) ~[filemanager.jar:?]
	at com.st.microxplorer.plugins.projectmanager.gui.ProjectChoiceTab.updateSettings(ProjectChoiceTab.java:533) ~[filemanager.jar:?]
	at com.st.microxplorer.plugins.projectmanager.gui.ProjectSettingsPanel.UpdateDialog(ProjectSettingsPanel.java:244) ~[filemanager.jar:?]
	at com.st.microxplorer.plugins.projectmanager.ProjectManagerView.propertyChange(ProjectManagerView.java:391) ~[filemanager.jar:?]
	at java.beans.PropertyChangeSupport.fire(PropertyChangeSupport.java:343) ~[?:?]
	at java.beans.PropertyChangeSupport.firePropertyChange(PropertyChangeSupport.java:335) ~[?:?]
	at java.beans.PropertyChangeSupport.firePropertyChange(PropertyChangeSupport.java:268) ~[?:?]
	at com.st.microxplorer.util.MXPropertyChangeSupport.firePropertyChange(MXPropertyChangeSupport.java:54) ~[STM32CubeMX.jar:?]
	at com.st.microxplorer.mxsystem.MxSystem.closeConfig(MxSystem.java:900) ~[STM32CubeMX.jar:?]
	at com.st.microxplorer.maingui.MainPanel.closeConfig(MainPanel.java:776) ~[STM32CubeMX.jar:?]
	at com.st.microxplorer.plugins.filemanager.engine.OpenFileManager.loadConfigurationFile(OpenFileManager.java:245) ~[filemanager.jar:?]
	at com.st.microxplorer.plugins.filemanager.engine.MainFileManager.userLoadConfig(MainFileManager.java:290) ~[filemanager.jar:?]
	at com.st.microxplorer.plugins.filemanager.FileManagerView.getSpecificTask(FileManagerView.java:247) ~[filemanager.jar:?]
	at com.st.stm32cube.common.mx.editor.CubeMxEditor.getMxTabbedPaneInstance(CubeMxEditor.java:1184) ~[com.st.stm32cube.common.mx_6.10.0.202311202037/:?]
	at com.st.stm32cube.common.mx.editor.CubeMxEditor$12$1.createSwingComponent(CubeMxEditor.java:1065) ~[com.st.stm32cube.common.mx_6.10.0.202311202037/:?]
	at com.st.stm32cube.common.mx.oss.core.awtswtbridge.EmbeddedSwingComposite.doComponentCreation(EmbeddedSwingComposite.java:492) ~[com.st.stm32cube.common.mx.oss_6.10.0.202311202037/:?]
	at com.st.stm32cube.common.mx.oss.core.awtswtbridge.EmbeddedSwingComposite$4.run(EmbeddedSwingComposite.java:291) ~[com.st.stm32cube.common.mx.oss_6.10.0.202311202037/:?]
	at com.st.stm32cube.common.mx.oss.core.awtswtbridge.AwtEnvironment$2.run(AwtEnvironment.java:166) ~[com.st.stm32cube.common.mx.oss_6.10.0.202311202037/:?]
	at java.awt.event.InvocationEvent.dispatch(InvocationEvent.java:318) ~[?:?]
	at java.awt.EventQueue.dispatchEventImpl(EventQueue.java:773) ~[?:?]
	at java.awt.EventQueue$4.run(EventQueue.java:720) ~[?:?]
	at java.awt.EventQueue$4.run(EventQueue.java:714) ~[?:?]
	at java.security.AccessController.doPrivileged(AccessController.java:399) ~[?:?]
	at java.security.ProtectionDomain$JavaSecurityAccessImpl.doIntersectionPrivilege(ProtectionDomain.java:86) ~[?:?]
	at java.awt.EventQueue.dispatchEvent(EventQueue.java:742) ~[?:?]
	at java.awt.EventDispatchThread.pumpOneEventForFilters(EventDispatchThread.java:203) ~[?:?]
	at java.awt.EventDispatchThread.pumpEventsForFilter(EventDispatchThread.java:124) ~[?:?]
	at java.awt.EventDispatchThread.pumpEventsForHierarchy(EventDispatchThread.java:113) ~[?:?]
	at java.awt.EventDispatchThread.pumpEvents(EventDispatchThread.java:109) ~[?:?]
	at java.awt.EventDispatchThread.pumpEvents(EventDispatchThread.java:101) ~[?:?]
	at java.awt.EventDispatchThread.run(EventDispatchThread.java:90) ~[?:?]
2024-01-17 12:15:03,033 [WARN] ThirdParty:871 - waiting for thirdparty lock release [close project]
2024-01-17 12:15:03,033 [INFO] ThirdParty:873 - entering critical section [close project]
2024-01-17 12:15:03,033 [INFO] ThirdParty:883 - exiting critical section [close project]
2024-01-17 12:15:03,034 [INFO] PinOutPanel:1499 - setPackage(No Configuration,No Configuration)
2024-01-17 12:15:03,035 [INFO] UtilMem:75 - Begin LoadConfig() Used Memory: 660816544 Bytes (968884224)
2024-01-17 12:15:03,035 [INFO] MicroXplorer:468 - Change Database Path : 
2024-01-17 12:15:03,035 [INFO] MicroXplorer:498 - Change Database Version : DB.6.0.100
2024-01-17 12:15:03,035 [INFO] OpenFileManager:312 - Change cursor
2024-01-17 12:15:03,041 [INFO] Mcu:2016 - Initializing MCU STM32F042F4Px STM32F042F4Px STM32F042F4P6
2024-01-17 12:15:03,579 [INFO] Context:659 - Trying to add GPIOservice into a context  which must be forbidden
2024-01-17 12:15:03,657 [INFO] RtosManager:555 - Registered RTOS mode: class=CMSIS, group=RTOS, mode=CMSIS_V1, owner=FREERTOS
2024-01-17 12:15:03,657 [INFO] RtosManager:555 - Registered RTOS mode: class=CMSIS, group=RTOS2, mode=CMSIS_V2, owner=FREERTOS
2024-01-17 12:15:03,657 [INFO] RtosManager:555 - Registered RTOS mode: class=RTOS, group=Core, mode=CMSIS_V1, owner=FREERTOS
2024-01-17 12:15:03,657 [INFO] RtosManager:555 - Registered RTOS mode: class=RTOS, group=Core, mode=CMSIS_V2, owner=FREERTOS
2024-01-17 12:15:03,657 [WARN] ModelIntegratedComponent:184 - Missing modes for component STMicroelectronics:FreeRTOS:0.0.1:STMicroelectronics:RTOS:FreeRTOS:Core:::10.2.0:
2024-01-17 12:15:03,660 [WARN] ModelIntegratedComponent:63 - No mode defined for component null
2024-01-17 12:15:03,661 [WARN] ModelIntegratedComponent:63 - No mode defined for component null
2024-01-17 12:15:03,661 [WARN] ModelIntegratedComponent:63 - No mode defined for component null
2024-01-17 12:15:03,661 [WARN] ModelIntegratedComponent:63 - No mode defined for component null
2024-01-17 12:15:03,661 [WARN] ModelIntegratedComponent:63 - No mode defined for component null
2024-01-17 12:15:03,661 [WARN] ModelIntegratedComponent:63 - No mode defined for component null
2024-01-17 12:15:03,661 [WARN] ModelIntegratedComponent:63 - No mode defined for component null
2024-01-17 12:15:03,661 [WARN] ModelIntegratedComponent:63 - No mode defined for component null
2024-01-17 12:15:03,661 [WARN] ModelIntegratedComponent:63 - No mode defined for component null
2024-01-17 12:15:03,661 [WARN] ModelIntegratedComponent:63 - No mode defined for component null
2024-01-17 12:15:03,661 [WARN] ModelIntegratedComponent:63 - No mode defined for component null
2024-01-17 12:15:03,661 [WARN] ModelIntegratedComponent:63 - No mode defined for component null
2024-01-17 12:15:03,661 [WARN] ModelIntegratedComponent:63 - No mode defined for component null
2024-01-17 12:15:03,661 [WARN] ModelIntegratedComponent:63 - No mode defined for component null
2024-01-17 12:15:03,661 [WARN] ModelIntegratedComponent:63 - No mode defined for component null
2024-01-17 12:15:03,661 [WARN] ModelIntegratedComponent:63 - No mode defined for component null
2024-01-17 12:15:03,661 [WARN] ModelIntegratedComponent:63 - No mode defined for component null
2024-01-17 12:15:03,661 [WARN] ModelIntegratedComponent:63 - No mode defined for component null
2024-01-17 12:15:03,661 [WARN] ModelIntegratedComponent:63 - No mode defined for component null
2024-01-17 12:15:03,661 [WARN] ModelIntegratedComponent:63 - No mode defined for component null
2024-01-17 12:15:03,661 [WARN] ModelIntegratedComponent:63 - No mode defined for component null
2024-01-17 12:15:03,661 [WARN] ModelIntegratedComponent:63 - No mode defined for component null
2024-01-17 12:15:03,661 [WARN] ModelIntegratedComponent:63 - No mode defined for component null
2024-01-17 12:15:03,661 [WARN] ModelIntegratedComponent:63 - No mode defined for component null
2024-01-17 12:15:03,661 [WARN] ModelIntegratedComponent:63 - No mode defined for component null
2024-01-17 12:15:03,661 [WARN] ModelIntegratedComponent:63 - No mode defined for component null
2024-01-17 12:15:03,661 [WARN] ModelIntegratedComponent:63 - No mode defined for component null
2024-01-17 12:15:03,661 [WARN] ModelIntegratedComponent:63 - No mode defined for component null
2024-01-17 12:15:03,661 [WARN] ModelIntegratedComponent:63 - No mode defined for component null
2024-01-17 12:15:03,661 [WARN] ModelIntegratedComponent:63 - No mode defined for component null
2024-01-17 12:15:03,661 [WARN] ModelIntegratedComponent:63 - No mode defined for component null
2024-01-17 12:15:03,661 [WARN] ModelIntegratedComponent:63 - No mode defined for component null
2024-01-17 12:15:03,661 [WARN] ModelIntegratedComponent:63 - No mode defined for component null
2024-01-17 12:15:03,706 [INFO] ThirdPartyModel:298 - Start build external matchings
2024-01-17 12:15:03,859 [INFO] ThirdPartyModel:316 - End build external matchings
2024-01-17 12:15:03,862 [INFO] ImportTextPane:194 - (OptionalMessage_ERROR) IP (DMA) : Parameter (Instance) has Id (ADC) currently not set
2024-01-17 12:15:03,862 [INFO] ImportTextPane:194 - (OptionalMessage_ERROR) IP (DMA) : Parameter (Direction) has Id (ADC) currently not set
2024-01-17 12:15:03,862 [INFO] ImportTextPane:194 - (OptionalMessage_ERROR) IP (DMA) : Parameter (PeriphInc) has Id (ADC) currently not set
2024-01-17 12:15:03,862 [INFO] ImportTextPane:194 - (OptionalMessage_ERROR) IP (DMA) : Parameter (MemInc) has Id (ADC) currently not set
2024-01-17 12:15:03,862 [INFO] ImportTextPane:194 - (OptionalMessage_ERROR) IP (DMA) : Parameter (PeriphDataAlignment) has Id (ADC) currently not set
2024-01-17 12:15:03,862 [INFO] ImportTextPane:194 - (OptionalMessage_ERROR) IP (DMA) : Parameter (MemDataAlignment) has Id (ADC) currently not set
2024-01-17 12:15:03,862 [INFO] ImportTextPane:194 - (OptionalMessage_ERROR) IP (DMA) : Parameter (Mode) has Id (ADC) currently not set
2024-01-17 12:15:03,862 [INFO] ImportTextPane:194 - (OptionalMessage_ERROR) IP (DMA) : Parameter (Priority) has Id (ADC) currently not set
2024-01-17 12:15:03,863 [INFO] ImportTextPane:194 - (OptionalMessage_ERROR) IP (RCC) : Invalid parameter (FamilyName)
2024-01-17 12:15:03,863 [INFO] ImportTextPane:194 - (OptionalMessage_ERROR) IP (RCC) : Invalid parameter (HSICECFreq_Value)
2024-01-17 12:15:04,014 [INFO] UtilMem:75 - End LoadConfig() Used Memory: 793233632 Bytes (968884224)
2024-01-17 12:15:04,080 [INFO] MicroXplorer:468 - Change Database Path : 
2024-01-17 12:15:04,080 [INFO] MicroXplorer:498 - Change Database Version : DB.6.0.100
2024-01-17 12:15:04,080 [WARN] ThirdParty:833 - waiting for thirdparty lock release [change project]
2024-01-17 12:15:04,080 [INFO] ThirdParty:835 - entering critical section [change project]
2024-01-17 12:15:04,080 [INFO] ThirdParty:1030 - CMSIS Pack Vendor :STMicroelectronics X-CUBE-ISPU 1.1.0
2024-01-17 12:15:04,080 [INFO] ThirdParty:1030 - CMSIS Pack Vendor :STMicroelectronics USBPD 4.1
2024-01-17 12:15:04,080 [INFO] ThirdParty:1030 - CMSIS Pack Vendor :STMicroelectronics X-CUBE-GNSS1 6.0.0
2024-01-17 12:15:04,080 [INFO] ThirdParty:1030 - CMSIS Pack Vendor :STMicroelectronics USB_HOST 2.0.0
2024-01-17 12:15:04,080 [INFO] ThirdParty:1030 - CMSIS Pack Vendor :STMicroelectronics X-CUBE-AZRTOS-F4 1.1.0
2024-01-17 12:15:04,080 [INFO] ThirdParty:1030 - CMSIS Pack Vendor :STMicroelectronics LIBJPEG 8.0.0
2024-01-17 12:15:04,080 [INFO] ThirdParty:1030 - CMSIS Pack Vendor :wolfSSL I-CUBE-wolfSSL 5.6.4
2024-01-17 12:15:04,080 [INFO] ThirdParty:1030 - CMSIS Pack Vendor :STMicroelectronics X-CUBE-SMBUS 2.1.0
2024-01-17 12:15:04,080 [INFO] ThirdParty:1030 - CMSIS Pack Vendor :STMicroelectronics USB_DEVICE 3.0.0
2024-01-17 12:15:04,080 [INFO] ThirdParty:1030 - CMSIS Pack Vendor :STMicroelectronics X-CUBE-AZRTOS-WB 2.0.0
2024-01-17 12:15:04,080 [INFO] ThirdParty:1030 - CMSIS Pack Vendor :STMicroelectronics X-CUBE-TOUCHGFX 4.23.0
2024-01-17 12:15:04,080 [INFO] ThirdParty:1030 - CMSIS Pack Vendor :STMicroelectronics X-CUBE-AZRTOS-F7 1.1.0
2024-01-17 12:15:04,080 [INFO] ThirdParty:1030 - CMSIS Pack Vendor :STMicroelectronics X-CUBE-AZRTOS-L5 2.0.0
2024-01-17 12:15:04,080 [INFO] ThirdParty:1030 - CMSIS Pack Vendor :STMicroelectronics USB_DEVICE 2.0.0
2024-01-17 12:15:04,080 [INFO] ThirdParty:1030 - CMSIS Pack Vendor :STMicroelectronics X-CUBE-EEPRMA1 4.2.0
2024-01-17 12:15:04,080 [INFO] ThirdParty:1030 - CMSIS Pack Vendor :ITTIA_DB I-CUBE-ITTIADB 8.8.0
2024-01-17 12:15:04,080 [INFO] ThirdParty:1030 - CMSIS Pack Vendor :STMicroelectronics FP-SNS-MOTENV1 4.3.2
2024-01-17 12:15:04,080 [INFO] ThirdParty:1030 - CMSIS Pack Vendor :STMicroelectronics X-CUBE-ALGOBUILD 1.3.0
2024-01-17 12:15:04,080 [INFO] ThirdParty:1030 - CMSIS Pack Vendor :STMicroelectronics FreeRTOS 0.0.1
2024-01-17 12:15:04,080 [INFO] ThirdParty:1030 - CMSIS Pack Vendor :STMicroelectronics X-CUBE-AZRTOS-G0 1.1.0
2024-01-17 12:15:04,080 [INFO] ThirdParty:1030 - CMSIS Pack Vendor :STMicroelectronics X-CUBE-NFC4 3.0.0
2024-01-17 12:15:04,080 [INFO] ThirdParty:1030 - CMSIS Pack Vendor :STMicroelectronics X-CUBE-SUBG2 5.0.0
2024-01-17 12:15:04,080 [INFO] ThirdParty:1030 - CMSIS Pack Vendor :STMicroelectronics STM32_WPAN 1.0.0
2024-01-17 12:15:04,080 [INFO] ThirdParty:1030 - CMSIS Pack Vendor :STMicroelectronics lwIP 2.0.3
2024-01-17 12:15:04,080 [INFO] ThirdParty:1030 - CMSIS Pack Vendor :STMicroelectronics FP-SNS-FLIGHT1 5.0.2
2024-01-17 12:15:04,080 [INFO] ThirdParty:1030 - CMSIS Pack Vendor :STMicroelectronics USB_HOST 1.0.0
2024-01-17 12:15:04,080 [INFO] ThirdParty:1030 - CMSIS Pack Vendor :STMicroelectronics X-CUBE-AZRTOS-G4 2.0.0
2024-01-17 12:15:04,080 [INFO] ThirdParty:1030 - CMSIS Pack Vendor :STMicroelectronics PDM2PCM 3.1.0
2024-01-17 12:15:04,080 [INFO] ThirdParty:1030 - CMSIS Pack Vendor :STMicroelectronics X-CUBE-AZRTOS-H7 3.1.0
2024-01-17 12:15:04,080 [INFO] ThirdParty:1030 - CMSIS Pack Vendor :Infineon AIROC-Wi-Fi-Bluetooth-STM32 1.5.1
2024-01-17 12:15:04,080 [INFO] ThirdParty:1030 - CMSIS Pack Vendor :STMicroelectronics X-CUBE-BLEMGR 3.0.0
2024-01-17 12:15:04,080 [INFO] ThirdParty:1030 - CMSIS Pack Vendor :STMicroelectronics PDM2PCM 3.3.0
2024-01-17 12:15:04,080 [INFO] ThirdParty:1030 - CMSIS Pack Vendor :STMicroelectronics X-CUBE-DISPLAY 3.0.0
2024-01-17 12:15:04,080 [INFO] ThirdParty:1030 - CMSIS Pack Vendor :STMicroelectronics FP-SNS-MOTENVWB1 1.3.1
2024-01-17 12:15:04,080 [INFO] ThirdParty:1030 - CMSIS Pack Vendor :STMicroelectronics X-CUBE-BLE1 7.0.0
2024-01-17 12:15:04,080 [INFO] ThirdParty:1030 - CMSIS Pack Vendor :STMicroelectronics FP-ATR-SIGFOX1 3.2.0
2024-01-17 12:15:04,080 [INFO] ThirdParty:1030 - CMSIS Pack Vendor :STMicroelectronics X-CUBE-ISPU 2.0.0
2024-01-17 12:15:04,080 [INFO] ThirdParty:1030 - CMSIS Pack Vendor :STMicroelectronics HAL Drivers 0.0.0
2024-01-17 12:15:04,080 [INFO] ThirdParty:1030 - CMSIS Pack Vendor :STMicroelectronics MBEDTLS 2.16.2
2024-01-17 12:15:04,080 [INFO] ThirdParty:1030 - CMSIS Pack Vendor :emotas I-CUBE-CANOPEN 1.3.0
2024-01-17 12:15:04,080 [INFO] ThirdParty:1030 - CMSIS Pack Vendor :STMicroelectronics X-CUBE-MEMS1 10.0.0
2024-01-17 12:15:04,080 [INFO] ThirdParty:1030 - CMSIS Pack Vendor :STMicroelectronics X-CUBE-FREERTOS 1.1.0
2024-01-17 12:15:04,080 [INFO] ThirdParty:1030 - CMSIS Pack Vendor :STMicroelectronics X-CUBE-NFC7 1.0.1
2024-01-17 12:15:04,080 [INFO] ThirdParty:1030 - CMSIS Pack Vendor :STMicroelectronics MBEDTLS 2.14.1
2024-01-17 12:15:04,080 [INFO] ThirdParty:1030 - CMSIS Pack Vendor :STMicroelectronics X-CUBE-TOUCHGFX 4.22.1
2024-01-17 12:15:04,080 [INFO] ThirdParty:1030 - CMSIS Pack Vendor :STMicroelectronics X-CUBE-NFC6 3.0.0
2024-01-17 12:15:04,080 [INFO] ThirdParty:1030 - CMSIS Pack Vendor :portGmbH I-Cube-SoM-uGOAL 1.1.0
2024-01-17 12:15:04,080 [INFO] ThirdParty:1030 - CMSIS Pack Vendor :STMicroelectronics X-CUBE-ALS 1.0.1
2024-01-17 12:15:04,080 [INFO] ThirdParty:1030 - CMSIS Pack Vendor :STMicroelectronics ThreadX 1.0.0
2024-01-17 12:15:04,080 [INFO] ThirdParty:1030 - CMSIS Pack Vendor :STMicroelectronics FP-SNS-SMARTAG2 1.2.0
2024-01-17 12:15:04,080 [INFO] ThirdParty:1030 - CMSIS Pack Vendor :STMicroelectronics X-CUBE-AZRTOS-WL 2.0.0
2024-01-17 12:15:04,080 [INFO] ThirdParty:1030 - CMSIS Pack Vendor :STMicroelectronics USB_DEVICE 1.0.0
2024-01-17 12:15:04,080 [INFO] ThirdParty:1030 - CMSIS Pack Vendor :STMicroelectronics X-CUBE-AI 8.1.0
2024-01-17 12:15:04,080 [INFO] ThirdParty:1030 - CMSIS Pack Vendor :STMicroelectronics X-CUBE-AZRTOS-L4 2.0.0
2024-01-17 12:15:04,080 [INFO] ThirdParty:1030 - CMSIS Pack Vendor :STMicroelectronics ThreadX 0.0.2
2024-01-17 12:15:04,080 [INFO] ThirdParty:1030 - CMSIS Pack Vendor :WES I-CUBE-Cesium 1.3.0
2024-01-17 12:15:04,080 [INFO] ThirdParty:1030 - CMSIS Pack Vendor :STMicroelectronics FP-ATR-ASTRA1 2.0.0
2024-01-17 12:15:04,080 [INFO] ThirdParty:1030 - CMSIS Pack Vendor :STMicroelectronics lwIP 2.1.2
2024-01-17 12:15:04,080 [INFO] ThirdParty:1030 - CMSIS Pack Vendor :STMicroelectronics X-CUBE-SFXS2LP1 4.0.0
2024-01-17 12:15:04,080 [INFO] ThirdParty:1030 - CMSIS Pack Vendor :STMicroelectronics X-CUBE-BLE2 3.3.0
2024-01-17 12:15:04,080 [INFO] ThirdParty:1030 - CMSIS Pack Vendor :STMicroelectronics X-CUBE-TOF1 3.4.0
2024-01-17 12:15:04,080 [INFO] ThirdParty:1030 - CMSIS Pack Vendor :STMicroelectronics X-CUBE-AZRTOS-H7 3.2.0
2024-01-17 12:15:04,080 [INFO] ThirdParty:1030 - CMSIS Pack Vendor :STMicroelectronics PDM2PCM 3.2.0
2024-01-17 12:15:04,081 [INFO] ThirdParty:841 - exiting critical section [change project]
2024-01-17 12:15:04,132 [INFO] PinOutPanel:1499 - setPackage(No Configuration,No Configuration)
2024-01-17 12:15:04,132 [INFO] PinOutPanel:1499 - setPackage(STM32F042F4Px,TSSOP20)
2024-01-17 12:15:04,815 [INFO] UtilMem:75 - Before build in PCC Used Memory: 372440040 Bytes (968884224)
2024-01-17 12:15:04,916 [INFO] UtilMem:75 - After build in PCC Used Memory: 414383080 Bytes (968884224)
2024-01-17 12:15:04,925 [INFO] IPUIPlugin:80 - create IPUIPlugin
2024-01-17 12:15:04,925 [INFO] IPUIPlugin:80 - create IPUIPlugin
2024-01-17 12:15:04,925 [INFO] IPUIPlugin:80 - create IPUIPlugin
2024-01-17 12:15:04,925 [INFO] IPUIPlugin:80 - create IPUIPlugin
2024-01-17 12:15:04,925 [INFO] IPUIPlugin:80 - create IPUIPlugin
2024-01-17 12:15:04,925 [INFO] IPUIPlugin:80 - create IPUIPlugin
2024-01-17 12:15:04,925 [INFO] IPUIPlugin:80 - create IPUIPlugin
2024-01-17 12:15:04,925 [INFO] IPUIPlugin:80 - create IPUIPlugin
2024-01-17 12:15:04,925 [INFO] IPUIPlugin:80 - create IPUIPlugin
2024-01-17 12:15:04,925 [INFO] IPUIPlugin:80 - create IPUIPlugin
2024-01-17 12:15:04,925 [INFO] IPUIPlugin:80 - create IPUIPlugin
2024-01-17 12:15:04,925 [INFO] IPUIPlugin:80 - create IPUIPlugin
2024-01-17 12:15:04,925 [INFO] IPUIPlugin:80 - create IPUIPlugin
2024-01-17 12:15:04,925 [INFO] IPUIPlugin:80 - create IPUIPlugin
2024-01-17 12:15:04,926 [INFO] IPUIPlugin:80 - create IPUIPlugin
2024-01-17 12:15:04,926 [INFO] IPUIPlugin:80 - create IPUIPlugin
2024-01-17 12:15:04,926 [INFO] IPUIPlugin:80 - create IPUIPlugin
2024-01-17 12:15:04,926 [INFO] IPUIPlugin:80 - create IPUIPlugin
2024-01-17 12:15:04,926 [INFO] IPUIPlugin:80 - create IPUIPlugin
2024-01-17 12:15:04,926 [INFO] IPUIPlugin:80 - create IPUIPlugin
2024-01-17 12:15:04,926 [INFO] IPUIPlugin:80 - create IPUIPlugin
2024-01-17 12:15:04,926 [INFO] IPUIPlugin:80 - create IPUIPlugin
2024-01-17 12:15:04,926 [INFO] IPUIPlugin:80 - create IPUIPlugin
2024-01-17 12:15:04,926 [INFO] IPUIPlugin:80 - create IPUIPlugin
2024-01-17 12:15:04,926 [INFO] IPUIPlugin:80 - create IPUIPlugin
2024-01-17 12:15:04,926 [INFO] IPUIPlugin:80 - create IPUIPlugin
2024-01-17 12:15:04,926 [INFO] IPUIPlugin:80 - create IPUIPlugin
2024-01-17 12:15:04,927 [INFO] IPUIPlugin:80 - create IPUIPlugin
2024-01-17 12:15:04,927 [INFO] IPUIPlugin:80 - create IPUIPlugin
2024-01-17 12:15:04,927 [INFO] IPUIPlugin:80 - create IPUIPlugin
2024-01-17 12:15:04,927 [INFO] Can:71 - Can Add PropertyChangeListener com.st.microxplorer.plugins.ip.can.Can@6b1668ef
2024-01-17 12:15:04,946 [INFO] CADModel:165 - CPN selected for project levelSTM32F042F4P6
2024-01-17 12:15:04,946 [INFO] CADModel:114 - Register for checkConnection events
2024-01-17 12:15:05,006 [INFO] OpenFileManager:343 - Restore cursor
2024-01-17 12:16:25,976 [INFO] MainUpdater:2873 - connection check result : 10
2024-01-17 12:16:25,976 [INFO] MainUpdater:2873 - connection check result : 10
2024-01-17 12:16:25,989 [INFO] MicroXplorer:468 - Change Database Path : 
2024-01-17 12:16:25,989 [INFO] MicroXplorer:498 - Change Database Version : DB.6.0.100
2024-01-17 12:16:25,994 [ERROR] ProjectManagerView:394 - 
java.lang.NullPointerException: Cannot invoke "javax.swing.JTextField.getText()" because the return value of "java.util.List.get(int)" is null
	at com.st.microxplorer.plugins.projectmanager.gui.ProjectChoiceTab$10.caretUpdate(ProjectChoiceTab.java:2493) ~[filemanager.jar:?]
	at javax.swing.text.JTextComponent.fireCaretUpdate(JTextComponent.java:412) ~[?:?]
	at javax.swing.text.JTextComponent$MutableCaretEvent.fire(JTextComponent.java:4491) ~[?:?]
	at javax.swing.text.JTextComponent$MutableCaretEvent.stateChanged(JTextComponent.java:4513) ~[?:?]
	at javax.swing.text.DefaultCaret.fireStateChanged(DefaultCaret.java:842) ~[?:?]
	at javax.swing.text.DefaultCaret.changeCaretPosition(DefaultCaret.java:1313) ~[?:?]
	at javax.swing.text.DefaultCaret.handleSetDot(DefaultCaret.java:1212) ~[?:?]
	at javax.swing.text.DefaultCaret.setDot(DefaultCaret.java:1193) ~[?:?]
	at javax.swing.text.DefaultCaret$Handler.insertUpdate(DefaultCaret.java:1789) ~[?:?]
	at javax.swing.text.AbstractDocument.fireInsertUpdate(AbstractDocument.java:226) ~[?:?]
	at javax.swing.text.AbstractDocument.handleInsertString(AbstractDocument.java:780) ~[?:?]
	at javax.swing.text.AbstractDocument.insertString(AbstractDocument.java:739) ~[?:?]
	at javax.swing.text.PlainDocument.insertString(PlainDocument.java:131) ~[?:?]
	at javax.swing.text.AbstractDocument.replace(AbstractDocument.java:698) ~[?:?]
	at javax.swing.text.JTextComponent.setText(JTextComponent.java:1729) ~[?:?]
	at com.st.microxplorer.plugins.projectmanager.gui.ProjectChoiceTab.createHeapStackFields(ProjectChoiceTab.java:933) ~[filemanager.jar:?]
	at com.st.microxplorer.plugins.projectmanager.gui.ProjectChoiceTab.buildLinkSettingsPanel(ProjectChoiceTab.java:3426) ~[filemanager.jar:?]
	at com.st.microxplorer.plugins.projectmanager.gui.ProjectChoiceTab.defineWindowsFields(ProjectChoiceTab.java:1813) ~[filemanager.jar:?]
	at com.st.microxplorer.plugins.projectmanager.gui.ProjectChoiceTab.updateSettings(ProjectChoiceTab.java:533) ~[filemanager.jar:?]
	at com.st.microxplorer.plugins.projectmanager.gui.ProjectSettingsPanel.UpdateDialog(ProjectSettingsPanel.java:244) ~[filemanager.jar:?]
	at com.st.microxplorer.plugins.projectmanager.ProjectManagerView.propertyChange(ProjectManagerView.java:391) ~[filemanager.jar:?]
	at java.beans.PropertyChangeSupport.fire(PropertyChangeSupport.java:343) ~[?:?]
	at java.beans.PropertyChangeSupport.firePropertyChange(PropertyChangeSupport.java:335) ~[?:?]
	at java.beans.PropertyChangeSupport.firePropertyChange(PropertyChangeSupport.java:268) ~[?:?]
	at com.st.microxplorer.util.MXPropertyChangeSupport.firePropertyChange(MXPropertyChangeSupport.java:54) ~[STM32CubeMX.jar:?]
	at com.st.microxplorer.mxsystem.MxSystem.closeConfig(MxSystem.java:900) ~[STM32CubeMX.jar:?]
	at com.st.microxplorer.maingui.MainPanel.closeConfig(MainPanel.java:776) ~[STM32CubeMX.jar:?]
	at com.st.microxplorer.plugins.filemanager.engine.OpenFileManager.loadConfigurationFile(OpenFileManager.java:245) ~[filemanager.jar:?]
	at com.st.microxplorer.plugins.filemanager.engine.MainFileManager.userLoadConfig(MainFileManager.java:290) ~[filemanager.jar:?]
	at com.st.microxplorer.plugins.filemanager.FileManagerView.getSpecificTask(FileManagerView.java:247) ~[filemanager.jar:?]
	at com.st.stm32cube.common.mx.editor.CubeMxEditor.getMxTabbedPaneInstance(CubeMxEditor.java:1184) ~[com.st.stm32cube.common.mx_6.10.0.202311202037/:?]
	at com.st.stm32cube.common.mx.editor.CubeMxEditor$12$1.createSwingComponent(CubeMxEditor.java:1065) ~[com.st.stm32cube.common.mx_6.10.0.202311202037/:?]
	at com.st.stm32cube.common.mx.oss.core.awtswtbridge.EmbeddedSwingComposite.doComponentCreation(EmbeddedSwingComposite.java:492) ~[com.st.stm32cube.common.mx.oss_6.10.0.202311202037/:?]
	at com.st.stm32cube.common.mx.oss.core.awtswtbridge.EmbeddedSwingComposite$4.run(EmbeddedSwingComposite.java:291) ~[com.st.stm32cube.common.mx.oss_6.10.0.202311202037/:?]
	at com.st.stm32cube.common.mx.oss.core.awtswtbridge.AwtEnvironment$2.run(AwtEnvironment.java:166) ~[com.st.stm32cube.common.mx.oss_6.10.0.202311202037/:?]
	at java.awt.event.InvocationEvent.dispatch(InvocationEvent.java:318) ~[?:?]
	at java.awt.EventQueue.dispatchEventImpl(EventQueue.java:773) ~[?:?]
	at java.awt.EventQueue$4.run(EventQueue.java:720) ~[?:?]
	at java.awt.EventQueue$4.run(EventQueue.java:714) ~[?:?]
	at java.security.AccessController.doPrivileged(AccessController.java:399) ~[?:?]
	at java.security.ProtectionDomain$JavaSecurityAccessImpl.doIntersectionPrivilege(ProtectionDomain.java:86) ~[?:?]
	at java.awt.EventQueue.dispatchEvent(EventQueue.java:742) ~[?:?]
	at java.awt.EventDispatchThread.pumpOneEventForFilters(EventDispatchThread.java:203) ~[?:?]
	at java.awt.EventDispatchThread.pumpEventsForFilter(EventDispatchThread.java:124) ~[?:?]
	at java.awt.EventDispatchThread.pumpEventsForHierarchy(EventDispatchThread.java:113) ~[?:?]
	at java.awt.EventDispatchThread.pumpEvents(EventDispatchThread.java:109) ~[?:?]
	at java.awt.EventDispatchThread.pumpEvents(EventDispatchThread.java:101) ~[?:?]
	at java.awt.EventDispatchThread.run(EventDispatchThread.java:90) ~[?:?]
2024-01-17 12:16:25,995 [WARN] ThirdParty:871 - waiting for thirdparty lock release [close project]
2024-01-17 12:16:25,995 [INFO] ThirdParty:873 - entering critical section [close project]
2024-01-17 12:16:25,995 [INFO] ThirdParty:883 - exiting critical section [close project]
2024-01-17 12:16:25,995 [INFO] PinOutPanel:1499 - setPackage(No Configuration,No Configuration)
2024-01-17 12:16:25,998 [INFO] UtilMem:75 - Begin LoadConfig() Used Memory: 745206760 Bytes (968884224)
2024-01-17 12:16:25,998 [INFO] MicroXplorer:468 - Change Database Path : 
2024-01-17 12:16:25,998 [INFO] MicroXplorer:498 - Change Database Version : DB.6.0.100
2024-01-17 12:16:25,998 [INFO] OpenFileManager:312 - Change cursor
2024-01-17 12:16:26,002 [INFO] Mcu:2016 - Initializing MCU STM32F042F4Px STM32F042F4Px STM32F042F4P6
2024-01-17 12:16:26,526 [INFO] Context:659 - Trying to add GPIOservice into a context  which must be forbidden
2024-01-17 12:16:26,627 [INFO] RtosManager:555 - Registered RTOS mode: class=CMSIS, group=RTOS, mode=CMSIS_V1, owner=FREERTOS
2024-01-17 12:16:26,627 [INFO] RtosManager:555 - Registered RTOS mode: class=CMSIS, group=RTOS2, mode=CMSIS_V2, owner=FREERTOS
2024-01-17 12:16:26,627 [INFO] RtosManager:555 - Registered RTOS mode: class=RTOS, group=Core, mode=CMSIS_V1, owner=FREERTOS
2024-01-17 12:16:26,627 [INFO] RtosManager:555 - Registered RTOS mode: class=RTOS, group=Core, mode=CMSIS_V2, owner=FREERTOS
2024-01-17 12:16:26,627 [WARN] ModelIntegratedComponent:184 - Missing modes for component STMicroelectronics:FreeRTOS:0.0.1:STMicroelectronics:RTOS:FreeRTOS:Core:::10.2.0:
2024-01-17 12:16:26,631 [WARN] ModelIntegratedComponent:63 - No mode defined for component null
2024-01-17 12:16:26,631 [WARN] ModelIntegratedComponent:63 - No mode defined for component null
2024-01-17 12:16:26,631 [WARN] ModelIntegratedComponent:63 - No mode defined for component null
2024-01-17 12:16:26,631 [WARN] ModelIntegratedComponent:63 - No mode defined for component null
2024-01-17 12:16:26,631 [WARN] ModelIntegratedComponent:63 - No mode defined for component null
2024-01-17 12:16:26,631 [WARN] ModelIntegratedComponent:63 - No mode defined for component null
2024-01-17 12:16:26,631 [WARN] ModelIntegratedComponent:63 - No mode defined for component null
2024-01-17 12:16:26,631 [WARN] ModelIntegratedComponent:63 - No mode defined for component null
2024-01-17 12:16:26,631 [WARN] ModelIntegratedComponent:63 - No mode defined for component null
2024-01-17 12:16:26,631 [WARN] ModelIntegratedComponent:63 - No mode defined for component null
2024-01-17 12:16:26,631 [WARN] ModelIntegratedComponent:63 - No mode defined for component null
2024-01-17 12:16:26,631 [WARN] ModelIntegratedComponent:63 - No mode defined for component null
2024-01-17 12:16:26,631 [WARN] ModelIntegratedComponent:63 - No mode defined for component null
2024-01-17 12:16:26,631 [WARN] ModelIntegratedComponent:63 - No mode defined for component null
2024-01-17 12:16:26,631 [WARN] ModelIntegratedComponent:63 - No mode defined for component null
2024-01-17 12:16:26,631 [WARN] ModelIntegratedComponent:63 - No mode defined for component null
2024-01-17 12:16:26,631 [WARN] ModelIntegratedComponent:63 - No mode defined for component null
2024-01-17 12:16:26,631 [WARN] ModelIntegratedComponent:63 - No mode defined for component null
2024-01-17 12:16:26,631 [WARN] ModelIntegratedComponent:63 - No mode defined for component null
2024-01-17 12:16:26,631 [WARN] ModelIntegratedComponent:63 - No mode defined for component null
2024-01-17 12:16:26,631 [WARN] ModelIntegratedComponent:63 - No mode defined for component null
2024-01-17 12:16:26,631 [WARN] ModelIntegratedComponent:63 - No mode defined for component null
2024-01-17 12:16:26,631 [WARN] ModelIntegratedComponent:63 - No mode defined for component null
2024-01-17 12:16:26,631 [WARN] ModelIntegratedComponent:63 - No mode defined for component null
2024-01-17 12:16:26,631 [WARN] ModelIntegratedComponent:63 - No mode defined for component null
2024-01-17 12:16:26,631 [WARN] ModelIntegratedComponent:63 - No mode defined for component null
2024-01-17 12:16:26,631 [WARN] ModelIntegratedComponent:63 - No mode defined for component null
2024-01-17 12:16:26,631 [WARN] ModelIntegratedComponent:63 - No mode defined for component null
2024-01-17 12:16:26,631 [WARN] ModelIntegratedComponent:63 - No mode defined for component null
2024-01-17 12:16:26,631 [WARN] ModelIntegratedComponent:63 - No mode defined for component null
2024-01-17 12:16:26,632 [WARN] ModelIntegratedComponent:63 - No mode defined for component null
2024-01-17 12:16:26,632 [WARN] ModelIntegratedComponent:63 - No mode defined for component null
2024-01-17 12:16:26,632 [WARN] ModelIntegratedComponent:63 - No mode defined for component null
2024-01-17 12:16:26,679 [INFO] ThirdPartyModel:298 - Start build external matchings
2024-01-17 12:16:26,829 [INFO] ThirdPartyModel:316 - End build external matchings
2024-01-17 12:16:26,832 [INFO] ImportTextPane:194 - (OptionalMessage_ERROR) IP (RCC) : Invalid parameter (FamilyName)
2024-01-17 12:16:26,832 [INFO] ImportTextPane:194 - (OptionalMessage_ERROR) IP (RCC) : Invalid parameter (HSICECFreq_Value)
2024-01-17 12:16:27,030 [INFO] UtilMem:75 - End LoadConfig() Used Memory: 359575920 Bytes (968884224)
2024-01-17 12:16:27,096 [INFO] MicroXplorer:468 - Change Database Path : 
2024-01-17 12:16:27,096 [INFO] MicroXplorer:498 - Change Database Version : DB.6.0.100
2024-01-17 12:16:27,096 [WARN] ThirdParty:833 - waiting for thirdparty lock release [change project]
2024-01-17 12:16:27,096 [INFO] ThirdParty:835 - entering critical section [change project]
2024-01-17 12:16:27,096 [INFO] ThirdParty:1030 - CMSIS Pack Vendor :STMicroelectronics X-CUBE-ISPU 1.1.0
2024-01-17 12:16:27,096 [INFO] ThirdParty:1030 - CMSIS Pack Vendor :STMicroelectronics USBPD 4.1
2024-01-17 12:16:27,096 [INFO] ThirdParty:1030 - CMSIS Pack Vendor :STMicroelectronics X-CUBE-GNSS1 6.0.0
2024-01-17 12:16:27,096 [INFO] ThirdParty:1030 - CMSIS Pack Vendor :STMicroelectronics USB_HOST 2.0.0
2024-01-17 12:16:27,096 [INFO] ThirdParty:1030 - CMSIS Pack Vendor :STMicroelectronics X-CUBE-AZRTOS-F4 1.1.0
2024-01-17 12:16:27,096 [INFO] ThirdParty:1030 - CMSIS Pack Vendor :STMicroelectronics LIBJPEG 8.0.0
2024-01-17 12:16:27,096 [INFO] ThirdParty:1030 - CMSIS Pack Vendor :wolfSSL I-CUBE-wolfSSL 5.6.4
2024-01-17 12:16:27,096 [INFO] ThirdParty:1030 - CMSIS Pack Vendor :STMicroelectronics X-CUBE-SMBUS 2.1.0
2024-01-17 12:16:27,096 [INFO] ThirdParty:1030 - CMSIS Pack Vendor :STMicroelectronics USB_DEVICE 3.0.0
2024-01-17 12:16:27,096 [INFO] ThirdParty:1030 - CMSIS Pack Vendor :STMicroelectronics X-CUBE-AZRTOS-WB 2.0.0
2024-01-17 12:16:27,096 [INFO] ThirdParty:1030 - CMSIS Pack Vendor :STMicroelectronics X-CUBE-TOUCHGFX 4.23.0
2024-01-17 12:16:27,096 [INFO] ThirdParty:1030 - CMSIS Pack Vendor :STMicroelectronics X-CUBE-AZRTOS-F7 1.1.0
2024-01-17 12:16:27,096 [INFO] ThirdParty:1030 - CMSIS Pack Vendor :STMicroelectronics X-CUBE-AZRTOS-L5 2.0.0
2024-01-17 12:16:27,096 [INFO] ThirdParty:1030 - CMSIS Pack Vendor :STMicroelectronics USB_DEVICE 2.0.0
2024-01-17 12:16:27,096 [INFO] ThirdParty:1030 - CMSIS Pack Vendor :STMicroelectronics X-CUBE-EEPRMA1 4.2.0
2024-01-17 12:16:27,096 [INFO] ThirdParty:1030 - CMSIS Pack Vendor :ITTIA_DB I-CUBE-ITTIADB 8.8.0
2024-01-17 12:16:27,096 [INFO] ThirdParty:1030 - CMSIS Pack Vendor :STMicroelectronics FP-SNS-MOTENV1 4.3.2
2024-01-17 12:16:27,096 [INFO] ThirdParty:1030 - CMSIS Pack Vendor :STMicroelectronics X-CUBE-ALGOBUILD 1.3.0
2024-01-17 12:16:27,096 [INFO] ThirdParty:1030 - CMSIS Pack Vendor :STMicroelectronics FreeRTOS 0.0.1
2024-01-17 12:16:27,096 [INFO] ThirdParty:1030 - CMSIS Pack Vendor :STMicroelectronics X-CUBE-AZRTOS-G0 1.1.0
2024-01-17 12:16:27,096 [INFO] ThirdParty:1030 - CMSIS Pack Vendor :STMicroelectronics X-CUBE-NFC4 3.0.0
2024-01-17 12:16:27,096 [INFO] ThirdParty:1030 - CMSIS Pack Vendor :STMicroelectronics X-CUBE-SUBG2 5.0.0
2024-01-17 12:16:27,096 [INFO] ThirdParty:1030 - CMSIS Pack Vendor :STMicroelectronics STM32_WPAN 1.0.0
2024-01-17 12:16:27,096 [INFO] ThirdParty:1030 - CMSIS Pack Vendor :STMicroelectronics lwIP 2.0.3
2024-01-17 12:16:27,096 [INFO] ThirdParty:1030 - CMSIS Pack Vendor :STMicroelectronics FP-SNS-FLIGHT1 5.0.2
2024-01-17 12:16:27,096 [INFO] ThirdParty:1030 - CMSIS Pack Vendor :STMicroelectronics USB_HOST 1.0.0
2024-01-17 12:16:27,096 [INFO] ThirdParty:1030 - CMSIS Pack Vendor :STMicroelectronics X-CUBE-AZRTOS-G4 2.0.0
2024-01-17 12:16:27,096 [INFO] ThirdParty:1030 - CMSIS Pack Vendor :STMicroelectronics PDM2PCM 3.1.0
2024-01-17 12:16:27,096 [INFO] ThirdParty:1030 - CMSIS Pack Vendor :STMicroelectronics X-CUBE-AZRTOS-H7 3.1.0
2024-01-17 12:16:27,096 [INFO] ThirdParty:1030 - CMSIS Pack Vendor :Infineon AIROC-Wi-Fi-Bluetooth-STM32 1.5.1
2024-01-17 12:16:27,096 [INFO] ThirdParty:1030 - CMSIS Pack Vendor :STMicroelectronics X-CUBE-BLEMGR 3.0.0
2024-01-17 12:16:27,096 [INFO] ThirdParty:1030 - CMSIS Pack Vendor :STMicroelectronics PDM2PCM 3.3.0
2024-01-17 12:16:27,097 [INFO] ThirdParty:1030 - CMSIS Pack Vendor :STMicroelectronics X-CUBE-DISPLAY 3.0.0
2024-01-17 12:16:27,097 [INFO] ThirdParty:1030 - CMSIS Pack Vendor :STMicroelectronics FP-SNS-MOTENVWB1 1.3.1
2024-01-17 12:16:27,097 [INFO] ThirdParty:1030 - CMSIS Pack Vendor :STMicroelectronics X-CUBE-BLE1 7.0.0
2024-01-17 12:16:27,097 [INFO] ThirdParty:1030 - CMSIS Pack Vendor :STMicroelectronics FP-ATR-SIGFOX1 3.2.0
2024-01-17 12:16:27,097 [INFO] ThirdParty:1030 - CMSIS Pack Vendor :STMicroelectronics X-CUBE-ISPU 2.0.0
2024-01-17 12:16:27,097 [INFO] ThirdParty:1030 - CMSIS Pack Vendor :STMicroelectronics HAL Drivers 0.0.0
2024-01-17 12:16:27,097 [INFO] ThirdParty:1030 - CMSIS Pack Vendor :STMicroelectronics MBEDTLS 2.16.2
2024-01-17 12:16:27,097 [INFO] ThirdParty:1030 - CMSIS Pack Vendor :emotas I-CUBE-CANOPEN 1.3.0
2024-01-17 12:16:27,097 [INFO] ThirdParty:1030 - CMSIS Pack Vendor :STMicroelectronics X-CUBE-MEMS1 10.0.0
2024-01-17 12:16:27,097 [INFO] ThirdParty:1030 - CMSIS Pack Vendor :STMicroelectronics X-CUBE-FREERTOS 1.1.0
2024-01-17 12:16:27,097 [INFO] ThirdParty:1030 - CMSIS Pack Vendor :STMicroelectronics X-CUBE-NFC7 1.0.1
2024-01-17 12:16:27,097 [INFO] ThirdParty:1030 - CMSIS Pack Vendor :STMicroelectronics MBEDTLS 2.14.1
2024-01-17 12:16:27,097 [INFO] ThirdParty:1030 - CMSIS Pack Vendor :STMicroelectronics X-CUBE-TOUCHGFX 4.22.1
2024-01-17 12:16:27,097 [INFO] ThirdParty:1030 - CMSIS Pack Vendor :STMicroelectronics X-CUBE-NFC6 3.0.0
2024-01-17 12:16:27,097 [INFO] ThirdParty:1030 - CMSIS Pack Vendor :portGmbH I-Cube-SoM-uGOAL 1.1.0
2024-01-17 12:16:27,097 [INFO] ThirdParty:1030 - CMSIS Pack Vendor :STMicroelectronics X-CUBE-ALS 1.0.1
2024-01-17 12:16:27,097 [INFO] ThirdParty:1030 - CMSIS Pack Vendor :STMicroelectronics ThreadX 1.0.0
2024-01-17 12:16:27,097 [INFO] ThirdParty:1030 - CMSIS Pack Vendor :STMicroelectronics FP-SNS-SMARTAG2 1.2.0
2024-01-17 12:16:27,097 [INFO] ThirdParty:1030 - CMSIS Pack Vendor :STMicroelectronics X-CUBE-AZRTOS-WL 2.0.0
2024-01-17 12:16:27,097 [INFO] ThirdParty:1030 - CMSIS Pack Vendor :STMicroelectronics USB_DEVICE 1.0.0
2024-01-17 12:16:27,097 [INFO] ThirdParty:1030 - CMSIS Pack Vendor :STMicroelectronics X-CUBE-AI 8.1.0
2024-01-17 12:16:27,097 [INFO] ThirdParty:1030 - CMSIS Pack Vendor :STMicroelectronics X-CUBE-AZRTOS-L4 2.0.0
2024-01-17 12:16:27,097 [INFO] ThirdParty:1030 - CMSIS Pack Vendor :STMicroelectronics ThreadX 0.0.2
2024-01-17 12:16:27,097 [INFO] ThirdParty:1030 - CMSIS Pack Vendor :WES I-CUBE-Cesium 1.3.0
2024-01-17 12:16:27,097 [INFO] ThirdParty:1030 - CMSIS Pack Vendor :STMicroelectronics FP-ATR-ASTRA1 2.0.0
2024-01-17 12:16:27,097 [INFO] ThirdParty:1030 - CMSIS Pack Vendor :STMicroelectronics lwIP 2.1.2
2024-01-17 12:16:27,097 [INFO] ThirdParty:1030 - CMSIS Pack Vendor :STMicroelectronics X-CUBE-SFXS2LP1 4.0.0
2024-01-17 12:16:27,097 [INFO] ThirdParty:1030 - CMSIS Pack Vendor :STMicroelectronics X-CUBE-BLE2 3.3.0
2024-01-17 12:16:27,097 [INFO] ThirdParty:1030 - CMSIS Pack Vendor :STMicroelectronics X-CUBE-TOF1 3.4.0
2024-01-17 12:16:27,097 [INFO] ThirdParty:1030 - CMSIS Pack Vendor :STMicroelectronics X-CUBE-AZRTOS-H7 3.2.0
2024-01-17 12:16:27,097 [INFO] ThirdParty:1030 - CMSIS Pack Vendor :STMicroelectronics PDM2PCM 3.2.0
2024-01-17 12:16:27,097 [INFO] ThirdParty:841 - exiting critical section [change project]
2024-01-17 12:16:27,144 [INFO] PinOutPanel:1499 - setPackage(No Configuration,No Configuration)
2024-01-17 12:16:27,145 [INFO] PinOutPanel:1499 - setPackage(STM32F042F4Px,TSSOP20)
2024-01-17 12:16:27,854 [INFO] UtilMem:75 - Before build in PCC Used Memory: 520127312 Bytes (968884224)
2024-01-17 12:16:27,954 [INFO] UtilMem:75 - After build in PCC Used Memory: 562070352 Bytes (968884224)
2024-01-17 12:16:27,965 [INFO] IPUIPlugin:80 - create IPUIPlugin
2024-01-17 12:16:27,965 [INFO] IPUIPlugin:80 - create IPUIPlugin
2024-01-17 12:16:27,965 [INFO] IPUIPlugin:80 - create IPUIPlugin
2024-01-17 12:16:27,965 [INFO] IPUIPlugin:80 - create IPUIPlugin
2024-01-17 12:16:27,966 [INFO] IPUIPlugin:80 - create IPUIPlugin
2024-01-17 12:16:27,966 [INFO] IPUIPlugin:80 - create IPUIPlugin
2024-01-17 12:16:27,966 [INFO] IPUIPlugin:80 - create IPUIPlugin
2024-01-17 12:16:27,966 [INFO] IPUIPlugin:80 - create IPUIPlugin
2024-01-17 12:16:27,966 [INFO] IPUIPlugin:80 - create IPUIPlugin
2024-01-17 12:16:27,966 [INFO] IPUIPlugin:80 - create IPUIPlugin
2024-01-17 12:16:27,966 [INFO] IPUIPlugin:80 - create IPUIPlugin
2024-01-17 12:16:27,966 [INFO] IPUIPlugin:80 - create IPUIPlugin
2024-01-17 12:16:27,966 [INFO] IPUIPlugin:80 - create IPUIPlugin
2024-01-17 12:16:27,966 [INFO] IPUIPlugin:80 - create IPUIPlugin
2024-01-17 12:16:27,966 [INFO] IPUIPlugin:80 - create IPUIPlugin
2024-01-17 12:16:27,966 [INFO] IPUIPlugin:80 - create IPUIPlugin
2024-01-17 12:16:27,966 [INFO] IPUIPlugin:80 - create IPUIPlugin
2024-01-17 12:16:27,966 [INFO] IPUIPlugin:80 - create IPUIPlugin
2024-01-17 12:16:27,966 [INFO] IPUIPlugin:80 - create IPUIPlugin
2024-01-17 12:16:27,966 [INFO] IPUIPlugin:80 - create IPUIPlugin
2024-01-17 12:16:27,966 [INFO] IPUIPlugin:80 - create IPUIPlugin
2024-01-17 12:16:27,966 [INFO] IPUIPlugin:80 - create IPUIPlugin
2024-01-17 12:16:27,967 [INFO] IPUIPlugin:80 - create IPUIPlugin
2024-01-17 12:16:27,967 [INFO] IPUIPlugin:80 - create IPUIPlugin
2024-01-17 12:16:27,967 [INFO] IPUIPlugin:80 - create IPUIPlugin
2024-01-17 12:16:27,967 [INFO] IPUIPlugin:80 - create IPUIPlugin
2024-01-17 12:16:27,967 [INFO] IPUIPlugin:80 - create IPUIPlugin
2024-01-17 12:16:27,968 [INFO] IPUIPlugin:80 - create IPUIPlugin
2024-01-17 12:16:27,968 [INFO] IPUIPlugin:80 - create IPUIPlugin
2024-01-17 12:16:27,968 [INFO] IPUIPlugin:80 - create IPUIPlugin
2024-01-17 12:16:27,993 [INFO] CADModel:165 - CPN selected for project levelSTM32F042F4P6
2024-01-17 12:16:27,994 [INFO] CADModel:114 - Register for checkConnection events
2024-01-17 12:16:28,065 [INFO] OpenFileManager:343 - Restore cursor
2024-01-17 12:18:07,672 [INFO] MainUpdater:2873 - connection check result : 10
2024-01-17 12:18:07,672 [INFO] MainUpdater:2873 - connection check result : 10
2024-01-17 12:18:07,681 [INFO] MicroXplorer:468 - Change Database Path : 
2024-01-17 12:18:07,681 [INFO] MicroXplorer:498 - Change Database Version : DB.6.0.100
2024-01-17 12:18:07,686 [ERROR] ProjectManagerView:394 - 
java.lang.NullPointerException: Cannot invoke "javax.swing.JTextField.getText()" because the return value of "java.util.List.get(int)" is null
	at com.st.microxplorer.plugins.projectmanager.gui.ProjectChoiceTab$10.caretUpdate(ProjectChoiceTab.java:2493) ~[filemanager.jar:?]
	at javax.swing.text.JTextComponent.fireCaretUpdate(JTextComponent.java:412) ~[?:?]
	at javax.swing.text.JTextComponent$MutableCaretEvent.fire(JTextComponent.java:4491) ~[?:?]
	at javax.swing.text.JTextComponent$MutableCaretEvent.stateChanged(JTextComponent.java:4513) ~[?:?]
	at javax.swing.text.DefaultCaret.fireStateChanged(DefaultCaret.java:842) ~[?:?]
	at javax.swing.text.DefaultCaret.changeCaretPosition(DefaultCaret.java:1313) ~[?:?]
	at javax.swing.text.DefaultCaret.handleSetDot(DefaultCaret.java:1212) ~[?:?]
	at javax.swing.text.DefaultCaret.setDot(DefaultCaret.java:1193) ~[?:?]
	at javax.swing.text.DefaultCaret$Handler.insertUpdate(DefaultCaret.java:1789) ~[?:?]
	at javax.swing.text.AbstractDocument.fireInsertUpdate(AbstractDocument.java:226) ~[?:?]
	at javax.swing.text.AbstractDocument.handleInsertString(AbstractDocument.java:780) ~[?:?]
	at javax.swing.text.AbstractDocument.insertString(AbstractDocument.java:739) ~[?:?]
	at javax.swing.text.PlainDocument.insertString(PlainDocument.java:131) ~[?:?]
	at javax.swing.text.AbstractDocument.replace(AbstractDocument.java:698) ~[?:?]
	at javax.swing.text.JTextComponent.setText(JTextComponent.java:1729) ~[?:?]
	at com.st.microxplorer.plugins.projectmanager.gui.ProjectChoiceTab.createHeapStackFields(ProjectChoiceTab.java:933) ~[filemanager.jar:?]
	at com.st.microxplorer.plugins.projectmanager.gui.ProjectChoiceTab.buildLinkSettingsPanel(ProjectChoiceTab.java:3426) ~[filemanager.jar:?]
	at com.st.microxplorer.plugins.projectmanager.gui.ProjectChoiceTab.defineWindowsFields(ProjectChoiceTab.java:1813) ~[filemanager.jar:?]
	at com.st.microxplorer.plugins.projectmanager.gui.ProjectChoiceTab.updateSettings(ProjectChoiceTab.java:533) ~[filemanager.jar:?]
	at com.st.microxplorer.plugins.projectmanager.gui.ProjectSettingsPanel.UpdateDialog(ProjectSettingsPanel.java:244) ~[filemanager.jar:?]
	at com.st.microxplorer.plugins.projectmanager.ProjectManagerView.propertyChange(ProjectManagerView.java:391) ~[filemanager.jar:?]
	at java.beans.PropertyChangeSupport.fire(PropertyChangeSupport.java:343) ~[?:?]
	at java.beans.PropertyChangeSupport.firePropertyChange(PropertyChangeSupport.java:335) ~[?:?]
	at java.beans.PropertyChangeSupport.firePropertyChange(PropertyChangeSupport.java:268) ~[?:?]
	at com.st.microxplorer.util.MXPropertyChangeSupport.firePropertyChange(MXPropertyChangeSupport.java:54) ~[STM32CubeMX.jar:?]
	at com.st.microxplorer.mxsystem.MxSystem.closeConfig(MxSystem.java:900) ~[STM32CubeMX.jar:?]
	at com.st.microxplorer.maingui.MainPanel.closeConfig(MainPanel.java:776) ~[STM32CubeMX.jar:?]
	at com.st.microxplorer.plugins.filemanager.engine.OpenFileManager.loadConfigurationFile(OpenFileManager.java:245) ~[filemanager.jar:?]
	at com.st.microxplorer.plugins.filemanager.engine.MainFileManager.userLoadConfig(MainFileManager.java:290) ~[filemanager.jar:?]
	at com.st.microxplorer.plugins.filemanager.FileManagerView.getSpecificTask(FileManagerView.java:247) ~[filemanager.jar:?]
	at com.st.stm32cube.common.mx.editor.CubeMxEditor.getMxTabbedPaneInstance(CubeMxEditor.java:1184) ~[com.st.stm32cube.common.mx_6.10.0.202311202037/:?]
	at com.st.stm32cube.common.mx.editor.CubeMxEditor$12$1.createSwingComponent(CubeMxEditor.java:1065) ~[com.st.stm32cube.common.mx_6.10.0.202311202037/:?]
	at com.st.stm32cube.common.mx.oss.core.awtswtbridge.EmbeddedSwingComposite.doComponentCreation(EmbeddedSwingComposite.java:492) ~[com.st.stm32cube.common.mx.oss_6.10.0.202311202037/:?]
	at com.st.stm32cube.common.mx.oss.core.awtswtbridge.EmbeddedSwingComposite$4.run(EmbeddedSwingComposite.java:291) ~[com.st.stm32cube.common.mx.oss_6.10.0.202311202037/:?]
	at com.st.stm32cube.common.mx.oss.core.awtswtbridge.AwtEnvironment$2.run(AwtEnvironment.java:166) ~[com.st.stm32cube.common.mx.oss_6.10.0.202311202037/:?]
	at java.awt.event.InvocationEvent.dispatch(InvocationEvent.java:318) ~[?:?]
	at java.awt.EventQueue.dispatchEventImpl(EventQueue.java:773) ~[?:?]
	at java.awt.EventQueue$4.run(EventQueue.java:720) ~[?:?]
	at java.awt.EventQueue$4.run(EventQueue.java:714) ~[?:?]
	at java.security.AccessController.doPrivileged(AccessController.java:399) ~[?:?]
	at java.security.ProtectionDomain$JavaSecurityAccessImpl.doIntersectionPrivilege(ProtectionDomain.java:86) ~[?:?]
	at java.awt.EventQueue.dispatchEvent(EventQueue.java:742) ~[?:?]
	at java.awt.EventDispatchThread.pumpOneEventForFilters(EventDispatchThread.java:203) ~[?:?]
	at java.awt.EventDispatchThread.pumpEventsForFilter(EventDispatchThread.java:124) ~[?:?]
	at java.awt.EventDispatchThread.pumpEventsForHierarchy(EventDispatchThread.java:113) ~[?:?]
	at java.awt.EventDispatchThread.pumpEvents(EventDispatchThread.java:109) ~[?:?]
	at java.awt.EventDispatchThread.pumpEvents(EventDispatchThread.java:101) ~[?:?]
	at java.awt.EventDispatchThread.run(EventDispatchThread.java:90) ~[?:?]
2024-01-17 12:18:07,688 [WARN] ThirdParty:871 - waiting for thirdparty lock release [close project]
2024-01-17 12:18:07,688 [INFO] ThirdParty:873 - entering critical section [close project]
2024-01-17 12:18:07,688 [INFO] ThirdParty:883 - exiting critical section [close project]
2024-01-17 12:18:07,689 [INFO] PinOutPanel:1499 - setPackage(No Configuration,No Configuration)
2024-01-17 12:18:07,690 [INFO] UtilMem:75 - Begin LoadConfig() Used Memory: 344357088 Bytes (968884224)
2024-01-17 12:18:07,691 [INFO] MicroXplorer:468 - Change Database Path : 
2024-01-17 12:18:07,691 [INFO] MicroXplorer:498 - Change Database Version : DB.6.0.100
2024-01-17 12:18:07,691 [INFO] OpenFileManager:312 - Change cursor
2024-01-17 12:18:07,694 [INFO] Mcu:2016 - Initializing MCU STM32F042F4Px STM32F042F4Px STM32F042F4P6
2024-01-17 12:18:08,178 [INFO] Context:659 - Trying to add GPIOservice into a context  which must be forbidden
2024-01-17 12:18:08,283 [INFO] RtosManager:555 - Registered RTOS mode: class=CMSIS, group=RTOS, mode=CMSIS_V1, owner=FREERTOS
2024-01-17 12:18:08,283 [INFO] RtosManager:555 - Registered RTOS mode: class=CMSIS, group=RTOS2, mode=CMSIS_V2, owner=FREERTOS
2024-01-17 12:18:08,283 [INFO] RtosManager:555 - Registered RTOS mode: class=RTOS, group=Core, mode=CMSIS_V1, owner=FREERTOS
2024-01-17 12:18:08,283 [INFO] RtosManager:555 - Registered RTOS mode: class=RTOS, group=Core, mode=CMSIS_V2, owner=FREERTOS
2024-01-17 12:18:08,283 [WARN] ModelIntegratedComponent:184 - Missing modes for component STMicroelectronics:FreeRTOS:0.0.1:STMicroelectronics:RTOS:FreeRTOS:Core:::10.2.0:
2024-01-17 12:18:08,288 [WARN] ModelIntegratedComponent:63 - No mode defined for component null
2024-01-17 12:18:08,289 [WARN] ModelIntegratedComponent:63 - No mode defined for component null
2024-01-17 12:18:08,289 [WARN] ModelIntegratedComponent:63 - No mode defined for component null
2024-01-17 12:18:08,289 [WARN] ModelIntegratedComponent:63 - No mode defined for component null
2024-01-17 12:18:08,289 [WARN] ModelIntegratedComponent:63 - No mode defined for component null
2024-01-17 12:18:08,289 [WARN] ModelIntegratedComponent:63 - No mode defined for component null
2024-01-17 12:18:08,289 [WARN] ModelIntegratedComponent:63 - No mode defined for component null
2024-01-17 12:18:08,289 [WARN] ModelIntegratedComponent:63 - No mode defined for component null
2024-01-17 12:18:08,289 [WARN] ModelIntegratedComponent:63 - No mode defined for component null
2024-01-17 12:18:08,289 [WARN] ModelIntegratedComponent:63 - No mode defined for component null
2024-01-17 12:18:08,289 [WARN] ModelIntegratedComponent:63 - No mode defined for component null
2024-01-17 12:18:08,289 [WARN] ModelIntegratedComponent:63 - No mode defined for component null
2024-01-17 12:18:08,289 [WARN] ModelIntegratedComponent:63 - No mode defined for component null
2024-01-17 12:18:08,289 [WARN] ModelIntegratedComponent:63 - No mode defined for component null
2024-01-17 12:18:08,289 [WARN] ModelIntegratedComponent:63 - No mode defined for component null
2024-01-17 12:18:08,289 [WARN] ModelIntegratedComponent:63 - No mode defined for component null
2024-01-17 12:18:08,289 [WARN] ModelIntegratedComponent:63 - No mode defined for component null
2024-01-17 12:18:08,289 [WARN] ModelIntegratedComponent:63 - No mode defined for component null
2024-01-17 12:18:08,289 [WARN] ModelIntegratedComponent:63 - No mode defined for component null
2024-01-17 12:18:08,289 [WARN] ModelIntegratedComponent:63 - No mode defined for component null
2024-01-17 12:18:08,289 [WARN] ModelIntegratedComponent:63 - No mode defined for component null
2024-01-17 12:18:08,289 [WARN] ModelIntegratedComponent:63 - No mode defined for component null
2024-01-17 12:18:08,289 [WARN] ModelIntegratedComponent:63 - No mode defined for component null
2024-01-17 12:18:08,289 [WARN] ModelIntegratedComponent:63 - No mode defined for component null
2024-01-17 12:18:08,289 [WARN] ModelIntegratedComponent:63 - No mode defined for component null
2024-01-17 12:18:08,289 [WARN] ModelIntegratedComponent:63 - No mode defined for component null
2024-01-17 12:18:08,289 [WARN] ModelIntegratedComponent:63 - No mode defined for component null
2024-01-17 12:18:08,289 [WARN] ModelIntegratedComponent:63 - No mode defined for component null
2024-01-17 12:18:08,289 [WARN] ModelIntegratedComponent:63 - No mode defined for component null
2024-01-17 12:18:08,289 [WARN] ModelIntegratedComponent:63 - No mode defined for component null
2024-01-17 12:18:08,289 [WARN] ModelIntegratedComponent:63 - No mode defined for component null
2024-01-17 12:18:08,289 [WARN] ModelIntegratedComponent:63 - No mode defined for component null
2024-01-17 12:18:08,289 [WARN] ModelIntegratedComponent:63 - No mode defined for component null
2024-01-17 12:18:08,397 [INFO] ThirdPartyModel:298 - Start build external matchings
2024-01-17 12:18:08,560 [INFO] ThirdPartyModel:316 - End build external matchings
2024-01-17 12:18:08,563 [INFO] ImportTextPane:194 - (OptionalMessage_ERROR) IP (DMA) : Parameter (Instance) has Id (ADC) currently not set
2024-01-17 12:18:08,563 [INFO] ImportTextPane:194 - (OptionalMessage_ERROR) IP (DMA) : Parameter (Direction) has Id (ADC) currently not set
2024-01-17 12:18:08,563 [INFO] ImportTextPane:194 - (OptionalMessage_ERROR) IP (DMA) : Parameter (PeriphInc) has Id (ADC) currently not set
2024-01-17 12:18:08,563 [INFO] ImportTextPane:194 - (OptionalMessage_ERROR) IP (DMA) : Parameter (MemInc) has Id (ADC) currently not set
2024-01-17 12:18:08,563 [INFO] ImportTextPane:194 - (OptionalMessage_ERROR) IP (DMA) : Parameter (PeriphDataAlignment) has Id (ADC) currently not set
2024-01-17 12:18:08,563 [INFO] ImportTextPane:194 - (OptionalMessage_ERROR) IP (DMA) : Parameter (MemDataAlignment) has Id (ADC) currently not set
2024-01-17 12:18:08,563 [INFO] ImportTextPane:194 - (OptionalMessage_ERROR) IP (DMA) : Parameter (Mode) has Id (ADC) currently not set
2024-01-17 12:18:08,563 [INFO] ImportTextPane:194 - (OptionalMessage_ERROR) IP (DMA) : Parameter (Priority) has Id (ADC) currently not set
2024-01-17 12:18:08,563 [INFO] ImportTextPane:194 - (OptionalMessage_ERROR) IP (RCC) : Invalid parameter (FamilyName)
2024-01-17 12:18:08,563 [INFO] ImportTextPane:194 - (OptionalMessage_ERROR) IP (RCC) : Invalid parameter (HSICECFreq_Value)
2024-01-17 12:18:08,702 [INFO] UtilMem:75 - End LoadConfig() Used Memory: 424900832 Bytes (968884224)
2024-01-17 12:18:08,779 [INFO] MicroXplorer:468 - Change Database Path : 
2024-01-17 12:18:08,779 [INFO] MicroXplorer:498 - Change Database Version : DB.6.0.100
2024-01-17 12:18:08,779 [WARN] ThirdParty:833 - waiting for thirdparty lock release [change project]
2024-01-17 12:18:08,779 [INFO] ThirdParty:835 - entering critical section [change project]
2024-01-17 12:18:08,779 [INFO] ThirdParty:1030 - CMSIS Pack Vendor :STMicroelectronics X-CUBE-ISPU 1.1.0
2024-01-17 12:18:08,779 [INFO] ThirdParty:1030 - CMSIS Pack Vendor :STMicroelectronics USBPD 4.1
2024-01-17 12:18:08,779 [INFO] ThirdParty:1030 - CMSIS Pack Vendor :STMicroelectronics X-CUBE-GNSS1 6.0.0
2024-01-17 12:18:08,779 [INFO] ThirdParty:1030 - CMSIS Pack Vendor :STMicroelectronics USB_HOST 2.0.0
2024-01-17 12:18:08,779 [INFO] ThirdParty:1030 - CMSIS Pack Vendor :STMicroelectronics X-CUBE-AZRTOS-F4 1.1.0
2024-01-17 12:18:08,779 [INFO] ThirdParty:1030 - CMSIS Pack Vendor :STMicroelectronics LIBJPEG 8.0.0
2024-01-17 12:18:08,779 [INFO] ThirdParty:1030 - CMSIS Pack Vendor :wolfSSL I-CUBE-wolfSSL 5.6.4
2024-01-17 12:18:08,779 [INFO] ThirdParty:1030 - CMSIS Pack Vendor :STMicroelectronics X-CUBE-SMBUS 2.1.0
2024-01-17 12:18:08,779 [INFO] ThirdParty:1030 - CMSIS Pack Vendor :STMicroelectronics USB_DEVICE 3.0.0
2024-01-17 12:18:08,779 [INFO] ThirdParty:1030 - CMSIS Pack Vendor :STMicroelectronics X-CUBE-AZRTOS-WB 2.0.0
2024-01-17 12:18:08,779 [INFO] ThirdParty:1030 - CMSIS Pack Vendor :STMicroelectronics X-CUBE-TOUCHGFX 4.23.0
2024-01-17 12:18:08,779 [INFO] ThirdParty:1030 - CMSIS Pack Vendor :STMicroelectronics X-CUBE-AZRTOS-F7 1.1.0
2024-01-17 12:18:08,779 [INFO] ThirdParty:1030 - CMSIS Pack Vendor :STMicroelectronics X-CUBE-AZRTOS-L5 2.0.0
2024-01-17 12:18:08,779 [INFO] ThirdParty:1030 - CMSIS Pack Vendor :STMicroelectronics USB_DEVICE 2.0.0
2024-01-17 12:18:08,779 [INFO] ThirdParty:1030 - CMSIS Pack Vendor :STMicroelectronics X-CUBE-EEPRMA1 4.2.0
2024-01-17 12:18:08,779 [INFO] ThirdParty:1030 - CMSIS Pack Vendor :ITTIA_DB I-CUBE-ITTIADB 8.8.0
2024-01-17 12:18:08,779 [INFO] ThirdParty:1030 - CMSIS Pack Vendor :STMicroelectronics FP-SNS-MOTENV1 4.3.2
2024-01-17 12:18:08,779 [INFO] ThirdParty:1030 - CMSIS Pack Vendor :STMicroelectronics X-CUBE-ALGOBUILD 1.3.0
2024-01-17 12:18:08,779 [INFO] ThirdParty:1030 - CMSIS Pack Vendor :STMicroelectronics FreeRTOS 0.0.1
2024-01-17 12:18:08,779 [INFO] ThirdParty:1030 - CMSIS Pack Vendor :STMicroelectronics X-CUBE-AZRTOS-G0 1.1.0
2024-01-17 12:18:08,779 [INFO] ThirdParty:1030 - CMSIS Pack Vendor :STMicroelectronics X-CUBE-NFC4 3.0.0
2024-01-17 12:18:08,779 [INFO] ThirdParty:1030 - CMSIS Pack Vendor :STMicroelectronics X-CUBE-SUBG2 5.0.0
2024-01-17 12:18:08,779 [INFO] ThirdParty:1030 - CMSIS Pack Vendor :STMicroelectronics STM32_WPAN 1.0.0
2024-01-17 12:18:08,779 [INFO] ThirdParty:1030 - CMSIS Pack Vendor :STMicroelectronics lwIP 2.0.3
2024-01-17 12:18:08,779 [INFO] ThirdParty:1030 - CMSIS Pack Vendor :STMicroelectronics FP-SNS-FLIGHT1 5.0.2
2024-01-17 12:18:08,779 [INFO] ThirdParty:1030 - CMSIS Pack Vendor :STMicroelectronics USB_HOST 1.0.0
2024-01-17 12:18:08,779 [INFO] ThirdParty:1030 - CMSIS Pack Vendor :STMicroelectronics X-CUBE-AZRTOS-G4 2.0.0
2024-01-17 12:18:08,779 [INFO] ThirdParty:1030 - CMSIS Pack Vendor :STMicroelectronics PDM2PCM 3.1.0
2024-01-17 12:18:08,780 [INFO] ThirdParty:1030 - CMSIS Pack Vendor :STMicroelectronics X-CUBE-AZRTOS-H7 3.1.0
2024-01-17 12:18:08,780 [INFO] ThirdParty:1030 - CMSIS Pack Vendor :Infineon AIROC-Wi-Fi-Bluetooth-STM32 1.5.1
2024-01-17 12:18:08,780 [INFO] ThirdParty:1030 - CMSIS Pack Vendor :STMicroelectronics X-CUBE-BLEMGR 3.0.0
2024-01-17 12:18:08,780 [INFO] ThirdParty:1030 - CMSIS Pack Vendor :STMicroelectronics PDM2PCM 3.3.0
2024-01-17 12:18:08,780 [INFO] ThirdParty:1030 - CMSIS Pack Vendor :STMicroelectronics X-CUBE-DISPLAY 3.0.0
2024-01-17 12:18:08,780 [INFO] ThirdParty:1030 - CMSIS Pack Vendor :STMicroelectronics FP-SNS-MOTENVWB1 1.3.1
2024-01-17 12:18:08,780 [INFO] ThirdParty:1030 - CMSIS Pack Vendor :STMicroelectronics X-CUBE-BLE1 7.0.0
2024-01-17 12:18:08,780 [INFO] ThirdParty:1030 - CMSIS Pack Vendor :STMicroelectronics FP-ATR-SIGFOX1 3.2.0
2024-01-17 12:18:08,780 [INFO] ThirdParty:1030 - CMSIS Pack Vendor :STMicroelectronics X-CUBE-ISPU 2.0.0
2024-01-17 12:18:08,780 [INFO] ThirdParty:1030 - CMSIS Pack Vendor :STMicroelectronics HAL Drivers 0.0.0
2024-01-17 12:18:08,780 [INFO] ThirdParty:1030 - CMSIS Pack Vendor :STMicroelectronics MBEDTLS 2.16.2
2024-01-17 12:18:08,780 [INFO] ThirdParty:1030 - CMSIS Pack Vendor :emotas I-CUBE-CANOPEN 1.3.0
2024-01-17 12:18:08,780 [INFO] ThirdParty:1030 - CMSIS Pack Vendor :STMicroelectronics X-CUBE-MEMS1 10.0.0
2024-01-17 12:18:08,780 [INFO] ThirdParty:1030 - CMSIS Pack Vendor :STMicroelectronics X-CUBE-FREERTOS 1.1.0
2024-01-17 12:18:08,780 [INFO] ThirdParty:1030 - CMSIS Pack Vendor :STMicroelectronics X-CUBE-NFC7 1.0.1
2024-01-17 12:18:08,780 [INFO] ThirdParty:1030 - CMSIS Pack Vendor :STMicroelectronics MBEDTLS 2.14.1
2024-01-17 12:18:08,780 [INFO] ThirdParty:1030 - CMSIS Pack Vendor :STMicroelectronics X-CUBE-TOUCHGFX 4.22.1
2024-01-17 12:18:08,780 [INFO] ThirdParty:1030 - CMSIS Pack Vendor :STMicroelectronics X-CUBE-NFC6 3.0.0
2024-01-17 12:18:08,780 [INFO] ThirdParty:1030 - CMSIS Pack Vendor :portGmbH I-Cube-SoM-uGOAL 1.1.0
2024-01-17 12:18:08,780 [INFO] ThirdParty:1030 - CMSIS Pack Vendor :STMicroelectronics X-CUBE-ALS 1.0.1
2024-01-17 12:18:08,780 [INFO] ThirdParty:1030 - CMSIS Pack Vendor :STMicroelectronics ThreadX 1.0.0
2024-01-17 12:18:08,780 [INFO] ThirdParty:1030 - CMSIS Pack Vendor :STMicroelectronics FP-SNS-SMARTAG2 1.2.0
2024-01-17 12:18:08,780 [INFO] ThirdParty:1030 - CMSIS Pack Vendor :STMicroelectronics X-CUBE-AZRTOS-WL 2.0.0
2024-01-17 12:18:08,780 [INFO] ThirdParty:1030 - CMSIS Pack Vendor :STMicroelectronics USB_DEVICE 1.0.0
2024-01-17 12:18:08,780 [INFO] ThirdParty:1030 - CMSIS Pack Vendor :STMicroelectronics X-CUBE-AI 8.1.0
2024-01-17 12:18:08,780 [INFO] ThirdParty:1030 - CMSIS Pack Vendor :STMicroelectronics X-CUBE-AZRTOS-L4 2.0.0
2024-01-17 12:18:08,780 [INFO] ThirdParty:1030 - CMSIS Pack Vendor :STMicroelectronics ThreadX 0.0.2
2024-01-17 12:18:08,780 [INFO] ThirdParty:1030 - CMSIS Pack Vendor :WES I-CUBE-Cesium 1.3.0
2024-01-17 12:18:08,780 [INFO] ThirdParty:1030 - CMSIS Pack Vendor :STMicroelectronics FP-ATR-ASTRA1 2.0.0
2024-01-17 12:18:08,780 [INFO] ThirdParty:1030 - CMSIS Pack Vendor :STMicroelectronics lwIP 2.1.2
2024-01-17 12:18:08,780 [INFO] ThirdParty:1030 - CMSIS Pack Vendor :STMicroelectronics X-CUBE-SFXS2LP1 4.0.0
2024-01-17 12:18:08,780 [INFO] ThirdParty:1030 - CMSIS Pack Vendor :STMicroelectronics X-CUBE-BLE2 3.3.0
2024-01-17 12:18:08,780 [INFO] ThirdParty:1030 - CMSIS Pack Vendor :STMicroelectronics X-CUBE-TOF1 3.4.0
2024-01-17 12:18:08,780 [INFO] ThirdParty:1030 - CMSIS Pack Vendor :STMicroelectronics X-CUBE-AZRTOS-H7 3.2.0
2024-01-17 12:18:08,780 [INFO] ThirdParty:1030 - CMSIS Pack Vendor :STMicroelectronics PDM2PCM 3.2.0
2024-01-17 12:18:08,780 [INFO] ThirdParty:841 - exiting critical section [change project]
2024-01-17 12:18:08,827 [INFO] PinOutPanel:1499 - setPackage(No Configuration,No Configuration)
2024-01-17 12:18:08,827 [INFO] PinOutPanel:1499 - setPackage(STM32F042F4Px,TSSOP20)
2024-01-17 12:18:09,444 [INFO] UtilMem:75 - Before build in PCC Used Memory: 556499168 Bytes (968884224)
2024-01-17 12:18:09,538 [INFO] UtilMem:75 - After build in PCC Used Memory: 598964448 Bytes (968884224)
2024-01-17 12:18:09,548 [INFO] IPUIPlugin:80 - create IPUIPlugin
2024-01-17 12:18:09,548 [INFO] IPUIPlugin:80 - create IPUIPlugin
2024-01-17 12:18:09,548 [INFO] IPUIPlugin:80 - create IPUIPlugin
2024-01-17 12:18:09,548 [INFO] IPUIPlugin:80 - create IPUIPlugin
2024-01-17 12:18:09,548 [INFO] IPUIPlugin:80 - create IPUIPlugin
2024-01-17 12:18:09,548 [INFO] IPUIPlugin:80 - create IPUIPlugin
2024-01-17 12:18:09,548 [INFO] IPUIPlugin:80 - create IPUIPlugin
2024-01-17 12:18:09,548 [INFO] IPUIPlugin:80 - create IPUIPlugin
2024-01-17 12:18:09,548 [INFO] IPUIPlugin:80 - create IPUIPlugin
2024-01-17 12:18:09,548 [INFO] IPUIPlugin:80 - create IPUIPlugin
2024-01-17 12:18:09,548 [INFO] IPUIPlugin:80 - create IPUIPlugin
2024-01-17 12:18:09,548 [INFO] IPUIPlugin:80 - create IPUIPlugin
2024-01-17 12:18:09,548 [INFO] IPUIPlugin:80 - create IPUIPlugin
2024-01-17 12:18:09,548 [INFO] IPUIPlugin:80 - create IPUIPlugin
2024-01-17 12:18:09,548 [INFO] IPUIPlugin:80 - create IPUIPlugin
2024-01-17 12:18:09,548 [INFO] IPUIPlugin:80 - create IPUIPlugin
2024-01-17 12:18:09,548 [INFO] IPUIPlugin:80 - create IPUIPlugin
2024-01-17 12:18:09,549 [INFO] IPUIPlugin:80 - create IPUIPlugin
2024-01-17 12:18:09,549 [INFO] IPUIPlugin:80 - create IPUIPlugin
2024-01-17 12:18:09,549 [INFO] IPUIPlugin:80 - create IPUIPlugin
2024-01-17 12:18:09,549 [INFO] IPUIPlugin:80 - create IPUIPlugin
2024-01-17 12:18:09,549 [INFO] IPUIPlugin:80 - create IPUIPlugin
2024-01-17 12:18:09,549 [INFO] IPUIPlugin:80 - create IPUIPlugin
2024-01-17 12:18:09,549 [INFO] IPUIPlugin:80 - create IPUIPlugin
2024-01-17 12:18:09,550 [INFO] IPUIPlugin:80 - create IPUIPlugin
2024-01-17 12:18:09,550 [INFO] IPUIPlugin:80 - create IPUIPlugin
2024-01-17 12:18:09,550 [INFO] IPUIPlugin:80 - create IPUIPlugin
2024-01-17 12:18:09,550 [INFO] IPUIPlugin:80 - create IPUIPlugin
2024-01-17 12:18:09,550 [INFO] IPUIPlugin:80 - create IPUIPlugin
2024-01-17 12:18:09,550 [INFO] IPUIPlugin:80 - create IPUIPlugin
2024-01-17 12:18:09,551 [INFO] Can:71 - Can Add PropertyChangeListener com.st.microxplorer.plugins.ip.can.Can@1646ce3c
2024-01-17 12:18:09,570 [INFO] CADModel:165 - CPN selected for project levelSTM32F042F4P6
2024-01-17 12:18:09,570 [INFO] CADModel:114 - Register for checkConnection events
2024-01-17 12:18:09,642 [INFO] OpenFileManager:343 - Restore cursor
2024-01-17 12:18:24,697 [INFO] Gpio:277 - dependency for GPIO [ADC, CAN, RCC, SYS]
2024-01-17 12:19:20,730 [INFO] MainUpdater:2873 - connection check result : 10
2024-01-17 12:19:20,730 [INFO] MainUpdater:2873 - connection check result : 10
2024-01-17 12:19:20,741 [INFO] MicroXplorer:468 - Change Database Path : 
2024-01-17 12:19:20,741 [INFO] MicroXplorer:498 - Change Database Version : DB.6.0.100
2024-01-17 12:19:20,746 [ERROR] ProjectManagerView:394 - 
java.lang.NullPointerException: Cannot invoke "javax.swing.JTextField.getText()" because the return value of "java.util.List.get(int)" is null
	at com.st.microxplorer.plugins.projectmanager.gui.ProjectChoiceTab$10.caretUpdate(ProjectChoiceTab.java:2493) ~[filemanager.jar:?]
	at javax.swing.text.JTextComponent.fireCaretUpdate(JTextComponent.java:412) ~[?:?]
	at javax.swing.text.JTextComponent$MutableCaretEvent.fire(JTextComponent.java:4491) ~[?:?]
	at javax.swing.text.JTextComponent$MutableCaretEvent.stateChanged(JTextComponent.java:4513) ~[?:?]
	at javax.swing.text.DefaultCaret.fireStateChanged(DefaultCaret.java:842) ~[?:?]
	at javax.swing.text.DefaultCaret.changeCaretPosition(DefaultCaret.java:1313) ~[?:?]
	at javax.swing.text.DefaultCaret.handleSetDot(DefaultCaret.java:1212) ~[?:?]
	at javax.swing.text.DefaultCaret.setDot(DefaultCaret.java:1193) ~[?:?]
	at javax.swing.text.DefaultCaret$Handler.insertUpdate(DefaultCaret.java:1789) ~[?:?]
	at javax.swing.text.AbstractDocument.fireInsertUpdate(AbstractDocument.java:226) ~[?:?]
	at javax.swing.text.AbstractDocument.handleInsertString(AbstractDocument.java:780) ~[?:?]
	at javax.swing.text.AbstractDocument.insertString(AbstractDocument.java:739) ~[?:?]
	at javax.swing.text.PlainDocument.insertString(PlainDocument.java:131) ~[?:?]
	at javax.swing.text.AbstractDocument.replace(AbstractDocument.java:698) ~[?:?]
	at javax.swing.text.JTextComponent.setText(JTextComponent.java:1729) ~[?:?]
	at com.st.microxplorer.plugins.projectmanager.gui.ProjectChoiceTab.createHeapStackFields(ProjectChoiceTab.java:933) ~[filemanager.jar:?]
	at com.st.microxplorer.plugins.projectmanager.gui.ProjectChoiceTab.buildLinkSettingsPanel(ProjectChoiceTab.java:3426) ~[filemanager.jar:?]
	at com.st.microxplorer.plugins.projectmanager.gui.ProjectChoiceTab.defineWindowsFields(ProjectChoiceTab.java:1813) ~[filemanager.jar:?]
	at com.st.microxplorer.plugins.projectmanager.gui.ProjectChoiceTab.updateSettings(ProjectChoiceTab.java:533) ~[filemanager.jar:?]
	at com.st.microxplorer.plugins.projectmanager.gui.ProjectSettingsPanel.UpdateDialog(ProjectSettingsPanel.java:244) ~[filemanager.jar:?]
	at com.st.microxplorer.plugins.projectmanager.ProjectManagerView.propertyChange(ProjectManagerView.java:391) ~[filemanager.jar:?]
	at java.beans.PropertyChangeSupport.fire(PropertyChangeSupport.java:343) ~[?:?]
	at java.beans.PropertyChangeSupport.firePropertyChange(PropertyChangeSupport.java:335) ~[?:?]
	at java.beans.PropertyChangeSupport.firePropertyChange(PropertyChangeSupport.java:268) ~[?:?]
	at com.st.microxplorer.util.MXPropertyChangeSupport.firePropertyChange(MXPropertyChangeSupport.java:54) ~[STM32CubeMX.jar:?]
	at com.st.microxplorer.mxsystem.MxSystem.closeConfig(MxSystem.java:900) ~[STM32CubeMX.jar:?]
	at com.st.microxplorer.maingui.MainPanel.closeConfig(MainPanel.java:776) ~[STM32CubeMX.jar:?]
	at com.st.microxplorer.plugins.filemanager.engine.OpenFileManager.loadConfigurationFile(OpenFileManager.java:245) ~[filemanager.jar:?]
	at com.st.microxplorer.plugins.filemanager.engine.MainFileManager.userLoadConfig(MainFileManager.java:290) ~[filemanager.jar:?]
	at com.st.microxplorer.plugins.filemanager.FileManagerView.getSpecificTask(FileManagerView.java:247) ~[filemanager.jar:?]
	at com.st.stm32cube.common.mx.editor.CubeMxEditor.getMxTabbedPaneInstance(CubeMxEditor.java:1184) ~[com.st.stm32cube.common.mx_6.10.0.202311202037/:?]
	at com.st.stm32cube.common.mx.editor.CubeMxEditor$12$1.createSwingComponent(CubeMxEditor.java:1065) ~[com.st.stm32cube.common.mx_6.10.0.202311202037/:?]
	at com.st.stm32cube.common.mx.oss.core.awtswtbridge.EmbeddedSwingComposite.doComponentCreation(EmbeddedSwingComposite.java:492) ~[com.st.stm32cube.common.mx.oss_6.10.0.202311202037/:?]
	at com.st.stm32cube.common.mx.oss.core.awtswtbridge.EmbeddedSwingComposite$4.run(EmbeddedSwingComposite.java:291) ~[com.st.stm32cube.common.mx.oss_6.10.0.202311202037/:?]
	at com.st.stm32cube.common.mx.oss.core.awtswtbridge.AwtEnvironment$2.run(AwtEnvironment.java:166) ~[com.st.stm32cube.common.mx.oss_6.10.0.202311202037/:?]
	at java.awt.event.InvocationEvent.dispatch(InvocationEvent.java:318) ~[?:?]
	at java.awt.EventQueue.dispatchEventImpl(EventQueue.java:773) ~[?:?]
	at java.awt.EventQueue$4.run(EventQueue.java:720) ~[?:?]
	at java.awt.EventQueue$4.run(EventQueue.java:714) ~[?:?]
	at java.security.AccessController.doPrivileged(AccessController.java:399) ~[?:?]
	at java.security.ProtectionDomain$JavaSecurityAccessImpl.doIntersectionPrivilege(ProtectionDomain.java:86) ~[?:?]
	at java.awt.EventQueue.dispatchEvent(EventQueue.java:742) ~[?:?]
	at java.awt.EventDispatchThread.pumpOneEventForFilters(EventDispatchThread.java:203) ~[?:?]
	at java.awt.EventDispatchThread.pumpEventsForFilter(EventDispatchThread.java:124) ~[?:?]
	at java.awt.EventDispatchThread.pumpEventsForHierarchy(EventDispatchThread.java:113) ~[?:?]
	at java.awt.EventDispatchThread.pumpEvents(EventDispatchThread.java:109) ~[?:?]
	at java.awt.EventDispatchThread.pumpEvents(EventDispatchThread.java:101) ~[?:?]
	at java.awt.EventDispatchThread.run(EventDispatchThread.java:90) ~[?:?]
2024-01-17 12:19:20,746 [WARN] ThirdParty:871 - waiting for thirdparty lock release [close project]
2024-01-17 12:19:20,746 [INFO] ThirdParty:873 - entering critical section [close project]
2024-01-17 12:19:20,746 [INFO] ThirdParty:883 - exiting critical section [close project]
2024-01-17 12:19:20,747 [INFO] PinOutPanel:1499 - setPackage(No Configuration,No Configuration)
2024-01-17 12:19:20,750 [INFO] UtilMem:75 - Begin LoadConfig() Used Memory: 354549904 Bytes (968884224)
2024-01-17 12:19:20,750 [INFO] MicroXplorer:468 - Change Database Path : 
2024-01-17 12:19:20,750 [INFO] MicroXplorer:498 - Change Database Version : DB.6.0.100
2024-01-17 12:19:20,750 [INFO] OpenFileManager:312 - Change cursor
2024-01-17 12:19:20,755 [INFO] Mcu:2016 - Initializing MCU STM32F042F4Px STM32F042F4Px STM32F042F4P6
2024-01-17 12:19:21,183 [INFO] Context:659 - Trying to add GPIOservice into a context  which must be forbidden
2024-01-17 12:19:21,362 [INFO] RtosManager:555 - Registered RTOS mode: class=CMSIS, group=RTOS, mode=CMSIS_V1, owner=FREERTOS
2024-01-17 12:19:21,363 [INFO] RtosManager:555 - Registered RTOS mode: class=CMSIS, group=RTOS2, mode=CMSIS_V2, owner=FREERTOS
2024-01-17 12:19:21,363 [INFO] RtosManager:555 - Registered RTOS mode: class=RTOS, group=Core, mode=CMSIS_V1, owner=FREERTOS
2024-01-17 12:19:21,363 [INFO] RtosManager:555 - Registered RTOS mode: class=RTOS, group=Core, mode=CMSIS_V2, owner=FREERTOS
2024-01-17 12:19:21,363 [WARN] ModelIntegratedComponent:184 - Missing modes for component STMicroelectronics:FreeRTOS:0.0.1:STMicroelectronics:RTOS:FreeRTOS:Core:::10.2.0:
2024-01-17 12:19:21,368 [WARN] ModelIntegratedComponent:63 - No mode defined for component null
2024-01-17 12:19:21,368 [WARN] ModelIntegratedComponent:63 - No mode defined for component null
2024-01-17 12:19:21,368 [WARN] ModelIntegratedComponent:63 - No mode defined for component null
2024-01-17 12:19:21,368 [WARN] ModelIntegratedComponent:63 - No mode defined for component null
2024-01-17 12:19:21,368 [WARN] ModelIntegratedComponent:63 - No mode defined for component null
2024-01-17 12:19:21,368 [WARN] ModelIntegratedComponent:63 - No mode defined for component null
2024-01-17 12:19:21,368 [WARN] ModelIntegratedComponent:63 - No mode defined for component null
2024-01-17 12:19:21,368 [WARN] ModelIntegratedComponent:63 - No mode defined for component null
2024-01-17 12:19:21,368 [WARN] ModelIntegratedComponent:63 - No mode defined for component null
2024-01-17 12:19:21,368 [WARN] ModelIntegratedComponent:63 - No mode defined for component null
2024-01-17 12:19:21,368 [WARN] ModelIntegratedComponent:63 - No mode defined for component null
2024-01-17 12:19:21,368 [WARN] ModelIntegratedComponent:63 - No mode defined for component null
2024-01-17 12:19:21,368 [WARN] ModelIntegratedComponent:63 - No mode defined for component null
2024-01-17 12:19:21,368 [WARN] ModelIntegratedComponent:63 - No mode defined for component null
2024-01-17 12:19:21,368 [WARN] ModelIntegratedComponent:63 - No mode defined for component null
2024-01-17 12:19:21,368 [WARN] ModelIntegratedComponent:63 - No mode defined for component null
2024-01-17 12:19:21,368 [WARN] ModelIntegratedComponent:63 - No mode defined for component null
2024-01-17 12:19:21,368 [WARN] ModelIntegratedComponent:63 - No mode defined for component null
2024-01-17 12:19:21,368 [WARN] ModelIntegratedComponent:63 - No mode defined for component null
2024-01-17 12:19:21,368 [WARN] ModelIntegratedComponent:63 - No mode defined for component null
2024-01-17 12:19:21,368 [WARN] ModelIntegratedComponent:63 - No mode defined for component null
2024-01-17 12:19:21,368 [WARN] ModelIntegratedComponent:63 - No mode defined for component null
2024-01-17 12:19:21,368 [WARN] ModelIntegratedComponent:63 - No mode defined for component null
2024-01-17 12:19:21,368 [WARN] ModelIntegratedComponent:63 - No mode defined for component null
2024-01-17 12:19:21,368 [WARN] ModelIntegratedComponent:63 - No mode defined for component null
2024-01-17 12:19:21,368 [WARN] ModelIntegratedComponent:63 - No mode defined for component null
2024-01-17 12:19:21,368 [WARN] ModelIntegratedComponent:63 - No mode defined for component null
2024-01-17 12:19:21,368 [WARN] ModelIntegratedComponent:63 - No mode defined for component null
2024-01-17 12:19:21,368 [WARN] ModelIntegratedComponent:63 - No mode defined for component null
2024-01-17 12:19:21,368 [WARN] ModelIntegratedComponent:63 - No mode defined for component null
2024-01-17 12:19:21,368 [WARN] ModelIntegratedComponent:63 - No mode defined for component null
2024-01-17 12:19:21,368 [WARN] ModelIntegratedComponent:63 - No mode defined for component null
2024-01-17 12:19:21,368 [WARN] ModelIntegratedComponent:63 - No mode defined for component null
2024-01-17 12:19:21,409 [INFO] ThirdPartyModel:298 - Start build external matchings
2024-01-17 12:19:21,552 [INFO] ThirdPartyModel:316 - End build external matchings
2024-01-17 12:19:21,555 [INFO] ImportTextPane:194 - (OptionalMessage_ERROR) IP (RCC) : Invalid parameter (FamilyName)
2024-01-17 12:19:21,555 [INFO] ImportTextPane:194 - (OptionalMessage_ERROR) IP (RCC) : Invalid parameter (HSICECFreq_Value)
2024-01-17 12:19:21,711 [INFO] UtilMem:75 - End LoadConfig() Used Memory: 555752064 Bytes (968884224)
2024-01-17 12:19:21,780 [INFO] MicroXplorer:468 - Change Database Path : 
2024-01-17 12:19:21,780 [INFO] MicroXplorer:498 - Change Database Version : DB.6.0.100
2024-01-17 12:19:21,780 [WARN] ThirdParty:833 - waiting for thirdparty lock release [change project]
2024-01-17 12:19:21,780 [INFO] ThirdParty:835 - entering critical section [change project]
2024-01-17 12:19:21,780 [INFO] ThirdParty:1030 - CMSIS Pack Vendor :STMicroelectronics X-CUBE-ISPU 1.1.0
2024-01-17 12:19:21,780 [INFO] ThirdParty:1030 - CMSIS Pack Vendor :STMicroelectronics USBPD 4.1
2024-01-17 12:19:21,780 [INFO] ThirdParty:1030 - CMSIS Pack Vendor :STMicroelectronics X-CUBE-GNSS1 6.0.0
2024-01-17 12:19:21,780 [INFO] ThirdParty:1030 - CMSIS Pack Vendor :STMicroelectronics USB_HOST 2.0.0
2024-01-17 12:19:21,780 [INFO] ThirdParty:1030 - CMSIS Pack Vendor :STMicroelectronics X-CUBE-AZRTOS-F4 1.1.0
2024-01-17 12:19:21,780 [INFO] ThirdParty:1030 - CMSIS Pack Vendor :STMicroelectronics LIBJPEG 8.0.0
2024-01-17 12:19:21,780 [INFO] ThirdParty:1030 - CMSIS Pack Vendor :wolfSSL I-CUBE-wolfSSL 5.6.4
2024-01-17 12:19:21,780 [INFO] ThirdParty:1030 - CMSIS Pack Vendor :STMicroelectronics X-CUBE-SMBUS 2.1.0
2024-01-17 12:19:21,780 [INFO] ThirdParty:1030 - CMSIS Pack Vendor :STMicroelectronics USB_DEVICE 3.0.0
2024-01-17 12:19:21,780 [INFO] ThirdParty:1030 - CMSIS Pack Vendor :STMicroelectronics X-CUBE-AZRTOS-WB 2.0.0
2024-01-17 12:19:21,780 [INFO] ThirdParty:1030 - CMSIS Pack Vendor :STMicroelectronics X-CUBE-TOUCHGFX 4.23.0
2024-01-17 12:19:21,780 [INFO] ThirdParty:1030 - CMSIS Pack Vendor :STMicroelectronics X-CUBE-AZRTOS-F7 1.1.0
2024-01-17 12:19:21,780 [INFO] ThirdParty:1030 - CMSIS Pack Vendor :STMicroelectronics X-CUBE-AZRTOS-L5 2.0.0
2024-01-17 12:19:21,780 [INFO] ThirdParty:1030 - CMSIS Pack Vendor :STMicroelectronics USB_DEVICE 2.0.0
2024-01-17 12:19:21,780 [INFO] ThirdParty:1030 - CMSIS Pack Vendor :STMicroelectronics X-CUBE-EEPRMA1 4.2.0
2024-01-17 12:19:21,780 [INFO] ThirdParty:1030 - CMSIS Pack Vendor :ITTIA_DB I-CUBE-ITTIADB 8.8.0
2024-01-17 12:19:21,780 [INFO] ThirdParty:1030 - CMSIS Pack Vendor :STMicroelectronics FP-SNS-MOTENV1 4.3.2
2024-01-17 12:19:21,780 [INFO] ThirdParty:1030 - CMSIS Pack Vendor :STMicroelectronics X-CUBE-ALGOBUILD 1.3.0
2024-01-17 12:19:21,780 [INFO] ThirdParty:1030 - CMSIS Pack Vendor :STMicroelectronics FreeRTOS 0.0.1
2024-01-17 12:19:21,781 [INFO] ThirdParty:1030 - CMSIS Pack Vendor :STMicroelectronics X-CUBE-AZRTOS-G0 1.1.0
2024-01-17 12:19:21,781 [INFO] ThirdParty:1030 - CMSIS Pack Vendor :STMicroelectronics X-CUBE-NFC4 3.0.0
2024-01-17 12:19:21,781 [INFO] ThirdParty:1030 - CMSIS Pack Vendor :STMicroelectronics X-CUBE-SUBG2 5.0.0
2024-01-17 12:19:21,781 [INFO] ThirdParty:1030 - CMSIS Pack Vendor :STMicroelectronics STM32_WPAN 1.0.0
2024-01-17 12:19:21,781 [INFO] ThirdParty:1030 - CMSIS Pack Vendor :STMicroelectronics lwIP 2.0.3
2024-01-17 12:19:21,781 [INFO] ThirdParty:1030 - CMSIS Pack Vendor :STMicroelectronics FP-SNS-FLIGHT1 5.0.2
2024-01-17 12:19:21,781 [INFO] ThirdParty:1030 - CMSIS Pack Vendor :STMicroelectronics USB_HOST 1.0.0
2024-01-17 12:19:21,781 [INFO] ThirdParty:1030 - CMSIS Pack Vendor :STMicroelectronics X-CUBE-AZRTOS-G4 2.0.0
2024-01-17 12:19:21,781 [INFO] ThirdParty:1030 - CMSIS Pack Vendor :STMicroelectronics PDM2PCM 3.1.0
2024-01-17 12:19:21,781 [INFO] ThirdParty:1030 - CMSIS Pack Vendor :STMicroelectronics X-CUBE-AZRTOS-H7 3.1.0
2024-01-17 12:19:21,781 [INFO] ThirdParty:1030 - CMSIS Pack Vendor :Infineon AIROC-Wi-Fi-Bluetooth-STM32 1.5.1
2024-01-17 12:19:21,781 [INFO] ThirdParty:1030 - CMSIS Pack Vendor :STMicroelectronics X-CUBE-BLEMGR 3.0.0
2024-01-17 12:19:21,781 [INFO] ThirdParty:1030 - CMSIS Pack Vendor :STMicroelectronics PDM2PCM 3.3.0
2024-01-17 12:19:21,781 [INFO] ThirdParty:1030 - CMSIS Pack Vendor :STMicroelectronics X-CUBE-DISPLAY 3.0.0
2024-01-17 12:19:21,781 [INFO] ThirdParty:1030 - CMSIS Pack Vendor :STMicroelectronics FP-SNS-MOTENVWB1 1.3.1
2024-01-17 12:19:21,782 [INFO] ThirdParty:1030 - CMSIS Pack Vendor :STMicroelectronics X-CUBE-BLE1 7.0.0
2024-01-17 12:19:21,782 [INFO] ThirdParty:1030 - CMSIS Pack Vendor :STMicroelectronics FP-ATR-SIGFOX1 3.2.0
2024-01-17 12:19:21,782 [INFO] ThirdParty:1030 - CMSIS Pack Vendor :STMicroelectronics X-CUBE-ISPU 2.0.0
2024-01-17 12:19:21,782 [INFO] ThirdParty:1030 - CMSIS Pack Vendor :STMicroelectronics HAL Drivers 0.0.0
2024-01-17 12:19:21,782 [INFO] ThirdParty:1030 - CMSIS Pack Vendor :STMicroelectronics MBEDTLS 2.16.2
2024-01-17 12:19:21,782 [INFO] ThirdParty:1030 - CMSIS Pack Vendor :emotas I-CUBE-CANOPEN 1.3.0
2024-01-17 12:19:21,782 [INFO] ThirdParty:1030 - CMSIS Pack Vendor :STMicroelectronics X-CUBE-MEMS1 10.0.0
2024-01-17 12:19:21,782 [INFO] ThirdParty:1030 - CMSIS Pack Vendor :STMicroelectronics X-CUBE-FREERTOS 1.1.0
2024-01-17 12:19:21,782 [INFO] ThirdParty:1030 - CMSIS Pack Vendor :STMicroelectronics X-CUBE-NFC7 1.0.1
2024-01-17 12:19:21,782 [INFO] ThirdParty:1030 - CMSIS Pack Vendor :STMicroelectronics MBEDTLS 2.14.1
2024-01-17 12:19:21,782 [INFO] ThirdParty:1030 - CMSIS Pack Vendor :STMicroelectronics X-CUBE-TOUCHGFX 4.22.1
2024-01-17 12:19:21,782 [INFO] ThirdParty:1030 - CMSIS Pack Vendor :STMicroelectronics X-CUBE-NFC6 3.0.0
2024-01-17 12:19:21,782 [INFO] ThirdParty:1030 - CMSIS Pack Vendor :portGmbH I-Cube-SoM-uGOAL 1.1.0
2024-01-17 12:19:21,782 [INFO] ThirdParty:1030 - CMSIS Pack Vendor :STMicroelectronics X-CUBE-ALS 1.0.1
2024-01-17 12:19:21,782 [INFO] ThirdParty:1030 - CMSIS Pack Vendor :STMicroelectronics ThreadX 1.0.0
2024-01-17 12:19:21,782 [INFO] ThirdParty:1030 - CMSIS Pack Vendor :STMicroelectronics FP-SNS-SMARTAG2 1.2.0
2024-01-17 12:19:21,782 [INFO] ThirdParty:1030 - CMSIS Pack Vendor :STMicroelectronics X-CUBE-AZRTOS-WL 2.0.0
2024-01-17 12:19:21,782 [INFO] ThirdParty:1030 - CMSIS Pack Vendor :STMicroelectronics USB_DEVICE 1.0.0
2024-01-17 12:19:21,782 [INFO] ThirdParty:1030 - CMSIS Pack Vendor :STMicroelectronics X-CUBE-AI 8.1.0
2024-01-17 12:19:21,782 [INFO] ThirdParty:1030 - CMSIS Pack Vendor :STMicroelectronics X-CUBE-AZRTOS-L4 2.0.0
2024-01-17 12:19:21,782 [INFO] ThirdParty:1030 - CMSIS Pack Vendor :STMicroelectronics ThreadX 0.0.2
2024-01-17 12:19:21,782 [INFO] ThirdParty:1030 - CMSIS Pack Vendor :WES I-CUBE-Cesium 1.3.0
2024-01-17 12:19:21,783 [INFO] ThirdParty:1030 - CMSIS Pack Vendor :STMicroelectronics FP-ATR-ASTRA1 2.0.0
2024-01-17 12:19:21,783 [INFO] ThirdParty:1030 - CMSIS Pack Vendor :STMicroelectronics lwIP 2.1.2
2024-01-17 12:19:21,783 [INFO] ThirdParty:1030 - CMSIS Pack Vendor :STMicroelectronics X-CUBE-SFXS2LP1 4.0.0
2024-01-17 12:19:21,783 [INFO] ThirdParty:1030 - CMSIS Pack Vendor :STMicroelectronics X-CUBE-BLE2 3.3.0
2024-01-17 12:19:21,783 [INFO] ThirdParty:1030 - CMSIS Pack Vendor :STMicroelectronics X-CUBE-TOF1 3.4.0
2024-01-17 12:19:21,783 [INFO] ThirdParty:1030 - CMSIS Pack Vendor :STMicroelectronics X-CUBE-AZRTOS-H7 3.2.0
2024-01-17 12:19:21,783 [INFO] ThirdParty:1030 - CMSIS Pack Vendor :STMicroelectronics PDM2PCM 3.2.0
2024-01-17 12:19:21,783 [INFO] ThirdParty:841 - exiting critical section [change project]
2024-01-17 12:19:21,823 [INFO] PinOutPanel:1499 - setPackage(No Configuration,No Configuration)
2024-01-17 12:19:21,824 [INFO] PinOutPanel:1499 - setPackage(STM32F042F4Px,TSSOP20)
2024-01-17 12:19:22,430 [INFO] UtilMem:75 - Before build in PCC Used Memory: 716181536 Bytes (968884224)
2024-01-17 12:19:22,522 [INFO] UtilMem:75 - After build in PCC Used Memory: 758646816 Bytes (968884224)
2024-01-17 12:19:22,529 [INFO] IPUIPlugin:80 - create IPUIPlugin
2024-01-17 12:19:22,530 [INFO] IPUIPlugin:80 - create IPUIPlugin
2024-01-17 12:19:22,530 [INFO] IPUIPlugin:80 - create IPUIPlugin
2024-01-17 12:19:22,530 [INFO] IPUIPlugin:80 - create IPUIPlugin
2024-01-17 12:19:22,530 [INFO] IPUIPlugin:80 - create IPUIPlugin
2024-01-17 12:19:22,530 [INFO] IPUIPlugin:80 - create IPUIPlugin
2024-01-17 12:19:22,530 [INFO] IPUIPlugin:80 - create IPUIPlugin
2024-01-17 12:19:22,530 [INFO] IPUIPlugin:80 - create IPUIPlugin
2024-01-17 12:19:22,530 [INFO] IPUIPlugin:80 - create IPUIPlugin
2024-01-17 12:19:22,530 [INFO] IPUIPlugin:80 - create IPUIPlugin
2024-01-17 12:19:22,531 [INFO] IPUIPlugin:80 - create IPUIPlugin
2024-01-17 12:19:22,531 [INFO] IPUIPlugin:80 - create IPUIPlugin
2024-01-17 12:19:22,531 [INFO] IPUIPlugin:80 - create IPUIPlugin
2024-01-17 12:19:22,531 [INFO] IPUIPlugin:80 - create IPUIPlugin
2024-01-17 12:19:22,531 [INFO] IPUIPlugin:80 - create IPUIPlugin
2024-01-17 12:19:22,531 [INFO] IPUIPlugin:80 - create IPUIPlugin
2024-01-17 12:19:22,531 [INFO] IPUIPlugin:80 - create IPUIPlugin
2024-01-17 12:19:22,532 [INFO] IPUIPlugin:80 - create IPUIPlugin
2024-01-17 12:19:22,532 [INFO] IPUIPlugin:80 - create IPUIPlugin
2024-01-17 12:19:22,532 [INFO] IPUIPlugin:80 - create IPUIPlugin
2024-01-17 12:19:22,532 [INFO] IPUIPlugin:80 - create IPUIPlugin
2024-01-17 12:19:22,532 [INFO] IPUIPlugin:80 - create IPUIPlugin
2024-01-17 12:19:22,532 [INFO] IPUIPlugin:80 - create IPUIPlugin
2024-01-17 12:19:22,532 [INFO] IPUIPlugin:80 - create IPUIPlugin
2024-01-17 12:19:22,533 [INFO] IPUIPlugin:80 - create IPUIPlugin
2024-01-17 12:19:22,533 [INFO] IPUIPlugin:80 - create IPUIPlugin
2024-01-17 12:19:22,533 [INFO] IPUIPlugin:80 - create IPUIPlugin
2024-01-17 12:19:22,533 [INFO] IPUIPlugin:80 - create IPUIPlugin
2024-01-17 12:19:22,533 [INFO] IPUIPlugin:80 - create IPUIPlugin
2024-01-17 12:19:22,533 [INFO] IPUIPlugin:80 - create IPUIPlugin
2024-01-17 12:19:22,552 [INFO] CADModel:165 - CPN selected for project levelSTM32F042F4P6
2024-01-17 12:19:22,552 [INFO] CADModel:114 - Register for checkConnection events
2024-01-17 12:19:22,620 [INFO] OpenFileManager:343 - Restore cursor
2024-01-17 12:20:44,242 [INFO] MainUpdater:2873 - connection check result : 10
2024-01-17 12:20:44,242 [INFO] MainUpdater:2873 - connection check result : 10
2024-01-17 12:20:44,253 [INFO] MicroXplorer:468 - Change Database Path : 
2024-01-17 12:20:44,254 [INFO] MicroXplorer:498 - Change Database Version : DB.6.0.100
2024-01-17 12:20:44,258 [ERROR] ProjectManagerView:394 - 
java.lang.NullPointerException: Cannot invoke "javax.swing.JTextField.getText()" because the return value of "java.util.List.get(int)" is null
	at com.st.microxplorer.plugins.projectmanager.gui.ProjectChoiceTab$10.caretUpdate(ProjectChoiceTab.java:2493) ~[filemanager.jar:?]
	at javax.swing.text.JTextComponent.fireCaretUpdate(JTextComponent.java:412) ~[?:?]
	at javax.swing.text.JTextComponent$MutableCaretEvent.fire(JTextComponent.java:4491) ~[?:?]
	at javax.swing.text.JTextComponent$MutableCaretEvent.stateChanged(JTextComponent.java:4513) ~[?:?]
	at javax.swing.text.DefaultCaret.fireStateChanged(DefaultCaret.java:842) ~[?:?]
	at javax.swing.text.DefaultCaret.changeCaretPosition(DefaultCaret.java:1313) ~[?:?]
	at javax.swing.text.DefaultCaret.handleSetDot(DefaultCaret.java:1212) ~[?:?]
	at javax.swing.text.DefaultCaret.setDot(DefaultCaret.java:1193) ~[?:?]
	at javax.swing.text.DefaultCaret$Handler.insertUpdate(DefaultCaret.java:1789) ~[?:?]
	at javax.swing.text.AbstractDocument.fireInsertUpdate(AbstractDocument.java:226) ~[?:?]
	at javax.swing.text.AbstractDocument.handleInsertString(AbstractDocument.java:780) ~[?:?]
	at javax.swing.text.AbstractDocument.insertString(AbstractDocument.java:739) ~[?:?]
	at javax.swing.text.PlainDocument.insertString(PlainDocument.java:131) ~[?:?]
	at javax.swing.text.AbstractDocument.replace(AbstractDocument.java:698) ~[?:?]
	at javax.swing.text.JTextComponent.setText(JTextComponent.java:1729) ~[?:?]
	at com.st.microxplorer.plugins.projectmanager.gui.ProjectChoiceTab.createHeapStackFields(ProjectChoiceTab.java:933) ~[filemanager.jar:?]
	at com.st.microxplorer.plugins.projectmanager.gui.ProjectChoiceTab.buildLinkSettingsPanel(ProjectChoiceTab.java:3426) ~[filemanager.jar:?]
	at com.st.microxplorer.plugins.projectmanager.gui.ProjectChoiceTab.defineWindowsFields(ProjectChoiceTab.java:1813) ~[filemanager.jar:?]
	at com.st.microxplorer.plugins.projectmanager.gui.ProjectChoiceTab.updateSettings(ProjectChoiceTab.java:533) ~[filemanager.jar:?]
	at com.st.microxplorer.plugins.projectmanager.gui.ProjectSettingsPanel.UpdateDialog(ProjectSettingsPanel.java:244) ~[filemanager.jar:?]
	at com.st.microxplorer.plugins.projectmanager.ProjectManagerView.propertyChange(ProjectManagerView.java:391) ~[filemanager.jar:?]
	at java.beans.PropertyChangeSupport.fire(PropertyChangeSupport.java:343) ~[?:?]
	at java.beans.PropertyChangeSupport.firePropertyChange(PropertyChangeSupport.java:335) ~[?:?]
	at java.beans.PropertyChangeSupport.firePropertyChange(PropertyChangeSupport.java:268) ~[?:?]
	at com.st.microxplorer.util.MXPropertyChangeSupport.firePropertyChange(MXPropertyChangeSupport.java:54) ~[STM32CubeMX.jar:?]
	at com.st.microxplorer.mxsystem.MxSystem.closeConfig(MxSystem.java:900) ~[STM32CubeMX.jar:?]
	at com.st.microxplorer.maingui.MainPanel.closeConfig(MainPanel.java:776) ~[STM32CubeMX.jar:?]
	at com.st.microxplorer.plugins.filemanager.engine.OpenFileManager.loadConfigurationFile(OpenFileManager.java:245) ~[filemanager.jar:?]
	at com.st.microxplorer.plugins.filemanager.engine.MainFileManager.userLoadConfig(MainFileManager.java:290) ~[filemanager.jar:?]
	at com.st.microxplorer.plugins.filemanager.FileManagerView.getSpecificTask(FileManagerView.java:247) ~[filemanager.jar:?]
	at com.st.stm32cube.common.mx.editor.CubeMxEditor.getMxTabbedPaneInstance(CubeMxEditor.java:1184) ~[com.st.stm32cube.common.mx_6.10.0.202311202037/:?]
	at com.st.stm32cube.common.mx.editor.CubeMxEditor$12$1.createSwingComponent(CubeMxEditor.java:1065) ~[com.st.stm32cube.common.mx_6.10.0.202311202037/:?]
	at com.st.stm32cube.common.mx.oss.core.awtswtbridge.EmbeddedSwingComposite.doComponentCreation(EmbeddedSwingComposite.java:492) ~[com.st.stm32cube.common.mx.oss_6.10.0.202311202037/:?]
	at com.st.stm32cube.common.mx.oss.core.awtswtbridge.EmbeddedSwingComposite$4.run(EmbeddedSwingComposite.java:291) ~[com.st.stm32cube.common.mx.oss_6.10.0.202311202037/:?]
	at com.st.stm32cube.common.mx.oss.core.awtswtbridge.AwtEnvironment$2.run(AwtEnvironment.java:166) ~[com.st.stm32cube.common.mx.oss_6.10.0.202311202037/:?]
	at java.awt.event.InvocationEvent.dispatch(InvocationEvent.java:318) ~[?:?]
	at java.awt.EventQueue.dispatchEventImpl(EventQueue.java:773) ~[?:?]
	at java.awt.EventQueue$4.run(EventQueue.java:720) ~[?:?]
	at java.awt.EventQueue$4.run(EventQueue.java:714) ~[?:?]
	at java.security.AccessController.doPrivileged(AccessController.java:399) ~[?:?]
	at java.security.ProtectionDomain$JavaSecurityAccessImpl.doIntersectionPrivilege(ProtectionDomain.java:86) ~[?:?]
	at java.awt.EventQueue.dispatchEvent(EventQueue.java:742) ~[?:?]
	at java.awt.EventDispatchThread.pumpOneEventForFilters(EventDispatchThread.java:203) ~[?:?]
	at java.awt.EventDispatchThread.pumpEventsForFilter(EventDispatchThread.java:124) ~[?:?]
	at java.awt.EventDispatchThread.pumpEventsForHierarchy(EventDispatchThread.java:113) ~[?:?]
	at java.awt.EventDispatchThread.pumpEvents(EventDispatchThread.java:109) ~[?:?]
	at java.awt.EventDispatchThread.pumpEvents(EventDispatchThread.java:101) ~[?:?]
	at java.awt.EventDispatchThread.run(EventDispatchThread.java:90) ~[?:?]
2024-01-17 12:20:44,258 [WARN] ThirdParty:871 - waiting for thirdparty lock release [close project]
2024-01-17 12:20:44,258 [INFO] ThirdParty:873 - entering critical section [close project]
2024-01-17 12:20:44,258 [INFO] ThirdParty:883 - exiting critical section [close project]
2024-01-17 12:20:44,259 [INFO] PinOutPanel:1499 - setPackage(No Configuration,No Configuration)
2024-01-17 12:20:44,261 [INFO] UtilMem:75 - Begin LoadConfig() Used Memory: 449616704 Bytes (1042284544)
2024-01-17 12:20:44,261 [INFO] MicroXplorer:468 - Change Database Path : 
2024-01-17 12:20:44,262 [INFO] MicroXplorer:498 - Change Database Version : DB.6.0.100
2024-01-17 12:20:44,262 [INFO] OpenFileManager:312 - Change cursor
2024-01-17 12:20:44,265 [INFO] Mcu:2016 - Initializing MCU STM32F042F4Px STM32F042F4Px STM32F042F4P6
2024-01-17 12:20:44,704 [INFO] Context:659 - Trying to add GPIOservice into a context  which must be forbidden
2024-01-17 12:20:44,839 [INFO] RtosManager:555 - Registered RTOS mode: class=CMSIS, group=RTOS, mode=CMSIS_V1, owner=FREERTOS
2024-01-17 12:20:44,839 [INFO] RtosManager:555 - Registered RTOS mode: class=CMSIS, group=RTOS2, mode=CMSIS_V2, owner=FREERTOS
2024-01-17 12:20:44,839 [INFO] RtosManager:555 - Registered RTOS mode: class=RTOS, group=Core, mode=CMSIS_V1, owner=FREERTOS
2024-01-17 12:20:44,839 [INFO] RtosManager:555 - Registered RTOS mode: class=RTOS, group=Core, mode=CMSIS_V2, owner=FREERTOS
2024-01-17 12:20:44,839 [WARN] ModelIntegratedComponent:184 - Missing modes for component STMicroelectronics:FreeRTOS:0.0.1:STMicroelectronics:RTOS:FreeRTOS:Core:::10.2.0:
2024-01-17 12:20:44,843 [WARN] ModelIntegratedComponent:63 - No mode defined for component null
2024-01-17 12:20:44,843 [WARN] ModelIntegratedComponent:63 - No mode defined for component null
2024-01-17 12:20:44,843 [WARN] ModelIntegratedComponent:63 - No mode defined for component null
2024-01-17 12:20:44,843 [WARN] ModelIntegratedComponent:63 - No mode defined for component null
2024-01-17 12:20:44,843 [WARN] ModelIntegratedComponent:63 - No mode defined for component null
2024-01-17 12:20:44,843 [WARN] ModelIntegratedComponent:63 - No mode defined for component null
2024-01-17 12:20:44,843 [WARN] ModelIntegratedComponent:63 - No mode defined for component null
2024-01-17 12:20:44,843 [WARN] ModelIntegratedComponent:63 - No mode defined for component null
2024-01-17 12:20:44,843 [WARN] ModelIntegratedComponent:63 - No mode defined for component null
2024-01-17 12:20:44,843 [WARN] ModelIntegratedComponent:63 - No mode defined for component null
2024-01-17 12:20:44,843 [WARN] ModelIntegratedComponent:63 - No mode defined for component null
2024-01-17 12:20:44,843 [WARN] ModelIntegratedComponent:63 - No mode defined for component null
2024-01-17 12:20:44,843 [WARN] ModelIntegratedComponent:63 - No mode defined for component null
2024-01-17 12:20:44,843 [WARN] ModelIntegratedComponent:63 - No mode defined for component null
2024-01-17 12:20:44,843 [WARN] ModelIntegratedComponent:63 - No mode defined for component null
2024-01-17 12:20:44,843 [WARN] ModelIntegratedComponent:63 - No mode defined for component null
2024-01-17 12:20:44,843 [WARN] ModelIntegratedComponent:63 - No mode defined for component null
2024-01-17 12:20:44,843 [WARN] ModelIntegratedComponent:63 - No mode defined for component null
2024-01-17 12:20:44,843 [WARN] ModelIntegratedComponent:63 - No mode defined for component null
2024-01-17 12:20:44,843 [WARN] ModelIntegratedComponent:63 - No mode defined for component null
2024-01-17 12:20:44,843 [WARN] ModelIntegratedComponent:63 - No mode defined for component null
2024-01-17 12:20:44,843 [WARN] ModelIntegratedComponent:63 - No mode defined for component null
2024-01-17 12:20:44,843 [WARN] ModelIntegratedComponent:63 - No mode defined for component null
2024-01-17 12:20:44,843 [WARN] ModelIntegratedComponent:63 - No mode defined for component null
2024-01-17 12:20:44,843 [WARN] ModelIntegratedComponent:63 - No mode defined for component null
2024-01-17 12:20:44,843 [WARN] ModelIntegratedComponent:63 - No mode defined for component null
2024-01-17 12:20:44,843 [WARN] ModelIntegratedComponent:63 - No mode defined for component null
2024-01-17 12:20:44,843 [WARN] ModelIntegratedComponent:63 - No mode defined for component null
2024-01-17 12:20:44,843 [WARN] ModelIntegratedComponent:63 - No mode defined for component null
2024-01-17 12:20:44,843 [WARN] ModelIntegratedComponent:63 - No mode defined for component null
2024-01-17 12:20:44,843 [WARN] ModelIntegratedComponent:63 - No mode defined for component null
2024-01-17 12:20:44,843 [WARN] ModelIntegratedComponent:63 - No mode defined for component null
2024-01-17 12:20:44,844 [WARN] ModelIntegratedComponent:63 - No mode defined for component null
2024-01-17 12:20:44,888 [INFO] ThirdPartyModel:298 - Start build external matchings
2024-01-17 12:20:45,033 [INFO] ThirdPartyModel:316 - End build external matchings
2024-01-17 12:20:45,036 [INFO] ImportTextPane:194 - (OptionalMessage_ERROR) IP (DMA) : Parameter (Instance) has Id (ADC) currently not set
2024-01-17 12:20:45,036 [INFO] ImportTextPane:194 - (OptionalMessage_ERROR) IP (DMA) : Parameter (Direction) has Id (ADC) currently not set
2024-01-17 12:20:45,036 [INFO] ImportTextPane:194 - (OptionalMessage_ERROR) IP (DMA) : Parameter (PeriphInc) has Id (ADC) currently not set
2024-01-17 12:20:45,036 [INFO] ImportTextPane:194 - (OptionalMessage_ERROR) IP (DMA) : Parameter (MemInc) has Id (ADC) currently not set
2024-01-17 12:20:45,036 [INFO] ImportTextPane:194 - (OptionalMessage_ERROR) IP (DMA) : Parameter (PeriphDataAlignment) has Id (ADC) currently not set
2024-01-17 12:20:45,036 [INFO] ImportTextPane:194 - (OptionalMessage_ERROR) IP (DMA) : Parameter (MemDataAlignment) has Id (ADC) currently not set
2024-01-17 12:20:45,036 [INFO] ImportTextPane:194 - (OptionalMessage_ERROR) IP (DMA) : Parameter (Mode) has Id (ADC) currently not set
2024-01-17 12:20:45,036 [INFO] ImportTextPane:194 - (OptionalMessage_ERROR) IP (DMA) : Parameter (Priority) has Id (ADC) currently not set
2024-01-17 12:20:45,036 [INFO] ImportTextPane:194 - (OptionalMessage_ERROR) IP (RCC) : Invalid parameter (FamilyName)
2024-01-17 12:20:45,036 [INFO] ImportTextPane:194 - (OptionalMessage_ERROR) IP (RCC) : Invalid parameter (HSICECFreq_Value)
2024-01-17 12:20:45,173 [INFO] UtilMem:75 - End LoadConfig() Used Memory: 545690160 Bytes (1042284544)
2024-01-17 12:20:45,245 [INFO] MicroXplorer:468 - Change Database Path : 
2024-01-17 12:20:45,246 [INFO] MicroXplorer:498 - Change Database Version : DB.6.0.100
2024-01-17 12:20:45,246 [WARN] ThirdParty:833 - waiting for thirdparty lock release [change project]
2024-01-17 12:20:45,246 [INFO] ThirdParty:835 - entering critical section [change project]
2024-01-17 12:20:45,246 [INFO] ThirdParty:1030 - CMSIS Pack Vendor :STMicroelectronics X-CUBE-ISPU 1.1.0
2024-01-17 12:20:45,246 [INFO] ThirdParty:1030 - CMSIS Pack Vendor :STMicroelectronics USBPD 4.1
2024-01-17 12:20:45,246 [INFO] ThirdParty:1030 - CMSIS Pack Vendor :STMicroelectronics X-CUBE-GNSS1 6.0.0
2024-01-17 12:20:45,246 [INFO] ThirdParty:1030 - CMSIS Pack Vendor :STMicroelectronics USB_HOST 2.0.0
2024-01-17 12:20:45,246 [INFO] ThirdParty:1030 - CMSIS Pack Vendor :STMicroelectronics X-CUBE-AZRTOS-F4 1.1.0
2024-01-17 12:20:45,246 [INFO] ThirdParty:1030 - CMSIS Pack Vendor :STMicroelectronics LIBJPEG 8.0.0
2024-01-17 12:20:45,246 [INFO] ThirdParty:1030 - CMSIS Pack Vendor :wolfSSL I-CUBE-wolfSSL 5.6.4
2024-01-17 12:20:45,246 [INFO] ThirdParty:1030 - CMSIS Pack Vendor :STMicroelectronics X-CUBE-SMBUS 2.1.0
2024-01-17 12:20:45,246 [INFO] ThirdParty:1030 - CMSIS Pack Vendor :STMicroelectronics USB_DEVICE 3.0.0
2024-01-17 12:20:45,246 [INFO] ThirdParty:1030 - CMSIS Pack Vendor :STMicroelectronics X-CUBE-AZRTOS-WB 2.0.0
2024-01-17 12:20:45,246 [INFO] ThirdParty:1030 - CMSIS Pack Vendor :STMicroelectronics X-CUBE-TOUCHGFX 4.23.0
2024-01-17 12:20:45,246 [INFO] ThirdParty:1030 - CMSIS Pack Vendor :STMicroelectronics X-CUBE-AZRTOS-F7 1.1.0
2024-01-17 12:20:45,246 [INFO] ThirdParty:1030 - CMSIS Pack Vendor :STMicroelectronics X-CUBE-AZRTOS-L5 2.0.0
2024-01-17 12:20:45,246 [INFO] ThirdParty:1030 - CMSIS Pack Vendor :STMicroelectronics USB_DEVICE 2.0.0
2024-01-17 12:20:45,246 [INFO] ThirdParty:1030 - CMSIS Pack Vendor :STMicroelectronics X-CUBE-EEPRMA1 4.2.0
2024-01-17 12:20:45,246 [INFO] ThirdParty:1030 - CMSIS Pack Vendor :ITTIA_DB I-CUBE-ITTIADB 8.8.0
2024-01-17 12:20:45,246 [INFO] ThirdParty:1030 - CMSIS Pack Vendor :STMicroelectronics FP-SNS-MOTENV1 4.3.2
2024-01-17 12:20:45,246 [INFO] ThirdParty:1030 - CMSIS Pack Vendor :STMicroelectronics X-CUBE-ALGOBUILD 1.3.0
2024-01-17 12:20:45,246 [INFO] ThirdParty:1030 - CMSIS Pack Vendor :STMicroelectronics FreeRTOS 0.0.1
2024-01-17 12:20:45,246 [INFO] ThirdParty:1030 - CMSIS Pack Vendor :STMicroelectronics X-CUBE-AZRTOS-G0 1.1.0
2024-01-17 12:20:45,246 [INFO] ThirdParty:1030 - CMSIS Pack Vendor :STMicroelectronics X-CUBE-NFC4 3.0.0
2024-01-17 12:20:45,246 [INFO] ThirdParty:1030 - CMSIS Pack Vendor :STMicroelectronics X-CUBE-SUBG2 5.0.0
2024-01-17 12:20:45,246 [INFO] ThirdParty:1030 - CMSIS Pack Vendor :STMicroelectronics STM32_WPAN 1.0.0
2024-01-17 12:20:45,246 [INFO] ThirdParty:1030 - CMSIS Pack Vendor :STMicroelectronics lwIP 2.0.3
2024-01-17 12:20:45,246 [INFO] ThirdParty:1030 - CMSIS Pack Vendor :STMicroelectronics FP-SNS-FLIGHT1 5.0.2
2024-01-17 12:20:45,246 [INFO] ThirdParty:1030 - CMSIS Pack Vendor :STMicroelectronics USB_HOST 1.0.0
2024-01-17 12:20:45,246 [INFO] ThirdParty:1030 - CMSIS Pack Vendor :STMicroelectronics X-CUBE-AZRTOS-G4 2.0.0
2024-01-17 12:20:45,246 [INFO] ThirdParty:1030 - CMSIS Pack Vendor :STMicroelectronics PDM2PCM 3.1.0
2024-01-17 12:20:45,246 [INFO] ThirdParty:1030 - CMSIS Pack Vendor :STMicroelectronics X-CUBE-AZRTOS-H7 3.1.0
2024-01-17 12:20:45,246 [INFO] ThirdParty:1030 - CMSIS Pack Vendor :Infineon AIROC-Wi-Fi-Bluetooth-STM32 1.5.1
2024-01-17 12:20:45,246 [INFO] ThirdParty:1030 - CMSIS Pack Vendor :STMicroelectronics X-CUBE-BLEMGR 3.0.0
2024-01-17 12:20:45,246 [INFO] ThirdParty:1030 - CMSIS Pack Vendor :STMicroelectronics PDM2PCM 3.3.0
2024-01-17 12:20:45,246 [INFO] ThirdParty:1030 - CMSIS Pack Vendor :STMicroelectronics X-CUBE-DISPLAY 3.0.0
2024-01-17 12:20:45,246 [INFO] ThirdParty:1030 - CMSIS Pack Vendor :STMicroelectronics FP-SNS-MOTENVWB1 1.3.1
2024-01-17 12:20:45,246 [INFO] ThirdParty:1030 - CMSIS Pack Vendor :STMicroelectronics X-CUBE-BLE1 7.0.0
2024-01-17 12:20:45,246 [INFO] ThirdParty:1030 - CMSIS Pack Vendor :STMicroelectronics FP-ATR-SIGFOX1 3.2.0
2024-01-17 12:20:45,246 [INFO] ThirdParty:1030 - CMSIS Pack Vendor :STMicroelectronics X-CUBE-ISPU 2.0.0
2024-01-17 12:20:45,246 [INFO] ThirdParty:1030 - CMSIS Pack Vendor :STMicroelectronics HAL Drivers 0.0.0
2024-01-17 12:20:45,246 [INFO] ThirdParty:1030 - CMSIS Pack Vendor :STMicroelectronics MBEDTLS 2.16.2
2024-01-17 12:20:45,246 [INFO] ThirdParty:1030 - CMSIS Pack Vendor :emotas I-CUBE-CANOPEN 1.3.0
2024-01-17 12:20:45,246 [INFO] ThirdParty:1030 - CMSIS Pack Vendor :STMicroelectronics X-CUBE-MEMS1 10.0.0
2024-01-17 12:20:45,246 [INFO] ThirdParty:1030 - CMSIS Pack Vendor :STMicroelectronics X-CUBE-FREERTOS 1.1.0
2024-01-17 12:20:45,246 [INFO] ThirdParty:1030 - CMSIS Pack Vendor :STMicroelectronics X-CUBE-NFC7 1.0.1
2024-01-17 12:20:45,246 [INFO] ThirdParty:1030 - CMSIS Pack Vendor :STMicroelectronics MBEDTLS 2.14.1
2024-01-17 12:20:45,247 [INFO] ThirdParty:1030 - CMSIS Pack Vendor :STMicroelectronics X-CUBE-TOUCHGFX 4.22.1
2024-01-17 12:20:45,247 [INFO] ThirdParty:1030 - CMSIS Pack Vendor :STMicroelectronics X-CUBE-NFC6 3.0.0
2024-01-17 12:20:45,247 [INFO] ThirdParty:1030 - CMSIS Pack Vendor :portGmbH I-Cube-SoM-uGOAL 1.1.0
2024-01-17 12:20:45,247 [INFO] ThirdParty:1030 - CMSIS Pack Vendor :STMicroelectronics X-CUBE-ALS 1.0.1
2024-01-17 12:20:45,247 [INFO] ThirdParty:1030 - CMSIS Pack Vendor :STMicroelectronics ThreadX 1.0.0
2024-01-17 12:20:45,247 [INFO] ThirdParty:1030 - CMSIS Pack Vendor :STMicroelectronics FP-SNS-SMARTAG2 1.2.0
2024-01-17 12:20:45,247 [INFO] ThirdParty:1030 - CMSIS Pack Vendor :STMicroelectronics X-CUBE-AZRTOS-WL 2.0.0
2024-01-17 12:20:45,247 [INFO] ThirdParty:1030 - CMSIS Pack Vendor :STMicroelectronics USB_DEVICE 1.0.0
2024-01-17 12:20:45,247 [INFO] ThirdParty:1030 - CMSIS Pack Vendor :STMicroelectronics X-CUBE-AI 8.1.0
2024-01-17 12:20:45,247 [INFO] ThirdParty:1030 - CMSIS Pack Vendor :STMicroelectronics X-CUBE-AZRTOS-L4 2.0.0
2024-01-17 12:20:45,247 [INFO] ThirdParty:1030 - CMSIS Pack Vendor :STMicroelectronics ThreadX 0.0.2
2024-01-17 12:20:45,247 [INFO] ThirdParty:1030 - CMSIS Pack Vendor :WES I-CUBE-Cesium 1.3.0
2024-01-17 12:20:45,247 [INFO] ThirdParty:1030 - CMSIS Pack Vendor :STMicroelectronics FP-ATR-ASTRA1 2.0.0
2024-01-17 12:20:45,247 [INFO] ThirdParty:1030 - CMSIS Pack Vendor :STMicroelectronics lwIP 2.1.2
2024-01-17 12:20:45,247 [INFO] ThirdParty:1030 - CMSIS Pack Vendor :STMicroelectronics X-CUBE-SFXS2LP1 4.0.0
2024-01-17 12:20:45,247 [INFO] ThirdParty:1030 - CMSIS Pack Vendor :STMicroelectronics X-CUBE-BLE2 3.3.0
2024-01-17 12:20:45,247 [INFO] ThirdParty:1030 - CMSIS Pack Vendor :STMicroelectronics X-CUBE-TOF1 3.4.0
2024-01-17 12:20:45,247 [INFO] ThirdParty:1030 - CMSIS Pack Vendor :STMicroelectronics X-CUBE-AZRTOS-H7 3.2.0
2024-01-17 12:20:45,247 [INFO] ThirdParty:1030 - CMSIS Pack Vendor :STMicroelectronics PDM2PCM 3.2.0
2024-01-17 12:20:45,247 [INFO] ThirdParty:841 - exiting critical section [change project]
2024-01-17 12:20:45,289 [INFO] PinOutPanel:1499 - setPackage(No Configuration,No Configuration)
2024-01-17 12:20:45,289 [INFO] PinOutPanel:1499 - setPackage(STM32F042F4Px,TSSOP20)
2024-01-17 12:20:45,903 [INFO] UtilMem:75 - Before build in PCC Used Memory: 677818960 Bytes (1042284544)
2024-01-17 12:20:46,004 [INFO] UtilMem:75 - After build in PCC Used Memory: 719762000 Bytes (1042284544)
2024-01-17 12:20:46,012 [INFO] IPUIPlugin:80 - create IPUIPlugin
2024-01-17 12:20:46,013 [INFO] IPUIPlugin:80 - create IPUIPlugin
2024-01-17 12:20:46,013 [INFO] IPUIPlugin:80 - create IPUIPlugin
2024-01-17 12:20:46,013 [INFO] IPUIPlugin:80 - create IPUIPlugin
2024-01-17 12:20:46,013 [INFO] IPUIPlugin:80 - create IPUIPlugin
2024-01-17 12:20:46,013 [INFO] IPUIPlugin:80 - create IPUIPlugin
2024-01-17 12:20:46,013 [INFO] IPUIPlugin:80 - create IPUIPlugin
2024-01-17 12:20:46,013 [INFO] IPUIPlugin:80 - create IPUIPlugin
2024-01-17 12:20:46,013 [INFO] IPUIPlugin:80 - create IPUIPlugin
2024-01-17 12:20:46,013 [INFO] IPUIPlugin:80 - create IPUIPlugin
2024-01-17 12:20:46,013 [INFO] IPUIPlugin:80 - create IPUIPlugin
2024-01-17 12:20:46,013 [INFO] IPUIPlugin:80 - create IPUIPlugin
2024-01-17 12:20:46,013 [INFO] IPUIPlugin:80 - create IPUIPlugin
2024-01-17 12:20:46,013 [INFO] IPUIPlugin:80 - create IPUIPlugin
2024-01-17 12:20:46,013 [INFO] IPUIPlugin:80 - create IPUIPlugin
2024-01-17 12:20:46,013 [INFO] IPUIPlugin:80 - create IPUIPlugin
2024-01-17 12:20:46,013 [INFO] IPUIPlugin:80 - create IPUIPlugin
2024-01-17 12:20:46,013 [INFO] IPUIPlugin:80 - create IPUIPlugin
2024-01-17 12:20:46,013 [INFO] IPUIPlugin:80 - create IPUIPlugin
2024-01-17 12:20:46,013 [INFO] IPUIPlugin:80 - create IPUIPlugin
2024-01-17 12:20:46,014 [INFO] IPUIPlugin:80 - create IPUIPlugin
2024-01-17 12:20:46,014 [INFO] IPUIPlugin:80 - create IPUIPlugin
2024-01-17 12:20:46,014 [INFO] IPUIPlugin:80 - create IPUIPlugin
2024-01-17 12:20:46,014 [INFO] IPUIPlugin:80 - create IPUIPlugin
2024-01-17 12:20:46,014 [INFO] IPUIPlugin:80 - create IPUIPlugin
2024-01-17 12:20:46,014 [INFO] IPUIPlugin:80 - create IPUIPlugin
2024-01-17 12:20:46,014 [INFO] IPUIPlugin:80 - create IPUIPlugin
2024-01-17 12:20:46,014 [INFO] IPUIPlugin:80 - create IPUIPlugin
2024-01-17 12:20:46,014 [INFO] IPUIPlugin:80 - create IPUIPlugin
2024-01-17 12:20:46,014 [INFO] IPUIPlugin:80 - create IPUIPlugin
2024-01-17 12:20:46,015 [INFO] Can:71 - Can Add PropertyChangeListener com.st.microxplorer.plugins.ip.can.Can@5c1b04b3
2024-01-17 12:20:46,033 [INFO] CADModel:165 - CPN selected for project levelSTM32F042F4P6
2024-01-17 12:20:46,033 [INFO] CADModel:114 - Register for checkConnection events
2024-01-17 12:20:46,103 [INFO] OpenFileManager:343 - Restore cursor
2024-01-17 12:31:48,883 [INFO] MainUpdater:2873 - connection check result : 10
2024-01-17 12:31:48,883 [INFO] MainUpdater:2873 - connection check result : 10
2024-01-17 12:31:48,899 [INFO] MicroXplorer:468 - Change Database Path : 
2024-01-17 12:31:48,899 [INFO] MicroXplorer:498 - Change Database Version : DB.6.0.100
2024-01-17 12:31:48,905 [ERROR] ProjectManagerView:394 - 
java.lang.NullPointerException: Cannot invoke "javax.swing.JTextField.getText()" because the return value of "java.util.List.get(int)" is null
	at com.st.microxplorer.plugins.projectmanager.gui.ProjectChoiceTab$10.caretUpdate(ProjectChoiceTab.java:2493) ~[filemanager.jar:?]
	at javax.swing.text.JTextComponent.fireCaretUpdate(JTextComponent.java:412) ~[?:?]
	at javax.swing.text.JTextComponent$MutableCaretEvent.fire(JTextComponent.java:4491) ~[?:?]
	at javax.swing.text.JTextComponent$MutableCaretEvent.stateChanged(JTextComponent.java:4513) ~[?:?]
	at javax.swing.text.DefaultCaret.fireStateChanged(DefaultCaret.java:842) ~[?:?]
	at javax.swing.text.DefaultCaret.changeCaretPosition(DefaultCaret.java:1313) ~[?:?]
	at javax.swing.text.DefaultCaret.handleSetDot(DefaultCaret.java:1212) ~[?:?]
	at javax.swing.text.DefaultCaret.setDot(DefaultCaret.java:1193) ~[?:?]
	at javax.swing.text.DefaultCaret$Handler.insertUpdate(DefaultCaret.java:1789) ~[?:?]
	at javax.swing.text.AbstractDocument.fireInsertUpdate(AbstractDocument.java:226) ~[?:?]
	at javax.swing.text.AbstractDocument.handleInsertString(AbstractDocument.java:780) ~[?:?]
	at javax.swing.text.AbstractDocument.insertString(AbstractDocument.java:739) ~[?:?]
	at javax.swing.text.PlainDocument.insertString(PlainDocument.java:131) ~[?:?]
	at javax.swing.text.AbstractDocument.replace(AbstractDocument.java:698) ~[?:?]
	at javax.swing.text.JTextComponent.setText(JTextComponent.java:1729) ~[?:?]
	at com.st.microxplorer.plugins.projectmanager.gui.ProjectChoiceTab.createHeapStackFields(ProjectChoiceTab.java:933) ~[filemanager.jar:?]
	at com.st.microxplorer.plugins.projectmanager.gui.ProjectChoiceTab.buildLinkSettingsPanel(ProjectChoiceTab.java:3426) ~[filemanager.jar:?]
	at com.st.microxplorer.plugins.projectmanager.gui.ProjectChoiceTab.defineWindowsFields(ProjectChoiceTab.java:1813) ~[filemanager.jar:?]
	at com.st.microxplorer.plugins.projectmanager.gui.ProjectChoiceTab.updateSettings(ProjectChoiceTab.java:533) ~[filemanager.jar:?]
	at com.st.microxplorer.plugins.projectmanager.gui.ProjectSettingsPanel.UpdateDialog(ProjectSettingsPanel.java:244) ~[filemanager.jar:?]
	at com.st.microxplorer.plugins.projectmanager.ProjectManagerView.propertyChange(ProjectManagerView.java:391) ~[filemanager.jar:?]
	at java.beans.PropertyChangeSupport.fire(PropertyChangeSupport.java:343) ~[?:?]
	at java.beans.PropertyChangeSupport.firePropertyChange(PropertyChangeSupport.java:335) ~[?:?]
	at java.beans.PropertyChangeSupport.firePropertyChange(PropertyChangeSupport.java:268) ~[?:?]
	at com.st.microxplorer.util.MXPropertyChangeSupport.firePropertyChange(MXPropertyChangeSupport.java:54) ~[STM32CubeMX.jar:?]
	at com.st.microxplorer.mxsystem.MxSystem.closeConfig(MxSystem.java:900) ~[STM32CubeMX.jar:?]
	at com.st.microxplorer.maingui.MainPanel.closeConfig(MainPanel.java:776) ~[STM32CubeMX.jar:?]
	at com.st.microxplorer.plugins.filemanager.engine.OpenFileManager.loadConfigurationFile(OpenFileManager.java:245) ~[filemanager.jar:?]
	at com.st.microxplorer.plugins.filemanager.engine.MainFileManager.userLoadConfig(MainFileManager.java:290) ~[filemanager.jar:?]
	at com.st.microxplorer.plugins.filemanager.FileManagerView.getSpecificTask(FileManagerView.java:247) ~[filemanager.jar:?]
	at com.st.stm32cube.common.mx.editor.CubeMxEditor.getMxTabbedPaneInstance(CubeMxEditor.java:1184) ~[com.st.stm32cube.common.mx_6.10.0.202311202037/:?]
	at com.st.stm32cube.common.mx.editor.CubeMxEditor$12$1.createSwingComponent(CubeMxEditor.java:1065) ~[com.st.stm32cube.common.mx_6.10.0.202311202037/:?]
	at com.st.stm32cube.common.mx.oss.core.awtswtbridge.EmbeddedSwingComposite.doComponentCreation(EmbeddedSwingComposite.java:492) ~[com.st.stm32cube.common.mx.oss_6.10.0.202311202037/:?]
	at com.st.stm32cube.common.mx.oss.core.awtswtbridge.EmbeddedSwingComposite$4.run(EmbeddedSwingComposite.java:291) ~[com.st.stm32cube.common.mx.oss_6.10.0.202311202037/:?]
	at com.st.stm32cube.common.mx.oss.core.awtswtbridge.AwtEnvironment$2.run(AwtEnvironment.java:166) ~[com.st.stm32cube.common.mx.oss_6.10.0.202311202037/:?]
	at java.awt.event.InvocationEvent.dispatch(InvocationEvent.java:318) ~[?:?]
	at java.awt.EventQueue.dispatchEventImpl(EventQueue.java:773) ~[?:?]
	at java.awt.EventQueue$4.run(EventQueue.java:720) ~[?:?]
	at java.awt.EventQueue$4.run(EventQueue.java:714) ~[?:?]
	at java.security.AccessController.doPrivileged(AccessController.java:399) ~[?:?]
	at java.security.ProtectionDomain$JavaSecurityAccessImpl.doIntersectionPrivilege(ProtectionDomain.java:86) ~[?:?]
	at java.awt.EventQueue.dispatchEvent(EventQueue.java:742) ~[?:?]
	at java.awt.EventDispatchThread.pumpOneEventForFilters(EventDispatchThread.java:203) ~[?:?]
	at java.awt.EventDispatchThread.pumpEventsForFilter(EventDispatchThread.java:124) ~[?:?]
	at java.awt.EventDispatchThread.pumpEventsForHierarchy(EventDispatchThread.java:113) ~[?:?]
	at java.awt.EventDispatchThread.pumpEvents(EventDispatchThread.java:109) ~[?:?]
	at java.awt.EventDispatchThread.pumpEvents(EventDispatchThread.java:101) ~[?:?]
	at java.awt.EventDispatchThread.run(EventDispatchThread.java:90) ~[?:?]
2024-01-17 12:31:48,905 [WARN] ThirdParty:871 - waiting for thirdparty lock release [close project]
2024-01-17 12:31:48,905 [INFO] ThirdParty:873 - entering critical section [close project]
2024-01-17 12:31:48,906 [INFO] ThirdParty:883 - exiting critical section [close project]
2024-01-17 12:31:48,906 [INFO] PinOutPanel:1499 - setPackage(No Configuration,No Configuration)
2024-01-17 12:31:48,907 [INFO] UtilMem:75 - Begin LoadConfig() Used Memory: 664914752 Bytes (1042284544)
2024-01-17 12:31:48,907 [INFO] MicroXplorer:468 - Change Database Path : 
2024-01-17 12:31:48,907 [INFO] MicroXplorer:498 - Change Database Version : DB.6.0.100
2024-01-17 12:31:48,907 [INFO] OpenFileManager:312 - Change cursor
2024-01-17 12:31:48,912 [INFO] Mcu:2016 - Initializing MCU STM32F042F4Px STM32F042F4Px STM32F042F4P6
2024-01-17 12:31:49,485 [INFO] Context:659 - Trying to add GPIOservice into a context  which must be forbidden
2024-01-17 12:31:49,565 [INFO] RtosManager:555 - Registered RTOS mode: class=CMSIS, group=RTOS, mode=CMSIS_V1, owner=FREERTOS
2024-01-17 12:31:49,566 [INFO] RtosManager:555 - Registered RTOS mode: class=CMSIS, group=RTOS2, mode=CMSIS_V2, owner=FREERTOS
2024-01-17 12:31:49,566 [INFO] RtosManager:555 - Registered RTOS mode: class=RTOS, group=Core, mode=CMSIS_V1, owner=FREERTOS
2024-01-17 12:31:49,566 [INFO] RtosManager:555 - Registered RTOS mode: class=RTOS, group=Core, mode=CMSIS_V2, owner=FREERTOS
2024-01-17 12:31:49,566 [WARN] ModelIntegratedComponent:184 - Missing modes for component STMicroelectronics:FreeRTOS:0.0.1:STMicroelectronics:RTOS:FreeRTOS:Core:::10.2.0:
2024-01-17 12:31:49,569 [WARN] ModelIntegratedComponent:63 - No mode defined for component null
2024-01-17 12:31:49,569 [WARN] ModelIntegratedComponent:63 - No mode defined for component null
2024-01-17 12:31:49,569 [WARN] ModelIntegratedComponent:63 - No mode defined for component null
2024-01-17 12:31:49,569 [WARN] ModelIntegratedComponent:63 - No mode defined for component null
2024-01-17 12:31:49,569 [WARN] ModelIntegratedComponent:63 - No mode defined for component null
2024-01-17 12:31:49,569 [WARN] ModelIntegratedComponent:63 - No mode defined for component null
2024-01-17 12:31:49,569 [WARN] ModelIntegratedComponent:63 - No mode defined for component null
2024-01-17 12:31:49,570 [WARN] ModelIntegratedComponent:63 - No mode defined for component null
2024-01-17 12:31:49,570 [WARN] ModelIntegratedComponent:63 - No mode defined for component null
2024-01-17 12:31:49,570 [WARN] ModelIntegratedComponent:63 - No mode defined for component null
2024-01-17 12:31:49,570 [WARN] ModelIntegratedComponent:63 - No mode defined for component null
2024-01-17 12:31:49,570 [WARN] ModelIntegratedComponent:63 - No mode defined for component null
2024-01-17 12:31:49,570 [WARN] ModelIntegratedComponent:63 - No mode defined for component null
2024-01-17 12:31:49,570 [WARN] ModelIntegratedComponent:63 - No mode defined for component null
2024-01-17 12:31:49,570 [WARN] ModelIntegratedComponent:63 - No mode defined for component null
2024-01-17 12:31:49,570 [WARN] ModelIntegratedComponent:63 - No mode defined for component null
2024-01-17 12:31:49,570 [WARN] ModelIntegratedComponent:63 - No mode defined for component null
2024-01-17 12:31:49,570 [WARN] ModelIntegratedComponent:63 - No mode defined for component null
2024-01-17 12:31:49,570 [WARN] ModelIntegratedComponent:63 - No mode defined for component null
2024-01-17 12:31:49,570 [WARN] ModelIntegratedComponent:63 - No mode defined for component null
2024-01-17 12:31:49,570 [WARN] ModelIntegratedComponent:63 - No mode defined for component null
2024-01-17 12:31:49,570 [WARN] ModelIntegratedComponent:63 - No mode defined for component null
2024-01-17 12:31:49,570 [WARN] ModelIntegratedComponent:63 - No mode defined for component null
2024-01-17 12:31:49,570 [WARN] ModelIntegratedComponent:63 - No mode defined for component null
2024-01-17 12:31:49,570 [WARN] ModelIntegratedComponent:63 - No mode defined for component null
2024-01-17 12:31:49,570 [WARN] ModelIntegratedComponent:63 - No mode defined for component null
2024-01-17 12:31:49,570 [WARN] ModelIntegratedComponent:63 - No mode defined for component null
2024-01-17 12:31:49,570 [WARN] ModelIntegratedComponent:63 - No mode defined for component null
2024-01-17 12:31:49,570 [WARN] ModelIntegratedComponent:63 - No mode defined for component null
2024-01-17 12:31:49,570 [WARN] ModelIntegratedComponent:63 - No mode defined for component null
2024-01-17 12:31:49,570 [WARN] ModelIntegratedComponent:63 - No mode defined for component null
2024-01-17 12:31:49,570 [WARN] ModelIntegratedComponent:63 - No mode defined for component null
2024-01-17 12:31:49,570 [WARN] ModelIntegratedComponent:63 - No mode defined for component null
2024-01-17 12:31:49,618 [INFO] ThirdPartyModel:298 - Start build external matchings
2024-01-17 12:31:49,763 [INFO] ThirdPartyModel:316 - End build external matchings
2024-01-17 12:31:49,767 [INFO] ImportTextPane:194 - (OptionalMessage_ERROR) IP (DMA) : Parameter (Instance) has Id (ADC) currently not set
2024-01-17 12:31:49,767 [INFO] ImportTextPane:194 - (OptionalMessage_ERROR) IP (DMA) : Parameter (Direction) has Id (ADC) currently not set
2024-01-17 12:31:49,767 [INFO] ImportTextPane:194 - (OptionalMessage_ERROR) IP (DMA) : Parameter (PeriphInc) has Id (ADC) currently not set
2024-01-17 12:31:49,767 [INFO] ImportTextPane:194 - (OptionalMessage_ERROR) IP (DMA) : Parameter (MemInc) has Id (ADC) currently not set
2024-01-17 12:31:49,767 [INFO] ImportTextPane:194 - (OptionalMessage_ERROR) IP (DMA) : Parameter (PeriphDataAlignment) has Id (ADC) currently not set
2024-01-17 12:31:49,767 [INFO] ImportTextPane:194 - (OptionalMessage_ERROR) IP (DMA) : Parameter (MemDataAlignment) has Id (ADC) currently not set
2024-01-17 12:31:49,767 [INFO] ImportTextPane:194 - (OptionalMessage_ERROR) IP (DMA) : Parameter (Mode) has Id (ADC) currently not set
2024-01-17 12:31:49,767 [INFO] ImportTextPane:194 - (OptionalMessage_ERROR) IP (DMA) : Parameter (Priority) has Id (ADC) currently not set
2024-01-17 12:31:49,767 [INFO] ImportTextPane:194 - (OptionalMessage_ERROR) IP (RCC) : Invalid parameter (FamilyName)
2024-01-17 12:31:49,767 [INFO] ImportTextPane:194 - (OptionalMessage_ERROR) IP (RCC) : Invalid parameter (HSICECFreq_Value)
2024-01-17 12:31:49,954 [INFO] UtilMem:75 - End LoadConfig() Used Memory: 747956144 Bytes (1042284544)
2024-01-17 12:31:50,010 [INFO] MicroXplorer:468 - Change Database Path : 
2024-01-17 12:31:50,011 [INFO] MicroXplorer:498 - Change Database Version : DB.6.0.100
2024-01-17 12:31:50,011 [WARN] ThirdParty:833 - waiting for thirdparty lock release [change project]
2024-01-17 12:31:50,012 [INFO] ThirdParty:835 - entering critical section [change project]
2024-01-17 12:31:50,012 [INFO] ThirdParty:1030 - CMSIS Pack Vendor :STMicroelectronics X-CUBE-ISPU 1.1.0
2024-01-17 12:31:50,012 [INFO] ThirdParty:1030 - CMSIS Pack Vendor :STMicroelectronics USBPD 4.1
2024-01-17 12:31:50,012 [INFO] ThirdParty:1030 - CMSIS Pack Vendor :STMicroelectronics X-CUBE-GNSS1 6.0.0
2024-01-17 12:31:50,012 [INFO] ThirdParty:1030 - CMSIS Pack Vendor :STMicroelectronics USB_HOST 2.0.0
2024-01-17 12:31:50,012 [INFO] ThirdParty:1030 - CMSIS Pack Vendor :STMicroelectronics X-CUBE-AZRTOS-F4 1.1.0
2024-01-17 12:31:50,012 [INFO] ThirdParty:1030 - CMSIS Pack Vendor :STMicroelectronics LIBJPEG 8.0.0
2024-01-17 12:31:50,012 [INFO] ThirdParty:1030 - CMSIS Pack Vendor :wolfSSL I-CUBE-wolfSSL 5.6.4
2024-01-17 12:31:50,012 [INFO] ThirdParty:1030 - CMSIS Pack Vendor :STMicroelectronics X-CUBE-SMBUS 2.1.0
2024-01-17 12:31:50,012 [INFO] ThirdParty:1030 - CMSIS Pack Vendor :STMicroelectronics USB_DEVICE 3.0.0
2024-01-17 12:31:50,012 [INFO] ThirdParty:1030 - CMSIS Pack Vendor :STMicroelectronics X-CUBE-AZRTOS-WB 2.0.0
2024-01-17 12:31:50,012 [INFO] ThirdParty:1030 - CMSIS Pack Vendor :STMicroelectronics X-CUBE-TOUCHGFX 4.23.0
2024-01-17 12:31:50,012 [INFO] ThirdParty:1030 - CMSIS Pack Vendor :STMicroelectronics X-CUBE-AZRTOS-F7 1.1.0
2024-01-17 12:31:50,012 [INFO] ThirdParty:1030 - CMSIS Pack Vendor :STMicroelectronics X-CUBE-AZRTOS-L5 2.0.0
2024-01-17 12:31:50,012 [INFO] ThirdParty:1030 - CMSIS Pack Vendor :STMicroelectronics USB_DEVICE 2.0.0
2024-01-17 12:31:50,013 [INFO] ThirdParty:1030 - CMSIS Pack Vendor :STMicroelectronics X-CUBE-EEPRMA1 4.2.0
2024-01-17 12:31:50,013 [INFO] ThirdParty:1030 - CMSIS Pack Vendor :ITTIA_DB I-CUBE-ITTIADB 8.8.0
2024-01-17 12:31:50,013 [INFO] ThirdParty:1030 - CMSIS Pack Vendor :STMicroelectronics FP-SNS-MOTENV1 4.3.2
2024-01-17 12:31:50,013 [INFO] ThirdParty:1030 - CMSIS Pack Vendor :STMicroelectronics X-CUBE-ALGOBUILD 1.3.0
2024-01-17 12:31:50,013 [INFO] ThirdParty:1030 - CMSIS Pack Vendor :STMicroelectronics FreeRTOS 0.0.1
2024-01-17 12:31:50,013 [INFO] ThirdParty:1030 - CMSIS Pack Vendor :STMicroelectronics X-CUBE-AZRTOS-G0 1.1.0
2024-01-17 12:31:50,013 [INFO] ThirdParty:1030 - CMSIS Pack Vendor :STMicroelectronics X-CUBE-NFC4 3.0.0
2024-01-17 12:31:50,013 [INFO] ThirdParty:1030 - CMSIS Pack Vendor :STMicroelectronics X-CUBE-SUBG2 5.0.0
2024-01-17 12:31:50,013 [INFO] ThirdParty:1030 - CMSIS Pack Vendor :STMicroelectronics STM32_WPAN 1.0.0
2024-01-17 12:31:50,013 [INFO] ThirdParty:1030 - CMSIS Pack Vendor :STMicroelectronics lwIP 2.0.3
2024-01-17 12:31:50,013 [INFO] ThirdParty:1030 - CMSIS Pack Vendor :STMicroelectronics FP-SNS-FLIGHT1 5.0.2
2024-01-17 12:31:50,013 [INFO] ThirdParty:1030 - CMSIS Pack Vendor :STMicroelectronics USB_HOST 1.0.0
2024-01-17 12:31:50,013 [INFO] ThirdParty:1030 - CMSIS Pack Vendor :STMicroelectronics X-CUBE-AZRTOS-G4 2.0.0
2024-01-17 12:31:50,013 [INFO] ThirdParty:1030 - CMSIS Pack Vendor :STMicroelectronics PDM2PCM 3.1.0
2024-01-17 12:31:50,014 [INFO] ThirdParty:1030 - CMSIS Pack Vendor :STMicroelectronics X-CUBE-AZRTOS-H7 3.1.0
2024-01-17 12:31:50,014 [INFO] ThirdParty:1030 - CMSIS Pack Vendor :Infineon AIROC-Wi-Fi-Bluetooth-STM32 1.5.1
2024-01-17 12:31:50,014 [INFO] ThirdParty:1030 - CMSIS Pack Vendor :STMicroelectronics X-CUBE-BLEMGR 3.0.0
2024-01-17 12:31:50,014 [INFO] ThirdParty:1030 - CMSIS Pack Vendor :STMicroelectronics PDM2PCM 3.3.0
2024-01-17 12:31:50,014 [INFO] ThirdParty:1030 - CMSIS Pack Vendor :STMicroelectronics X-CUBE-DISPLAY 3.0.0
2024-01-17 12:31:50,014 [INFO] ThirdParty:1030 - CMSIS Pack Vendor :STMicroelectronics FP-SNS-MOTENVWB1 1.3.1
2024-01-17 12:31:50,014 [INFO] ThirdParty:1030 - CMSIS Pack Vendor :STMicroelectronics X-CUBE-BLE1 7.0.0
2024-01-17 12:31:50,014 [INFO] ThirdParty:1030 - CMSIS Pack Vendor :STMicroelectronics FP-ATR-SIGFOX1 3.2.0
2024-01-17 12:31:50,014 [INFO] ThirdParty:1030 - CMSIS Pack Vendor :STMicroelectronics X-CUBE-ISPU 2.0.0
2024-01-17 12:31:50,014 [INFO] ThirdParty:1030 - CMSIS Pack Vendor :STMicroelectronics HAL Drivers 0.0.0
2024-01-17 12:31:50,014 [INFO] ThirdParty:1030 - CMSIS Pack Vendor :STMicroelectronics MBEDTLS 2.16.2
2024-01-17 12:31:50,014 [INFO] ThirdParty:1030 - CMSIS Pack Vendor :emotas I-CUBE-CANOPEN 1.3.0
2024-01-17 12:31:50,014 [INFO] ThirdParty:1030 - CMSIS Pack Vendor :STMicroelectronics X-CUBE-MEMS1 10.0.0
2024-01-17 12:31:50,014 [INFO] ThirdParty:1030 - CMSIS Pack Vendor :STMicroelectronics X-CUBE-FREERTOS 1.1.0
2024-01-17 12:31:50,014 [INFO] ThirdParty:1030 - CMSIS Pack Vendor :STMicroelectronics X-CUBE-NFC7 1.0.1
2024-01-17 12:31:50,014 [INFO] ThirdParty:1030 - CMSIS Pack Vendor :STMicroelectronics MBEDTLS 2.14.1
2024-01-17 12:31:50,014 [INFO] ThirdParty:1030 - CMSIS Pack Vendor :STMicroelectronics X-CUBE-TOUCHGFX 4.22.1
2024-01-17 12:31:50,014 [INFO] ThirdParty:1030 - CMSIS Pack Vendor :STMicroelectronics X-CUBE-NFC6 3.0.0
2024-01-17 12:31:50,014 [INFO] ThirdParty:1030 - CMSIS Pack Vendor :portGmbH I-Cube-SoM-uGOAL 1.1.0
2024-01-17 12:31:50,014 [INFO] ThirdParty:1030 - CMSIS Pack Vendor :STMicroelectronics X-CUBE-ALS 1.0.1
2024-01-17 12:31:50,014 [INFO] ThirdParty:1030 - CMSIS Pack Vendor :STMicroelectronics ThreadX 1.0.0
2024-01-17 12:31:50,014 [INFO] ThirdParty:1030 - CMSIS Pack Vendor :STMicroelectronics FP-SNS-SMARTAG2 1.2.0
2024-01-17 12:31:50,014 [INFO] ThirdParty:1030 - CMSIS Pack Vendor :STMicroelectronics X-CUBE-AZRTOS-WL 2.0.0
2024-01-17 12:31:50,014 [INFO] ThirdParty:1030 - CMSIS Pack Vendor :STMicroelectronics USB_DEVICE 1.0.0
2024-01-17 12:31:50,014 [INFO] ThirdParty:1030 - CMSIS Pack Vendor :STMicroelectronics X-CUBE-AI 8.1.0
2024-01-17 12:31:50,014 [INFO] ThirdParty:1030 - CMSIS Pack Vendor :STMicroelectronics X-CUBE-AZRTOS-L4 2.0.0
2024-01-17 12:31:50,014 [INFO] ThirdParty:1030 - CMSIS Pack Vendor :STMicroelectronics ThreadX 0.0.2
2024-01-17 12:31:50,014 [INFO] ThirdParty:1030 - CMSIS Pack Vendor :WES I-CUBE-Cesium 1.3.0
2024-01-17 12:31:50,014 [INFO] ThirdParty:1030 - CMSIS Pack Vendor :STMicroelectronics FP-ATR-ASTRA1 2.0.0
2024-01-17 12:31:50,014 [INFO] ThirdParty:1030 - CMSIS Pack Vendor :STMicroelectronics lwIP 2.1.2
2024-01-17 12:31:50,014 [INFO] ThirdParty:1030 - CMSIS Pack Vendor :STMicroelectronics X-CUBE-SFXS2LP1 4.0.0
2024-01-17 12:31:50,014 [INFO] ThirdParty:1030 - CMSIS Pack Vendor :STMicroelectronics X-CUBE-BLE2 3.3.0
2024-01-17 12:31:50,014 [INFO] ThirdParty:1030 - CMSIS Pack Vendor :STMicroelectronics X-CUBE-TOF1 3.4.0
2024-01-17 12:31:50,014 [INFO] ThirdParty:1030 - CMSIS Pack Vendor :STMicroelectronics X-CUBE-AZRTOS-H7 3.2.0
2024-01-17 12:31:50,014 [INFO] ThirdParty:1030 - CMSIS Pack Vendor :STMicroelectronics PDM2PCM 3.2.0
2024-01-17 12:31:50,014 [INFO] ThirdParty:841 - exiting critical section [change project]
2024-01-17 12:31:50,063 [INFO] PinOutPanel:1499 - setPackage(No Configuration,No Configuration)
2024-01-17 12:31:50,063 [INFO] PinOutPanel:1499 - setPackage(STM32F042F4Px,TSSOP20)
2024-01-17 12:31:50,636 [INFO] UtilMem:75 - Before build in PCC Used Memory: 847568208 Bytes (1042284544)
2024-01-17 12:31:50,758 [INFO] UtilMem:75 - After build in PCC Used Memory: 356645768 Bytes (1042284544)
2024-01-17 12:31:50,769 [INFO] IPUIPlugin:80 - create IPUIPlugin
2024-01-17 12:31:50,769 [INFO] IPUIPlugin:80 - create IPUIPlugin
2024-01-17 12:31:50,769 [INFO] IPUIPlugin:80 - create IPUIPlugin
2024-01-17 12:31:50,769 [INFO] IPUIPlugin:80 - create IPUIPlugin
2024-01-17 12:31:50,769 [INFO] IPUIPlugin:80 - create IPUIPlugin
2024-01-17 12:31:50,769 [INFO] IPUIPlugin:80 - create IPUIPlugin
2024-01-17 12:31:50,769 [INFO] IPUIPlugin:80 - create IPUIPlugin
2024-01-17 12:31:50,769 [INFO] IPUIPlugin:80 - create IPUIPlugin
2024-01-17 12:31:50,769 [INFO] IPUIPlugin:80 - create IPUIPlugin
2024-01-17 12:31:50,769 [INFO] IPUIPlugin:80 - create IPUIPlugin
2024-01-17 12:31:50,769 [INFO] IPUIPlugin:80 - create IPUIPlugin
2024-01-17 12:31:50,769 [INFO] IPUIPlugin:80 - create IPUIPlugin
2024-01-17 12:31:50,769 [INFO] IPUIPlugin:80 - create IPUIPlugin
2024-01-17 12:31:50,769 [INFO] IPUIPlugin:80 - create IPUIPlugin
2024-01-17 12:31:50,769 [INFO] IPUIPlugin:80 - create IPUIPlugin
2024-01-17 12:31:50,769 [INFO] IPUIPlugin:80 - create IPUIPlugin
2024-01-17 12:31:50,769 [INFO] IPUIPlugin:80 - create IPUIPlugin
2024-01-17 12:31:50,769 [INFO] IPUIPlugin:80 - create IPUIPlugin
2024-01-17 12:31:50,769 [INFO] IPUIPlugin:80 - create IPUIPlugin
2024-01-17 12:31:50,770 [INFO] IPUIPlugin:80 - create IPUIPlugin
2024-01-17 12:31:50,770 [INFO] IPUIPlugin:80 - create IPUIPlugin
2024-01-17 12:31:50,770 [INFO] IPUIPlugin:80 - create IPUIPlugin
2024-01-17 12:31:50,770 [INFO] IPUIPlugin:80 - create IPUIPlugin
2024-01-17 12:31:50,770 [INFO] IPUIPlugin:80 - create IPUIPlugin
2024-01-17 12:31:50,770 [INFO] IPUIPlugin:80 - create IPUIPlugin
2024-01-17 12:31:50,770 [INFO] IPUIPlugin:80 - create IPUIPlugin
2024-01-17 12:31:50,770 [INFO] IPUIPlugin:80 - create IPUIPlugin
2024-01-17 12:31:50,770 [INFO] IPUIPlugin:80 - create IPUIPlugin
2024-01-17 12:31:50,770 [INFO] IPUIPlugin:80 - create IPUIPlugin
2024-01-17 12:31:50,770 [INFO] IPUIPlugin:80 - create IPUIPlugin
2024-01-17 12:31:50,773 [INFO] Can:71 - Can Add PropertyChangeListener com.st.microxplorer.plugins.ip.can.Can@668e8bfc
2024-01-17 12:31:50,806 [INFO] CADModel:165 - CPN selected for project levelSTM32F042F4P6
2024-01-17 12:31:50,806 [INFO] CADModel:114 - Register for checkConnection events
2024-01-17 12:31:50,874 [INFO] OpenFileManager:343 - Restore cursor
2024-01-17 12:33:05,557 [INFO] Gpio:277 - dependency for GPIO [ADC, CAN, RCC, SYS]
2024-01-17 12:33:25,705 [INFO] UtilMem:75 - End SaveConfig() Used Memory: 395860336 Bytes (1042284544)
2024-01-17 12:33:26,335 [INFO] UtilMem:75 - End SaveConfig() Used Memory: 429941104 Bytes (1042284544)
2024-01-17 12:33:26,477 [INFO] BlockDiagram:2759 - set Specific Code input for plugin: ADC
2024-01-17 12:33:26,477 [INFO] BlockDiagram:2759 - set Specific Code input for plugin: NVIC
2024-01-17 12:33:26,477 [INFO] BlockDiagram:2759 - set Specific Code input for plugin: DMA
2024-01-17 12:33:26,477 [INFO] BlockDiagram:2759 - set Specific Code input for plugin: TIM1_8F0
2024-01-17 12:33:26,477 [INFO] BlockDiagram:2759 - set Specific Code input for plugin: SYS
2024-01-17 12:33:26,477 [INFO] BlockDiagram:2759 - set Specific Code input for plugin: GPIO
2024-01-17 12:33:26,477 [INFO] BlockDiagram:2759 - set Specific Code input for plugin: CAN
2024-01-17 12:33:26,477 [INFO] BlockDiagram:2759 - set Specific Code input for plugin: RCC
2024-01-17 12:33:26,478 [INFO] CodeGenerator:807 - code generatio: config db path: C:\ST\STM32CubeIDE_1.13.2\STM32CubeIDE\plugins\com.st.stm32cube.common.mx_6.10.0.202311202037\\db\
2024-01-17 12:33:26,602 [INFO] CodeEngine:255 - oldGeneratedFile, C:\Users\aleja\OneDrive\Escritorio\gettingStartedSTM\newNode\MXTmpFiles\license.tmp_save
2024-01-17 12:33:26,696 [INFO] CodeEngine:279 - Generated code: C:\Users\aleja\OneDrive\Escritorio\gettingStartedSTM\newNode\MXTmpFiles\license.tmp
2024-01-17 12:33:26,751 [INFO] CodeEngine:255 - oldGeneratedFile, C:\Users\aleja\OneDrive\Escritorio\gettingStartedSTM\newNode\MXTmpFiles\gpio.tmp_save
2024-01-17 12:33:26,894 [INFO] CodeEngine:279 - Generated code: C:\Users\aleja\OneDrive\Escritorio\gettingStartedSTM\newNode\MXTmpFiles\gpio.tmp
2024-01-17 12:33:27,138 [INFO] CodeEngine:255 - oldGeneratedFile, C:\Users\aleja\OneDrive\Escritorio\gettingStartedSTM\newNode\MXTmpFiles\dma.tmp_save
2024-01-17 12:33:27,259 [INFO] CodeEngine:279 - Generated code: C:\Users\aleja\OneDrive\Escritorio\gettingStartedSTM\newNode\MXTmpFiles\dma.tmp
2024-01-17 12:33:27,277 [INFO] CodeEngine:255 - oldGeneratedFile, C:\Users\aleja\OneDrive\Escritorio\gettingStartedSTM\newNode\MXTmpFiles\dma_GV.tmp_save
2024-01-17 12:33:27,342 [INFO] CodeEngine:279 - Generated code: C:\Users\aleja\OneDrive\Escritorio\gettingStartedSTM\newNode\MXTmpFiles\dma_GV.tmp
2024-01-17 12:33:27,371 [INFO] CodeEngine:255 - oldGeneratedFile, C:\Users\aleja\OneDrive\Escritorio\gettingStartedSTM\newNode\Core\Src\stm32f0xx_it.c_save
2024-01-17 12:33:27,600 [INFO] CodeEngine:279 - Generated code: C:\Users\aleja\OneDrive\Escritorio\gettingStartedSTM\newNode\Core\Src\stm32f0xx_it.c
2024-01-17 12:33:27,605 [INFO] CodeEngine:255 - oldGeneratedFile, C:\Users\aleja\OneDrive\Escritorio\gettingStartedSTM\newNode\Core\Inc\stm32f0xx_it.h_save
2024-01-17 12:33:27,689 [INFO] CodeEngine:279 - Generated code: C:\Users\aleja\OneDrive\Escritorio\gettingStartedSTM\newNode\Core\Inc\stm32f0xx_it.h
2024-01-17 12:33:27,725 [INFO] CodeEngine:255 - oldGeneratedFile, C:\Users\aleja\OneDrive\Escritorio\gettingStartedSTM\newNode\Core\Src\stm32f0xx_hal_msp.c_save
2024-01-17 12:33:27,867 [INFO] CodeEngine:279 - Generated code: C:\Users\aleja\OneDrive\Escritorio\gettingStartedSTM\newNode\Core\Src\stm32f0xx_hal_msp.c
2024-01-17 12:33:27,875 [INFO] CodeEngine:255 - oldGeneratedFile, C:\Users\aleja\OneDrive\Escritorio\gettingStartedSTM\newNode\MXTmpFiles\system.tmp_save
2024-01-17 12:33:27,953 [INFO] CodeEngine:279 - Generated code: C:\Users\aleja\OneDrive\Escritorio\gettingStartedSTM\newNode\MXTmpFiles\system.tmp
2024-01-17 12:33:27,986 [INFO] CodeEngine:311 - oldGeneratedFile, C:\Users\aleja\OneDrive\Escritorio\gettingStartedSTM\newNode\Core\Inc\stm32f0xx_hal_conf.h_save
2024-01-17 12:33:28,148 [INFO] CodeEngine:335 - Generated code: C:\Users\aleja\OneDrive\Escritorio\gettingStartedSTM\newNode\Core\Inc\stm32f0xx_hal_conf.h
2024-01-17 12:33:28,210 [WARN] IPConfigManager:3440 - IP not found : TIM
2024-01-17 12:33:28,211 [WARN] CodeGenerator:3939 - IP not found : null
2024-01-17 12:33:28,251 [INFO] CodeEngine:255 - oldGeneratedFile, C:\Users\aleja\OneDrive\Escritorio\gettingStartedSTM\newNode\Core\Inc\main.h_save
2024-01-17 12:33:28,396 [INFO] CodeEngine:279 - Generated code: C:\Users\aleja\OneDrive\Escritorio\gettingStartedSTM\newNode\Core\Inc\main.h
2024-01-17 12:33:28,429 [INFO] CodeEngine:255 - oldGeneratedFile, C:\Users\aleja\OneDrive\Escritorio\gettingStartedSTM\newNode\Core\Src\main.c_save
2024-01-17 12:33:28,599 [INFO] CodeEngine:279 - Generated code: C:\Users\aleja\OneDrive\Escritorio\gettingStartedSTM\newNode\Core\Src\main.c
2024-01-17 12:33:29,289 [INFO] ProjectBuilder:3076 - Time for Copy HAL[1] : 319mS.
2024-01-17 12:33:29,294 [INFO] ProjectBuilder:4485 - Project Generator version: 4.2.0-B44
2024-01-17 12:33:29,426 [INFO] ConfigFileManager:1495 - The Die is : DIE445
2024-01-17 12:33:29,437 [INFO] ApiDbMcu:508 - Load IP Config File for FATFS
2024-01-17 12:33:29,464 [INFO] ApiDbMcu:508 - Load IP Config File for FREERTOS
2024-01-17 12:33:29,579 [INFO] ApiDbMcu:508 - Load IP Config File for TOUCHSENSING
2024-01-17 12:33:29,604 [INFO] ApiDbMcu:508 - Load IP Config File for USB_DEVICE
2024-01-17 12:33:31,087 [INFO] ProjectBuilder:4747 - Time for Generating toolchain IDE Files: 1793mS.
2024-01-17 12:33:31,088 [INFO] ProjectBuilder:2947 - Time for Copy CMSIS : 1mS.
2024-01-17 12:33:31,093 [INFO] ProjectBuilder:2947 - Time for Copy CMSIS : 0mS.
2024-01-17 12:33:36,121 [INFO] MainUpdater:2873 - connection check result : 10
2024-01-17 12:33:36,121 [INFO] MainUpdater:2873 - connection check result : 10
2024-01-17 12:33:36,134 [INFO] MicroXplorer:468 - Change Database Path : 
2024-01-17 12:33:36,134 [INFO] MicroXplorer:498 - Change Database Version : DB.6.0.100
2024-01-17 12:33:36,138 [ERROR] ProjectManagerView:394 - 
java.lang.NullPointerException: Cannot invoke "javax.swing.JTextField.getText()" because the return value of "java.util.List.get(int)" is null
	at com.st.microxplorer.plugins.projectmanager.gui.ProjectChoiceTab$10.caretUpdate(ProjectChoiceTab.java:2493) ~[filemanager.jar:?]
	at javax.swing.text.JTextComponent.fireCaretUpdate(JTextComponent.java:412) ~[?:?]
	at javax.swing.text.JTextComponent$MutableCaretEvent.fire(JTextComponent.java:4491) ~[?:?]
	at javax.swing.text.JTextComponent$MutableCaretEvent.stateChanged(JTextComponent.java:4513) ~[?:?]
	at javax.swing.text.DefaultCaret.fireStateChanged(DefaultCaret.java:842) ~[?:?]
	at javax.swing.text.DefaultCaret.changeCaretPosition(DefaultCaret.java:1313) ~[?:?]
	at javax.swing.text.DefaultCaret.handleSetDot(DefaultCaret.java:1212) ~[?:?]
	at javax.swing.text.DefaultCaret.setDot(DefaultCaret.java:1193) ~[?:?]
	at javax.swing.text.DefaultCaret$Handler.insertUpdate(DefaultCaret.java:1789) ~[?:?]
	at javax.swing.text.AbstractDocument.fireInsertUpdate(AbstractDocument.java:226) ~[?:?]
	at javax.swing.text.AbstractDocument.handleInsertString(AbstractDocument.java:780) ~[?:?]
	at javax.swing.text.AbstractDocument.insertString(AbstractDocument.java:739) ~[?:?]
	at javax.swing.text.PlainDocument.insertString(PlainDocument.java:131) ~[?:?]
	at javax.swing.text.AbstractDocument.replace(AbstractDocument.java:698) ~[?:?]
	at javax.swing.text.JTextComponent.setText(JTextComponent.java:1729) ~[?:?]
	at com.st.microxplorer.plugins.projectmanager.gui.ProjectChoiceTab.createHeapStackFields(ProjectChoiceTab.java:933) ~[filemanager.jar:?]
	at com.st.microxplorer.plugins.projectmanager.gui.ProjectChoiceTab.buildLinkSettingsPanel(ProjectChoiceTab.java:3426) ~[filemanager.jar:?]
	at com.st.microxplorer.plugins.projectmanager.gui.ProjectChoiceTab.defineWindowsFields(ProjectChoiceTab.java:1813) ~[filemanager.jar:?]
	at com.st.microxplorer.plugins.projectmanager.gui.ProjectChoiceTab.updateSettings(ProjectChoiceTab.java:533) ~[filemanager.jar:?]
	at com.st.microxplorer.plugins.projectmanager.gui.ProjectSettingsPanel.UpdateDialog(ProjectSettingsPanel.java:244) ~[filemanager.jar:?]
	at com.st.microxplorer.plugins.projectmanager.ProjectManagerView.propertyChange(ProjectManagerView.java:391) ~[filemanager.jar:?]
	at java.beans.PropertyChangeSupport.fire(PropertyChangeSupport.java:343) ~[?:?]
	at java.beans.PropertyChangeSupport.firePropertyChange(PropertyChangeSupport.java:335) ~[?:?]
	at java.beans.PropertyChangeSupport.firePropertyChange(PropertyChangeSupport.java:268) ~[?:?]
	at com.st.microxplorer.util.MXPropertyChangeSupport.firePropertyChange(MXPropertyChangeSupport.java:54) ~[STM32CubeMX.jar:?]
	at com.st.microxplorer.mxsystem.MxSystem.closeConfig(MxSystem.java:900) ~[STM32CubeMX.jar:?]
	at com.st.microxplorer.maingui.MainPanel.closeConfig(MainPanel.java:776) ~[STM32CubeMX.jar:?]
	at com.st.microxplorer.plugins.filemanager.engine.OpenFileManager.loadConfigurationFile(OpenFileManager.java:245) ~[filemanager.jar:?]
	at com.st.microxplorer.plugins.filemanager.engine.MainFileManager.userLoadConfig(MainFileManager.java:290) ~[filemanager.jar:?]
	at com.st.microxplorer.plugins.filemanager.FileManagerView.getSpecificTask(FileManagerView.java:247) ~[filemanager.jar:?]
	at com.st.stm32cube.common.mx.editor.CubeMxEditor.getMxTabbedPaneInstance(CubeMxEditor.java:1184) ~[com.st.stm32cube.common.mx_6.10.0.202311202037/:?]
	at com.st.stm32cube.common.mx.editor.CubeMxEditor$12$1.createSwingComponent(CubeMxEditor.java:1065) ~[com.st.stm32cube.common.mx_6.10.0.202311202037/:?]
	at com.st.stm32cube.common.mx.oss.core.awtswtbridge.EmbeddedSwingComposite.doComponentCreation(EmbeddedSwingComposite.java:492) ~[com.st.stm32cube.common.mx.oss_6.10.0.202311202037/:?]
	at com.st.stm32cube.common.mx.oss.core.awtswtbridge.EmbeddedSwingComposite$4.run(EmbeddedSwingComposite.java:291) ~[com.st.stm32cube.common.mx.oss_6.10.0.202311202037/:?]
	at com.st.stm32cube.common.mx.oss.core.awtswtbridge.AwtEnvironment$2.run(AwtEnvironment.java:166) ~[com.st.stm32cube.common.mx.oss_6.10.0.202311202037/:?]
	at java.awt.event.InvocationEvent.dispatch(InvocationEvent.java:318) ~[?:?]
	at java.awt.EventQueue.dispatchEventImpl(EventQueue.java:773) ~[?:?]
	at java.awt.EventQueue$4.run(EventQueue.java:720) ~[?:?]
	at java.awt.EventQueue$4.run(EventQueue.java:714) ~[?:?]
	at java.security.AccessController.doPrivileged(AccessController.java:399) ~[?:?]
	at java.security.ProtectionDomain$JavaSecurityAccessImpl.doIntersectionPrivilege(ProtectionDomain.java:86) ~[?:?]
	at java.awt.EventQueue.dispatchEvent(EventQueue.java:742) ~[?:?]
	at java.awt.EventDispatchThread.pumpOneEventForFilters(EventDispatchThread.java:203) ~[?:?]
	at java.awt.EventDispatchThread.pumpEventsForFilter(EventDispatchThread.java:124) ~[?:?]
	at java.awt.EventDispatchThread.pumpEventsForHierarchy(EventDispatchThread.java:113) ~[?:?]
	at java.awt.EventDispatchThread.pumpEvents(EventDispatchThread.java:109) ~[?:?]
	at java.awt.EventDispatchThread.pumpEvents(EventDispatchThread.java:101) ~[?:?]
	at java.awt.EventDispatchThread.run(EventDispatchThread.java:90) ~[?:?]
2024-01-17 12:33:36,139 [WARN] ThirdParty:871 - waiting for thirdparty lock release [close project]
2024-01-17 12:33:36,139 [INFO] ThirdParty:873 - entering critical section [close project]
2024-01-17 12:33:36,139 [INFO] ThirdParty:883 - exiting critical section [close project]
2024-01-17 12:33:36,140 [INFO] PinOutPanel:1499 - setPackage(No Configuration,No Configuration)
2024-01-17 12:33:36,142 [INFO] UtilMem:75 - Begin LoadConfig() Used Memory: 459422480 Bytes (1073741824)
2024-01-17 12:33:36,143 [INFO] MicroXplorer:468 - Change Database Path : 
2024-01-17 12:33:36,143 [INFO] MicroXplorer:498 - Change Database Version : DB.6.0.100
2024-01-17 12:33:36,143 [INFO] OpenFileManager:312 - Change cursor
2024-01-17 12:33:36,150 [INFO] RulesReader:64 - Compatibility file has been processed (297 Rules)
2024-01-17 12:33:36,152 [INFO] Mcu:2016 - Initializing MCU STM32F042F4Px STM32F042F4Px STM32F042F4P6
2024-01-17 12:33:36,639 [INFO] Context:659 - Trying to add GPIOservice into a context  which must be forbidden
2024-01-17 12:33:36,720 [INFO] RtosManager:555 - Registered RTOS mode: class=CMSIS, group=RTOS, mode=CMSIS_V1, owner=FREERTOS
2024-01-17 12:33:36,720 [INFO] RtosManager:555 - Registered RTOS mode: class=CMSIS, group=RTOS2, mode=CMSIS_V2, owner=FREERTOS
2024-01-17 12:33:36,720 [INFO] RtosManager:555 - Registered RTOS mode: class=RTOS, group=Core, mode=CMSIS_V1, owner=FREERTOS
2024-01-17 12:33:36,720 [INFO] RtosManager:555 - Registered RTOS mode: class=RTOS, group=Core, mode=CMSIS_V2, owner=FREERTOS
2024-01-17 12:33:36,720 [WARN] ModelIntegratedComponent:184 - Missing modes for component STMicroelectronics:FreeRTOS:0.0.1:STMicroelectronics:RTOS:FreeRTOS:Core:::10.2.0:
2024-01-17 12:33:36,725 [WARN] ModelIntegratedComponent:63 - No mode defined for component null
2024-01-17 12:33:36,725 [WARN] ModelIntegratedComponent:63 - No mode defined for component null
2024-01-17 12:33:36,725 [WARN] ModelIntegratedComponent:63 - No mode defined for component null
2024-01-17 12:33:36,726 [WARN] ModelIntegratedComponent:63 - No mode defined for component null
2024-01-17 12:33:36,726 [WARN] ModelIntegratedComponent:63 - No mode defined for component null
2024-01-17 12:33:36,726 [WARN] ModelIntegratedComponent:63 - No mode defined for component null
2024-01-17 12:33:36,726 [WARN] ModelIntegratedComponent:63 - No mode defined for component null
2024-01-17 12:33:36,726 [WARN] ModelIntegratedComponent:63 - No mode defined for component null
2024-01-17 12:33:36,726 [WARN] ModelIntegratedComponent:63 - No mode defined for component null
2024-01-17 12:33:36,726 [WARN] ModelIntegratedComponent:63 - No mode defined for component null
2024-01-17 12:33:36,726 [WARN] ModelIntegratedComponent:63 - No mode defined for component null
2024-01-17 12:33:36,726 [WARN] ModelIntegratedComponent:63 - No mode defined for component null
2024-01-17 12:33:36,726 [WARN] ModelIntegratedComponent:63 - No mode defined for component null
2024-01-17 12:33:36,726 [WARN] ModelIntegratedComponent:63 - No mode defined for component null
2024-01-17 12:33:36,726 [WARN] ModelIntegratedComponent:63 - No mode defined for component null
2024-01-17 12:33:36,726 [WARN] ModelIntegratedComponent:63 - No mode defined for component null
2024-01-17 12:33:36,726 [WARN] ModelIntegratedComponent:63 - No mode defined for component null
2024-01-17 12:33:36,726 [WARN] ModelIntegratedComponent:63 - No mode defined for component null
2024-01-17 12:33:36,726 [WARN] ModelIntegratedComponent:63 - No mode defined for component null
2024-01-17 12:33:36,726 [WARN] ModelIntegratedComponent:63 - No mode defined for component null
2024-01-17 12:33:36,726 [WARN] ModelIntegratedComponent:63 - No mode defined for component null
2024-01-17 12:33:36,726 [WARN] ModelIntegratedComponent:63 - No mode defined for component null
2024-01-17 12:33:36,726 [WARN] ModelIntegratedComponent:63 - No mode defined for component null
2024-01-17 12:33:36,726 [WARN] ModelIntegratedComponent:63 - No mode defined for component null
2024-01-17 12:33:36,726 [WARN] ModelIntegratedComponent:63 - No mode defined for component null
2024-01-17 12:33:36,726 [WARN] ModelIntegratedComponent:63 - No mode defined for component null
2024-01-17 12:33:36,726 [WARN] ModelIntegratedComponent:63 - No mode defined for component null
2024-01-17 12:33:36,726 [WARN] ModelIntegratedComponent:63 - No mode defined for component null
2024-01-17 12:33:36,726 [WARN] ModelIntegratedComponent:63 - No mode defined for component null
2024-01-17 12:33:36,726 [WARN] ModelIntegratedComponent:63 - No mode defined for component null
2024-01-17 12:33:36,726 [WARN] ModelIntegratedComponent:63 - No mode defined for component null
2024-01-17 12:33:36,726 [WARN] ModelIntegratedComponent:63 - No mode defined for component null
2024-01-17 12:33:36,726 [WARN] ModelIntegratedComponent:63 - No mode defined for component null
2024-01-17 12:33:36,779 [INFO] ThirdPartyModel:298 - Start build external matchings
2024-01-17 12:33:36,918 [INFO] ThirdPartyModel:316 - End build external matchings
2024-01-17 12:33:36,922 [INFO] ImportTextPane:194 - (OptionalMessage_ERROR) IP (DMA) : Parameter (Instance) has Id (ADC) currently not set
2024-01-17 12:33:36,922 [INFO] ImportTextPane:194 - (OptionalMessage_ERROR) IP (DMA) : Parameter (Direction) has Id (ADC) currently not set
2024-01-17 12:33:36,922 [INFO] ImportTextPane:194 - (OptionalMessage_ERROR) IP (DMA) : Parameter (PeriphInc) has Id (ADC) currently not set
2024-01-17 12:33:36,922 [INFO] ImportTextPane:194 - (OptionalMessage_ERROR) IP (DMA) : Parameter (MemInc) has Id (ADC) currently not set
2024-01-17 12:33:36,922 [INFO] ImportTextPane:194 - (OptionalMessage_ERROR) IP (DMA) : Parameter (PeriphDataAlignment) has Id (ADC) currently not set
2024-01-17 12:33:36,922 [INFO] ImportTextPane:194 - (OptionalMessage_ERROR) IP (DMA) : Parameter (MemDataAlignment) has Id (ADC) currently not set
2024-01-17 12:33:36,922 [INFO] ImportTextPane:194 - (OptionalMessage_ERROR) IP (DMA) : Parameter (Mode) has Id (ADC) currently not set
2024-01-17 12:33:36,922 [INFO] ImportTextPane:194 - (OptionalMessage_ERROR) IP (DMA) : Parameter (Priority) has Id (ADC) currently not set
2024-01-17 12:33:36,922 [INFO] ImportTextPane:194 - (OptionalMessage_ERROR) IP (RCC) : Invalid parameter (FamilyName)
2024-01-17 12:33:36,922 [INFO] ImportTextPane:194 - (OptionalMessage_ERROR) IP (RCC) : Invalid parameter (HSICECFreq_Value)
2024-01-17 12:33:37,092 [INFO] UtilMem:75 - End LoadConfig() Used Memory: 367796440 Bytes (1073741824)
2024-01-17 12:33:37,153 [INFO] MicroXplorer:468 - Change Database Path : 
2024-01-17 12:33:37,153 [INFO] MicroXplorer:498 - Change Database Version : DB.6.0.100
2024-01-17 12:33:37,153 [WARN] ThirdParty:833 - waiting for thirdparty lock release [change project]
2024-01-17 12:33:37,154 [INFO] ThirdParty:835 - entering critical section [change project]
2024-01-17 12:33:37,154 [INFO] ThirdParty:1030 - CMSIS Pack Vendor :STMicroelectronics X-CUBE-ISPU 1.1.0
2024-01-17 12:33:37,154 [INFO] ThirdParty:1030 - CMSIS Pack Vendor :STMicroelectronics USBPD 4.1
2024-01-17 12:33:37,154 [INFO] ThirdParty:1030 - CMSIS Pack Vendor :STMicroelectronics X-CUBE-GNSS1 6.0.0
2024-01-17 12:33:37,154 [INFO] ThirdParty:1030 - CMSIS Pack Vendor :STMicroelectronics USB_HOST 2.0.0
2024-01-17 12:33:37,154 [INFO] ThirdParty:1030 - CMSIS Pack Vendor :STMicroelectronics X-CUBE-AZRTOS-F4 1.1.0
2024-01-17 12:33:37,154 [INFO] ThirdParty:1030 - CMSIS Pack Vendor :STMicroelectronics LIBJPEG 8.0.0
2024-01-17 12:33:37,154 [INFO] ThirdParty:1030 - CMSIS Pack Vendor :wolfSSL I-CUBE-wolfSSL 5.6.4
2024-01-17 12:33:37,154 [INFO] ThirdParty:1030 - CMSIS Pack Vendor :STMicroelectronics X-CUBE-SMBUS 2.1.0
2024-01-17 12:33:37,154 [INFO] ThirdParty:1030 - CMSIS Pack Vendor :STMicroelectronics USB_DEVICE 3.0.0
2024-01-17 12:33:37,154 [INFO] ThirdParty:1030 - CMSIS Pack Vendor :STMicroelectronics X-CUBE-AZRTOS-WB 2.0.0
2024-01-17 12:33:37,154 [INFO] ThirdParty:1030 - CMSIS Pack Vendor :STMicroelectronics X-CUBE-TOUCHGFX 4.23.0
2024-01-17 12:33:37,154 [INFO] ThirdParty:1030 - CMSIS Pack Vendor :STMicroelectronics X-CUBE-AZRTOS-F7 1.1.0
2024-01-17 12:33:37,154 [INFO] ThirdParty:1030 - CMSIS Pack Vendor :STMicroelectronics X-CUBE-AZRTOS-L5 2.0.0
2024-01-17 12:33:37,154 [INFO] ThirdParty:1030 - CMSIS Pack Vendor :STMicroelectronics USB_DEVICE 2.0.0
2024-01-17 12:33:37,154 [INFO] ThirdParty:1030 - CMSIS Pack Vendor :STMicroelectronics X-CUBE-EEPRMA1 4.2.0
2024-01-17 12:33:37,154 [INFO] ThirdParty:1030 - CMSIS Pack Vendor :ITTIA_DB I-CUBE-ITTIADB 8.8.0
2024-01-17 12:33:37,154 [INFO] ThirdParty:1030 - CMSIS Pack Vendor :STMicroelectronics FP-SNS-MOTENV1 4.3.2
2024-01-17 12:33:37,154 [INFO] ThirdParty:1030 - CMSIS Pack Vendor :STMicroelectronics X-CUBE-ALGOBUILD 1.3.0
2024-01-17 12:33:37,155 [INFO] ThirdParty:1030 - CMSIS Pack Vendor :STMicroelectronics FreeRTOS 0.0.1
2024-01-17 12:33:37,155 [INFO] ThirdParty:1030 - CMSIS Pack Vendor :STMicroelectronics X-CUBE-AZRTOS-G0 1.1.0
2024-01-17 12:33:37,155 [INFO] ThirdParty:1030 - CMSIS Pack Vendor :STMicroelectronics X-CUBE-NFC4 3.0.0
2024-01-17 12:33:37,155 [INFO] ThirdParty:1030 - CMSIS Pack Vendor :STMicroelectronics X-CUBE-SUBG2 5.0.0
2024-01-17 12:33:37,155 [INFO] ThirdParty:1030 - CMSIS Pack Vendor :STMicroelectronics STM32_WPAN 1.0.0
2024-01-17 12:33:37,155 [INFO] ThirdParty:1030 - CMSIS Pack Vendor :STMicroelectronics lwIP 2.0.3
2024-01-17 12:33:37,155 [INFO] ThirdParty:1030 - CMSIS Pack Vendor :STMicroelectronics FP-SNS-FLIGHT1 5.0.2
2024-01-17 12:33:37,155 [INFO] ThirdParty:1030 - CMSIS Pack Vendor :STMicroelectronics USB_HOST 1.0.0
2024-01-17 12:33:37,155 [INFO] ThirdParty:1030 - CMSIS Pack Vendor :STMicroelectronics X-CUBE-AZRTOS-G4 2.0.0
2024-01-17 12:33:37,155 [INFO] ThirdParty:1030 - CMSIS Pack Vendor :STMicroelectronics PDM2PCM 3.1.0
2024-01-17 12:33:37,155 [INFO] ThirdParty:1030 - CMSIS Pack Vendor :STMicroelectronics X-CUBE-AZRTOS-H7 3.1.0
2024-01-17 12:33:37,155 [INFO] ThirdParty:1030 - CMSIS Pack Vendor :Infineon AIROC-Wi-Fi-Bluetooth-STM32 1.5.1
2024-01-17 12:33:37,155 [INFO] ThirdParty:1030 - CMSIS Pack Vendor :STMicroelectronics X-CUBE-BLEMGR 3.0.0
2024-01-17 12:33:37,155 [INFO] ThirdParty:1030 - CMSIS Pack Vendor :STMicroelectronics PDM2PCM 3.3.0
2024-01-17 12:33:37,155 [INFO] ThirdParty:1030 - CMSIS Pack Vendor :STMicroelectronics X-CUBE-DISPLAY 3.0.0
2024-01-17 12:33:37,155 [INFO] ThirdParty:1030 - CMSIS Pack Vendor :STMicroelectronics FP-SNS-MOTENVWB1 1.3.1
2024-01-17 12:33:37,155 [INFO] ThirdParty:1030 - CMSIS Pack Vendor :STMicroelectronics X-CUBE-BLE1 7.0.0
2024-01-17 12:33:37,155 [INFO] ThirdParty:1030 - CMSIS Pack Vendor :STMicroelectronics FP-ATR-SIGFOX1 3.2.0
2024-01-17 12:33:37,155 [INFO] ThirdParty:1030 - CMSIS Pack Vendor :STMicroelectronics X-CUBE-ISPU 2.0.0
2024-01-17 12:33:37,155 [INFO] ThirdParty:1030 - CMSIS Pack Vendor :STMicroelectronics HAL Drivers 0.0.0
2024-01-17 12:33:37,155 [INFO] ThirdParty:1030 - CMSIS Pack Vendor :STMicroelectronics MBEDTLS 2.16.2
2024-01-17 12:33:37,155 [INFO] ThirdParty:1030 - CMSIS Pack Vendor :emotas I-CUBE-CANOPEN 1.3.0
2024-01-17 12:33:37,155 [INFO] ThirdParty:1030 - CMSIS Pack Vendor :STMicroelectronics X-CUBE-MEMS1 10.0.0
2024-01-17 12:33:37,155 [INFO] ThirdParty:1030 - CMSIS Pack Vendor :STMicroelectronics X-CUBE-FREERTOS 1.1.0
2024-01-17 12:33:37,155 [INFO] ThirdParty:1030 - CMSIS Pack Vendor :STMicroelectronics X-CUBE-NFC7 1.0.1
2024-01-17 12:33:37,155 [INFO] ThirdParty:1030 - CMSIS Pack Vendor :STMicroelectronics MBEDTLS 2.14.1
2024-01-17 12:33:37,155 [INFO] ThirdParty:1030 - CMSIS Pack Vendor :STMicroelectronics X-CUBE-TOUCHGFX 4.22.1
2024-01-17 12:33:37,155 [INFO] ThirdParty:1030 - CMSIS Pack Vendor :STMicroelectronics X-CUBE-NFC6 3.0.0
2024-01-17 12:33:37,155 [INFO] ThirdParty:1030 - CMSIS Pack Vendor :portGmbH I-Cube-SoM-uGOAL 1.1.0
2024-01-17 12:33:37,155 [INFO] ThirdParty:1030 - CMSIS Pack Vendor :STMicroelectronics X-CUBE-ALS 1.0.1
2024-01-17 12:33:37,155 [INFO] ThirdParty:1030 - CMSIS Pack Vendor :STMicroelectronics ThreadX 1.0.0
2024-01-17 12:33:37,155 [INFO] ThirdParty:1030 - CMSIS Pack Vendor :STMicroelectronics FP-SNS-SMARTAG2 1.2.0
2024-01-17 12:33:37,155 [INFO] ThirdParty:1030 - CMSIS Pack Vendor :STMicroelectronics X-CUBE-AZRTOS-WL 2.0.0
2024-01-17 12:33:37,155 [INFO] ThirdParty:1030 - CMSIS Pack Vendor :STMicroelectronics USB_DEVICE 1.0.0
2024-01-17 12:33:37,155 [INFO] ThirdParty:1030 - CMSIS Pack Vendor :STMicroelectronics X-CUBE-AI 8.1.0
2024-01-17 12:33:37,155 [INFO] ThirdParty:1030 - CMSIS Pack Vendor :STMicroelectronics X-CUBE-AZRTOS-L4 2.0.0
2024-01-17 12:33:37,155 [INFO] ThirdParty:1030 - CMSIS Pack Vendor :STMicroelectronics ThreadX 0.0.2
2024-01-17 12:33:37,155 [INFO] ThirdParty:1030 - CMSIS Pack Vendor :WES I-CUBE-Cesium 1.3.0
2024-01-17 12:33:37,155 [INFO] ThirdParty:1030 - CMSIS Pack Vendor :STMicroelectronics FP-ATR-ASTRA1 2.0.0
2024-01-17 12:33:37,155 [INFO] ThirdParty:1030 - CMSIS Pack Vendor :STMicroelectronics lwIP 2.1.2
2024-01-17 12:33:37,155 [INFO] ThirdParty:1030 - CMSIS Pack Vendor :STMicroelectronics X-CUBE-SFXS2LP1 4.0.0
2024-01-17 12:33:37,155 [INFO] ThirdParty:1030 - CMSIS Pack Vendor :STMicroelectronics X-CUBE-BLE2 3.3.0
2024-01-17 12:33:37,155 [INFO] ThirdParty:1030 - CMSIS Pack Vendor :STMicroelectronics X-CUBE-TOF1 3.4.0
2024-01-17 12:33:37,155 [INFO] ThirdParty:1030 - CMSIS Pack Vendor :STMicroelectronics X-CUBE-AZRTOS-H7 3.2.0
2024-01-17 12:33:37,155 [INFO] ThirdParty:1030 - CMSIS Pack Vendor :STMicroelectronics PDM2PCM 3.2.0
2024-01-17 12:33:37,156 [INFO] ThirdParty:841 - exiting critical section [change project]
2024-01-17 12:33:37,196 [INFO] PinOutPanel:1499 - setPackage(No Configuration,No Configuration)
2024-01-17 12:33:37,196 [INFO] PinOutPanel:1499 - setPackage(STM32F042F4Px,TSSOP20)
2024-01-17 12:33:37,886 [INFO] UtilMem:75 - Before build in PCC Used Memory: 499985776 Bytes (1073741824)
2024-01-17 12:33:37,993 [INFO] UtilMem:75 - After build in PCC Used Memory: 541934976 Bytes (1073741824)
2024-01-17 12:33:38,002 [INFO] IPUIPlugin:80 - create IPUIPlugin
2024-01-17 12:33:38,002 [INFO] IPUIPlugin:80 - create IPUIPlugin
2024-01-17 12:33:38,002 [INFO] IPUIPlugin:80 - create IPUIPlugin
2024-01-17 12:33:38,002 [INFO] IPUIPlugin:80 - create IPUIPlugin
2024-01-17 12:33:38,002 [INFO] IPUIPlugin:80 - create IPUIPlugin
2024-01-17 12:33:38,002 [INFO] IPUIPlugin:80 - create IPUIPlugin
2024-01-17 12:33:38,002 [INFO] IPUIPlugin:80 - create IPUIPlugin
2024-01-17 12:33:38,003 [INFO] IPUIPlugin:80 - create IPUIPlugin
2024-01-17 12:33:38,003 [INFO] IPUIPlugin:80 - create IPUIPlugin
2024-01-17 12:33:38,003 [INFO] IPUIPlugin:80 - create IPUIPlugin
2024-01-17 12:33:38,003 [INFO] IPUIPlugin:80 - create IPUIPlugin
2024-01-17 12:33:38,003 [INFO] IPUIPlugin:80 - create IPUIPlugin
2024-01-17 12:33:38,003 [INFO] IPUIPlugin:80 - create IPUIPlugin
2024-01-17 12:33:38,003 [INFO] IPUIPlugin:80 - create IPUIPlugin
2024-01-17 12:33:38,003 [INFO] IPUIPlugin:80 - create IPUIPlugin
2024-01-17 12:33:38,003 [INFO] IPUIPlugin:80 - create IPUIPlugin
2024-01-17 12:33:38,003 [INFO] IPUIPlugin:80 - create IPUIPlugin
2024-01-17 12:33:38,003 [INFO] IPUIPlugin:80 - create IPUIPlugin
2024-01-17 12:33:38,003 [INFO] IPUIPlugin:80 - create IPUIPlugin
2024-01-17 12:33:38,004 [INFO] IPUIPlugin:80 - create IPUIPlugin
2024-01-17 12:33:38,004 [INFO] IPUIPlugin:80 - create IPUIPlugin
2024-01-17 12:33:38,004 [INFO] IPUIPlugin:80 - create IPUIPlugin
2024-01-17 12:33:38,004 [INFO] IPUIPlugin:80 - create IPUIPlugin
2024-01-17 12:33:38,004 [INFO] IPUIPlugin:80 - create IPUIPlugin
2024-01-17 12:33:38,004 [INFO] IPUIPlugin:80 - create IPUIPlugin
2024-01-17 12:33:38,004 [INFO] IPUIPlugin:80 - create IPUIPlugin
2024-01-17 12:33:38,004 [INFO] IPUIPlugin:80 - create IPUIPlugin
2024-01-17 12:33:38,004 [INFO] IPUIPlugin:80 - create IPUIPlugin
2024-01-17 12:33:38,004 [INFO] IPUIPlugin:80 - create IPUIPlugin
2024-01-17 12:33:38,004 [INFO] IPUIPlugin:80 - create IPUIPlugin
2024-01-17 12:33:38,006 [INFO] Can:71 - Can Add PropertyChangeListener com.st.microxplorer.plugins.ip.can.Can@6f4a489
2024-01-17 12:33:38,024 [INFO] CADModel:165 - CPN selected for project levelSTM32F042F4P6
2024-01-17 12:33:38,024 [INFO] CADModel:114 - Register for checkConnection events
2024-01-17 12:33:38,090 [INFO] OpenFileManager:343 - Restore cursor
2024-01-17 12:33:42,302 [INFO] Gpio:277 - dependency for GPIO [ADC, CAN, RCC, SYS]
2024-01-17 12:34:20,875 [INFO] MainUpdater:2873 - connection check result : 10
2024-01-17 12:34:20,875 [INFO] MainUpdater:2873 - connection check result : 10
2024-01-17 12:34:20,891 [INFO] MicroXplorer:468 - Change Database Path : 
2024-01-17 12:34:20,891 [INFO] MicroXplorer:498 - Change Database Version : DB.6.0.100
2024-01-17 12:34:20,894 [ERROR] ProjectManagerView:394 - 
java.lang.NullPointerException: Cannot invoke "javax.swing.JTextField.getText()" because the return value of "java.util.List.get(int)" is null
	at com.st.microxplorer.plugins.projectmanager.gui.ProjectChoiceTab$10.caretUpdate(ProjectChoiceTab.java:2493) ~[filemanager.jar:?]
	at javax.swing.text.JTextComponent.fireCaretUpdate(JTextComponent.java:412) ~[?:?]
	at javax.swing.text.JTextComponent$MutableCaretEvent.fire(JTextComponent.java:4491) ~[?:?]
	at javax.swing.text.JTextComponent$MutableCaretEvent.stateChanged(JTextComponent.java:4513) ~[?:?]
	at javax.swing.text.DefaultCaret.fireStateChanged(DefaultCaret.java:842) ~[?:?]
	at javax.swing.text.DefaultCaret.changeCaretPosition(DefaultCaret.java:1313) ~[?:?]
	at javax.swing.text.DefaultCaret.handleSetDot(DefaultCaret.java:1212) ~[?:?]
	at javax.swing.text.DefaultCaret.setDot(DefaultCaret.java:1193) ~[?:?]
	at javax.swing.text.DefaultCaret$Handler.insertUpdate(DefaultCaret.java:1789) ~[?:?]
	at javax.swing.text.AbstractDocument.fireInsertUpdate(AbstractDocument.java:226) ~[?:?]
	at javax.swing.text.AbstractDocument.handleInsertString(AbstractDocument.java:780) ~[?:?]
	at javax.swing.text.AbstractDocument.insertString(AbstractDocument.java:739) ~[?:?]
	at javax.swing.text.PlainDocument.insertString(PlainDocument.java:131) ~[?:?]
	at javax.swing.text.AbstractDocument.replace(AbstractDocument.java:698) ~[?:?]
	at javax.swing.text.JTextComponent.setText(JTextComponent.java:1729) ~[?:?]
	at com.st.microxplorer.plugins.projectmanager.gui.ProjectChoiceTab.createHeapStackFields(ProjectChoiceTab.java:933) ~[filemanager.jar:?]
	at com.st.microxplorer.plugins.projectmanager.gui.ProjectChoiceTab.buildLinkSettingsPanel(ProjectChoiceTab.java:3426) ~[filemanager.jar:?]
	at com.st.microxplorer.plugins.projectmanager.gui.ProjectChoiceTab.defineWindowsFields(ProjectChoiceTab.java:1813) ~[filemanager.jar:?]
	at com.st.microxplorer.plugins.projectmanager.gui.ProjectChoiceTab.updateSettings(ProjectChoiceTab.java:533) ~[filemanager.jar:?]
	at com.st.microxplorer.plugins.projectmanager.gui.ProjectSettingsPanel.UpdateDialog(ProjectSettingsPanel.java:244) ~[filemanager.jar:?]
	at com.st.microxplorer.plugins.projectmanager.ProjectManagerView.propertyChange(ProjectManagerView.java:391) ~[filemanager.jar:?]
	at java.beans.PropertyChangeSupport.fire(PropertyChangeSupport.java:343) ~[?:?]
	at java.beans.PropertyChangeSupport.firePropertyChange(PropertyChangeSupport.java:335) ~[?:?]
	at java.beans.PropertyChangeSupport.firePropertyChange(PropertyChangeSupport.java:268) ~[?:?]
	at com.st.microxplorer.util.MXPropertyChangeSupport.firePropertyChange(MXPropertyChangeSupport.java:54) ~[STM32CubeMX.jar:?]
	at com.st.microxplorer.mxsystem.MxSystem.closeConfig(MxSystem.java:900) ~[STM32CubeMX.jar:?]
	at com.st.microxplorer.maingui.MainPanel.closeConfig(MainPanel.java:776) ~[STM32CubeMX.jar:?]
	at com.st.microxplorer.plugins.filemanager.engine.OpenFileManager.loadConfigurationFile(OpenFileManager.java:245) ~[filemanager.jar:?]
	at com.st.microxplorer.plugins.filemanager.engine.MainFileManager.userLoadConfig(MainFileManager.java:290) ~[filemanager.jar:?]
	at com.st.microxplorer.plugins.filemanager.FileManagerView.getSpecificTask(FileManagerView.java:247) ~[filemanager.jar:?]
	at com.st.stm32cube.common.mx.editor.CubeMxEditor.getMxTabbedPaneInstance(CubeMxEditor.java:1184) ~[com.st.stm32cube.common.mx_6.10.0.202311202037/:?]
	at com.st.stm32cube.common.mx.editor.CubeMxEditor$12$1.createSwingComponent(CubeMxEditor.java:1065) ~[com.st.stm32cube.common.mx_6.10.0.202311202037/:?]
	at com.st.stm32cube.common.mx.oss.core.awtswtbridge.EmbeddedSwingComposite.doComponentCreation(EmbeddedSwingComposite.java:492) ~[com.st.stm32cube.common.mx.oss_6.10.0.202311202037/:?]
	at com.st.stm32cube.common.mx.oss.core.awtswtbridge.EmbeddedSwingComposite$4.run(EmbeddedSwingComposite.java:291) ~[com.st.stm32cube.common.mx.oss_6.10.0.202311202037/:?]
	at com.st.stm32cube.common.mx.oss.core.awtswtbridge.AwtEnvironment$2.run(AwtEnvironment.java:166) ~[com.st.stm32cube.common.mx.oss_6.10.0.202311202037/:?]
	at java.awt.event.InvocationEvent.dispatch(InvocationEvent.java:318) ~[?:?]
	at java.awt.EventQueue.dispatchEventImpl(EventQueue.java:773) ~[?:?]
	at java.awt.EventQueue$4.run(EventQueue.java:720) ~[?:?]
	at java.awt.EventQueue$4.run(EventQueue.java:714) ~[?:?]
	at java.security.AccessController.doPrivileged(AccessController.java:399) ~[?:?]
	at java.security.ProtectionDomain$JavaSecurityAccessImpl.doIntersectionPrivilege(ProtectionDomain.java:86) ~[?:?]
	at java.awt.EventQueue.dispatchEvent(EventQueue.java:742) ~[?:?]
	at java.awt.EventDispatchThread.pumpOneEventForFilters(EventDispatchThread.java:203) ~[?:?]
	at java.awt.EventDispatchThread.pumpEventsForFilter(EventDispatchThread.java:124) ~[?:?]
	at java.awt.EventDispatchThread.pumpEventsForHierarchy(EventDispatchThread.java:113) ~[?:?]
	at java.awt.EventDispatchThread.pumpEvents(EventDispatchThread.java:109) ~[?:?]
	at java.awt.EventDispatchThread.pumpEvents(EventDispatchThread.java:101) ~[?:?]
	at java.awt.EventDispatchThread.run(EventDispatchThread.java:90) ~[?:?]
2024-01-17 12:34:20,895 [WARN] ThirdParty:871 - waiting for thirdparty lock release [close project]
2024-01-17 12:34:20,895 [INFO] ThirdParty:873 - entering critical section [close project]
2024-01-17 12:34:20,895 [INFO] ThirdParty:883 - exiting critical section [close project]
2024-01-17 12:34:20,895 [INFO] PinOutPanel:1499 - setPackage(No Configuration,No Configuration)
2024-01-17 12:34:20,896 [INFO] UtilMem:75 - Begin LoadConfig() Used Memory: 413756144 Bytes (1073741824)
2024-01-17 12:34:20,896 [INFO] MicroXplorer:468 - Change Database Path : 
2024-01-17 12:34:20,896 [INFO] MicroXplorer:498 - Change Database Version : DB.6.0.100
2024-01-17 12:34:20,896 [INFO] OpenFileManager:312 - Change cursor
2024-01-17 12:34:20,900 [INFO] Mcu:2016 - Initializing MCU STM32F042F4Px STM32F042F4Px STM32F042F4P6
2024-01-17 12:34:21,356 [INFO] Context:659 - Trying to add GPIOservice into a context  which must be forbidden
2024-01-17 12:34:21,428 [INFO] RtosManager:555 - Registered RTOS mode: class=CMSIS, group=RTOS, mode=CMSIS_V1, owner=FREERTOS
2024-01-17 12:34:21,428 [INFO] RtosManager:555 - Registered RTOS mode: class=CMSIS, group=RTOS2, mode=CMSIS_V2, owner=FREERTOS
2024-01-17 12:34:21,428 [INFO] RtosManager:555 - Registered RTOS mode: class=RTOS, group=Core, mode=CMSIS_V1, owner=FREERTOS
2024-01-17 12:34:21,428 [INFO] RtosManager:555 - Registered RTOS mode: class=RTOS, group=Core, mode=CMSIS_V2, owner=FREERTOS
2024-01-17 12:34:21,428 [WARN] ModelIntegratedComponent:184 - Missing modes for component STMicroelectronics:FreeRTOS:0.0.1:STMicroelectronics:RTOS:FreeRTOS:Core:::10.2.0:
2024-01-17 12:34:21,431 [WARN] ModelIntegratedComponent:63 - No mode defined for component null
2024-01-17 12:34:21,431 [WARN] ModelIntegratedComponent:63 - No mode defined for component null
2024-01-17 12:34:21,431 [WARN] ModelIntegratedComponent:63 - No mode defined for component null
2024-01-17 12:34:21,431 [WARN] ModelIntegratedComponent:63 - No mode defined for component null
2024-01-17 12:34:21,431 [WARN] ModelIntegratedComponent:63 - No mode defined for component null
2024-01-17 12:34:21,431 [WARN] ModelIntegratedComponent:63 - No mode defined for component null
2024-01-17 12:34:21,431 [WARN] ModelIntegratedComponent:63 - No mode defined for component null
2024-01-17 12:34:21,431 [WARN] ModelIntegratedComponent:63 - No mode defined for component null
2024-01-17 12:34:21,431 [WARN] ModelIntegratedComponent:63 - No mode defined for component null
2024-01-17 12:34:21,431 [WARN] ModelIntegratedComponent:63 - No mode defined for component null
2024-01-17 12:34:21,431 [WARN] ModelIntegratedComponent:63 - No mode defined for component null
2024-01-17 12:34:21,431 [WARN] ModelIntegratedComponent:63 - No mode defined for component null
2024-01-17 12:34:21,431 [WARN] ModelIntegratedComponent:63 - No mode defined for component null
2024-01-17 12:34:21,431 [WARN] ModelIntegratedComponent:63 - No mode defined for component null
2024-01-17 12:34:21,431 [WARN] ModelIntegratedComponent:63 - No mode defined for component null
2024-01-17 12:34:21,432 [WARN] ModelIntegratedComponent:63 - No mode defined for component null
2024-01-17 12:34:21,432 [WARN] ModelIntegratedComponent:63 - No mode defined for component null
2024-01-17 12:34:21,432 [WARN] ModelIntegratedComponent:63 - No mode defined for component null
2024-01-17 12:34:21,432 [WARN] ModelIntegratedComponent:63 - No mode defined for component null
2024-01-17 12:34:21,432 [WARN] ModelIntegratedComponent:63 - No mode defined for component null
2024-01-17 12:34:21,432 [WARN] ModelIntegratedComponent:63 - No mode defined for component null
2024-01-17 12:34:21,432 [WARN] ModelIntegratedComponent:63 - No mode defined for component null
2024-01-17 12:34:21,432 [WARN] ModelIntegratedComponent:63 - No mode defined for component null
2024-01-17 12:34:21,432 [WARN] ModelIntegratedComponent:63 - No mode defined for component null
2024-01-17 12:34:21,432 [WARN] ModelIntegratedComponent:63 - No mode defined for component null
2024-01-17 12:34:21,432 [WARN] ModelIntegratedComponent:63 - No mode defined for component null
2024-01-17 12:34:21,432 [WARN] ModelIntegratedComponent:63 - No mode defined for component null
2024-01-17 12:34:21,432 [WARN] ModelIntegratedComponent:63 - No mode defined for component null
2024-01-17 12:34:21,432 [WARN] ModelIntegratedComponent:63 - No mode defined for component null
2024-01-17 12:34:21,432 [WARN] ModelIntegratedComponent:63 - No mode defined for component null
2024-01-17 12:34:21,432 [WARN] ModelIntegratedComponent:63 - No mode defined for component null
2024-01-17 12:34:21,432 [WARN] ModelIntegratedComponent:63 - No mode defined for component null
2024-01-17 12:34:21,432 [WARN] ModelIntegratedComponent:63 - No mode defined for component null
2024-01-17 12:34:21,475 [INFO] ThirdPartyModel:298 - Start build external matchings
2024-01-17 12:34:21,618 [INFO] ThirdPartyModel:316 - End build external matchings
2024-01-17 12:34:21,620 [INFO] ImportTextPane:194 - (OptionalMessage_ERROR) IP (DMA) : Parameter (Instance) has Id (ADC) currently not set
2024-01-17 12:34:21,620 [INFO] ImportTextPane:194 - (OptionalMessage_ERROR) IP (DMA) : Parameter (Direction) has Id (ADC) currently not set
2024-01-17 12:34:21,620 [INFO] ImportTextPane:194 - (OptionalMessage_ERROR) IP (DMA) : Parameter (PeriphInc) has Id (ADC) currently not set
2024-01-17 12:34:21,620 [INFO] ImportTextPane:194 - (OptionalMessage_ERROR) IP (DMA) : Parameter (MemInc) has Id (ADC) currently not set
2024-01-17 12:34:21,621 [INFO] ImportTextPane:194 - (OptionalMessage_ERROR) IP (DMA) : Parameter (PeriphDataAlignment) has Id (ADC) currently not set
2024-01-17 12:34:21,621 [INFO] ImportTextPane:194 - (OptionalMessage_ERROR) IP (DMA) : Parameter (MemDataAlignment) has Id (ADC) currently not set
2024-01-17 12:34:21,621 [INFO] ImportTextPane:194 - (OptionalMessage_ERROR) IP (DMA) : Parameter (Mode) has Id (ADC) currently not set
2024-01-17 12:34:21,621 [INFO] ImportTextPane:194 - (OptionalMessage_ERROR) IP (DMA) : Parameter (Priority) has Id (ADC) currently not set
2024-01-17 12:34:21,621 [INFO] ImportTextPane:194 - (OptionalMessage_ERROR) IP (RCC) : Invalid parameter (FamilyName)
2024-01-17 12:34:21,621 [INFO] ImportTextPane:194 - (OptionalMessage_ERROR) IP (RCC) : Invalid parameter (HSICECFreq_Value)
2024-01-17 12:34:21,767 [INFO] UtilMem:75 - End LoadConfig() Used Memory: 558720928 Bytes (1073741824)
2024-01-17 12:34:21,838 [INFO] MicroXplorer:468 - Change Database Path : 
2024-01-17 12:34:21,838 [INFO] MicroXplorer:498 - Change Database Version : DB.6.0.100
2024-01-17 12:34:21,838 [WARN] ThirdParty:833 - waiting for thirdparty lock release [change project]
2024-01-17 12:34:21,838 [INFO] ThirdParty:835 - entering critical section [change project]
2024-01-17 12:34:21,838 [INFO] ThirdParty:1030 - CMSIS Pack Vendor :STMicroelectronics X-CUBE-ISPU 1.1.0
2024-01-17 12:34:21,840 [INFO] ThirdParty:1030 - CMSIS Pack Vendor :STMicroelectronics USBPD 4.1
2024-01-17 12:34:21,840 [INFO] ThirdParty:1030 - CMSIS Pack Vendor :STMicroelectronics X-CUBE-GNSS1 6.0.0
2024-01-17 12:34:21,840 [INFO] ThirdParty:1030 - CMSIS Pack Vendor :STMicroelectronics USB_HOST 2.0.0
2024-01-17 12:34:21,840 [INFO] ThirdParty:1030 - CMSIS Pack Vendor :STMicroelectronics X-CUBE-AZRTOS-F4 1.1.0
2024-01-17 12:34:21,840 [INFO] ThirdParty:1030 - CMSIS Pack Vendor :STMicroelectronics LIBJPEG 8.0.0
2024-01-17 12:34:21,840 [INFO] ThirdParty:1030 - CMSIS Pack Vendor :wolfSSL I-CUBE-wolfSSL 5.6.4
2024-01-17 12:34:21,840 [INFO] ThirdParty:1030 - CMSIS Pack Vendor :STMicroelectronics X-CUBE-SMBUS 2.1.0
2024-01-17 12:34:21,840 [INFO] ThirdParty:1030 - CMSIS Pack Vendor :STMicroelectronics USB_DEVICE 3.0.0
2024-01-17 12:34:21,840 [INFO] ThirdParty:1030 - CMSIS Pack Vendor :STMicroelectronics X-CUBE-AZRTOS-WB 2.0.0
2024-01-17 12:34:21,840 [INFO] ThirdParty:1030 - CMSIS Pack Vendor :STMicroelectronics X-CUBE-TOUCHGFX 4.23.0
2024-01-17 12:34:21,840 [INFO] ThirdParty:1030 - CMSIS Pack Vendor :STMicroelectronics X-CUBE-AZRTOS-F7 1.1.0
2024-01-17 12:34:21,840 [INFO] ThirdParty:1030 - CMSIS Pack Vendor :STMicroelectronics X-CUBE-AZRTOS-L5 2.0.0
2024-01-17 12:34:21,840 [INFO] ThirdParty:1030 - CMSIS Pack Vendor :STMicroelectronics USB_DEVICE 2.0.0
2024-01-17 12:34:21,840 [INFO] ThirdParty:1030 - CMSIS Pack Vendor :STMicroelectronics X-CUBE-EEPRMA1 4.2.0
2024-01-17 12:34:21,840 [INFO] ThirdParty:1030 - CMSIS Pack Vendor :ITTIA_DB I-CUBE-ITTIADB 8.8.0
2024-01-17 12:34:21,840 [INFO] ThirdParty:1030 - CMSIS Pack Vendor :STMicroelectronics FP-SNS-MOTENV1 4.3.2
2024-01-17 12:34:21,840 [INFO] ThirdParty:1030 - CMSIS Pack Vendor :STMicroelectronics X-CUBE-ALGOBUILD 1.3.0
2024-01-17 12:34:21,840 [INFO] ThirdParty:1030 - CMSIS Pack Vendor :STMicroelectronics FreeRTOS 0.0.1
2024-01-17 12:34:21,840 [INFO] ThirdParty:1030 - CMSIS Pack Vendor :STMicroelectronics X-CUBE-AZRTOS-G0 1.1.0
2024-01-17 12:34:21,840 [INFO] ThirdParty:1030 - CMSIS Pack Vendor :STMicroelectronics X-CUBE-NFC4 3.0.0
2024-01-17 12:34:21,840 [INFO] ThirdParty:1030 - CMSIS Pack Vendor :STMicroelectronics X-CUBE-SUBG2 5.0.0
2024-01-17 12:34:21,841 [INFO] ThirdParty:1030 - CMSIS Pack Vendor :STMicroelectronics STM32_WPAN 1.0.0
2024-01-17 12:34:21,841 [INFO] ThirdParty:1030 - CMSIS Pack Vendor :STMicroelectronics lwIP 2.0.3
2024-01-17 12:34:21,841 [INFO] ThirdParty:1030 - CMSIS Pack Vendor :STMicroelectronics FP-SNS-FLIGHT1 5.0.2
2024-01-17 12:34:21,841 [INFO] ThirdParty:1030 - CMSIS Pack Vendor :STMicroelectronics USB_HOST 1.0.0
2024-01-17 12:34:21,841 [INFO] ThirdParty:1030 - CMSIS Pack Vendor :STMicroelectronics X-CUBE-AZRTOS-G4 2.0.0
2024-01-17 12:34:21,841 [INFO] ThirdParty:1030 - CMSIS Pack Vendor :STMicroelectronics PDM2PCM 3.1.0
2024-01-17 12:34:21,841 [INFO] ThirdParty:1030 - CMSIS Pack Vendor :STMicroelectronics X-CUBE-AZRTOS-H7 3.1.0
2024-01-17 12:34:21,841 [INFO] ThirdParty:1030 - CMSIS Pack Vendor :Infineon AIROC-Wi-Fi-Bluetooth-STM32 1.5.1
2024-01-17 12:34:21,841 [INFO] ThirdParty:1030 - CMSIS Pack Vendor :STMicroelectronics X-CUBE-BLEMGR 3.0.0
2024-01-17 12:34:21,841 [INFO] ThirdParty:1030 - CMSIS Pack Vendor :STMicroelectronics PDM2PCM 3.3.0
2024-01-17 12:34:21,841 [INFO] ThirdParty:1030 - CMSIS Pack Vendor :STMicroelectronics X-CUBE-DISPLAY 3.0.0
2024-01-17 12:34:21,841 [INFO] ThirdParty:1030 - CMSIS Pack Vendor :STMicroelectronics FP-SNS-MOTENVWB1 1.3.1
2024-01-17 12:34:21,841 [INFO] ThirdParty:1030 - CMSIS Pack Vendor :STMicroelectronics X-CUBE-BLE1 7.0.0
2024-01-17 12:34:21,841 [INFO] ThirdParty:1030 - CMSIS Pack Vendor :STMicroelectronics FP-ATR-SIGFOX1 3.2.0
2024-01-17 12:34:21,841 [INFO] ThirdParty:1030 - CMSIS Pack Vendor :STMicroelectronics X-CUBE-ISPU 2.0.0
2024-01-17 12:34:21,841 [INFO] ThirdParty:1030 - CMSIS Pack Vendor :STMicroelectronics HAL Drivers 0.0.0
2024-01-17 12:34:21,841 [INFO] ThirdParty:1030 - CMSIS Pack Vendor :STMicroelectronics MBEDTLS 2.16.2
2024-01-17 12:34:21,841 [INFO] ThirdParty:1030 - CMSIS Pack Vendor :emotas I-CUBE-CANOPEN 1.3.0
2024-01-17 12:34:21,841 [INFO] ThirdParty:1030 - CMSIS Pack Vendor :STMicroelectronics X-CUBE-MEMS1 10.0.0
2024-01-17 12:34:21,841 [INFO] ThirdParty:1030 - CMSIS Pack Vendor :STMicroelectronics X-CUBE-FREERTOS 1.1.0
2024-01-17 12:34:21,841 [INFO] ThirdParty:1030 - CMSIS Pack Vendor :STMicroelectronics X-CUBE-NFC7 1.0.1
2024-01-17 12:34:21,841 [INFO] ThirdParty:1030 - CMSIS Pack Vendor :STMicroelectronics MBEDTLS 2.14.1
2024-01-17 12:34:21,841 [INFO] ThirdParty:1030 - CMSIS Pack Vendor :STMicroelectronics X-CUBE-TOUCHGFX 4.22.1
2024-01-17 12:34:21,841 [INFO] ThirdParty:1030 - CMSIS Pack Vendor :STMicroelectronics X-CUBE-NFC6 3.0.0
2024-01-17 12:34:21,841 [INFO] ThirdParty:1030 - CMSIS Pack Vendor :portGmbH I-Cube-SoM-uGOAL 1.1.0
2024-01-17 12:34:21,841 [INFO] ThirdParty:1030 - CMSIS Pack Vendor :STMicroelectronics X-CUBE-ALS 1.0.1
2024-01-17 12:34:21,841 [INFO] ThirdParty:1030 - CMSIS Pack Vendor :STMicroelectronics ThreadX 1.0.0
2024-01-17 12:34:21,841 [INFO] ThirdParty:1030 - CMSIS Pack Vendor :STMicroelectronics FP-SNS-SMARTAG2 1.2.0
2024-01-17 12:34:21,841 [INFO] ThirdParty:1030 - CMSIS Pack Vendor :STMicroelectronics X-CUBE-AZRTOS-WL 2.0.0
2024-01-17 12:34:21,841 [INFO] ThirdParty:1030 - CMSIS Pack Vendor :STMicroelectronics USB_DEVICE 1.0.0
2024-01-17 12:34:21,841 [INFO] ThirdParty:1030 - CMSIS Pack Vendor :STMicroelectronics X-CUBE-AI 8.1.0
2024-01-17 12:34:21,841 [INFO] ThirdParty:1030 - CMSIS Pack Vendor :STMicroelectronics X-CUBE-AZRTOS-L4 2.0.0
2024-01-17 12:34:21,841 [INFO] ThirdParty:1030 - CMSIS Pack Vendor :STMicroelectronics ThreadX 0.0.2
2024-01-17 12:34:21,841 [INFO] ThirdParty:1030 - CMSIS Pack Vendor :WES I-CUBE-Cesium 1.3.0
2024-01-17 12:34:21,841 [INFO] ThirdParty:1030 - CMSIS Pack Vendor :STMicroelectronics FP-ATR-ASTRA1 2.0.0
2024-01-17 12:34:21,841 [INFO] ThirdParty:1030 - CMSIS Pack Vendor :STMicroelectronics lwIP 2.1.2
2024-01-17 12:34:21,841 [INFO] ThirdParty:1030 - CMSIS Pack Vendor :STMicroelectronics X-CUBE-SFXS2LP1 4.0.0
2024-01-17 12:34:21,841 [INFO] ThirdParty:1030 - CMSIS Pack Vendor :STMicroelectronics X-CUBE-BLE2 3.3.0
2024-01-17 12:34:21,841 [INFO] ThirdParty:1030 - CMSIS Pack Vendor :STMicroelectronics X-CUBE-TOF1 3.4.0
2024-01-17 12:34:21,841 [INFO] ThirdParty:1030 - CMSIS Pack Vendor :STMicroelectronics X-CUBE-AZRTOS-H7 3.2.0
2024-01-17 12:34:21,841 [INFO] ThirdParty:1030 - CMSIS Pack Vendor :STMicroelectronics PDM2PCM 3.2.0
2024-01-17 12:34:21,841 [INFO] ThirdParty:841 - exiting critical section [change project]
2024-01-17 12:34:21,878 [INFO] PinOutPanel:1499 - setPackage(No Configuration,No Configuration)
2024-01-17 12:34:21,879 [INFO] PinOutPanel:1499 - setPackage(STM32F042F4Px,TSSOP20)
2024-01-17 12:34:22,541 [INFO] UtilMem:75 - Before build in PCC Used Memory: 411769208 Bytes (1073741824)
2024-01-17 12:34:22,643 [INFO] UtilMem:75 - After build in PCC Used Memory: 453712248 Bytes (1073741824)
2024-01-17 12:34:22,651 [INFO] IPUIPlugin:80 - create IPUIPlugin
2024-01-17 12:34:22,651 [INFO] IPUIPlugin:80 - create IPUIPlugin
2024-01-17 12:34:22,651 [INFO] IPUIPlugin:80 - create IPUIPlugin
2024-01-17 12:34:22,651 [INFO] IPUIPlugin:80 - create IPUIPlugin
2024-01-17 12:34:22,651 [INFO] IPUIPlugin:80 - create IPUIPlugin
2024-01-17 12:34:22,651 [INFO] IPUIPlugin:80 - create IPUIPlugin
2024-01-17 12:34:22,651 [INFO] IPUIPlugin:80 - create IPUIPlugin
2024-01-17 12:34:22,651 [INFO] IPUIPlugin:80 - create IPUIPlugin
2024-01-17 12:34:22,651 [INFO] IPUIPlugin:80 - create IPUIPlugin
2024-01-17 12:34:22,651 [INFO] IPUIPlugin:80 - create IPUIPlugin
2024-01-17 12:34:22,651 [INFO] IPUIPlugin:80 - create IPUIPlugin
2024-01-17 12:34:22,651 [INFO] IPUIPlugin:80 - create IPUIPlugin
2024-01-17 12:34:22,652 [INFO] IPUIPlugin:80 - create IPUIPlugin
2024-01-17 12:34:22,652 [INFO] IPUIPlugin:80 - create IPUIPlugin
2024-01-17 12:34:22,652 [INFO] IPUIPlugin:80 - create IPUIPlugin
2024-01-17 12:34:22,652 [INFO] IPUIPlugin:80 - create IPUIPlugin
2024-01-17 12:34:22,652 [INFO] IPUIPlugin:80 - create IPUIPlugin
2024-01-17 12:34:22,652 [INFO] IPUIPlugin:80 - create IPUIPlugin
2024-01-17 12:34:22,652 [INFO] IPUIPlugin:80 - create IPUIPlugin
2024-01-17 12:34:22,652 [INFO] IPUIPlugin:80 - create IPUIPlugin
2024-01-17 12:34:22,652 [INFO] IPUIPlugin:80 - create IPUIPlugin
2024-01-17 12:34:22,652 [INFO] IPUIPlugin:80 - create IPUIPlugin
2024-01-17 12:34:22,652 [INFO] IPUIPlugin:80 - create IPUIPlugin
2024-01-17 12:34:22,652 [INFO] IPUIPlugin:80 - create IPUIPlugin
2024-01-17 12:34:22,652 [INFO] IPUIPlugin:80 - create IPUIPlugin
2024-01-17 12:34:22,652 [INFO] IPUIPlugin:80 - create IPUIPlugin
2024-01-17 12:34:22,653 [INFO] IPUIPlugin:80 - create IPUIPlugin
2024-01-17 12:34:22,653 [INFO] IPUIPlugin:80 - create IPUIPlugin
2024-01-17 12:34:22,653 [INFO] IPUIPlugin:80 - create IPUIPlugin
2024-01-17 12:34:22,653 [INFO] IPUIPlugin:80 - create IPUIPlugin
2024-01-17 12:34:22,654 [INFO] Can:71 - Can Add PropertyChangeListener com.st.microxplorer.plugins.ip.can.Can@4c9fa386
2024-01-17 12:34:22,671 [INFO] CADModel:165 - CPN selected for project levelSTM32F042F4P6
2024-01-17 12:34:22,671 [INFO] CADModel:114 - Register for checkConnection events
2024-01-17 12:34:22,741 [INFO] OpenFileManager:343 - Restore cursor
2024-01-17 12:34:29,387 [INFO] Gpio:277 - dependency for GPIO [ADC, CAN, RCC, SYS]
2024-01-17 12:43:38,106 [INFO] MainUpdater:2873 - connection check result : 10
2024-01-17 12:43:38,106 [INFO] MainUpdater:2873 - connection check result : 10
2024-01-17 12:43:38,121 [INFO] MicroXplorer:468 - Change Database Path : 
2024-01-17 12:43:38,121 [INFO] MicroXplorer:498 - Change Database Version : DB.6.0.100
2024-01-17 12:43:38,130 [ERROR] ProjectManagerView:394 - 
java.lang.NullPointerException: Cannot invoke "javax.swing.JTextField.getText()" because the return value of "java.util.List.get(int)" is null
	at com.st.microxplorer.plugins.projectmanager.gui.ProjectChoiceTab$10.caretUpdate(ProjectChoiceTab.java:2493) ~[filemanager.jar:?]
	at javax.swing.text.JTextComponent.fireCaretUpdate(JTextComponent.java:412) ~[?:?]
	at javax.swing.text.JTextComponent$MutableCaretEvent.fire(JTextComponent.java:4491) ~[?:?]
	at javax.swing.text.JTextComponent$MutableCaretEvent.stateChanged(JTextComponent.java:4513) ~[?:?]
	at javax.swing.text.DefaultCaret.fireStateChanged(DefaultCaret.java:842) ~[?:?]
	at javax.swing.text.DefaultCaret.changeCaretPosition(DefaultCaret.java:1313) ~[?:?]
	at javax.swing.text.DefaultCaret.handleSetDot(DefaultCaret.java:1212) ~[?:?]
	at javax.swing.text.DefaultCaret.setDot(DefaultCaret.java:1193) ~[?:?]
	at javax.swing.text.DefaultCaret$Handler.insertUpdate(DefaultCaret.java:1789) ~[?:?]
	at javax.swing.text.AbstractDocument.fireInsertUpdate(AbstractDocument.java:226) ~[?:?]
	at javax.swing.text.AbstractDocument.handleInsertString(AbstractDocument.java:780) ~[?:?]
	at javax.swing.text.AbstractDocument.insertString(AbstractDocument.java:739) ~[?:?]
	at javax.swing.text.PlainDocument.insertString(PlainDocument.java:131) ~[?:?]
	at javax.swing.text.AbstractDocument.replace(AbstractDocument.java:698) ~[?:?]
	at javax.swing.text.JTextComponent.setText(JTextComponent.java:1729) ~[?:?]
	at com.st.microxplorer.plugins.projectmanager.gui.ProjectChoiceTab.createHeapStackFields(ProjectChoiceTab.java:933) ~[filemanager.jar:?]
	at com.st.microxplorer.plugins.projectmanager.gui.ProjectChoiceTab.buildLinkSettingsPanel(ProjectChoiceTab.java:3426) ~[filemanager.jar:?]
	at com.st.microxplorer.plugins.projectmanager.gui.ProjectChoiceTab.defineWindowsFields(ProjectChoiceTab.java:1813) ~[filemanager.jar:?]
	at com.st.microxplorer.plugins.projectmanager.gui.ProjectChoiceTab.updateSettings(ProjectChoiceTab.java:533) ~[filemanager.jar:?]
	at com.st.microxplorer.plugins.projectmanager.gui.ProjectSettingsPanel.UpdateDialog(ProjectSettingsPanel.java:244) ~[filemanager.jar:?]
	at com.st.microxplorer.plugins.projectmanager.ProjectManagerView.propertyChange(ProjectManagerView.java:391) ~[filemanager.jar:?]
	at java.beans.PropertyChangeSupport.fire(PropertyChangeSupport.java:343) ~[?:?]
	at java.beans.PropertyChangeSupport.firePropertyChange(PropertyChangeSupport.java:335) ~[?:?]
	at java.beans.PropertyChangeSupport.firePropertyChange(PropertyChangeSupport.java:268) ~[?:?]
	at com.st.microxplorer.util.MXPropertyChangeSupport.firePropertyChange(MXPropertyChangeSupport.java:54) ~[STM32CubeMX.jar:?]
	at com.st.microxplorer.mxsystem.MxSystem.closeConfig(MxSystem.java:900) ~[STM32CubeMX.jar:?]
	at com.st.microxplorer.maingui.MainPanel.closeConfig(MainPanel.java:776) ~[STM32CubeMX.jar:?]
	at com.st.microxplorer.plugins.filemanager.engine.OpenFileManager.loadConfigurationFile(OpenFileManager.java:245) ~[filemanager.jar:?]
	at com.st.microxplorer.plugins.filemanager.engine.MainFileManager.userLoadConfig(MainFileManager.java:290) ~[filemanager.jar:?]
	at com.st.microxplorer.plugins.filemanager.FileManagerView.getSpecificTask(FileManagerView.java:247) ~[filemanager.jar:?]
	at com.st.stm32cube.common.mx.editor.CubeMxEditor.getMxTabbedPaneInstance(CubeMxEditor.java:1184) ~[com.st.stm32cube.common.mx_6.10.0.202311202037/:?]
	at com.st.stm32cube.common.mx.editor.CubeMxEditor$12$1.createSwingComponent(CubeMxEditor.java:1065) ~[com.st.stm32cube.common.mx_6.10.0.202311202037/:?]
	at com.st.stm32cube.common.mx.oss.core.awtswtbridge.EmbeddedSwingComposite.doComponentCreation(EmbeddedSwingComposite.java:492) ~[com.st.stm32cube.common.mx.oss_6.10.0.202311202037/:?]
	at com.st.stm32cube.common.mx.oss.core.awtswtbridge.EmbeddedSwingComposite$4.run(EmbeddedSwingComposite.java:291) ~[com.st.stm32cube.common.mx.oss_6.10.0.202311202037/:?]
	at com.st.stm32cube.common.mx.oss.core.awtswtbridge.AwtEnvironment$2.run(AwtEnvironment.java:166) ~[com.st.stm32cube.common.mx.oss_6.10.0.202311202037/:?]
	at java.awt.event.InvocationEvent.dispatch(InvocationEvent.java:318) ~[?:?]
	at java.awt.EventQueue.dispatchEventImpl(EventQueue.java:773) ~[?:?]
	at java.awt.EventQueue$4.run(EventQueue.java:720) ~[?:?]
	at java.awt.EventQueue$4.run(EventQueue.java:714) ~[?:?]
	at java.security.AccessController.doPrivileged(AccessController.java:399) ~[?:?]
	at java.security.ProtectionDomain$JavaSecurityAccessImpl.doIntersectionPrivilege(ProtectionDomain.java:86) ~[?:?]
	at java.awt.EventQueue.dispatchEvent(EventQueue.java:742) ~[?:?]
	at java.awt.EventDispatchThread.pumpOneEventForFilters(EventDispatchThread.java:203) ~[?:?]
	at java.awt.EventDispatchThread.pumpEventsForFilter(EventDispatchThread.java:124) ~[?:?]
	at java.awt.EventDispatchThread.pumpEventsForHierarchy(EventDispatchThread.java:113) ~[?:?]
	at java.awt.EventDispatchThread.pumpEvents(EventDispatchThread.java:109) ~[?:?]
	at java.awt.EventDispatchThread.pumpEvents(EventDispatchThread.java:101) ~[?:?]
	at java.awt.EventDispatchThread.run(EventDispatchThread.java:90) ~[?:?]
2024-01-17 12:43:38,131 [WARN] ThirdParty:871 - waiting for thirdparty lock release [close project]
2024-01-17 12:43:38,131 [INFO] ThirdParty:873 - entering critical section [close project]
2024-01-17 12:43:38,131 [INFO] ThirdParty:883 - exiting critical section [close project]
2024-01-17 12:43:38,131 [INFO] PinOutPanel:1499 - setPackage(No Configuration,No Configuration)
2024-01-17 12:43:38,133 [INFO] UtilMem:75 - Begin LoadConfig() Used Memory: 793982392 Bytes (1073741824)
2024-01-17 12:43:38,133 [INFO] MicroXplorer:468 - Change Database Path : 
2024-01-17 12:43:38,133 [INFO] MicroXplorer:498 - Change Database Version : DB.6.0.100
2024-01-17 12:43:38,134 [INFO] OpenFileManager:312 - Change cursor
2024-01-17 12:43:38,139 [INFO] Mcu:2016 - Initializing MCU STM32F042F4Px STM32F042F4Px STM32F042F4P6
2024-01-17 12:43:38,629 [INFO] Context:659 - Trying to add GPIOservice into a context  which must be forbidden
2024-01-17 12:43:38,704 [INFO] RtosManager:555 - Registered RTOS mode: class=CMSIS, group=RTOS, mode=CMSIS_V1, owner=FREERTOS
2024-01-17 12:43:38,704 [INFO] RtosManager:555 - Registered RTOS mode: class=CMSIS, group=RTOS2, mode=CMSIS_V2, owner=FREERTOS
2024-01-17 12:43:38,704 [INFO] RtosManager:555 - Registered RTOS mode: class=RTOS, group=Core, mode=CMSIS_V1, owner=FREERTOS
2024-01-17 12:43:38,704 [INFO] RtosManager:555 - Registered RTOS mode: class=RTOS, group=Core, mode=CMSIS_V2, owner=FREERTOS
2024-01-17 12:43:38,704 [WARN] ModelIntegratedComponent:184 - Missing modes for component STMicroelectronics:FreeRTOS:0.0.1:STMicroelectronics:RTOS:FreeRTOS:Core:::10.2.0:
2024-01-17 12:43:38,709 [WARN] ModelIntegratedComponent:63 - No mode defined for component null
2024-01-17 12:43:38,709 [WARN] ModelIntegratedComponent:63 - No mode defined for component null
2024-01-17 12:43:38,709 [WARN] ModelIntegratedComponent:63 - No mode defined for component null
2024-01-17 12:43:38,709 [WARN] ModelIntegratedComponent:63 - No mode defined for component null
2024-01-17 12:43:38,709 [WARN] ModelIntegratedComponent:63 - No mode defined for component null
2024-01-17 12:43:38,709 [WARN] ModelIntegratedComponent:63 - No mode defined for component null
2024-01-17 12:43:38,709 [WARN] ModelIntegratedComponent:63 - No mode defined for component null
2024-01-17 12:43:38,709 [WARN] ModelIntegratedComponent:63 - No mode defined for component null
2024-01-17 12:43:38,709 [WARN] ModelIntegratedComponent:63 - No mode defined for component null
2024-01-17 12:43:38,709 [WARN] ModelIntegratedComponent:63 - No mode defined for component null
2024-01-17 12:43:38,709 [WARN] ModelIntegratedComponent:63 - No mode defined for component null
2024-01-17 12:43:38,709 [WARN] ModelIntegratedComponent:63 - No mode defined for component null
2024-01-17 12:43:38,709 [WARN] ModelIntegratedComponent:63 - No mode defined for component null
2024-01-17 12:43:38,709 [WARN] ModelIntegratedComponent:63 - No mode defined for component null
2024-01-17 12:43:38,709 [WARN] ModelIntegratedComponent:63 - No mode defined for component null
2024-01-17 12:43:38,709 [WARN] ModelIntegratedComponent:63 - No mode defined for component null
2024-01-17 12:43:38,709 [WARN] ModelIntegratedComponent:63 - No mode defined for component null
2024-01-17 12:43:38,709 [WARN] ModelIntegratedComponent:63 - No mode defined for component null
2024-01-17 12:43:38,709 [WARN] ModelIntegratedComponent:63 - No mode defined for component null
2024-01-17 12:43:38,709 [WARN] ModelIntegratedComponent:63 - No mode defined for component null
2024-01-17 12:43:38,709 [WARN] ModelIntegratedComponent:63 - No mode defined for component null
2024-01-17 12:43:38,709 [WARN] ModelIntegratedComponent:63 - No mode defined for component null
2024-01-17 12:43:38,709 [WARN] ModelIntegratedComponent:63 - No mode defined for component null
2024-01-17 12:43:38,709 [WARN] ModelIntegratedComponent:63 - No mode defined for component null
2024-01-17 12:43:38,709 [WARN] ModelIntegratedComponent:63 - No mode defined for component null
2024-01-17 12:43:38,709 [WARN] ModelIntegratedComponent:63 - No mode defined for component null
2024-01-17 12:43:38,709 [WARN] ModelIntegratedComponent:63 - No mode defined for component null
2024-01-17 12:43:38,709 [WARN] ModelIntegratedComponent:63 - No mode defined for component null
2024-01-17 12:43:38,709 [WARN] ModelIntegratedComponent:63 - No mode defined for component null
2024-01-17 12:43:38,709 [WARN] ModelIntegratedComponent:63 - No mode defined for component null
2024-01-17 12:43:38,709 [WARN] ModelIntegratedComponent:63 - No mode defined for component null
2024-01-17 12:43:38,709 [WARN] ModelIntegratedComponent:63 - No mode defined for component null
2024-01-17 12:43:38,709 [WARN] ModelIntegratedComponent:63 - No mode defined for component null
2024-01-17 12:43:38,752 [INFO] ThirdPartyModel:298 - Start build external matchings
2024-01-17 12:43:38,897 [INFO] ThirdPartyModel:316 - End build external matchings
2024-01-17 12:43:38,900 [INFO] ImportTextPane:194 - (OptionalMessage_ERROR) IP (RCC) : Invalid parameter (FamilyName)
2024-01-17 12:43:38,900 [INFO] ImportTextPane:194 - (OptionalMessage_ERROR) IP (RCC) : Invalid parameter (HSICECFreq_Value)
2024-01-17 12:43:39,061 [INFO] UtilMem:75 - End LoadConfig() Used Memory: 828616832 Bytes (1073741824)
2024-01-17 12:43:39,115 [INFO] MicroXplorer:468 - Change Database Path : 
2024-01-17 12:43:39,115 [INFO] MicroXplorer:498 - Change Database Version : DB.6.0.100
2024-01-17 12:43:39,115 [WARN] ThirdParty:833 - waiting for thirdparty lock release [change project]
2024-01-17 12:43:39,115 [INFO] ThirdParty:835 - entering critical section [change project]
2024-01-17 12:43:39,115 [INFO] ThirdParty:1030 - CMSIS Pack Vendor :STMicroelectronics X-CUBE-ISPU 1.1.0
2024-01-17 12:43:39,115 [INFO] ThirdParty:1030 - CMSIS Pack Vendor :STMicroelectronics USBPD 4.1
2024-01-17 12:43:39,115 [INFO] ThirdParty:1030 - CMSIS Pack Vendor :STMicroelectronics X-CUBE-GNSS1 6.0.0
2024-01-17 12:43:39,115 [INFO] ThirdParty:1030 - CMSIS Pack Vendor :STMicroelectronics USB_HOST 2.0.0
2024-01-17 12:43:39,115 [INFO] ThirdParty:1030 - CMSIS Pack Vendor :STMicroelectronics X-CUBE-AZRTOS-F4 1.1.0
2024-01-17 12:43:39,115 [INFO] ThirdParty:1030 - CMSIS Pack Vendor :STMicroelectronics LIBJPEG 8.0.0
2024-01-17 12:43:39,115 [INFO] ThirdParty:1030 - CMSIS Pack Vendor :wolfSSL I-CUBE-wolfSSL 5.6.4
2024-01-17 12:43:39,115 [INFO] ThirdParty:1030 - CMSIS Pack Vendor :STMicroelectronics X-CUBE-SMBUS 2.1.0
2024-01-17 12:43:39,115 [INFO] ThirdParty:1030 - CMSIS Pack Vendor :STMicroelectronics USB_DEVICE 3.0.0
2024-01-17 12:43:39,115 [INFO] ThirdParty:1030 - CMSIS Pack Vendor :STMicroelectronics X-CUBE-AZRTOS-WB 2.0.0
2024-01-17 12:43:39,115 [INFO] ThirdParty:1030 - CMSIS Pack Vendor :STMicroelectronics X-CUBE-TOUCHGFX 4.23.0
2024-01-17 12:43:39,115 [INFO] ThirdParty:1030 - CMSIS Pack Vendor :STMicroelectronics X-CUBE-AZRTOS-F7 1.1.0
2024-01-17 12:43:39,115 [INFO] ThirdParty:1030 - CMSIS Pack Vendor :STMicroelectronics X-CUBE-AZRTOS-L5 2.0.0
2024-01-17 12:43:39,115 [INFO] ThirdParty:1030 - CMSIS Pack Vendor :STMicroelectronics USB_DEVICE 2.0.0
2024-01-17 12:43:39,115 [INFO] ThirdParty:1030 - CMSIS Pack Vendor :STMicroelectronics X-CUBE-EEPRMA1 4.2.0
2024-01-17 12:43:39,116 [INFO] ThirdParty:1030 - CMSIS Pack Vendor :ITTIA_DB I-CUBE-ITTIADB 8.8.0
2024-01-17 12:43:39,116 [INFO] ThirdParty:1030 - CMSIS Pack Vendor :STMicroelectronics FP-SNS-MOTENV1 4.3.2
2024-01-17 12:43:39,116 [INFO] ThirdParty:1030 - CMSIS Pack Vendor :STMicroelectronics X-CUBE-ALGOBUILD 1.3.0
2024-01-17 12:43:39,116 [INFO] ThirdParty:1030 - CMSIS Pack Vendor :STMicroelectronics FreeRTOS 0.0.1
2024-01-17 12:43:39,116 [INFO] ThirdParty:1030 - CMSIS Pack Vendor :STMicroelectronics X-CUBE-AZRTOS-G0 1.1.0
2024-01-17 12:43:39,116 [INFO] ThirdParty:1030 - CMSIS Pack Vendor :STMicroelectronics X-CUBE-NFC4 3.0.0
2024-01-17 12:43:39,116 [INFO] ThirdParty:1030 - CMSIS Pack Vendor :STMicroelectronics X-CUBE-SUBG2 5.0.0
2024-01-17 12:43:39,116 [INFO] ThirdParty:1030 - CMSIS Pack Vendor :STMicroelectronics STM32_WPAN 1.0.0
2024-01-17 12:43:39,116 [INFO] ThirdParty:1030 - CMSIS Pack Vendor :STMicroelectronics lwIP 2.0.3
2024-01-17 12:43:39,116 [INFO] ThirdParty:1030 - CMSIS Pack Vendor :STMicroelectronics FP-SNS-FLIGHT1 5.0.2
2024-01-17 12:43:39,116 [INFO] ThirdParty:1030 - CMSIS Pack Vendor :STMicroelectronics USB_HOST 1.0.0
2024-01-17 12:43:39,116 [INFO] ThirdParty:1030 - CMSIS Pack Vendor :STMicroelectronics X-CUBE-AZRTOS-G4 2.0.0
2024-01-17 12:43:39,116 [INFO] ThirdParty:1030 - CMSIS Pack Vendor :STMicroelectronics PDM2PCM 3.1.0
2024-01-17 12:43:39,116 [INFO] ThirdParty:1030 - CMSIS Pack Vendor :STMicroelectronics X-CUBE-AZRTOS-H7 3.1.0
2024-01-17 12:43:39,116 [INFO] ThirdParty:1030 - CMSIS Pack Vendor :Infineon AIROC-Wi-Fi-Bluetooth-STM32 1.5.1
2024-01-17 12:43:39,116 [INFO] ThirdParty:1030 - CMSIS Pack Vendor :STMicroelectronics X-CUBE-BLEMGR 3.0.0
2024-01-17 12:43:39,116 [INFO] ThirdParty:1030 - CMSIS Pack Vendor :STMicroelectronics PDM2PCM 3.3.0
2024-01-17 12:43:39,116 [INFO] ThirdParty:1030 - CMSIS Pack Vendor :STMicroelectronics X-CUBE-DISPLAY 3.0.0
2024-01-17 12:43:39,116 [INFO] ThirdParty:1030 - CMSIS Pack Vendor :STMicroelectronics FP-SNS-MOTENVWB1 1.3.1
2024-01-17 12:43:39,116 [INFO] ThirdParty:1030 - CMSIS Pack Vendor :STMicroelectronics X-CUBE-BLE1 7.0.0
2024-01-17 12:43:39,116 [INFO] ThirdParty:1030 - CMSIS Pack Vendor :STMicroelectronics FP-ATR-SIGFOX1 3.2.0
2024-01-17 12:43:39,116 [INFO] ThirdParty:1030 - CMSIS Pack Vendor :STMicroelectronics X-CUBE-ISPU 2.0.0
2024-01-17 12:43:39,116 [INFO] ThirdParty:1030 - CMSIS Pack Vendor :STMicroelectronics HAL Drivers 0.0.0
2024-01-17 12:43:39,116 [INFO] ThirdParty:1030 - CMSIS Pack Vendor :STMicroelectronics MBEDTLS 2.16.2
2024-01-17 12:43:39,116 [INFO] ThirdParty:1030 - CMSIS Pack Vendor :emotas I-CUBE-CANOPEN 1.3.0
2024-01-17 12:43:39,116 [INFO] ThirdParty:1030 - CMSIS Pack Vendor :STMicroelectronics X-CUBE-MEMS1 10.0.0
2024-01-17 12:43:39,116 [INFO] ThirdParty:1030 - CMSIS Pack Vendor :STMicroelectronics X-CUBE-FREERTOS 1.1.0
2024-01-17 12:43:39,116 [INFO] ThirdParty:1030 - CMSIS Pack Vendor :STMicroelectronics X-CUBE-NFC7 1.0.1
2024-01-17 12:43:39,116 [INFO] ThirdParty:1030 - CMSIS Pack Vendor :STMicroelectronics MBEDTLS 2.14.1
2024-01-17 12:43:39,116 [INFO] ThirdParty:1030 - CMSIS Pack Vendor :STMicroelectronics X-CUBE-TOUCHGFX 4.22.1
2024-01-17 12:43:39,116 [INFO] ThirdParty:1030 - CMSIS Pack Vendor :STMicroelectronics X-CUBE-NFC6 3.0.0
2024-01-17 12:43:39,116 [INFO] ThirdParty:1030 - CMSIS Pack Vendor :portGmbH I-Cube-SoM-uGOAL 1.1.0
2024-01-17 12:43:39,116 [INFO] ThirdParty:1030 - CMSIS Pack Vendor :STMicroelectronics X-CUBE-ALS 1.0.1
2024-01-17 12:43:39,116 [INFO] ThirdParty:1030 - CMSIS Pack Vendor :STMicroelectronics ThreadX 1.0.0
2024-01-17 12:43:39,116 [INFO] ThirdParty:1030 - CMSIS Pack Vendor :STMicroelectronics FP-SNS-SMARTAG2 1.2.0
2024-01-17 12:43:39,116 [INFO] ThirdParty:1030 - CMSIS Pack Vendor :STMicroelectronics X-CUBE-AZRTOS-WL 2.0.0
2024-01-17 12:43:39,116 [INFO] ThirdParty:1030 - CMSIS Pack Vendor :STMicroelectronics USB_DEVICE 1.0.0
2024-01-17 12:43:39,116 [INFO] ThirdParty:1030 - CMSIS Pack Vendor :STMicroelectronics X-CUBE-AI 8.1.0
2024-01-17 12:43:39,116 [INFO] ThirdParty:1030 - CMSIS Pack Vendor :STMicroelectronics X-CUBE-AZRTOS-L4 2.0.0
2024-01-17 12:43:39,116 [INFO] ThirdParty:1030 - CMSIS Pack Vendor :STMicroelectronics ThreadX 0.0.2
2024-01-17 12:43:39,116 [INFO] ThirdParty:1030 - CMSIS Pack Vendor :WES I-CUBE-Cesium 1.3.0
2024-01-17 12:43:39,116 [INFO] ThirdParty:1030 - CMSIS Pack Vendor :STMicroelectronics FP-ATR-ASTRA1 2.0.0
2024-01-17 12:43:39,116 [INFO] ThirdParty:1030 - CMSIS Pack Vendor :STMicroelectronics lwIP 2.1.2
2024-01-17 12:43:39,116 [INFO] ThirdParty:1030 - CMSIS Pack Vendor :STMicroelectronics X-CUBE-SFXS2LP1 4.0.0
2024-01-17 12:43:39,116 [INFO] ThirdParty:1030 - CMSIS Pack Vendor :STMicroelectronics X-CUBE-BLE2 3.3.0
2024-01-17 12:43:39,116 [INFO] ThirdParty:1030 - CMSIS Pack Vendor :STMicroelectronics X-CUBE-TOF1 3.4.0
2024-01-17 12:43:39,116 [INFO] ThirdParty:1030 - CMSIS Pack Vendor :STMicroelectronics X-CUBE-AZRTOS-H7 3.2.0
2024-01-17 12:43:39,116 [INFO] ThirdParty:1030 - CMSIS Pack Vendor :STMicroelectronics PDM2PCM 3.2.0
2024-01-17 12:43:39,116 [INFO] ThirdParty:841 - exiting critical section [change project]
2024-01-17 12:43:39,159 [INFO] PinOutPanel:1499 - setPackage(No Configuration,No Configuration)
2024-01-17 12:43:39,160 [INFO] PinOutPanel:1499 - setPackage(STM32F042F4Px,TSSOP20)
2024-01-17 12:43:39,859 [INFO] UtilMem:75 - Before build in PCC Used Memory: 440753168 Bytes (1073741824)
2024-01-17 12:43:39,960 [INFO] UtilMem:75 - After build in PCC Used Memory: 483218448 Bytes (1073741824)
2024-01-17 12:43:39,968 [INFO] IPUIPlugin:80 - create IPUIPlugin
2024-01-17 12:43:39,968 [INFO] IPUIPlugin:80 - create IPUIPlugin
2024-01-17 12:43:39,968 [INFO] IPUIPlugin:80 - create IPUIPlugin
2024-01-17 12:43:39,968 [INFO] IPUIPlugin:80 - create IPUIPlugin
2024-01-17 12:43:39,968 [INFO] IPUIPlugin:80 - create IPUIPlugin
2024-01-17 12:43:39,968 [INFO] IPUIPlugin:80 - create IPUIPlugin
2024-01-17 12:43:39,969 [INFO] IPUIPlugin:80 - create IPUIPlugin
2024-01-17 12:43:39,969 [INFO] IPUIPlugin:80 - create IPUIPlugin
2024-01-17 12:43:39,969 [INFO] IPUIPlugin:80 - create IPUIPlugin
2024-01-17 12:43:39,969 [INFO] IPUIPlugin:80 - create IPUIPlugin
2024-01-17 12:43:39,969 [INFO] IPUIPlugin:80 - create IPUIPlugin
2024-01-17 12:43:39,969 [INFO] IPUIPlugin:80 - create IPUIPlugin
2024-01-17 12:43:39,969 [INFO] IPUIPlugin:80 - create IPUIPlugin
2024-01-17 12:43:39,969 [INFO] IPUIPlugin:80 - create IPUIPlugin
2024-01-17 12:43:39,969 [INFO] IPUIPlugin:80 - create IPUIPlugin
2024-01-17 12:43:39,969 [INFO] IPUIPlugin:80 - create IPUIPlugin
2024-01-17 12:43:39,969 [INFO] IPUIPlugin:80 - create IPUIPlugin
2024-01-17 12:43:39,969 [INFO] IPUIPlugin:80 - create IPUIPlugin
2024-01-17 12:43:39,969 [INFO] IPUIPlugin:80 - create IPUIPlugin
2024-01-17 12:43:39,969 [INFO] IPUIPlugin:80 - create IPUIPlugin
2024-01-17 12:43:39,969 [INFO] IPUIPlugin:80 - create IPUIPlugin
2024-01-17 12:43:39,969 [INFO] IPUIPlugin:80 - create IPUIPlugin
2024-01-17 12:43:39,970 [INFO] IPUIPlugin:80 - create IPUIPlugin
2024-01-17 12:43:39,970 [INFO] IPUIPlugin:80 - create IPUIPlugin
2024-01-17 12:43:39,970 [INFO] IPUIPlugin:80 - create IPUIPlugin
2024-01-17 12:43:39,970 [INFO] IPUIPlugin:80 - create IPUIPlugin
2024-01-17 12:43:39,970 [INFO] IPUIPlugin:80 - create IPUIPlugin
2024-01-17 12:43:39,970 [INFO] IPUIPlugin:80 - create IPUIPlugin
2024-01-17 12:43:39,970 [INFO] IPUIPlugin:80 - create IPUIPlugin
2024-01-17 12:43:39,970 [INFO] IPUIPlugin:80 - create IPUIPlugin
2024-01-17 12:43:39,990 [INFO] CADModel:165 - CPN selected for project levelSTM32F042F4P6
2024-01-17 12:43:39,991 [INFO] CADModel:114 - Register for checkConnection events
2024-01-17 12:43:40,053 [INFO] OpenFileManager:343 - Restore cursor
2024-01-17 12:46:13,053 [INFO] NvicIntPanel:101 - NVIC parent = com.st.microxplorer.plugins.ip.nvic.MultiNvicIntPanel[,0,0,0x0,invalid,layout=javax.swing.BoxLayout,alignmentX=0.0,alignmentY=0.0,border=,flags=9,maximumSize=,minimumSize=,preferredSize=]
2024-01-17 12:46:22,986 [INFO] UtilMem:75 - End SaveConfig() Used Memory: 384099464 Bytes (1073741824)
2024-01-17 12:46:23,122 [INFO] UtilMem:75 - End SaveConfig() Used Memory: 396673248 Bytes (1073741824)
2024-01-17 12:46:23,235 [INFO] UtilMem:75 - End SaveConfig() Used Memory: 412401888 Bytes (1073741824)
2024-01-17 12:46:23,372 [INFO] BlockDiagram:2759 - set Specific Code input for plugin: NVIC
2024-01-17 12:46:23,372 [INFO] BlockDiagram:2759 - set Specific Code input for plugin: TIM1_8F0
2024-01-17 12:46:23,372 [INFO] BlockDiagram:2759 - set Specific Code input for plugin: SYS
2024-01-17 12:46:23,372 [INFO] BlockDiagram:2759 - set Specific Code input for plugin: GPIO
2024-01-17 12:46:23,372 [INFO] BlockDiagram:2759 - set Specific Code input for plugin: RCC
2024-01-17 12:46:23,373 [INFO] CodeGenerator:807 - code generatio: config db path: C:\ST\STM32CubeIDE_1.13.2\STM32CubeIDE\plugins\com.st.stm32cube.common.mx_6.10.0.202311202037\\db\
2024-01-17 12:46:23,560 [INFO] CodeEngine:255 - oldGeneratedFile, C:\Users\aleja\OneDrive\Escritorio\gettingStartedSTM\timerLed\MXTmpFiles\license.tmp_save
2024-01-17 12:46:23,665 [INFO] CodeEngine:279 - Generated code: C:\Users\aleja\OneDrive\Escritorio\gettingStartedSTM\timerLed\MXTmpFiles\license.tmp
2024-01-17 12:46:23,686 [INFO] CodeEngine:255 - oldGeneratedFile, C:\Users\aleja\OneDrive\Escritorio\gettingStartedSTM\timerLed\MXTmpFiles\gpio.tmp_save
2024-01-17 12:46:23,797 [INFO] CodeEngine:279 - Generated code: C:\Users\aleja\OneDrive\Escritorio\gettingStartedSTM\timerLed\MXTmpFiles\gpio.tmp
2024-01-17 12:46:23,892 [INFO] CodeEngine:255 - oldGeneratedFile, C:\Users\aleja\OneDrive\Escritorio\gettingStartedSTM\timerLed\Core\Src\stm32f0xx_it.c_save
2024-01-17 12:46:24,062 [INFO] CodeEngine:279 - Generated code: C:\Users\aleja\OneDrive\Escritorio\gettingStartedSTM\timerLed\Core\Src\stm32f0xx_it.c
2024-01-17 12:46:24,068 [INFO] CodeEngine:255 - oldGeneratedFile, C:\Users\aleja\OneDrive\Escritorio\gettingStartedSTM\timerLed\Core\Inc\stm32f0xx_it.h_save
2024-01-17 12:46:24,133 [INFO] CodeEngine:279 - Generated code: C:\Users\aleja\OneDrive\Escritorio\gettingStartedSTM\timerLed\Core\Inc\stm32f0xx_it.h
2024-01-17 12:46:24,155 [INFO] CodeEngine:255 - oldGeneratedFile, C:\Users\aleja\OneDrive\Escritorio\gettingStartedSTM\timerLed\Core\Src\stm32f0xx_hal_msp.c_save
2024-01-17 12:46:24,251 [INFO] CodeEngine:279 - Generated code: C:\Users\aleja\OneDrive\Escritorio\gettingStartedSTM\timerLed\Core\Src\stm32f0xx_hal_msp.c
2024-01-17 12:46:24,257 [INFO] CodeEngine:255 - oldGeneratedFile, C:\Users\aleja\OneDrive\Escritorio\gettingStartedSTM\timerLed\MXTmpFiles\system.tmp_save
2024-01-17 12:46:24,297 [INFO] CodeEngine:279 - Generated code: C:\Users\aleja\OneDrive\Escritorio\gettingStartedSTM\timerLed\MXTmpFiles\system.tmp
2024-01-17 12:46:24,328 [INFO] CodeEngine:311 - oldGeneratedFile, C:\Users\aleja\OneDrive\Escritorio\gettingStartedSTM\timerLed\Core\Inc\stm32f0xx_hal_conf.h_save
2024-01-17 12:46:24,492 [INFO] CodeEngine:335 - Generated code: C:\Users\aleja\OneDrive\Escritorio\gettingStartedSTM\timerLed\Core\Inc\stm32f0xx_hal_conf.h
2024-01-17 12:46:24,535 [WARN] IPConfigManager:3440 - IP not found : TIM
2024-01-17 12:46:24,537 [WARN] CodeGenerator:3939 - IP not found : null
2024-01-17 12:46:24,578 [INFO] CodeEngine:255 - oldGeneratedFile, C:\Users\aleja\OneDrive\Escritorio\gettingStartedSTM\timerLed\Core\Inc\main.h_save
2024-01-17 12:46:24,712 [INFO] CodeEngine:279 - Generated code: C:\Users\aleja\OneDrive\Escritorio\gettingStartedSTM\timerLed\Core\Inc\main.h
2024-01-17 12:46:24,739 [INFO] CodeEngine:255 - oldGeneratedFile, C:\Users\aleja\OneDrive\Escritorio\gettingStartedSTM\timerLed\Core\Src\main.c_save
2024-01-17 12:46:24,871 [INFO] CodeEngine:279 - Generated code: C:\Users\aleja\OneDrive\Escritorio\gettingStartedSTM\timerLed\Core\Src\main.c
2024-01-17 12:46:25,488 [INFO] ProjectBuilder:3076 - Time for Copy HAL[1] : 232mS.
2024-01-17 12:46:25,491 [INFO] ProjectBuilder:4485 - Project Generator version: 4.2.0-B44
2024-01-17 12:46:25,615 [INFO] ConfigFileManager:1495 - The Die is : DIE445
2024-01-17 12:46:25,619 [INFO] ApiDbMcu:508 - Load IP Config File for FATFS
2024-01-17 12:46:25,637 [INFO] ApiDbMcu:508 - Load IP Config File for FREERTOS
2024-01-17 12:46:25,744 [INFO] ApiDbMcu:508 - Load IP Config File for TOUCHSENSING
2024-01-17 12:46:25,758 [INFO] ApiDbMcu:508 - Load IP Config File for USB_DEVICE
2024-01-17 12:46:26,821 [INFO] ProjectBuilder:4747 - Time for Generating toolchain IDE Files: 1329mS.
2024-01-17 12:46:26,821 [INFO] ProjectBuilder:2947 - Time for Copy CMSIS : 0mS.
2024-01-17 12:46:26,824 [INFO] ProjectBuilder:2947 - Time for Copy CMSIS : 0mS.
2024-01-17 12:46:27,010 [INFO] UtilMem:75 - End SaveConfig() Used Memory: 578641920 Bytes (1073741824)
2024-01-17 12:46:27,147 [INFO] BlockDiagram:2759 - set Specific Code input for plugin: NVIC
2024-01-17 12:46:27,147 [INFO] BlockDiagram:2759 - set Specific Code input for plugin: TIM1_8F0
2024-01-17 12:46:27,148 [INFO] BlockDiagram:2759 - set Specific Code input for plugin: SYS
2024-01-17 12:46:27,148 [INFO] BlockDiagram:2759 - set Specific Code input for plugin: GPIO
2024-01-17 12:46:27,148 [INFO] BlockDiagram:2759 - set Specific Code input for plugin: RCC
2024-01-17 12:46:27,149 [INFO] CodeGenerator:807 - code generatio: config db path: C:\ST\STM32CubeIDE_1.13.2\STM32CubeIDE\plugins\com.st.stm32cube.common.mx_6.10.0.202311202037\\db\
2024-01-17 12:46:27,304 [INFO] CodeEngine:255 - oldGeneratedFile, C:\Users\aleja\OneDrive\Escritorio\gettingStartedSTM\timerLed\MXTmpFiles\license.tmp_save
2024-01-17 12:46:27,387 [INFO] CodeEngine:279 - Generated code: C:\Users\aleja\OneDrive\Escritorio\gettingStartedSTM\timerLed\MXTmpFiles\license.tmp
2024-01-17 12:46:27,406 [INFO] CodeEngine:255 - oldGeneratedFile, C:\Users\aleja\OneDrive\Escritorio\gettingStartedSTM\timerLed\MXTmpFiles\gpio.tmp_save
2024-01-17 12:46:27,546 [INFO] CodeEngine:279 - Generated code: C:\Users\aleja\OneDrive\Escritorio\gettingStartedSTM\timerLed\MXTmpFiles\gpio.tmp
2024-01-17 12:46:27,637 [INFO] CodeEngine:255 - oldGeneratedFile, C:\Users\aleja\OneDrive\Escritorio\gettingStartedSTM\timerLed\Core\Src\stm32f0xx_it.c_save
2024-01-17 12:46:27,746 [INFO] CodeEngine:279 - Generated code: C:\Users\aleja\OneDrive\Escritorio\gettingStartedSTM\timerLed\Core\Src\stm32f0xx_it.c
2024-01-17 12:46:27,758 [INFO] CodeEngine:255 - oldGeneratedFile, C:\Users\aleja\OneDrive\Escritorio\gettingStartedSTM\timerLed\Core\Inc\stm32f0xx_it.h_save
2024-01-17 12:46:27,809 [INFO] CodeEngine:279 - Generated code: C:\Users\aleja\OneDrive\Escritorio\gettingStartedSTM\timerLed\Core\Inc\stm32f0xx_it.h
2024-01-17 12:46:27,836 [INFO] CodeEngine:255 - oldGeneratedFile, C:\Users\aleja\OneDrive\Escritorio\gettingStartedSTM\timerLed\Core\Src\stm32f0xx_hal_msp.c_save
2024-01-17 12:46:27,926 [INFO] CodeEngine:279 - Generated code: C:\Users\aleja\OneDrive\Escritorio\gettingStartedSTM\timerLed\Core\Src\stm32f0xx_hal_msp.c
2024-01-17 12:46:27,929 [INFO] CodeEngine:255 - oldGeneratedFile, C:\Users\aleja\OneDrive\Escritorio\gettingStartedSTM\timerLed\MXTmpFiles\system.tmp_save
2024-01-17 12:46:27,979 [INFO] CodeEngine:279 - Generated code: C:\Users\aleja\OneDrive\Escritorio\gettingStartedSTM\timerLed\MXTmpFiles\system.tmp
2024-01-17 12:46:28,006 [INFO] CodeEngine:311 - oldGeneratedFile, C:\Users\aleja\OneDrive\Escritorio\gettingStartedSTM\timerLed\Core\Inc\stm32f0xx_hal_conf.h_save
2024-01-17 12:46:28,141 [INFO] CodeEngine:335 - Generated code: C:\Users\aleja\OneDrive\Escritorio\gettingStartedSTM\timerLed\Core\Inc\stm32f0xx_hal_conf.h
2024-01-17 12:46:28,173 [WARN] IPConfigManager:3440 - IP not found : TIM
2024-01-17 12:46:28,174 [WARN] CodeGenerator:3939 - IP not found : null
2024-01-17 12:46:28,211 [INFO] CodeEngine:255 - oldGeneratedFile, C:\Users\aleja\OneDrive\Escritorio\gettingStartedSTM\timerLed\Core\Inc\main.h_save
2024-01-17 12:46:28,314 [INFO] CodeEngine:279 - Generated code: C:\Users\aleja\OneDrive\Escritorio\gettingStartedSTM\timerLed\Core\Inc\main.h
2024-01-17 12:46:28,347 [INFO] CodeEngine:255 - oldGeneratedFile, C:\Users\aleja\OneDrive\Escritorio\gettingStartedSTM\timerLed\Core\Src\main.c_save
2024-01-17 12:46:28,422 [INFO] CodeEngine:279 - Generated code: C:\Users\aleja\OneDrive\Escritorio\gettingStartedSTM\timerLed\Core\Src\main.c
2024-01-17 12:46:28,933 [INFO] ProjectBuilder:3076 - Time for Copy HAL[1] : 132mS.
2024-01-17 12:46:28,936 [INFO] ProjectBuilder:4485 - Project Generator version: 4.2.0-B44
2024-01-17 12:46:29,063 [INFO] ConfigFileManager:1495 - The Die is : DIE445
2024-01-17 12:46:30,057 [INFO] ProjectBuilder:4747 - Time for Generating toolchain IDE Files: 1121mS.
2024-01-17 12:46:30,058 [INFO] ProjectBuilder:2947 - Time for Copy CMSIS : 1mS.
2024-01-17 12:46:30,062 [INFO] ProjectBuilder:2947 - Time for Copy CMSIS : 0mS.
2024-01-17 12:47:20,087 [INFO] MainUpdater:2873 - connection check result : 10
2024-01-17 12:47:20,087 [INFO] MainUpdater:2873 - connection check result : 10
2024-01-17 12:47:20,099 [INFO] MicroXplorer:468 - Change Database Path : 
2024-01-17 12:47:20,099 [INFO] MicroXplorer:498 - Change Database Version : DB.6.0.100
2024-01-17 12:47:20,104 [ERROR] ProjectManagerView:394 - 
java.lang.NullPointerException: Cannot invoke "javax.swing.JTextField.getText()" because the return value of "java.util.List.get(int)" is null
	at com.st.microxplorer.plugins.projectmanager.gui.ProjectChoiceTab$10.caretUpdate(ProjectChoiceTab.java:2493) ~[filemanager.jar:?]
	at javax.swing.text.JTextComponent.fireCaretUpdate(JTextComponent.java:412) ~[?:?]
	at javax.swing.text.JTextComponent$MutableCaretEvent.fire(JTextComponent.java:4491) ~[?:?]
	at javax.swing.text.JTextComponent$MutableCaretEvent.stateChanged(JTextComponent.java:4513) ~[?:?]
	at javax.swing.text.DefaultCaret.fireStateChanged(DefaultCaret.java:842) ~[?:?]
	at javax.swing.text.DefaultCaret.changeCaretPosition(DefaultCaret.java:1313) ~[?:?]
	at javax.swing.text.DefaultCaret.handleSetDot(DefaultCaret.java:1212) ~[?:?]
	at javax.swing.text.DefaultCaret.setDot(DefaultCaret.java:1193) ~[?:?]
	at javax.swing.text.DefaultCaret$Handler.insertUpdate(DefaultCaret.java:1789) ~[?:?]
	at javax.swing.text.AbstractDocument.fireInsertUpdate(AbstractDocument.java:226) ~[?:?]
	at javax.swing.text.AbstractDocument.handleInsertString(AbstractDocument.java:780) ~[?:?]
	at javax.swing.text.AbstractDocument.insertString(AbstractDocument.java:739) ~[?:?]
	at javax.swing.text.PlainDocument.insertString(PlainDocument.java:131) ~[?:?]
	at javax.swing.text.AbstractDocument.replace(AbstractDocument.java:698) ~[?:?]
	at javax.swing.text.JTextComponent.setText(JTextComponent.java:1729) ~[?:?]
	at com.st.microxplorer.plugins.projectmanager.gui.ProjectChoiceTab.createHeapStackFields(ProjectChoiceTab.java:933) ~[filemanager.jar:?]
	at com.st.microxplorer.plugins.projectmanager.gui.ProjectChoiceTab.buildLinkSettingsPanel(ProjectChoiceTab.java:3426) ~[filemanager.jar:?]
	at com.st.microxplorer.plugins.projectmanager.gui.ProjectChoiceTab.defineWindowsFields(ProjectChoiceTab.java:1813) ~[filemanager.jar:?]
	at com.st.microxplorer.plugins.projectmanager.gui.ProjectChoiceTab.updateSettings(ProjectChoiceTab.java:533) ~[filemanager.jar:?]
	at com.st.microxplorer.plugins.projectmanager.gui.ProjectSettingsPanel.UpdateDialog(ProjectSettingsPanel.java:244) ~[filemanager.jar:?]
	at com.st.microxplorer.plugins.projectmanager.ProjectManagerView.propertyChange(ProjectManagerView.java:391) ~[filemanager.jar:?]
	at java.beans.PropertyChangeSupport.fire(PropertyChangeSupport.java:343) ~[?:?]
	at java.beans.PropertyChangeSupport.firePropertyChange(PropertyChangeSupport.java:335) ~[?:?]
	at java.beans.PropertyChangeSupport.firePropertyChange(PropertyChangeSupport.java:268) ~[?:?]
	at com.st.microxplorer.util.MXPropertyChangeSupport.firePropertyChange(MXPropertyChangeSupport.java:54) ~[STM32CubeMX.jar:?]
	at com.st.microxplorer.mxsystem.MxSystem.closeConfig(MxSystem.java:900) ~[STM32CubeMX.jar:?]
	at com.st.microxplorer.maingui.MainPanel.closeConfig(MainPanel.java:776) ~[STM32CubeMX.jar:?]
	at com.st.microxplorer.plugins.filemanager.engine.OpenFileManager.loadConfigurationFile(OpenFileManager.java:245) ~[filemanager.jar:?]
	at com.st.microxplorer.plugins.filemanager.engine.MainFileManager.userLoadConfig(MainFileManager.java:290) ~[filemanager.jar:?]
	at com.st.microxplorer.plugins.filemanager.FileManagerView.getSpecificTask(FileManagerView.java:247) ~[filemanager.jar:?]
	at com.st.stm32cube.common.mx.editor.CubeMxEditor.getMxTabbedPaneInstance(CubeMxEditor.java:1184) ~[com.st.stm32cube.common.mx_6.10.0.202311202037/:?]
	at com.st.stm32cube.common.mx.editor.CubeMxEditor$12$1.createSwingComponent(CubeMxEditor.java:1065) ~[com.st.stm32cube.common.mx_6.10.0.202311202037/:?]
	at com.st.stm32cube.common.mx.oss.core.awtswtbridge.EmbeddedSwingComposite.doComponentCreation(EmbeddedSwingComposite.java:492) ~[com.st.stm32cube.common.mx.oss_6.10.0.202311202037/:?]
	at com.st.stm32cube.common.mx.oss.core.awtswtbridge.EmbeddedSwingComposite$4.run(EmbeddedSwingComposite.java:291) ~[com.st.stm32cube.common.mx.oss_6.10.0.202311202037/:?]
	at com.st.stm32cube.common.mx.oss.core.awtswtbridge.AwtEnvironment$2.run(AwtEnvironment.java:166) ~[com.st.stm32cube.common.mx.oss_6.10.0.202311202037/:?]
	at java.awt.event.InvocationEvent.dispatch(InvocationEvent.java:318) ~[?:?]
	at java.awt.EventQueue.dispatchEventImpl(EventQueue.java:773) ~[?:?]
	at java.awt.EventQueue$4.run(EventQueue.java:720) ~[?:?]
	at java.awt.EventQueue$4.run(EventQueue.java:714) ~[?:?]
	at java.security.AccessController.doPrivileged(AccessController.java:399) ~[?:?]
	at java.security.ProtectionDomain$JavaSecurityAccessImpl.doIntersectionPrivilege(ProtectionDomain.java:86) ~[?:?]
	at java.awt.EventQueue.dispatchEvent(EventQueue.java:742) ~[?:?]
	at java.awt.EventDispatchThread.pumpOneEventForFilters(EventDispatchThread.java:203) ~[?:?]
	at java.awt.EventDispatchThread.pumpEventsForFilter(EventDispatchThread.java:124) ~[?:?]
	at java.awt.EventDispatchThread.pumpEventsForHierarchy(EventDispatchThread.java:113) ~[?:?]
	at java.awt.EventDispatchThread.pumpEvents(EventDispatchThread.java:109) ~[?:?]
	at java.awt.EventDispatchThread.pumpEvents(EventDispatchThread.java:101) ~[?:?]
	at java.awt.EventDispatchThread.run(EventDispatchThread.java:90) ~[?:?]
2024-01-17 12:47:20,104 [WARN] ThirdParty:871 - waiting for thirdparty lock release [close project]
2024-01-17 12:47:20,104 [INFO] ThirdParty:873 - entering critical section [close project]
2024-01-17 12:47:20,104 [INFO] ThirdParty:883 - exiting critical section [close project]
2024-01-17 12:47:20,105 [INFO] PinOutPanel:1499 - setPackage(No Configuration,No Configuration)
2024-01-17 12:47:20,106 [INFO] UtilMem:75 - Begin LoadConfig() Used Memory: 382000768 Bytes (1073741824)
2024-01-17 12:47:20,106 [INFO] MicroXplorer:468 - Change Database Path : 
2024-01-17 12:47:20,106 [INFO] MicroXplorer:498 - Change Database Version : DB.6.0.100
2024-01-17 12:47:20,106 [INFO] OpenFileManager:312 - Change cursor
2024-01-17 12:47:20,113 [INFO] RulesReader:64 - Compatibility file has been processed (297 Rules)
2024-01-17 12:47:20,115 [INFO] Mcu:2016 - Initializing MCU STM32F042F4Px STM32F042F4Px STM32F042F4P6
2024-01-17 12:47:20,571 [INFO] Context:659 - Trying to add GPIOservice into a context  which must be forbidden
2024-01-17 12:47:20,645 [INFO] RtosManager:555 - Registered RTOS mode: class=CMSIS, group=RTOS, mode=CMSIS_V1, owner=FREERTOS
2024-01-17 12:47:20,645 [INFO] RtosManager:555 - Registered RTOS mode: class=CMSIS, group=RTOS2, mode=CMSIS_V2, owner=FREERTOS
2024-01-17 12:47:20,645 [INFO] RtosManager:555 - Registered RTOS mode: class=RTOS, group=Core, mode=CMSIS_V1, owner=FREERTOS
2024-01-17 12:47:20,645 [INFO] RtosManager:555 - Registered RTOS mode: class=RTOS, group=Core, mode=CMSIS_V2, owner=FREERTOS
2024-01-17 12:47:20,645 [WARN] ModelIntegratedComponent:184 - Missing modes for component STMicroelectronics:FreeRTOS:0.0.1:STMicroelectronics:RTOS:FreeRTOS:Core:::10.2.0:
2024-01-17 12:47:20,648 [WARN] ModelIntegratedComponent:63 - No mode defined for component null
2024-01-17 12:47:20,648 [WARN] ModelIntegratedComponent:63 - No mode defined for component null
2024-01-17 12:47:20,649 [WARN] ModelIntegratedComponent:63 - No mode defined for component null
2024-01-17 12:47:20,649 [WARN] ModelIntegratedComponent:63 - No mode defined for component null
2024-01-17 12:47:20,649 [WARN] ModelIntegratedComponent:63 - No mode defined for component null
2024-01-17 12:47:20,649 [WARN] ModelIntegratedComponent:63 - No mode defined for component null
2024-01-17 12:47:20,649 [WARN] ModelIntegratedComponent:63 - No mode defined for component null
2024-01-17 12:47:20,649 [WARN] ModelIntegratedComponent:63 - No mode defined for component null
2024-01-17 12:47:20,649 [WARN] ModelIntegratedComponent:63 - No mode defined for component null
2024-01-17 12:47:20,649 [WARN] ModelIntegratedComponent:63 - No mode defined for component null
2024-01-17 12:47:20,649 [WARN] ModelIntegratedComponent:63 - No mode defined for component null
2024-01-17 12:47:20,649 [WARN] ModelIntegratedComponent:63 - No mode defined for component null
2024-01-17 12:47:20,649 [WARN] ModelIntegratedComponent:63 - No mode defined for component null
2024-01-17 12:47:20,649 [WARN] ModelIntegratedComponent:63 - No mode defined for component null
2024-01-17 12:47:20,649 [WARN] ModelIntegratedComponent:63 - No mode defined for component null
2024-01-17 12:47:20,649 [WARN] ModelIntegratedComponent:63 - No mode defined for component null
2024-01-17 12:47:20,649 [WARN] ModelIntegratedComponent:63 - No mode defined for component null
2024-01-17 12:47:20,649 [WARN] ModelIntegratedComponent:63 - No mode defined for component null
2024-01-17 12:47:20,649 [WARN] ModelIntegratedComponent:63 - No mode defined for component null
2024-01-17 12:47:20,649 [WARN] ModelIntegratedComponent:63 - No mode defined for component null
2024-01-17 12:47:20,649 [WARN] ModelIntegratedComponent:63 - No mode defined for component null
2024-01-17 12:47:20,649 [WARN] ModelIntegratedComponent:63 - No mode defined for component null
2024-01-17 12:47:20,649 [WARN] ModelIntegratedComponent:63 - No mode defined for component null
2024-01-17 12:47:20,649 [WARN] ModelIntegratedComponent:63 - No mode defined for component null
2024-01-17 12:47:20,649 [WARN] ModelIntegratedComponent:63 - No mode defined for component null
2024-01-17 12:47:20,649 [WARN] ModelIntegratedComponent:63 - No mode defined for component null
2024-01-17 12:47:20,649 [WARN] ModelIntegratedComponent:63 - No mode defined for component null
2024-01-17 12:47:20,649 [WARN] ModelIntegratedComponent:63 - No mode defined for component null
2024-01-17 12:47:20,649 [WARN] ModelIntegratedComponent:63 - No mode defined for component null
2024-01-17 12:47:20,649 [WARN] ModelIntegratedComponent:63 - No mode defined for component null
2024-01-17 12:47:20,649 [WARN] ModelIntegratedComponent:63 - No mode defined for component null
2024-01-17 12:47:20,649 [WARN] ModelIntegratedComponent:63 - No mode defined for component null
2024-01-17 12:47:20,649 [WARN] ModelIntegratedComponent:63 - No mode defined for component null
2024-01-17 12:47:20,694 [INFO] ThirdPartyModel:298 - Start build external matchings
2024-01-17 12:47:20,837 [INFO] ThirdPartyModel:316 - End build external matchings
2024-01-17 12:47:20,840 [INFO] ImportTextPane:194 - (OptionalMessage_ERROR) IP (DMA) : Parameter (Instance) has Id (ADC) currently not set
2024-01-17 12:47:20,840 [INFO] ImportTextPane:194 - (OptionalMessage_ERROR) IP (DMA) : Parameter (Direction) has Id (ADC) currently not set
2024-01-17 12:47:20,840 [INFO] ImportTextPane:194 - (OptionalMessage_ERROR) IP (DMA) : Parameter (PeriphInc) has Id (ADC) currently not set
2024-01-17 12:47:20,840 [INFO] ImportTextPane:194 - (OptionalMessage_ERROR) IP (DMA) : Parameter (MemInc) has Id (ADC) currently not set
2024-01-17 12:47:20,840 [INFO] ImportTextPane:194 - (OptionalMessage_ERROR) IP (DMA) : Parameter (PeriphDataAlignment) has Id (ADC) currently not set
2024-01-17 12:47:20,840 [INFO] ImportTextPane:194 - (OptionalMessage_ERROR) IP (DMA) : Parameter (MemDataAlignment) has Id (ADC) currently not set
2024-01-17 12:47:20,840 [INFO] ImportTextPane:194 - (OptionalMessage_ERROR) IP (DMA) : Parameter (Mode) has Id (ADC) currently not set
2024-01-17 12:47:20,840 [INFO] ImportTextPane:194 - (OptionalMessage_ERROR) IP (DMA) : Parameter (Priority) has Id (ADC) currently not set
2024-01-17 12:47:20,840 [INFO] ImportTextPane:194 - (OptionalMessage_ERROR) IP (RCC) : Invalid parameter (FamilyName)
2024-01-17 12:47:20,840 [INFO] ImportTextPane:194 - (OptionalMessage_ERROR) IP (RCC) : Invalid parameter (HSICECFreq_Value)
2024-01-17 12:47:20,960 [INFO] UtilMem:75 - End LoadConfig() Used Memory: 573456888 Bytes (1073741824)
2024-01-17 12:47:21,021 [INFO] MicroXplorer:468 - Change Database Path : 
2024-01-17 12:47:21,021 [INFO] MicroXplorer:498 - Change Database Version : DB.6.0.100
2024-01-17 12:47:21,021 [WARN] ThirdParty:833 - waiting for thirdparty lock release [change project]
2024-01-17 12:47:21,021 [INFO] ThirdParty:835 - entering critical section [change project]
2024-01-17 12:47:21,021 [INFO] ThirdParty:1030 - CMSIS Pack Vendor :STMicroelectronics X-CUBE-ISPU 1.1.0
2024-01-17 12:47:21,021 [INFO] ThirdParty:1030 - CMSIS Pack Vendor :STMicroelectronics USBPD 4.1
2024-01-17 12:47:21,021 [INFO] ThirdParty:1030 - CMSIS Pack Vendor :STMicroelectronics X-CUBE-GNSS1 6.0.0
2024-01-17 12:47:21,021 [INFO] ThirdParty:1030 - CMSIS Pack Vendor :STMicroelectronics USB_HOST 2.0.0
2024-01-17 12:47:21,021 [INFO] ThirdParty:1030 - CMSIS Pack Vendor :STMicroelectronics X-CUBE-AZRTOS-F4 1.1.0
2024-01-17 12:47:21,021 [INFO] ThirdParty:1030 - CMSIS Pack Vendor :STMicroelectronics LIBJPEG 8.0.0
2024-01-17 12:47:21,021 [INFO] ThirdParty:1030 - CMSIS Pack Vendor :wolfSSL I-CUBE-wolfSSL 5.6.4
2024-01-17 12:47:21,021 [INFO] ThirdParty:1030 - CMSIS Pack Vendor :STMicroelectronics X-CUBE-SMBUS 2.1.0
2024-01-17 12:47:21,021 [INFO] ThirdParty:1030 - CMSIS Pack Vendor :STMicroelectronics USB_DEVICE 3.0.0
2024-01-17 12:47:21,021 [INFO] ThirdParty:1030 - CMSIS Pack Vendor :STMicroelectronics X-CUBE-AZRTOS-WB 2.0.0
2024-01-17 12:47:21,022 [INFO] ThirdParty:1030 - CMSIS Pack Vendor :STMicroelectronics X-CUBE-TOUCHGFX 4.23.0
2024-01-17 12:47:21,022 [INFO] ThirdParty:1030 - CMSIS Pack Vendor :STMicroelectronics X-CUBE-AZRTOS-F7 1.1.0
2024-01-17 12:47:21,022 [INFO] ThirdParty:1030 - CMSIS Pack Vendor :STMicroelectronics X-CUBE-AZRTOS-L5 2.0.0
2024-01-17 12:47:21,022 [INFO] ThirdParty:1030 - CMSIS Pack Vendor :STMicroelectronics USB_DEVICE 2.0.0
2024-01-17 12:47:21,022 [INFO] ThirdParty:1030 - CMSIS Pack Vendor :STMicroelectronics X-CUBE-EEPRMA1 4.2.0
2024-01-17 12:47:21,022 [INFO] ThirdParty:1030 - CMSIS Pack Vendor :ITTIA_DB I-CUBE-ITTIADB 8.8.0
2024-01-17 12:47:21,022 [INFO] ThirdParty:1030 - CMSIS Pack Vendor :STMicroelectronics FP-SNS-MOTENV1 4.3.2
2024-01-17 12:47:21,022 [INFO] ThirdParty:1030 - CMSIS Pack Vendor :STMicroelectronics X-CUBE-ALGOBUILD 1.3.0
2024-01-17 12:47:21,022 [INFO] ThirdParty:1030 - CMSIS Pack Vendor :STMicroelectronics FreeRTOS 0.0.1
2024-01-17 12:47:21,022 [INFO] ThirdParty:1030 - CMSIS Pack Vendor :STMicroelectronics X-CUBE-AZRTOS-G0 1.1.0
2024-01-17 12:47:21,022 [INFO] ThirdParty:1030 - CMSIS Pack Vendor :STMicroelectronics X-CUBE-NFC4 3.0.0
2024-01-17 12:47:21,022 [INFO] ThirdParty:1030 - CMSIS Pack Vendor :STMicroelectronics X-CUBE-SUBG2 5.0.0
2024-01-17 12:47:21,022 [INFO] ThirdParty:1030 - CMSIS Pack Vendor :STMicroelectronics STM32_WPAN 1.0.0
2024-01-17 12:47:21,022 [INFO] ThirdParty:1030 - CMSIS Pack Vendor :STMicroelectronics lwIP 2.0.3
2024-01-17 12:47:21,022 [INFO] ThirdParty:1030 - CMSIS Pack Vendor :STMicroelectronics FP-SNS-FLIGHT1 5.0.2
2024-01-17 12:47:21,022 [INFO] ThirdParty:1030 - CMSIS Pack Vendor :STMicroelectronics USB_HOST 1.0.0
2024-01-17 12:47:21,022 [INFO] ThirdParty:1030 - CMSIS Pack Vendor :STMicroelectronics X-CUBE-AZRTOS-G4 2.0.0
2024-01-17 12:47:21,022 [INFO] ThirdParty:1030 - CMSIS Pack Vendor :STMicroelectronics PDM2PCM 3.1.0
2024-01-17 12:47:21,022 [INFO] ThirdParty:1030 - CMSIS Pack Vendor :STMicroelectronics X-CUBE-AZRTOS-H7 3.1.0
2024-01-17 12:47:21,022 [INFO] ThirdParty:1030 - CMSIS Pack Vendor :Infineon AIROC-Wi-Fi-Bluetooth-STM32 1.5.1
2024-01-17 12:47:21,022 [INFO] ThirdParty:1030 - CMSIS Pack Vendor :STMicroelectronics X-CUBE-BLEMGR 3.0.0
2024-01-17 12:47:21,022 [INFO] ThirdParty:1030 - CMSIS Pack Vendor :STMicroelectronics PDM2PCM 3.3.0
2024-01-17 12:47:21,022 [INFO] ThirdParty:1030 - CMSIS Pack Vendor :STMicroelectronics X-CUBE-DISPLAY 3.0.0
2024-01-17 12:47:21,022 [INFO] ThirdParty:1030 - CMSIS Pack Vendor :STMicroelectronics FP-SNS-MOTENVWB1 1.3.1
2024-01-17 12:47:21,022 [INFO] ThirdParty:1030 - CMSIS Pack Vendor :STMicroelectronics X-CUBE-BLE1 7.0.0
2024-01-17 12:47:21,022 [INFO] ThirdParty:1030 - CMSIS Pack Vendor :STMicroelectronics FP-ATR-SIGFOX1 3.2.0
2024-01-17 12:47:21,022 [INFO] ThirdParty:1030 - CMSIS Pack Vendor :STMicroelectronics X-CUBE-ISPU 2.0.0
2024-01-17 12:47:21,022 [INFO] ThirdParty:1030 - CMSIS Pack Vendor :STMicroelectronics HAL Drivers 0.0.0
2024-01-17 12:47:21,022 [INFO] ThirdParty:1030 - CMSIS Pack Vendor :STMicroelectronics MBEDTLS 2.16.2
2024-01-17 12:47:21,022 [INFO] ThirdParty:1030 - CMSIS Pack Vendor :emotas I-CUBE-CANOPEN 1.3.0
2024-01-17 12:47:21,022 [INFO] ThirdParty:1030 - CMSIS Pack Vendor :STMicroelectronics X-CUBE-MEMS1 10.0.0
2024-01-17 12:47:21,022 [INFO] ThirdParty:1030 - CMSIS Pack Vendor :STMicroelectronics X-CUBE-FREERTOS 1.1.0
2024-01-17 12:47:21,022 [INFO] ThirdParty:1030 - CMSIS Pack Vendor :STMicroelectronics X-CUBE-NFC7 1.0.1
2024-01-17 12:47:21,022 [INFO] ThirdParty:1030 - CMSIS Pack Vendor :STMicroelectronics MBEDTLS 2.14.1
2024-01-17 12:47:21,022 [INFO] ThirdParty:1030 - CMSIS Pack Vendor :STMicroelectronics X-CUBE-TOUCHGFX 4.22.1
2024-01-17 12:47:21,022 [INFO] ThirdParty:1030 - CMSIS Pack Vendor :STMicroelectronics X-CUBE-NFC6 3.0.0
2024-01-17 12:47:21,022 [INFO] ThirdParty:1030 - CMSIS Pack Vendor :portGmbH I-Cube-SoM-uGOAL 1.1.0
2024-01-17 12:47:21,022 [INFO] ThirdParty:1030 - CMSIS Pack Vendor :STMicroelectronics X-CUBE-ALS 1.0.1
2024-01-17 12:47:21,022 [INFO] ThirdParty:1030 - CMSIS Pack Vendor :STMicroelectronics ThreadX 1.0.0
2024-01-17 12:47:21,022 [INFO] ThirdParty:1030 - CMSIS Pack Vendor :STMicroelectronics FP-SNS-SMARTAG2 1.2.0
2024-01-17 12:47:21,022 [INFO] ThirdParty:1030 - CMSIS Pack Vendor :STMicroelectronics X-CUBE-AZRTOS-WL 2.0.0
2024-01-17 12:47:21,022 [INFO] ThirdParty:1030 - CMSIS Pack Vendor :STMicroelectronics USB_DEVICE 1.0.0
2024-01-17 12:47:21,022 [INFO] ThirdParty:1030 - CMSIS Pack Vendor :STMicroelectronics X-CUBE-AI 8.1.0
2024-01-17 12:47:21,022 [INFO] ThirdParty:1030 - CMSIS Pack Vendor :STMicroelectronics X-CUBE-AZRTOS-L4 2.0.0
2024-01-17 12:47:21,022 [INFO] ThirdParty:1030 - CMSIS Pack Vendor :STMicroelectronics ThreadX 0.0.2
2024-01-17 12:47:21,022 [INFO] ThirdParty:1030 - CMSIS Pack Vendor :WES I-CUBE-Cesium 1.3.0
2024-01-17 12:47:21,022 [INFO] ThirdParty:1030 - CMSIS Pack Vendor :STMicroelectronics FP-ATR-ASTRA1 2.0.0
2024-01-17 12:47:21,022 [INFO] ThirdParty:1030 - CMSIS Pack Vendor :STMicroelectronics lwIP 2.1.2
2024-01-17 12:47:21,022 [INFO] ThirdParty:1030 - CMSIS Pack Vendor :STMicroelectronics X-CUBE-SFXS2LP1 4.0.0
2024-01-17 12:47:21,022 [INFO] ThirdParty:1030 - CMSIS Pack Vendor :STMicroelectronics X-CUBE-BLE2 3.3.0
2024-01-17 12:47:21,022 [INFO] ThirdParty:1030 - CMSIS Pack Vendor :STMicroelectronics X-CUBE-TOF1 3.4.0
2024-01-17 12:47:21,022 [INFO] ThirdParty:1030 - CMSIS Pack Vendor :STMicroelectronics X-CUBE-AZRTOS-H7 3.2.0
2024-01-17 12:47:21,022 [INFO] ThirdParty:1030 - CMSIS Pack Vendor :STMicroelectronics PDM2PCM 3.2.0
2024-01-17 12:47:21,022 [INFO] ThirdParty:841 - exiting critical section [change project]
2024-01-17 12:47:21,068 [INFO] PinOutPanel:1499 - setPackage(No Configuration,No Configuration)
2024-01-17 12:47:21,068 [INFO] PinOutPanel:1499 - setPackage(STM32F042F4Px,TSSOP20)
2024-01-17 12:47:21,766 [INFO] UtilMem:75 - Before build in PCC Used Memory: 411561888 Bytes (1073741824)
2024-01-17 12:47:21,859 [INFO] UtilMem:75 - After build in PCC Used Memory: 454027168 Bytes (1073741824)
2024-01-17 12:47:21,866 [INFO] IPUIPlugin:80 - create IPUIPlugin
2024-01-17 12:47:21,866 [INFO] IPUIPlugin:80 - create IPUIPlugin
2024-01-17 12:47:21,866 [INFO] IPUIPlugin:80 - create IPUIPlugin
2024-01-17 12:47:21,867 [INFO] IPUIPlugin:80 - create IPUIPlugin
2024-01-17 12:47:21,867 [INFO] IPUIPlugin:80 - create IPUIPlugin
2024-01-17 12:47:21,867 [INFO] IPUIPlugin:80 - create IPUIPlugin
2024-01-17 12:47:21,867 [INFO] IPUIPlugin:80 - create IPUIPlugin
2024-01-17 12:47:21,867 [INFO] IPUIPlugin:80 - create IPUIPlugin
2024-01-17 12:47:21,867 [INFO] IPUIPlugin:80 - create IPUIPlugin
2024-01-17 12:47:21,867 [INFO] IPUIPlugin:80 - create IPUIPlugin
2024-01-17 12:47:21,867 [INFO] IPUIPlugin:80 - create IPUIPlugin
2024-01-17 12:47:21,867 [INFO] IPUIPlugin:80 - create IPUIPlugin
2024-01-17 12:47:21,868 [INFO] IPUIPlugin:80 - create IPUIPlugin
2024-01-17 12:47:21,868 [INFO] IPUIPlugin:80 - create IPUIPlugin
2024-01-17 12:47:21,868 [INFO] IPUIPlugin:80 - create IPUIPlugin
2024-01-17 12:47:21,869 [INFO] IPUIPlugin:80 - create IPUIPlugin
2024-01-17 12:47:21,869 [INFO] IPUIPlugin:80 - create IPUIPlugin
2024-01-17 12:47:21,869 [INFO] IPUIPlugin:80 - create IPUIPlugin
2024-01-17 12:47:21,869 [INFO] IPUIPlugin:80 - create IPUIPlugin
2024-01-17 12:47:21,869 [INFO] IPUIPlugin:80 - create IPUIPlugin
2024-01-17 12:47:21,869 [INFO] IPUIPlugin:80 - create IPUIPlugin
2024-01-17 12:47:21,869 [INFO] IPUIPlugin:80 - create IPUIPlugin
2024-01-17 12:47:21,869 [INFO] IPUIPlugin:80 - create IPUIPlugin
2024-01-17 12:47:21,870 [INFO] IPUIPlugin:80 - create IPUIPlugin
2024-01-17 12:47:21,870 [INFO] IPUIPlugin:80 - create IPUIPlugin
2024-01-17 12:47:21,870 [INFO] IPUIPlugin:80 - create IPUIPlugin
2024-01-17 12:47:21,870 [INFO] IPUIPlugin:80 - create IPUIPlugin
2024-01-17 12:47:21,870 [INFO] IPUIPlugin:80 - create IPUIPlugin
2024-01-17 12:47:21,870 [INFO] IPUIPlugin:80 - create IPUIPlugin
2024-01-17 12:47:21,870 [INFO] IPUIPlugin:80 - create IPUIPlugin
2024-01-17 12:47:21,871 [INFO] Can:71 - Can Add PropertyChangeListener com.st.microxplorer.plugins.ip.can.Can@66d8d2e5
2024-01-17 12:47:21,888 [INFO] CADModel:165 - CPN selected for project levelSTM32F042F4P6
2024-01-17 12:47:21,889 [INFO] CADModel:114 - Register for checkConnection events
2024-01-17 12:47:21,967 [INFO] OpenFileManager:343 - Restore cursor
2024-01-17 14:27:01,026 [INFO] MainUpdater:2873 - connection check result : 10
2024-01-17 14:27:01,027 [INFO] MainUpdater:2873 - connection check result : 10
2024-01-17 14:27:01,053 [INFO] MicroXplorer:468 - Change Database Path : 
2024-01-17 14:27:01,053 [INFO] MicroXplorer:498 - Change Database Version : DB.6.0.100
2024-01-17 14:27:01,064 [ERROR] ProjectManagerView:394 - 
java.lang.NullPointerException: Cannot invoke "javax.swing.JTextField.getText()" because the return value of "java.util.List.get(int)" is null
	at com.st.microxplorer.plugins.projectmanager.gui.ProjectChoiceTab$10.caretUpdate(ProjectChoiceTab.java:2493) ~[filemanager.jar:?]
	at javax.swing.text.JTextComponent.fireCaretUpdate(JTextComponent.java:412) ~[?:?]
	at javax.swing.text.JTextComponent$MutableCaretEvent.fire(JTextComponent.java:4491) ~[?:?]
	at javax.swing.text.JTextComponent$MutableCaretEvent.stateChanged(JTextComponent.java:4513) ~[?:?]
	at javax.swing.text.DefaultCaret.fireStateChanged(DefaultCaret.java:842) ~[?:?]
	at javax.swing.text.DefaultCaret.changeCaretPosition(DefaultCaret.java:1313) ~[?:?]
	at javax.swing.text.DefaultCaret.handleSetDot(DefaultCaret.java:1212) ~[?:?]
	at javax.swing.text.DefaultCaret.setDot(DefaultCaret.java:1193) ~[?:?]
	at javax.swing.text.DefaultCaret$Handler.insertUpdate(DefaultCaret.java:1789) ~[?:?]
	at javax.swing.text.AbstractDocument.fireInsertUpdate(AbstractDocument.java:226) ~[?:?]
	at javax.swing.text.AbstractDocument.handleInsertString(AbstractDocument.java:780) ~[?:?]
	at javax.swing.text.AbstractDocument.insertString(AbstractDocument.java:739) ~[?:?]
	at javax.swing.text.PlainDocument.insertString(PlainDocument.java:131) ~[?:?]
	at javax.swing.text.AbstractDocument.replace(AbstractDocument.java:698) ~[?:?]
	at javax.swing.text.JTextComponent.setText(JTextComponent.java:1729) ~[?:?]
	at com.st.microxplorer.plugins.projectmanager.gui.ProjectChoiceTab.createHeapStackFields(ProjectChoiceTab.java:933) ~[filemanager.jar:?]
	at com.st.microxplorer.plugins.projectmanager.gui.ProjectChoiceTab.buildLinkSettingsPanel(ProjectChoiceTab.java:3426) ~[filemanager.jar:?]
	at com.st.microxplorer.plugins.projectmanager.gui.ProjectChoiceTab.defineWindowsFields(ProjectChoiceTab.java:1813) ~[filemanager.jar:?]
	at com.st.microxplorer.plugins.projectmanager.gui.ProjectChoiceTab.updateSettings(ProjectChoiceTab.java:533) ~[filemanager.jar:?]
	at com.st.microxplorer.plugins.projectmanager.gui.ProjectSettingsPanel.UpdateDialog(ProjectSettingsPanel.java:244) ~[filemanager.jar:?]
	at com.st.microxplorer.plugins.projectmanager.ProjectManagerView.propertyChange(ProjectManagerView.java:391) ~[filemanager.jar:?]
	at java.beans.PropertyChangeSupport.fire(PropertyChangeSupport.java:343) ~[?:?]
	at java.beans.PropertyChangeSupport.firePropertyChange(PropertyChangeSupport.java:335) ~[?:?]
	at java.beans.PropertyChangeSupport.firePropertyChange(PropertyChangeSupport.java:268) ~[?:?]
	at com.st.microxplorer.util.MXPropertyChangeSupport.firePropertyChange(MXPropertyChangeSupport.java:54) ~[STM32CubeMX.jar:?]
	at com.st.microxplorer.mxsystem.MxSystem.closeConfig(MxSystem.java:900) ~[STM32CubeMX.jar:?]
	at com.st.microxplorer.maingui.MainPanel.closeConfig(MainPanel.java:776) ~[STM32CubeMX.jar:?]
	at com.st.microxplorer.plugins.filemanager.engine.OpenFileManager.loadConfigurationFile(OpenFileManager.java:245) ~[filemanager.jar:?]
	at com.st.microxplorer.plugins.filemanager.engine.MainFileManager.userLoadConfig(MainFileManager.java:290) ~[filemanager.jar:?]
	at com.st.microxplorer.plugins.filemanager.FileManagerView.getSpecificTask(FileManagerView.java:247) ~[filemanager.jar:?]
	at com.st.stm32cube.common.mx.editor.CubeMxEditor.getMxTabbedPaneInstance(CubeMxEditor.java:1184) ~[com.st.stm32cube.common.mx_6.10.0.202311202037/:?]
	at com.st.stm32cube.common.mx.editor.CubeMxEditor$12$1.createSwingComponent(CubeMxEditor.java:1065) ~[com.st.stm32cube.common.mx_6.10.0.202311202037/:?]
	at com.st.stm32cube.common.mx.oss.core.awtswtbridge.EmbeddedSwingComposite.doComponentCreation(EmbeddedSwingComposite.java:492) ~[com.st.stm32cube.common.mx.oss_6.10.0.202311202037/:?]
	at com.st.stm32cube.common.mx.oss.core.awtswtbridge.EmbeddedSwingComposite$4.run(EmbeddedSwingComposite.java:291) ~[com.st.stm32cube.common.mx.oss_6.10.0.202311202037/:?]
	at com.st.stm32cube.common.mx.oss.core.awtswtbridge.AwtEnvironment$2.run(AwtEnvironment.java:166) ~[com.st.stm32cube.common.mx.oss_6.10.0.202311202037/:?]
	at java.awt.event.InvocationEvent.dispatch(InvocationEvent.java:318) ~[?:?]
	at java.awt.EventQueue.dispatchEventImpl(EventQueue.java:773) ~[?:?]
	at java.awt.EventQueue$4.run(EventQueue.java:720) ~[?:?]
	at java.awt.EventQueue$4.run(EventQueue.java:714) ~[?:?]
	at java.security.AccessController.doPrivileged(AccessController.java:399) ~[?:?]
	at java.security.ProtectionDomain$JavaSecurityAccessImpl.doIntersectionPrivilege(ProtectionDomain.java:86) ~[?:?]
	at java.awt.EventQueue.dispatchEvent(EventQueue.java:742) ~[?:?]
	at java.awt.EventDispatchThread.pumpOneEventForFilters(EventDispatchThread.java:203) ~[?:?]
	at java.awt.EventDispatchThread.pumpEventsForFilter(EventDispatchThread.java:124) ~[?:?]
	at java.awt.EventDispatchThread.pumpEventsForHierarchy(EventDispatchThread.java:113) ~[?:?]
	at java.awt.EventDispatchThread.pumpEvents(EventDispatchThread.java:109) ~[?:?]
	at java.awt.EventDispatchThread.pumpEvents(EventDispatchThread.java:101) ~[?:?]
	at java.awt.EventDispatchThread.run(EventDispatchThread.java:90) ~[?:?]
2024-01-17 14:27:01,065 [WARN] ThirdParty:871 - waiting for thirdparty lock release [close project]
2024-01-17 14:27:01,065 [INFO] ThirdParty:873 - entering critical section [close project]
2024-01-17 14:27:01,065 [INFO] ThirdParty:883 - exiting critical section [close project]
2024-01-17 14:27:01,066 [INFO] PinOutPanel:1499 - setPackage(No Configuration,No Configuration)
2024-01-17 14:27:01,070 [INFO] UtilMem:75 - Begin LoadConfig() Used Memory: 385119304 Bytes (1073741824)
2024-01-17 14:27:01,071 [INFO] MicroXplorer:468 - Change Database Path : 
2024-01-17 14:27:01,071 [INFO] MicroXplorer:498 - Change Database Version : DB.6.0.100
2024-01-17 14:27:01,071 [INFO] OpenFileManager:312 - Change cursor
2024-01-17 14:27:01,083 [INFO] Mcu:2016 - Initializing MCU STM32F042F4Px STM32F042F4Px STM32F042F4P6
2024-01-17 14:27:01,532 [INFO] Context:659 - Trying to add GPIOservice into a context  which must be forbidden
2024-01-17 14:27:01,650 [INFO] RtosManager:555 - Registered RTOS mode: class=CMSIS, group=RTOS, mode=CMSIS_V1, owner=FREERTOS
2024-01-17 14:27:01,651 [INFO] RtosManager:555 - Registered RTOS mode: class=CMSIS, group=RTOS2, mode=CMSIS_V2, owner=FREERTOS
2024-01-17 14:27:01,651 [INFO] RtosManager:555 - Registered RTOS mode: class=RTOS, group=Core, mode=CMSIS_V1, owner=FREERTOS
2024-01-17 14:27:01,651 [INFO] RtosManager:555 - Registered RTOS mode: class=RTOS, group=Core, mode=CMSIS_V2, owner=FREERTOS
2024-01-17 14:27:01,651 [WARN] ModelIntegratedComponent:184 - Missing modes for component STMicroelectronics:FreeRTOS:0.0.1:STMicroelectronics:RTOS:FreeRTOS:Core:::10.2.0:
2024-01-17 14:27:01,655 [WARN] ModelIntegratedComponent:63 - No mode defined for component null
2024-01-17 14:27:01,655 [WARN] ModelIntegratedComponent:63 - No mode defined for component null
2024-01-17 14:27:01,655 [WARN] ModelIntegratedComponent:63 - No mode defined for component null
2024-01-17 14:27:01,655 [WARN] ModelIntegratedComponent:63 - No mode defined for component null
2024-01-17 14:27:01,655 [WARN] ModelIntegratedComponent:63 - No mode defined for component null
2024-01-17 14:27:01,655 [WARN] ModelIntegratedComponent:63 - No mode defined for component null
2024-01-17 14:27:01,655 [WARN] ModelIntegratedComponent:63 - No mode defined for component null
2024-01-17 14:27:01,655 [WARN] ModelIntegratedComponent:63 - No mode defined for component null
2024-01-17 14:27:01,655 [WARN] ModelIntegratedComponent:63 - No mode defined for component null
2024-01-17 14:27:01,655 [WARN] ModelIntegratedComponent:63 - No mode defined for component null
2024-01-17 14:27:01,655 [WARN] ModelIntegratedComponent:63 - No mode defined for component null
2024-01-17 14:27:01,655 [WARN] ModelIntegratedComponent:63 - No mode defined for component null
2024-01-17 14:27:01,655 [WARN] ModelIntegratedComponent:63 - No mode defined for component null
2024-01-17 14:27:01,655 [WARN] ModelIntegratedComponent:63 - No mode defined for component null
2024-01-17 14:27:01,655 [WARN] ModelIntegratedComponent:63 - No mode defined for component null
2024-01-17 14:27:01,655 [WARN] ModelIntegratedComponent:63 - No mode defined for component null
2024-01-17 14:27:01,655 [WARN] ModelIntegratedComponent:63 - No mode defined for component null
2024-01-17 14:27:01,655 [WARN] ModelIntegratedComponent:63 - No mode defined for component null
2024-01-17 14:27:01,656 [WARN] ModelIntegratedComponent:63 - No mode defined for component null
2024-01-17 14:27:01,656 [WARN] ModelIntegratedComponent:63 - No mode defined for component null
2024-01-17 14:27:01,656 [WARN] ModelIntegratedComponent:63 - No mode defined for component null
2024-01-17 14:27:01,656 [WARN] ModelIntegratedComponent:63 - No mode defined for component null
2024-01-17 14:27:01,656 [WARN] ModelIntegratedComponent:63 - No mode defined for component null
2024-01-17 14:27:01,656 [WARN] ModelIntegratedComponent:63 - No mode defined for component null
2024-01-17 14:27:01,656 [WARN] ModelIntegratedComponent:63 - No mode defined for component null
2024-01-17 14:27:01,656 [WARN] ModelIntegratedComponent:63 - No mode defined for component null
2024-01-17 14:27:01,656 [WARN] ModelIntegratedComponent:63 - No mode defined for component null
2024-01-17 14:27:01,656 [WARN] ModelIntegratedComponent:63 - No mode defined for component null
2024-01-17 14:27:01,656 [WARN] ModelIntegratedComponent:63 - No mode defined for component null
2024-01-17 14:27:01,656 [WARN] ModelIntegratedComponent:63 - No mode defined for component null
2024-01-17 14:27:01,656 [WARN] ModelIntegratedComponent:63 - No mode defined for component null
2024-01-17 14:27:01,656 [WARN] ModelIntegratedComponent:63 - No mode defined for component null
2024-01-17 14:27:01,656 [WARN] ModelIntegratedComponent:63 - No mode defined for component null
2024-01-17 14:27:01,706 [INFO] ThirdPartyModel:298 - Start build external matchings
2024-01-17 14:27:01,866 [INFO] ThirdPartyModel:316 - End build external matchings
2024-01-17 14:27:01,869 [INFO] ImportTextPane:194 - (OptionalMessage_ERROR) IP (DMA) : Parameter (Instance) has Id (ADC) currently not set
2024-01-17 14:27:01,869 [INFO] ImportTextPane:194 - (OptionalMessage_ERROR) IP (DMA) : Parameter (Direction) has Id (ADC) currently not set
2024-01-17 14:27:01,869 [INFO] ImportTextPane:194 - (OptionalMessage_ERROR) IP (DMA) : Parameter (PeriphInc) has Id (ADC) currently not set
2024-01-17 14:27:01,869 [INFO] ImportTextPane:194 - (OptionalMessage_ERROR) IP (DMA) : Parameter (MemInc) has Id (ADC) currently not set
2024-01-17 14:27:01,869 [INFO] ImportTextPane:194 - (OptionalMessage_ERROR) IP (DMA) : Parameter (PeriphDataAlignment) has Id (ADC) currently not set
2024-01-17 14:27:01,869 [INFO] ImportTextPane:194 - (OptionalMessage_ERROR) IP (DMA) : Parameter (MemDataAlignment) has Id (ADC) currently not set
2024-01-17 14:27:01,869 [INFO] ImportTextPane:194 - (OptionalMessage_ERROR) IP (DMA) : Parameter (Mode) has Id (ADC) currently not set
2024-01-17 14:27:01,869 [INFO] ImportTextPane:194 - (OptionalMessage_ERROR) IP (DMA) : Parameter (Priority) has Id (ADC) currently not set
2024-01-17 14:27:01,870 [INFO] ImportTextPane:194 - (OptionalMessage_ERROR) IP (RCC) : Invalid parameter (FamilyName)
2024-01-17 14:27:01,870 [INFO] ImportTextPane:194 - (OptionalMessage_ERROR) IP (RCC) : Invalid parameter (HSICECFreq_Value)
2024-01-17 14:27:02,024 [INFO] UtilMem:75 - End LoadConfig() Used Memory: 454141104 Bytes (1073741824)
2024-01-17 14:27:02,103 [INFO] MicroXplorer:468 - Change Database Path : 
2024-01-17 14:27:02,103 [INFO] MicroXplorer:498 - Change Database Version : DB.6.0.100
2024-01-17 14:27:02,103 [WARN] ThirdParty:833 - waiting for thirdparty lock release [change project]
2024-01-17 14:27:02,103 [INFO] ThirdParty:835 - entering critical section [change project]
2024-01-17 14:27:02,103 [INFO] ThirdParty:1030 - CMSIS Pack Vendor :STMicroelectronics X-CUBE-ISPU 1.1.0
2024-01-17 14:27:02,103 [INFO] ThirdParty:1030 - CMSIS Pack Vendor :STMicroelectronics USBPD 4.1
2024-01-17 14:27:02,103 [INFO] ThirdParty:1030 - CMSIS Pack Vendor :STMicroelectronics X-CUBE-GNSS1 6.0.0
2024-01-17 14:27:02,103 [INFO] ThirdParty:1030 - CMSIS Pack Vendor :STMicroelectronics USB_HOST 2.0.0
2024-01-17 14:27:02,103 [INFO] ThirdParty:1030 - CMSIS Pack Vendor :STMicroelectronics X-CUBE-AZRTOS-F4 1.1.0
2024-01-17 14:27:02,103 [INFO] ThirdParty:1030 - CMSIS Pack Vendor :STMicroelectronics LIBJPEG 8.0.0
2024-01-17 14:27:02,103 [INFO] ThirdParty:1030 - CMSIS Pack Vendor :wolfSSL I-CUBE-wolfSSL 5.6.4
2024-01-17 14:27:02,103 [INFO] ThirdParty:1030 - CMSIS Pack Vendor :STMicroelectronics X-CUBE-SMBUS 2.1.0
2024-01-17 14:27:02,103 [INFO] ThirdParty:1030 - CMSIS Pack Vendor :STMicroelectronics USB_DEVICE 3.0.0
2024-01-17 14:27:02,103 [INFO] ThirdParty:1030 - CMSIS Pack Vendor :STMicroelectronics X-CUBE-AZRTOS-WB 2.0.0
2024-01-17 14:27:02,103 [INFO] ThirdParty:1030 - CMSIS Pack Vendor :STMicroelectronics X-CUBE-TOUCHGFX 4.23.0
2024-01-17 14:27:02,103 [INFO] ThirdParty:1030 - CMSIS Pack Vendor :STMicroelectronics X-CUBE-AZRTOS-F7 1.1.0
2024-01-17 14:27:02,103 [INFO] ThirdParty:1030 - CMSIS Pack Vendor :STMicroelectronics X-CUBE-AZRTOS-L5 2.0.0
2024-01-17 14:27:02,103 [INFO] ThirdParty:1030 - CMSIS Pack Vendor :STMicroelectronics USB_DEVICE 2.0.0
2024-01-17 14:27:02,103 [INFO] ThirdParty:1030 - CMSIS Pack Vendor :STMicroelectronics X-CUBE-EEPRMA1 4.2.0
2024-01-17 14:27:02,103 [INFO] ThirdParty:1030 - CMSIS Pack Vendor :ITTIA_DB I-CUBE-ITTIADB 8.8.0
2024-01-17 14:27:02,103 [INFO] ThirdParty:1030 - CMSIS Pack Vendor :STMicroelectronics FP-SNS-MOTENV1 4.3.2
2024-01-17 14:27:02,103 [INFO] ThirdParty:1030 - CMSIS Pack Vendor :STMicroelectronics X-CUBE-ALGOBUILD 1.3.0
2024-01-17 14:27:02,103 [INFO] ThirdParty:1030 - CMSIS Pack Vendor :STMicroelectronics FreeRTOS 0.0.1
2024-01-17 14:27:02,103 [INFO] ThirdParty:1030 - CMSIS Pack Vendor :STMicroelectronics X-CUBE-AZRTOS-G0 1.1.0
2024-01-17 14:27:02,103 [INFO] ThirdParty:1030 - CMSIS Pack Vendor :STMicroelectronics X-CUBE-NFC4 3.0.0
2024-01-17 14:27:02,103 [INFO] ThirdParty:1030 - CMSIS Pack Vendor :STMicroelectronics X-CUBE-SUBG2 5.0.0
2024-01-17 14:27:02,103 [INFO] ThirdParty:1030 - CMSIS Pack Vendor :STMicroelectronics STM32_WPAN 1.0.0
2024-01-17 14:27:02,103 [INFO] ThirdParty:1030 - CMSIS Pack Vendor :STMicroelectronics lwIP 2.0.3
2024-01-17 14:27:02,103 [INFO] ThirdParty:1030 - CMSIS Pack Vendor :STMicroelectronics FP-SNS-FLIGHT1 5.0.2
2024-01-17 14:27:02,103 [INFO] ThirdParty:1030 - CMSIS Pack Vendor :STMicroelectronics USB_HOST 1.0.0
2024-01-17 14:27:02,103 [INFO] ThirdParty:1030 - CMSIS Pack Vendor :STMicroelectronics X-CUBE-AZRTOS-G4 2.0.0
2024-01-17 14:27:02,103 [INFO] ThirdParty:1030 - CMSIS Pack Vendor :STMicroelectronics PDM2PCM 3.1.0
2024-01-17 14:27:02,103 [INFO] ThirdParty:1030 - CMSIS Pack Vendor :STMicroelectronics X-CUBE-AZRTOS-H7 3.1.0
2024-01-17 14:27:02,103 [INFO] ThirdParty:1030 - CMSIS Pack Vendor :Infineon AIROC-Wi-Fi-Bluetooth-STM32 1.5.1
2024-01-17 14:27:02,103 [INFO] ThirdParty:1030 - CMSIS Pack Vendor :STMicroelectronics X-CUBE-BLEMGR 3.0.0
2024-01-17 14:27:02,104 [INFO] ThirdParty:1030 - CMSIS Pack Vendor :STMicroelectronics PDM2PCM 3.3.0
2024-01-17 14:27:02,104 [INFO] ThirdParty:1030 - CMSIS Pack Vendor :STMicroelectronics X-CUBE-DISPLAY 3.0.0
2024-01-17 14:27:02,104 [INFO] ThirdParty:1030 - CMSIS Pack Vendor :STMicroelectronics FP-SNS-MOTENVWB1 1.3.1
2024-01-17 14:27:02,104 [INFO] ThirdParty:1030 - CMSIS Pack Vendor :STMicroelectronics X-CUBE-BLE1 7.0.0
2024-01-17 14:27:02,104 [INFO] ThirdParty:1030 - CMSIS Pack Vendor :STMicroelectronics FP-ATR-SIGFOX1 3.2.0
2024-01-17 14:27:02,104 [INFO] ThirdParty:1030 - CMSIS Pack Vendor :STMicroelectronics X-CUBE-ISPU 2.0.0
2024-01-17 14:27:02,104 [INFO] ThirdParty:1030 - CMSIS Pack Vendor :STMicroelectronics HAL Drivers 0.0.0
2024-01-17 14:27:02,104 [INFO] ThirdParty:1030 - CMSIS Pack Vendor :STMicroelectronics MBEDTLS 2.16.2
2024-01-17 14:27:02,104 [INFO] ThirdParty:1030 - CMSIS Pack Vendor :emotas I-CUBE-CANOPEN 1.3.0
2024-01-17 14:27:02,104 [INFO] ThirdParty:1030 - CMSIS Pack Vendor :STMicroelectronics X-CUBE-MEMS1 10.0.0
2024-01-17 14:27:02,104 [INFO] ThirdParty:1030 - CMSIS Pack Vendor :STMicroelectronics X-CUBE-FREERTOS 1.1.0
2024-01-17 14:27:02,104 [INFO] ThirdParty:1030 - CMSIS Pack Vendor :STMicroelectronics X-CUBE-NFC7 1.0.1
2024-01-17 14:27:02,104 [INFO] ThirdParty:1030 - CMSIS Pack Vendor :STMicroelectronics MBEDTLS 2.14.1
2024-01-17 14:27:02,104 [INFO] ThirdParty:1030 - CMSIS Pack Vendor :STMicroelectronics X-CUBE-TOUCHGFX 4.22.1
2024-01-17 14:27:02,104 [INFO] ThirdParty:1030 - CMSIS Pack Vendor :STMicroelectronics X-CUBE-NFC6 3.0.0
2024-01-17 14:27:02,104 [INFO] ThirdParty:1030 - CMSIS Pack Vendor :portGmbH I-Cube-SoM-uGOAL 1.1.0
2024-01-17 14:27:02,104 [INFO] ThirdParty:1030 - CMSIS Pack Vendor :STMicroelectronics X-CUBE-ALS 1.0.1
2024-01-17 14:27:02,104 [INFO] ThirdParty:1030 - CMSIS Pack Vendor :STMicroelectronics ThreadX 1.0.0
2024-01-17 14:27:02,104 [INFO] ThirdParty:1030 - CMSIS Pack Vendor :STMicroelectronics FP-SNS-SMARTAG2 1.2.0
2024-01-17 14:27:02,104 [INFO] ThirdParty:1030 - CMSIS Pack Vendor :STMicroelectronics X-CUBE-AZRTOS-WL 2.0.0
2024-01-17 14:27:02,104 [INFO] ThirdParty:1030 - CMSIS Pack Vendor :STMicroelectronics USB_DEVICE 1.0.0
2024-01-17 14:27:02,104 [INFO] ThirdParty:1030 - CMSIS Pack Vendor :STMicroelectronics X-CUBE-AI 8.1.0
2024-01-17 14:27:02,104 [INFO] ThirdParty:1030 - CMSIS Pack Vendor :STMicroelectronics X-CUBE-AZRTOS-L4 2.0.0
2024-01-17 14:27:02,104 [INFO] ThirdParty:1030 - CMSIS Pack Vendor :STMicroelectronics ThreadX 0.0.2
2024-01-17 14:27:02,104 [INFO] ThirdParty:1030 - CMSIS Pack Vendor :WES I-CUBE-Cesium 1.3.0
2024-01-17 14:27:02,104 [INFO] ThirdParty:1030 - CMSIS Pack Vendor :STMicroelectronics FP-ATR-ASTRA1 2.0.0
2024-01-17 14:27:02,104 [INFO] ThirdParty:1030 - CMSIS Pack Vendor :STMicroelectronics lwIP 2.1.2
2024-01-17 14:27:02,104 [INFO] ThirdParty:1030 - CMSIS Pack Vendor :STMicroelectronics X-CUBE-SFXS2LP1 4.0.0
2024-01-17 14:27:02,104 [INFO] ThirdParty:1030 - CMSIS Pack Vendor :STMicroelectronics X-CUBE-BLE2 3.3.0
2024-01-17 14:27:02,104 [INFO] ThirdParty:1030 - CMSIS Pack Vendor :STMicroelectronics X-CUBE-TOF1 3.4.0
2024-01-17 14:27:02,104 [INFO] ThirdParty:1030 - CMSIS Pack Vendor :STMicroelectronics X-CUBE-AZRTOS-H7 3.2.0
2024-01-17 14:27:02,104 [INFO] ThirdParty:1030 - CMSIS Pack Vendor :STMicroelectronics PDM2PCM 3.2.0
2024-01-17 14:27:02,104 [INFO] ThirdParty:841 - exiting critical section [change project]
2024-01-17 14:27:02,160 [INFO] PinOutPanel:1499 - setPackage(No Configuration,No Configuration)
2024-01-17 14:27:02,161 [INFO] PinOutPanel:1499 - setPackage(STM32F042F4Px,TSSOP20)
2024-01-17 14:27:02,892 [INFO] UtilMem:75 - Before build in PCC Used Memory: 418800704 Bytes (1073741824)
2024-01-17 14:27:02,988 [INFO] UtilMem:75 - After build in PCC Used Memory: 461265984 Bytes (1073741824)
2024-01-17 14:27:02,996 [INFO] IPUIPlugin:80 - create IPUIPlugin
2024-01-17 14:27:02,996 [INFO] IPUIPlugin:80 - create IPUIPlugin
2024-01-17 14:27:02,997 [INFO] IPUIPlugin:80 - create IPUIPlugin
2024-01-17 14:27:02,997 [INFO] IPUIPlugin:80 - create IPUIPlugin
2024-01-17 14:27:02,997 [INFO] IPUIPlugin:80 - create IPUIPlugin
2024-01-17 14:27:02,997 [INFO] IPUIPlugin:80 - create IPUIPlugin
2024-01-17 14:27:02,997 [INFO] IPUIPlugin:80 - create IPUIPlugin
2024-01-17 14:27:02,997 [INFO] IPUIPlugin:80 - create IPUIPlugin
2024-01-17 14:27:02,997 [INFO] IPUIPlugin:80 - create IPUIPlugin
2024-01-17 14:27:02,997 [INFO] IPUIPlugin:80 - create IPUIPlugin
2024-01-17 14:27:02,997 [INFO] IPUIPlugin:80 - create IPUIPlugin
2024-01-17 14:27:02,997 [INFO] IPUIPlugin:80 - create IPUIPlugin
2024-01-17 14:27:02,997 [INFO] IPUIPlugin:80 - create IPUIPlugin
2024-01-17 14:27:02,997 [INFO] IPUIPlugin:80 - create IPUIPlugin
2024-01-17 14:27:02,997 [INFO] IPUIPlugin:80 - create IPUIPlugin
2024-01-17 14:27:02,997 [INFO] IPUIPlugin:80 - create IPUIPlugin
2024-01-17 14:27:02,997 [INFO] IPUIPlugin:80 - create IPUIPlugin
2024-01-17 14:27:02,997 [INFO] IPUIPlugin:80 - create IPUIPlugin
2024-01-17 14:27:02,997 [INFO] IPUIPlugin:80 - create IPUIPlugin
2024-01-17 14:27:02,997 [INFO] IPUIPlugin:80 - create IPUIPlugin
2024-01-17 14:27:02,998 [INFO] IPUIPlugin:80 - create IPUIPlugin
2024-01-17 14:27:02,998 [INFO] IPUIPlugin:80 - create IPUIPlugin
2024-01-17 14:27:02,998 [INFO] IPUIPlugin:80 - create IPUIPlugin
2024-01-17 14:27:02,998 [INFO] IPUIPlugin:80 - create IPUIPlugin
2024-01-17 14:27:02,998 [INFO] IPUIPlugin:80 - create IPUIPlugin
2024-01-17 14:27:02,998 [INFO] IPUIPlugin:80 - create IPUIPlugin
2024-01-17 14:27:02,998 [INFO] IPUIPlugin:80 - create IPUIPlugin
2024-01-17 14:27:02,998 [INFO] IPUIPlugin:80 - create IPUIPlugin
2024-01-17 14:27:02,998 [INFO] IPUIPlugin:80 - create IPUIPlugin
2024-01-17 14:27:02,998 [INFO] IPUIPlugin:80 - create IPUIPlugin
2024-01-17 14:27:02,999 [INFO] Can:71 - Can Add PropertyChangeListener com.st.microxplorer.plugins.ip.can.Can@1de84604
2024-01-17 14:27:03,018 [INFO] CADModel:165 - CPN selected for project levelSTM32F042F4P6
2024-01-17 14:27:03,018 [INFO] CADModel:114 - Register for checkConnection events
2024-01-17 14:27:03,094 [INFO] OpenFileManager:343 - Restore cursor
2024-01-17 14:29:00,065 [INFO] NvicIntPanel:101 - NVIC parent = com.st.microxplorer.plugins.ip.nvic.MultiNvicIntPanel[,0,0,450x292,layout=javax.swing.BoxLayout,alignmentX=0.0,alignmentY=0.0,border=,flags=9,maximumSize=,minimumSize=,preferredSize=]
2024-01-17 14:29:15,144 [INFO] MainUpdater:2873 - connection check result : 10
2024-01-17 14:29:15,144 [INFO] MainUpdater:2873 - connection check result : 10
2024-01-17 14:29:15,156 [INFO] MicroXplorer:468 - Change Database Path : 
2024-01-17 14:29:15,156 [INFO] MicroXplorer:498 - Change Database Version : DB.6.0.100
2024-01-17 14:29:15,160 [ERROR] ProjectManagerView:394 - 
java.lang.NullPointerException: Cannot invoke "javax.swing.JTextField.getText()" because the return value of "java.util.List.get(int)" is null
	at com.st.microxplorer.plugins.projectmanager.gui.ProjectChoiceTab$10.caretUpdate(ProjectChoiceTab.java:2493) ~[filemanager.jar:?]
	at javax.swing.text.JTextComponent.fireCaretUpdate(JTextComponent.java:412) ~[?:?]
	at javax.swing.text.JTextComponent$MutableCaretEvent.fire(JTextComponent.java:4491) ~[?:?]
	at javax.swing.text.JTextComponent$MutableCaretEvent.stateChanged(JTextComponent.java:4513) ~[?:?]
	at javax.swing.text.DefaultCaret.fireStateChanged(DefaultCaret.java:842) ~[?:?]
	at javax.swing.text.DefaultCaret.changeCaretPosition(DefaultCaret.java:1313) ~[?:?]
	at javax.swing.text.DefaultCaret.handleSetDot(DefaultCaret.java:1212) ~[?:?]
	at javax.swing.text.DefaultCaret.setDot(DefaultCaret.java:1193) ~[?:?]
	at javax.swing.text.DefaultCaret$Handler.insertUpdate(DefaultCaret.java:1789) ~[?:?]
	at javax.swing.text.AbstractDocument.fireInsertUpdate(AbstractDocument.java:226) ~[?:?]
	at javax.swing.text.AbstractDocument.handleInsertString(AbstractDocument.java:780) ~[?:?]
	at javax.swing.text.AbstractDocument.insertString(AbstractDocument.java:739) ~[?:?]
	at javax.swing.text.PlainDocument.insertString(PlainDocument.java:131) ~[?:?]
	at javax.swing.text.AbstractDocument.replace(AbstractDocument.java:698) ~[?:?]
	at javax.swing.text.JTextComponent.setText(JTextComponent.java:1729) ~[?:?]
	at com.st.microxplorer.plugins.projectmanager.gui.ProjectChoiceTab.createHeapStackFields(ProjectChoiceTab.java:933) ~[filemanager.jar:?]
	at com.st.microxplorer.plugins.projectmanager.gui.ProjectChoiceTab.buildLinkSettingsPanel(ProjectChoiceTab.java:3426) ~[filemanager.jar:?]
	at com.st.microxplorer.plugins.projectmanager.gui.ProjectChoiceTab.defineWindowsFields(ProjectChoiceTab.java:1813) ~[filemanager.jar:?]
	at com.st.microxplorer.plugins.projectmanager.gui.ProjectChoiceTab.updateSettings(ProjectChoiceTab.java:533) ~[filemanager.jar:?]
	at com.st.microxplorer.plugins.projectmanager.gui.ProjectSettingsPanel.UpdateDialog(ProjectSettingsPanel.java:244) ~[filemanager.jar:?]
	at com.st.microxplorer.plugins.projectmanager.ProjectManagerView.propertyChange(ProjectManagerView.java:391) ~[filemanager.jar:?]
	at java.beans.PropertyChangeSupport.fire(PropertyChangeSupport.java:343) ~[?:?]
	at java.beans.PropertyChangeSupport.firePropertyChange(PropertyChangeSupport.java:335) ~[?:?]
	at java.beans.PropertyChangeSupport.firePropertyChange(PropertyChangeSupport.java:268) ~[?:?]
	at com.st.microxplorer.util.MXPropertyChangeSupport.firePropertyChange(MXPropertyChangeSupport.java:54) ~[STM32CubeMX.jar:?]
	at com.st.microxplorer.mxsystem.MxSystem.closeConfig(MxSystem.java:900) ~[STM32CubeMX.jar:?]
	at com.st.microxplorer.maingui.MainPanel.closeConfig(MainPanel.java:776) ~[STM32CubeMX.jar:?]
	at com.st.microxplorer.plugins.filemanager.engine.OpenFileManager.loadConfigurationFile(OpenFileManager.java:245) ~[filemanager.jar:?]
	at com.st.microxplorer.plugins.filemanager.engine.MainFileManager.userLoadConfig(MainFileManager.java:290) ~[filemanager.jar:?]
	at com.st.microxplorer.plugins.filemanager.FileManagerView.getSpecificTask(FileManagerView.java:247) ~[filemanager.jar:?]
	at com.st.stm32cube.common.mx.editor.CubeMxEditor.getMxTabbedPaneInstance(CubeMxEditor.java:1184) ~[com.st.stm32cube.common.mx_6.10.0.202311202037/:?]
	at com.st.stm32cube.common.mx.editor.CubeMxEditor$12$1.createSwingComponent(CubeMxEditor.java:1065) ~[com.st.stm32cube.common.mx_6.10.0.202311202037/:?]
	at com.st.stm32cube.common.mx.oss.core.awtswtbridge.EmbeddedSwingComposite.doComponentCreation(EmbeddedSwingComposite.java:492) ~[com.st.stm32cube.common.mx.oss_6.10.0.202311202037/:?]
	at com.st.stm32cube.common.mx.oss.core.awtswtbridge.EmbeddedSwingComposite$4.run(EmbeddedSwingComposite.java:291) ~[com.st.stm32cube.common.mx.oss_6.10.0.202311202037/:?]
	at com.st.stm32cube.common.mx.oss.core.awtswtbridge.AwtEnvironment$2.run(AwtEnvironment.java:166) ~[com.st.stm32cube.common.mx.oss_6.10.0.202311202037/:?]
	at java.awt.event.InvocationEvent.dispatch(InvocationEvent.java:318) ~[?:?]
	at java.awt.EventQueue.dispatchEventImpl(EventQueue.java:773) ~[?:?]
	at java.awt.EventQueue$4.run(EventQueue.java:720) ~[?:?]
	at java.awt.EventQueue$4.run(EventQueue.java:714) ~[?:?]
	at java.security.AccessController.doPrivileged(AccessController.java:399) ~[?:?]
	at java.security.ProtectionDomain$JavaSecurityAccessImpl.doIntersectionPrivilege(ProtectionDomain.java:86) ~[?:?]
	at java.awt.EventQueue.dispatchEvent(EventQueue.java:742) ~[?:?]
	at java.awt.EventDispatchThread.pumpOneEventForFilters(EventDispatchThread.java:203) ~[?:?]
	at java.awt.EventDispatchThread.pumpEventsForFilter(EventDispatchThread.java:124) ~[?:?]
	at java.awt.EventDispatchThread.pumpEventsForHierarchy(EventDispatchThread.java:113) ~[?:?]
	at java.awt.EventDispatchThread.pumpEvents(EventDispatchThread.java:109) ~[?:?]
	at java.awt.EventDispatchThread.pumpEvents(EventDispatchThread.java:101) ~[?:?]
	at java.awt.EventDispatchThread.run(EventDispatchThread.java:90) ~[?:?]
2024-01-17 14:29:15,161 [WARN] ThirdParty:871 - waiting for thirdparty lock release [close project]
2024-01-17 14:29:15,161 [INFO] ThirdParty:873 - entering critical section [close project]
2024-01-17 14:29:15,161 [INFO] ThirdParty:883 - exiting critical section [close project]
2024-01-17 14:29:15,162 [INFO] PinOutPanel:1499 - setPackage(No Configuration,No Configuration)
2024-01-17 14:29:15,163 [INFO] UtilMem:75 - Begin LoadConfig() Used Memory: 710827072 Bytes (1073741824)
2024-01-17 14:29:15,164 [INFO] MicroXplorer:468 - Change Database Path : 
2024-01-17 14:29:15,164 [INFO] MicroXplorer:498 - Change Database Version : DB.6.0.100
2024-01-17 14:29:15,164 [INFO] OpenFileManager:312 - Change cursor
2024-01-17 14:29:15,169 [INFO] Mcu:2016 - Initializing MCU STM32F042F4Px STM32F042F4Px STM32F042F4P6
2024-01-17 14:29:15,621 [INFO] Context:659 - Trying to add GPIOservice into a context  which must be forbidden
2024-01-17 14:29:15,701 [INFO] RtosManager:555 - Registered RTOS mode: class=CMSIS, group=RTOS, mode=CMSIS_V1, owner=FREERTOS
2024-01-17 14:29:15,701 [INFO] RtosManager:555 - Registered RTOS mode: class=CMSIS, group=RTOS2, mode=CMSIS_V2, owner=FREERTOS
2024-01-17 14:29:15,701 [INFO] RtosManager:555 - Registered RTOS mode: class=RTOS, group=Core, mode=CMSIS_V1, owner=FREERTOS
2024-01-17 14:29:15,701 [INFO] RtosManager:555 - Registered RTOS mode: class=RTOS, group=Core, mode=CMSIS_V2, owner=FREERTOS
2024-01-17 14:29:15,701 [WARN] ModelIntegratedComponent:184 - Missing modes for component STMicroelectronics:FreeRTOS:0.0.1:STMicroelectronics:RTOS:FreeRTOS:Core:::10.2.0:
2024-01-17 14:29:15,704 [WARN] ModelIntegratedComponent:63 - No mode defined for component null
2024-01-17 14:29:15,704 [WARN] ModelIntegratedComponent:63 - No mode defined for component null
2024-01-17 14:29:15,704 [WARN] ModelIntegratedComponent:63 - No mode defined for component null
2024-01-17 14:29:15,704 [WARN] ModelIntegratedComponent:63 - No mode defined for component null
2024-01-17 14:29:15,704 [WARN] ModelIntegratedComponent:63 - No mode defined for component null
2024-01-17 14:29:15,704 [WARN] ModelIntegratedComponent:63 - No mode defined for component null
2024-01-17 14:29:15,704 [WARN] ModelIntegratedComponent:63 - No mode defined for component null
2024-01-17 14:29:15,704 [WARN] ModelIntegratedComponent:63 - No mode defined for component null
2024-01-17 14:29:15,704 [WARN] ModelIntegratedComponent:63 - No mode defined for component null
2024-01-17 14:29:15,704 [WARN] ModelIntegratedComponent:63 - No mode defined for component null
2024-01-17 14:29:15,704 [WARN] ModelIntegratedComponent:63 - No mode defined for component null
2024-01-17 14:29:15,704 [WARN] ModelIntegratedComponent:63 - No mode defined for component null
2024-01-17 14:29:15,704 [WARN] ModelIntegratedComponent:63 - No mode defined for component null
2024-01-17 14:29:15,704 [WARN] ModelIntegratedComponent:63 - No mode defined for component null
2024-01-17 14:29:15,705 [WARN] ModelIntegratedComponent:63 - No mode defined for component null
2024-01-17 14:29:15,705 [WARN] ModelIntegratedComponent:63 - No mode defined for component null
2024-01-17 14:29:15,705 [WARN] ModelIntegratedComponent:63 - No mode defined for component null
2024-01-17 14:29:15,705 [WARN] ModelIntegratedComponent:63 - No mode defined for component null
2024-01-17 14:29:15,705 [WARN] ModelIntegratedComponent:63 - No mode defined for component null
2024-01-17 14:29:15,705 [WARN] ModelIntegratedComponent:63 - No mode defined for component null
2024-01-17 14:29:15,705 [WARN] ModelIntegratedComponent:63 - No mode defined for component null
2024-01-17 14:29:15,705 [WARN] ModelIntegratedComponent:63 - No mode defined for component null
2024-01-17 14:29:15,705 [WARN] ModelIntegratedComponent:63 - No mode defined for component null
2024-01-17 14:29:15,705 [WARN] ModelIntegratedComponent:63 - No mode defined for component null
2024-01-17 14:29:15,705 [WARN] ModelIntegratedComponent:63 - No mode defined for component null
2024-01-17 14:29:15,705 [WARN] ModelIntegratedComponent:63 - No mode defined for component null
2024-01-17 14:29:15,705 [WARN] ModelIntegratedComponent:63 - No mode defined for component null
2024-01-17 14:29:15,705 [WARN] ModelIntegratedComponent:63 - No mode defined for component null
2024-01-17 14:29:15,705 [WARN] ModelIntegratedComponent:63 - No mode defined for component null
2024-01-17 14:29:15,705 [WARN] ModelIntegratedComponent:63 - No mode defined for component null
2024-01-17 14:29:15,705 [WARN] ModelIntegratedComponent:63 - No mode defined for component null
2024-01-17 14:29:15,705 [WARN] ModelIntegratedComponent:63 - No mode defined for component null
2024-01-17 14:29:15,705 [WARN] ModelIntegratedComponent:63 - No mode defined for component null
2024-01-17 14:29:15,748 [INFO] ThirdPartyModel:298 - Start build external matchings
2024-01-17 14:29:15,901 [INFO] ThirdPartyModel:316 - End build external matchings
2024-01-17 14:29:15,904 [INFO] ImportTextPane:194 - (OptionalMessage_ERROR) IP (DMA) : Parameter (Instance) has Id (ADC) currently not set
2024-01-17 14:29:15,904 [INFO] ImportTextPane:194 - (OptionalMessage_ERROR) IP (DMA) : Parameter (Direction) has Id (ADC) currently not set
2024-01-17 14:29:15,904 [INFO] ImportTextPane:194 - (OptionalMessage_ERROR) IP (DMA) : Parameter (PeriphInc) has Id (ADC) currently not set
2024-01-17 14:29:15,904 [INFO] ImportTextPane:194 - (OptionalMessage_ERROR) IP (DMA) : Parameter (MemInc) has Id (ADC) currently not set
2024-01-17 14:29:15,904 [INFO] ImportTextPane:194 - (OptionalMessage_ERROR) IP (DMA) : Parameter (PeriphDataAlignment) has Id (ADC) currently not set
2024-01-17 14:29:15,905 [INFO] ImportTextPane:194 - (OptionalMessage_ERROR) IP (DMA) : Parameter (MemDataAlignment) has Id (ADC) currently not set
2024-01-17 14:29:15,905 [INFO] ImportTextPane:194 - (OptionalMessage_ERROR) IP (DMA) : Parameter (Mode) has Id (ADC) currently not set
2024-01-17 14:29:15,905 [INFO] ImportTextPane:194 - (OptionalMessage_ERROR) IP (DMA) : Parameter (Priority) has Id (ADC) currently not set
2024-01-17 14:29:15,905 [INFO] ImportTextPane:194 - (OptionalMessage_ERROR) IP (RCC) : Invalid parameter (FamilyName)
2024-01-17 14:29:15,905 [INFO] ImportTextPane:194 - (OptionalMessage_ERROR) IP (RCC) : Invalid parameter (HSICECFreq_Value)
2024-01-17 14:29:16,033 [INFO] UtilMem:75 - End LoadConfig() Used Memory: 741691384 Bytes (1073741824)
2024-01-17 14:29:16,103 [INFO] MicroXplorer:468 - Change Database Path : 
2024-01-17 14:29:16,103 [INFO] MicroXplorer:498 - Change Database Version : DB.6.0.100
2024-01-17 14:29:16,103 [WARN] ThirdParty:833 - waiting for thirdparty lock release [change project]
2024-01-17 14:29:16,103 [INFO] ThirdParty:835 - entering critical section [change project]
2024-01-17 14:29:16,103 [INFO] ThirdParty:1030 - CMSIS Pack Vendor :STMicroelectronics X-CUBE-ISPU 1.1.0
2024-01-17 14:29:16,103 [INFO] ThirdParty:1030 - CMSIS Pack Vendor :STMicroelectronics USBPD 4.1
2024-01-17 14:29:16,103 [INFO] ThirdParty:1030 - CMSIS Pack Vendor :STMicroelectronics X-CUBE-GNSS1 6.0.0
2024-01-17 14:29:16,103 [INFO] ThirdParty:1030 - CMSIS Pack Vendor :STMicroelectronics USB_HOST 2.0.0
2024-01-17 14:29:16,103 [INFO] ThirdParty:1030 - CMSIS Pack Vendor :STMicroelectronics X-CUBE-AZRTOS-F4 1.1.0
2024-01-17 14:29:16,103 [INFO] ThirdParty:1030 - CMSIS Pack Vendor :STMicroelectronics LIBJPEG 8.0.0
2024-01-17 14:29:16,103 [INFO] ThirdParty:1030 - CMSIS Pack Vendor :wolfSSL I-CUBE-wolfSSL 5.6.4
2024-01-17 14:29:16,103 [INFO] ThirdParty:1030 - CMSIS Pack Vendor :STMicroelectronics X-CUBE-SMBUS 2.1.0
2024-01-17 14:29:16,103 [INFO] ThirdParty:1030 - CMSIS Pack Vendor :STMicroelectronics USB_DEVICE 3.0.0
2024-01-17 14:29:16,103 [INFO] ThirdParty:1030 - CMSIS Pack Vendor :STMicroelectronics X-CUBE-AZRTOS-WB 2.0.0
2024-01-17 14:29:16,103 [INFO] ThirdParty:1030 - CMSIS Pack Vendor :STMicroelectronics X-CUBE-TOUCHGFX 4.23.0
2024-01-17 14:29:16,103 [INFO] ThirdParty:1030 - CMSIS Pack Vendor :STMicroelectronics X-CUBE-AZRTOS-F7 1.1.0
2024-01-17 14:29:16,103 [INFO] ThirdParty:1030 - CMSIS Pack Vendor :STMicroelectronics X-CUBE-AZRTOS-L5 2.0.0
2024-01-17 14:29:16,103 [INFO] ThirdParty:1030 - CMSIS Pack Vendor :STMicroelectronics USB_DEVICE 2.0.0
2024-01-17 14:29:16,104 [INFO] ThirdParty:1030 - CMSIS Pack Vendor :STMicroelectronics X-CUBE-EEPRMA1 4.2.0
2024-01-17 14:29:16,104 [INFO] ThirdParty:1030 - CMSIS Pack Vendor :ITTIA_DB I-CUBE-ITTIADB 8.8.0
2024-01-17 14:29:16,104 [INFO] ThirdParty:1030 - CMSIS Pack Vendor :STMicroelectronics FP-SNS-MOTENV1 4.3.2
2024-01-17 14:29:16,104 [INFO] ThirdParty:1030 - CMSIS Pack Vendor :STMicroelectronics X-CUBE-ALGOBUILD 1.3.0
2024-01-17 14:29:16,104 [INFO] ThirdParty:1030 - CMSIS Pack Vendor :STMicroelectronics FreeRTOS 0.0.1
2024-01-17 14:29:16,104 [INFO] ThirdParty:1030 - CMSIS Pack Vendor :STMicroelectronics X-CUBE-AZRTOS-G0 1.1.0
2024-01-17 14:29:16,104 [INFO] ThirdParty:1030 - CMSIS Pack Vendor :STMicroelectronics X-CUBE-NFC4 3.0.0
2024-01-17 14:29:16,104 [INFO] ThirdParty:1030 - CMSIS Pack Vendor :STMicroelectronics X-CUBE-SUBG2 5.0.0
2024-01-17 14:29:16,104 [INFO] ThirdParty:1030 - CMSIS Pack Vendor :STMicroelectronics STM32_WPAN 1.0.0
2024-01-17 14:29:16,104 [INFO] ThirdParty:1030 - CMSIS Pack Vendor :STMicroelectronics lwIP 2.0.3
2024-01-17 14:29:16,104 [INFO] ThirdParty:1030 - CMSIS Pack Vendor :STMicroelectronics FP-SNS-FLIGHT1 5.0.2
2024-01-17 14:29:16,104 [INFO] ThirdParty:1030 - CMSIS Pack Vendor :STMicroelectronics USB_HOST 1.0.0
2024-01-17 14:29:16,104 [INFO] ThirdParty:1030 - CMSIS Pack Vendor :STMicroelectronics X-CUBE-AZRTOS-G4 2.0.0
2024-01-17 14:29:16,104 [INFO] ThirdParty:1030 - CMSIS Pack Vendor :STMicroelectronics PDM2PCM 3.1.0
2024-01-17 14:29:16,104 [INFO] ThirdParty:1030 - CMSIS Pack Vendor :STMicroelectronics X-CUBE-AZRTOS-H7 3.1.0
2024-01-17 14:29:16,104 [INFO] ThirdParty:1030 - CMSIS Pack Vendor :Infineon AIROC-Wi-Fi-Bluetooth-STM32 1.5.1
2024-01-17 14:29:16,104 [INFO] ThirdParty:1030 - CMSIS Pack Vendor :STMicroelectronics X-CUBE-BLEMGR 3.0.0
2024-01-17 14:29:16,104 [INFO] ThirdParty:1030 - CMSIS Pack Vendor :STMicroelectronics PDM2PCM 3.3.0
2024-01-17 14:29:16,104 [INFO] ThirdParty:1030 - CMSIS Pack Vendor :STMicroelectronics X-CUBE-DISPLAY 3.0.0
2024-01-17 14:29:16,104 [INFO] ThirdParty:1030 - CMSIS Pack Vendor :STMicroelectronics FP-SNS-MOTENVWB1 1.3.1
2024-01-17 14:29:16,104 [INFO] ThirdParty:1030 - CMSIS Pack Vendor :STMicroelectronics X-CUBE-BLE1 7.0.0
2024-01-17 14:29:16,104 [INFO] ThirdParty:1030 - CMSIS Pack Vendor :STMicroelectronics FP-ATR-SIGFOX1 3.2.0
2024-01-17 14:29:16,104 [INFO] ThirdParty:1030 - CMSIS Pack Vendor :STMicroelectronics X-CUBE-ISPU 2.0.0
2024-01-17 14:29:16,104 [INFO] ThirdParty:1030 - CMSIS Pack Vendor :STMicroelectronics HAL Drivers 0.0.0
2024-01-17 14:29:16,104 [INFO] ThirdParty:1030 - CMSIS Pack Vendor :STMicroelectronics MBEDTLS 2.16.2
2024-01-17 14:29:16,104 [INFO] ThirdParty:1030 - CMSIS Pack Vendor :emotas I-CUBE-CANOPEN 1.3.0
2024-01-17 14:29:16,104 [INFO] ThirdParty:1030 - CMSIS Pack Vendor :STMicroelectronics X-CUBE-MEMS1 10.0.0
2024-01-17 14:29:16,104 [INFO] ThirdParty:1030 - CMSIS Pack Vendor :STMicroelectronics X-CUBE-FREERTOS 1.1.0
2024-01-17 14:29:16,104 [INFO] ThirdParty:1030 - CMSIS Pack Vendor :STMicroelectronics X-CUBE-NFC7 1.0.1
2024-01-17 14:29:16,104 [INFO] ThirdParty:1030 - CMSIS Pack Vendor :STMicroelectronics MBEDTLS 2.14.1
2024-01-17 14:29:16,104 [INFO] ThirdParty:1030 - CMSIS Pack Vendor :STMicroelectronics X-CUBE-TOUCHGFX 4.22.1
2024-01-17 14:29:16,104 [INFO] ThirdParty:1030 - CMSIS Pack Vendor :STMicroelectronics X-CUBE-NFC6 3.0.0
2024-01-17 14:29:16,104 [INFO] ThirdParty:1030 - CMSIS Pack Vendor :portGmbH I-Cube-SoM-uGOAL 1.1.0
2024-01-17 14:29:16,104 [INFO] ThirdParty:1030 - CMSIS Pack Vendor :STMicroelectronics X-CUBE-ALS 1.0.1
2024-01-17 14:29:16,104 [INFO] ThirdParty:1030 - CMSIS Pack Vendor :STMicroelectronics ThreadX 1.0.0
2024-01-17 14:29:16,104 [INFO] ThirdParty:1030 - CMSIS Pack Vendor :STMicroelectronics FP-SNS-SMARTAG2 1.2.0
2024-01-17 14:29:16,104 [INFO] ThirdParty:1030 - CMSIS Pack Vendor :STMicroelectronics X-CUBE-AZRTOS-WL 2.0.0
2024-01-17 14:29:16,104 [INFO] ThirdParty:1030 - CMSIS Pack Vendor :STMicroelectronics USB_DEVICE 1.0.0
2024-01-17 14:29:16,104 [INFO] ThirdParty:1030 - CMSIS Pack Vendor :STMicroelectronics X-CUBE-AI 8.1.0
2024-01-17 14:29:16,104 [INFO] ThirdParty:1030 - CMSIS Pack Vendor :STMicroelectronics X-CUBE-AZRTOS-L4 2.0.0
2024-01-17 14:29:16,104 [INFO] ThirdParty:1030 - CMSIS Pack Vendor :STMicroelectronics ThreadX 0.0.2
2024-01-17 14:29:16,104 [INFO] ThirdParty:1030 - CMSIS Pack Vendor :WES I-CUBE-Cesium 1.3.0
2024-01-17 14:29:16,104 [INFO] ThirdParty:1030 - CMSIS Pack Vendor :STMicroelectronics FP-ATR-ASTRA1 2.0.0
2024-01-17 14:29:16,104 [INFO] ThirdParty:1030 - CMSIS Pack Vendor :STMicroelectronics lwIP 2.1.2
2024-01-17 14:29:16,104 [INFO] ThirdParty:1030 - CMSIS Pack Vendor :STMicroelectronics X-CUBE-SFXS2LP1 4.0.0
2024-01-17 14:29:16,104 [INFO] ThirdParty:1030 - CMSIS Pack Vendor :STMicroelectronics X-CUBE-BLE2 3.3.0
2024-01-17 14:29:16,104 [INFO] ThirdParty:1030 - CMSIS Pack Vendor :STMicroelectronics X-CUBE-TOF1 3.4.0
2024-01-17 14:29:16,104 [INFO] ThirdParty:1030 - CMSIS Pack Vendor :STMicroelectronics X-CUBE-AZRTOS-H7 3.2.0
2024-01-17 14:29:16,104 [INFO] ThirdParty:1030 - CMSIS Pack Vendor :STMicroelectronics PDM2PCM 3.2.0
2024-01-17 14:29:16,104 [INFO] ThirdParty:841 - exiting critical section [change project]
2024-01-17 14:29:16,144 [INFO] PinOutPanel:1499 - setPackage(No Configuration,No Configuration)
2024-01-17 14:29:16,144 [INFO] PinOutPanel:1499 - setPackage(STM32F042F4Px,TSSOP20)
2024-01-17 14:29:16,881 [INFO] UtilMem:75 - Before build in PCC Used Memory: 436532272 Bytes (1073741824)
2024-01-17 14:29:16,962 [INFO] UtilMem:75 - After build in PCC Used Memory: 478475312 Bytes (1073741824)
2024-01-17 14:29:16,971 [INFO] IPUIPlugin:80 - create IPUIPlugin
2024-01-17 14:29:16,971 [INFO] IPUIPlugin:80 - create IPUIPlugin
2024-01-17 14:29:16,971 [INFO] IPUIPlugin:80 - create IPUIPlugin
2024-01-17 14:29:16,971 [INFO] IPUIPlugin:80 - create IPUIPlugin
2024-01-17 14:29:16,971 [INFO] IPUIPlugin:80 - create IPUIPlugin
2024-01-17 14:29:16,971 [INFO] IPUIPlugin:80 - create IPUIPlugin
2024-01-17 14:29:16,971 [INFO] IPUIPlugin:80 - create IPUIPlugin
2024-01-17 14:29:16,971 [INFO] IPUIPlugin:80 - create IPUIPlugin
2024-01-17 14:29:16,971 [INFO] IPUIPlugin:80 - create IPUIPlugin
2024-01-17 14:29:16,971 [INFO] IPUIPlugin:80 - create IPUIPlugin
2024-01-17 14:29:16,971 [INFO] IPUIPlugin:80 - create IPUIPlugin
2024-01-17 14:29:16,971 [INFO] IPUIPlugin:80 - create IPUIPlugin
2024-01-17 14:29:16,971 [INFO] IPUIPlugin:80 - create IPUIPlugin
2024-01-17 14:29:16,971 [INFO] IPUIPlugin:80 - create IPUIPlugin
2024-01-17 14:29:16,972 [INFO] IPUIPlugin:80 - create IPUIPlugin
2024-01-17 14:29:16,972 [INFO] IPUIPlugin:80 - create IPUIPlugin
2024-01-17 14:29:16,972 [INFO] IPUIPlugin:80 - create IPUIPlugin
2024-01-17 14:29:16,972 [INFO] IPUIPlugin:80 - create IPUIPlugin
2024-01-17 14:29:16,972 [INFO] IPUIPlugin:80 - create IPUIPlugin
2024-01-17 14:29:16,972 [INFO] IPUIPlugin:80 - create IPUIPlugin
2024-01-17 14:29:16,972 [INFO] IPUIPlugin:80 - create IPUIPlugin
2024-01-17 14:29:16,972 [INFO] IPUIPlugin:80 - create IPUIPlugin
2024-01-17 14:29:16,972 [INFO] IPUIPlugin:80 - create IPUIPlugin
2024-01-17 14:29:16,972 [INFO] IPUIPlugin:80 - create IPUIPlugin
2024-01-17 14:29:16,972 [INFO] IPUIPlugin:80 - create IPUIPlugin
2024-01-17 14:29:16,972 [INFO] IPUIPlugin:80 - create IPUIPlugin
2024-01-17 14:29:16,972 [INFO] IPUIPlugin:80 - create IPUIPlugin
2024-01-17 14:29:16,973 [INFO] IPUIPlugin:80 - create IPUIPlugin
2024-01-17 14:29:16,973 [INFO] IPUIPlugin:80 - create IPUIPlugin
2024-01-17 14:29:16,973 [INFO] IPUIPlugin:80 - create IPUIPlugin
2024-01-17 14:29:16,973 [INFO] Can:71 - Can Add PropertyChangeListener com.st.microxplorer.plugins.ip.can.Can@14237a7a
2024-01-17 14:29:16,991 [INFO] CADModel:165 - CPN selected for project levelSTM32F042F4P6
2024-01-17 14:29:16,991 [INFO] CADModel:114 - Register for checkConnection events
2024-01-17 14:29:17,074 [INFO] OpenFileManager:343 - Restore cursor
2024-01-17 14:29:33,354 [INFO] NvicIntPanel:101 - NVIC parent = com.st.microxplorer.plugins.ip.nvic.MultiNvicIntPanel[,0,0,0x0,invalid,layout=javax.swing.BoxLayout,alignmentX=0.0,alignmentY=0.0,border=,flags=9,maximumSize=,minimumSize=,preferredSize=]
2024-01-17 14:29:54,565 [INFO] NvicIntPanel:101 - NVIC parent = com.st.microxplorer.plugins.ip.nvic.MultiNvicIntPanel[,0,0,0x0,invalid,layout=javax.swing.BoxLayout,alignmentX=0.0,alignmentY=0.0,border=,flags=9,maximumSize=,minimumSize=,preferredSize=]
2024-01-17 14:30:38,069 [INFO] UtilMem:75 - End SaveConfig() Used Memory: 865940792 Bytes (1073741824)
2024-01-17 14:30:38,573 [INFO] UtilMem:75 - End SaveConfig() Used Memory: 897383472 Bytes (1073741824)
2024-01-17 14:30:38,830 [INFO] BlockDiagram:2759 - set Specific Code input for plugin: ADC
2024-01-17 14:30:38,830 [INFO] BlockDiagram:2759 - set Specific Code input for plugin: NVIC
2024-01-17 14:30:38,830 [INFO] BlockDiagram:2759 - set Specific Code input for plugin: DMA
2024-01-17 14:30:38,830 [INFO] BlockDiagram:2759 - set Specific Code input for plugin: TIM1_8F0
2024-01-17 14:30:38,830 [INFO] BlockDiagram:2759 - set Specific Code input for plugin: SYS
2024-01-17 14:30:38,830 [INFO] BlockDiagram:2759 - set Specific Code input for plugin: GPIO
2024-01-17 14:30:38,830 [INFO] BlockDiagram:2759 - set Specific Code input for plugin: CAN
2024-01-17 14:30:38,830 [INFO] BlockDiagram:2759 - set Specific Code input for plugin: RCC
2024-01-17 14:30:38,832 [INFO] CodeGenerator:807 - code generatio: config db path: C:\ST\STM32CubeIDE_1.13.2\STM32CubeIDE\plugins\com.st.stm32cube.common.mx_6.10.0.202311202037\\db\
2024-01-17 14:30:39,035 [INFO] CodeEngine:255 - oldGeneratedFile, C:\Users\aleja\OneDrive\Escritorio\gettingStartedSTM\newNode\MXTmpFiles\license.tmp_save
2024-01-17 14:30:39,165 [INFO] CodeEngine:279 - Generated code: C:\Users\aleja\OneDrive\Escritorio\gettingStartedSTM\newNode\MXTmpFiles\license.tmp
2024-01-17 14:30:39,221 [INFO] CodeEngine:255 - oldGeneratedFile, C:\Users\aleja\OneDrive\Escritorio\gettingStartedSTM\newNode\MXTmpFiles\gpio.tmp_save
2024-01-17 14:30:39,384 [INFO] CodeEngine:279 - Generated code: C:\Users\aleja\OneDrive\Escritorio\gettingStartedSTM\newNode\MXTmpFiles\gpio.tmp
2024-01-17 14:30:39,573 [INFO] CodeEngine:255 - oldGeneratedFile, C:\Users\aleja\OneDrive\Escritorio\gettingStartedSTM\newNode\MXTmpFiles\dma.tmp_save
2024-01-17 14:30:39,697 [INFO] CodeEngine:279 - Generated code: C:\Users\aleja\OneDrive\Escritorio\gettingStartedSTM\newNode\MXTmpFiles\dma.tmp
2024-01-17 14:30:39,702 [INFO] CodeEngine:255 - oldGeneratedFile, C:\Users\aleja\OneDrive\Escritorio\gettingStartedSTM\newNode\MXTmpFiles\dma_GV.tmp_save
2024-01-17 14:30:39,778 [INFO] CodeEngine:279 - Generated code: C:\Users\aleja\OneDrive\Escritorio\gettingStartedSTM\newNode\MXTmpFiles\dma_GV.tmp
2024-01-17 14:30:39,817 [INFO] CodeEngine:255 - oldGeneratedFile, C:\Users\aleja\OneDrive\Escritorio\gettingStartedSTM\newNode\Core\Src\stm32f0xx_it.c_save
2024-01-17 14:30:40,089 [INFO] CodeEngine:279 - Generated code: C:\Users\aleja\OneDrive\Escritorio\gettingStartedSTM\newNode\Core\Src\stm32f0xx_it.c
2024-01-17 14:30:40,118 [INFO] CodeEngine:255 - oldGeneratedFile, C:\Users\aleja\OneDrive\Escritorio\gettingStartedSTM\newNode\Core\Inc\stm32f0xx_it.h_save
2024-01-17 14:30:40,218 [INFO] CodeEngine:279 - Generated code: C:\Users\aleja\OneDrive\Escritorio\gettingStartedSTM\newNode\Core\Inc\stm32f0xx_it.h
2024-01-17 14:30:40,267 [INFO] CodeEngine:255 - oldGeneratedFile, C:\Users\aleja\OneDrive\Escritorio\gettingStartedSTM\newNode\Core\Src\stm32f0xx_hal_msp.c_save
2024-01-17 14:30:40,447 [INFO] CodeEngine:279 - Generated code: C:\Users\aleja\OneDrive\Escritorio\gettingStartedSTM\newNode\Core\Src\stm32f0xx_hal_msp.c
2024-01-17 14:30:40,456 [INFO] CodeEngine:255 - oldGeneratedFile, C:\Users\aleja\OneDrive\Escritorio\gettingStartedSTM\newNode\MXTmpFiles\system.tmp_save
2024-01-17 14:30:40,552 [INFO] CodeEngine:279 - Generated code: C:\Users\aleja\OneDrive\Escritorio\gettingStartedSTM\newNode\MXTmpFiles\system.tmp
2024-01-17 14:30:40,596 [INFO] CodeEngine:311 - oldGeneratedFile, C:\Users\aleja\OneDrive\Escritorio\gettingStartedSTM\newNode\Core\Inc\stm32f0xx_hal_conf.h_save
2024-01-17 14:30:40,761 [INFO] CodeEngine:335 - Generated code: C:\Users\aleja\OneDrive\Escritorio\gettingStartedSTM\newNode\Core\Inc\stm32f0xx_hal_conf.h
2024-01-17 14:30:40,807 [WARN] IPConfigManager:3440 - IP not found : TIM
2024-01-17 14:30:40,821 [WARN] CodeGenerator:3939 - IP not found : null
2024-01-17 14:30:40,858 [INFO] CodeEngine:255 - oldGeneratedFile, C:\Users\aleja\OneDrive\Escritorio\gettingStartedSTM\newNode\Core\Inc\main.h_save
2024-01-17 14:30:40,993 [INFO] CodeEngine:279 - Generated code: C:\Users\aleja\OneDrive\Escritorio\gettingStartedSTM\newNode\Core\Inc\main.h
2024-01-17 14:30:41,026 [INFO] CodeEngine:255 - oldGeneratedFile, C:\Users\aleja\OneDrive\Escritorio\gettingStartedSTM\newNode\Core\Src\main.c_save
2024-01-17 14:30:41,169 [INFO] CodeEngine:279 - Generated code: C:\Users\aleja\OneDrive\Escritorio\gettingStartedSTM\newNode\Core\Src\main.c
2024-01-17 14:30:41,884 [INFO] ProjectBuilder:3076 - Time for Copy HAL[1] : 344mS.
2024-01-17 14:30:41,889 [INFO] ProjectBuilder:4485 - Project Generator version: 4.2.0-B44
2024-01-17 14:30:42,026 [INFO] ConfigFileManager:1495 - The Die is : DIE445
2024-01-17 14:30:42,031 [INFO] ApiDbMcu:508 - Load IP Config File for FATFS
2024-01-17 14:30:42,054 [INFO] ApiDbMcu:508 - Load IP Config File for FREERTOS
2024-01-17 14:30:42,166 [INFO] ApiDbMcu:508 - Load IP Config File for TOUCHSENSING
2024-01-17 14:30:42,183 [INFO] ApiDbMcu:508 - Load IP Config File for USB_DEVICE
2024-01-17 14:30:43,338 [INFO] ProjectBuilder:4747 - Time for Generating toolchain IDE Files: 1449mS.
2024-01-17 14:30:43,339 [INFO] ProjectBuilder:2947 - Time for Copy CMSIS : 1mS.
2024-01-17 14:30:43,343 [INFO] ProjectBuilder:2947 - Time for Copy CMSIS : 1mS.
2024-01-17 14:48:01,703 [ERROR] LogOutputStream:75 - [STDERR_REDIRECT] 
2024-01-17 14:48:01,704 [ERROR] LogOutputStream:75 - [STDERR_REDIRECT] 
