2024-01-21 17:26:41,878 [INFO] Activator:176 - 


2024-01-21 17:26:41,893 [INFO] Activator:177 - !SESSION log4j initialized
2024-01-21 17:26:50,577 [INFO] LogOutputStream:77 - [STDOUT_REDIRECT] 
2024-01-21 17:26:52,068 [INFO] ApplicationProperties:184 - Using Application install path: C:\ST\STM32CubeIDE_1.13.2\STM32CubeIDE\plugins\com.st.stm32cube.common.mx_6.10.0.202311202037
2024-01-21 17:26:52,091 [INFO] DbMcusXml:78 - Set database path to: C:\ST\STM32CubeIDE_1.13.2\STM32CubeIDE\plugins\com.st.stm32cube.common.mx_6.10.0.202311202037\\db\/mcu/
2024-01-21 17:26:52,092 [INFO] ApiDb:274 - Set plugin database path to: C:\ST\STM32CubeIDE_1.13.2\STM32CubeIDE\plugins\com.st.stm32cube.common.mx_6.10.0.202311202037\\db\/plugins/boardmanager/
2024-01-21 17:26:52,092 [WARN] ApiDb:259 - Overriding images path with different value:  => C:\ST\STM32CubeIDE_1.13.2\STM32CubeIDE\plugins\com.st.stm32cube.common.mx_6.10.0.202311202037\\db\/plugins/mcufinder/images/
2024-01-21 17:26:52,107 [INFO] ApiDb:250 - Set database path to: C:\Users\aleja\.stmcufinder\plugins\mcufinder//mcu/
2024-01-21 17:26:52,108 [INFO] DbMcusAds:125 - Set database path to: C:\Users\aleja\.stmcufinder\plugins\mcufinder//mcu/
2024-01-21 17:26:52,110 [INFO] CrossReferenceDbSqlite:203 - Set database path to: C:\Users\aleja\.stmcufinder\plugins\mcufinder//mcu/cs/
2024-01-21 17:26:52,225 [INFO] RulesReader:64 - Compatibility file has been processed (297 Rules)
2024-01-21 17:26:52,306 [INFO] DbMcusXml:78 - Set database path to: C:\ST\STM32CubeIDE_1.13.2\STM32CubeIDE\plugins\com.st.stm32cube.common.mx_6.10.0.202311202037\\db\/mcu/
2024-01-21 17:26:52,306 [INFO] ApiDb:274 - Set plugin database path to: C:\ST\STM32CubeIDE_1.13.2\STM32CubeIDE\plugins\com.st.stm32cube.common.mx_6.10.0.202311202037\\db\/plugins/boardmanager/
2024-01-21 17:26:52,306 [INFO] ApiDb:261 - Set plugin images path to: C:\ST\STM32CubeIDE_1.13.2\STM32CubeIDE\plugins\com.st.stm32cube.common.mx_6.10.0.202311202037\\db\/plugins/mcufinder/images/
2024-01-21 17:26:52,306 [WARN] DbFile:41 - Overriding database path with different value: C:\Users\aleja\.stmcufinder\plugins\mcufinder/ => C:\Users\aleja\.stmcufinder\plugins\mcufinder
2024-01-21 17:26:52,306 [INFO] ApiDb:250 - Set database path to: C:\Users\aleja\.stmcufinder\plugins\mcufinder//mcu/
2024-01-21 17:26:52,306 [WARN] DbFile:41 - Overriding database path with different value: C:\Users\aleja\.stmcufinder\plugins\mcufinder/ => C:\Users\aleja\.stmcufinder\plugins\mcufinder
2024-01-21 17:26:52,306 [INFO] DbMcusAds:125 - Set database path to: C:\Users\aleja\.stmcufinder\plugins\mcufinder//mcu/
2024-01-21 17:26:52,306 [WARN] DbFile:41 - Overriding database path with different value: C:\Users\aleja\.stmcufinder\plugins\mcufinder/ => C:\Users\aleja\.stmcufinder\plugins\mcufinder
2024-01-21 17:26:52,306 [WARN] DbFile:41 - Overriding database path with different value: C:\Users\aleja\.stmcufinder\plugins\mcufinder/ => C:\Users\aleja\.stmcufinder\plugins\mcufinder
2024-01-21 17:26:52,306 [INFO] CrossReferenceDbSqlite:203 - Set database path to: C:\Users\aleja\.stmcufinder\plugins\mcufinder//mcu/cs/
2024-01-21 17:26:52,404 [INFO] MainPanel:264 - HeapMemory: 268435456
2024-01-21 17:26:52,515 [INFO] DbMcusXml:78 - Set database path to: C:\ST\STM32CubeIDE_1.13.2\STM32CubeIDE\plugins\com.st.stm32cube.common.mx_6.10.0.202311202037\\db\/mcu/
2024-01-21 17:26:52,515 [INFO] ApiDb:274 - Set plugin database path to: C:\ST\STM32CubeIDE_1.13.2\STM32CubeIDE\plugins\com.st.stm32cube.common.mx_6.10.0.202311202037\\db\/plugins/boardmanager/
2024-01-21 17:26:52,515 [INFO] ApiDb:261 - Set plugin images path to: C:\ST\STM32CubeIDE_1.13.2\STM32CubeIDE\plugins\com.st.stm32cube.common.mx_6.10.0.202311202037\\db\/plugins/mcufinder/images/
2024-01-21 17:26:52,515 [WARN] DbFile:41 - Overriding database path with different value: C:\Users\aleja\.stmcufinder\plugins\mcufinder/ => C:\Users\aleja\.stmcufinder\plugins\mcufinder
2024-01-21 17:26:52,516 [INFO] ApiDb:250 - Set database path to: C:\Users\aleja\.stmcufinder\plugins\mcufinder//mcu/
2024-01-21 17:26:52,516 [WARN] DbFile:41 - Overriding database path with different value: C:\Users\aleja\.stmcufinder\plugins\mcufinder/ => C:\Users\aleja\.stmcufinder\plugins\mcufinder
2024-01-21 17:26:52,516 [INFO] DbMcusAds:125 - Set database path to: C:\Users\aleja\.stmcufinder\plugins\mcufinder//mcu/
2024-01-21 17:26:52,516 [WARN] DbFile:41 - Overriding database path with different value: C:\Users\aleja\.stmcufinder\plugins\mcufinder/ => C:\Users\aleja\.stmcufinder\plugins\mcufinder
2024-01-21 17:26:52,516 [WARN] DbFile:41 - Overriding database path with different value: C:\Users\aleja\.stmcufinder\plugins\mcufinder/ => C:\Users\aleja\.stmcufinder\plugins\mcufinder
2024-01-21 17:26:52,516 [INFO] CrossReferenceDbSqlite:203 - Set database path to: C:\Users\aleja\.stmcufinder\plugins\mcufinder//mcu/cs/
2024-01-21 17:26:52,534 [INFO] ApplicationProperties:184 - Using Application install path: C:\ST\STM32CubeIDE_1.13.2\STM32CubeIDE\plugins\com.st.stm32cube.common.mx_6.10.0.202311202037
2024-01-21 17:26:52,536 [INFO] PluginManage:196 - Search for loadable plugins [exclusion list=, ]
2024-01-21 17:26:52,538 [INFO] PluginManage:310 - Check plugin analytics
2024-01-21 17:26:52,755 [INFO] AnalyticsPlugin:253 - Accepted Software Licenses: 
2024-01-21 17:26:52,755 [INFO] AnalyticsPlugin:255 - Accepted CMSIS Pack Licenses: 
2024-01-21 17:26:52,756 [INFO] AnalyticsPlugin:257 - Accepted Firmware Licenses: 
2024-01-21 17:26:52,759 [INFO] PluginManage:359 - Loaded plugin analytics (category:tool,tabindex:-1)
2024-01-21 17:26:52,760 [INFO] PluginManage:310 - Check plugin cadmodel
2024-01-21 17:26:52,781 [INFO] CADModel:105 - Init CAD model plugin
2024-01-21 17:26:52,781 [INFO] PluginManage:359 - Loaded plugin cadmodel (category:power,tabindex:5)
2024-01-21 17:26:52,782 [INFO] PluginManage:310 - Check plugin clock
2024-01-21 17:26:52,810 [INFO] PluginManage:359 - Loaded plugin clock (category:base,tabindex:2)
2024-01-21 17:26:52,810 [INFO] PluginManage:310 - Check plugin ddr
2024-01-21 17:26:52,814 [INFO] PluginManage:359 - Loaded plugin ddr (category:tool,tabindex:6)
2024-01-21 17:26:52,814 [INFO] PluginManage:310 - Check plugin filemanager
2024-01-21 17:26:52,996 [INFO] PluginManage:359 - Loaded plugin filemanager (category:base,tabindex:10)
2024-01-21 17:26:52,996 [INFO] PluginManage:310 - Check plugin ipmanager
2024-01-21 17:26:53,002 [INFO] PluginManage:359 - Loaded plugin ipmanager (category:base,tabindex:5)
2024-01-21 17:26:53,002 [INFO] PluginManage:310 - Check plugin lpbam
2024-01-21 17:26:53,018 [INFO] PluginManage:359 - Loaded plugin lpbam (category:base,tabindex:0)
2024-01-21 17:26:53,019 [INFO] PluginManage:310 - Check plugin memorymap
2024-01-21 17:26:53,040 [INFO] PluginManage:359 - Loaded plugin memorymap (category:base,tabindex:4)
2024-01-21 17:26:53,041 [INFO] PluginManage:310 - Check plugin pinoutandconfiguration
2024-01-21 17:26:53,057 [INFO] PluginManage:359 - Loaded plugin pinoutandconfiguration (category:base,tabindex:1)
2024-01-21 17:26:53,057 [INFO] PluginManage:310 - Check plugin pinoutconfig
2024-01-21 17:26:53,170 [WARN] SupportedApi:132 - Cannot load RTOS API schema: s4s-elt-must-match.1: The content of 'definitions' must match (annotation?, (simpleType | complexType)?, (unique | key | keyref)*)). A problem was found starting at: attribute.
2024-01-21 17:26:53,323 [INFO] PluginManage:359 - Loaded plugin pinoutconfig (category:base,tabindex:0)
2024-01-21 17:26:53,323 [INFO] PluginManage:310 - Check plugin power
2024-01-21 17:26:53,351 [INFO] PluginManage:359 - Loaded plugin power (category:power,tabindex:4)
2024-01-21 17:26:53,351 [INFO] PluginManage:310 - Check plugin projectmanager
2024-01-21 17:26:53,367 [INFO] PluginManage:359 - Loaded plugin projectmanager (category:projectmanager,tabindex:3)
2024-01-21 17:26:53,368 [INFO] PluginManage:310 - Check plugin thirdparty
2024-01-21 17:26:53,659 [INFO] PluginManage:359 - Loaded plugin thirdparty (category:base,tabindex:-1)
2024-01-21 17:26:53,659 [INFO] PluginManage:310 - Check plugin tools
2024-01-21 17:26:53,659 [WARN] IntegrityCheckThread:84 - waiting for thirdparty lock release [integrity check]
2024-01-21 17:26:53,659 [INFO] IntegrityCheckThread:86 - entering critical section [integrity check]
2024-01-21 17:26:53,660 [INFO] ThirdPartyUpdaterWithRetryManager:70 - Updater plugin not ready yet. [1/15]
2024-01-21 17:26:53,688 [INFO] PluginManage:359 - Loaded plugin tools (category:base,tabindex:7)
2024-01-21 17:26:53,688 [INFO] PluginManage:310 - Check plugin tutovideos
2024-01-21 17:26:53,901 [INFO] PluginManage:359 - Loaded plugin tutovideos (category:base,tabindex:-1)
2024-01-21 17:26:53,901 [INFO] PluginManage:310 - Check plugin updater
2024-01-21 17:26:53,914 [INFO] PluginManage:359 - Loaded plugin updater (category:base,tabindex:12)
2024-01-21 17:26:53,914 [INFO] PluginManage:310 - Check plugin userauth
2024-01-21 17:26:53,919 [INFO] UserAuth:114 - Init User Auth plugin
2024-01-21 17:26:53,919 [INFO] PluginManage:359 - Loaded plugin userauth (category:base,tabindex:14)
2024-01-21 17:26:53,920 [INFO] PluginManage:283 - PluginManage : Loaded plugins [17]
2024-01-21 17:26:54,124 [INFO] PinOutPanel:1499 - setPackage(No Configuration,No Configuration)
2024-01-21 17:26:54,232 [INFO] CADModel:165 - CPN selected for project level
2024-01-21 17:26:54,232 [INFO] CADModel:114 - Register for checkConnection events
2024-01-21 17:26:54,274 [INFO] IPUIPlugin:80 - create IPUIPlugin
2024-01-21 17:26:54,274 [INFO] PluginManager:220 - loadIPPluginJar : add adc
2024-01-21 17:26:54,306 [INFO] IPUIPlugin:80 - create IPUIPlugin
2024-01-21 17:26:54,306 [INFO] PluginManager:220 - loadIPPluginJar : add aes
2024-01-21 17:26:54,347 [INFO] IPUIPlugin:80 - create IPUIPlugin
2024-01-21 17:26:54,347 [INFO] PluginManager:220 - loadIPPluginJar : add can
2024-01-21 17:26:54,366 [INFO] IPUIPlugin:80 - create IPUIPlugin
2024-01-21 17:26:54,366 [INFO] PluginManager:220 - loadIPPluginJar : add comp
2024-01-21 17:26:54,402 [INFO] IPUIPlugin:80 - create IPUIPlugin
2024-01-21 17:26:54,402 [INFO] PluginManager:220 - loadIPPluginJar : add cryp
2024-01-21 17:26:54,426 [INFO] IPUIPlugin:80 - create IPUIPlugin
2024-01-21 17:26:54,426 [INFO] PluginManager:220 - loadIPPluginJar : add dfsdm
2024-01-21 17:26:54,440 [INFO] IPUIPlugin:80 - create IPUIPlugin
2024-01-21 17:26:54,440 [INFO] PluginManager:220 - loadIPPluginJar : add dma
2024-01-21 17:26:54,482 [INFO] IPUIPlugin:80 - create IPUIPlugin
2024-01-21 17:26:54,482 [INFO] PluginManager:220 - loadIPPluginJar : add dma3
2024-01-21 17:26:54,498 [INFO] IPUIPlugin:80 - create IPUIPlugin
2024-01-21 17:26:54,499 [INFO] PluginManager:220 - loadIPPluginJar : add fatfs
2024-01-21 17:26:54,536 [INFO] IPUIPlugin:80 - create IPUIPlugin
2024-01-21 17:26:54,536 [INFO] PluginManager:220 - loadIPPluginJar : add fmc
2024-01-21 17:26:54,552 [INFO] IPUIPlugin:80 - create IPUIPlugin
2024-01-21 17:26:54,552 [INFO] PluginManager:220 - loadIPPluginJar : add freertos
2024-01-21 17:26:54,571 [INFO] IPUIPlugin:80 - create IPUIPlugin
2024-01-21 17:26:54,571 [INFO] PluginManager:220 - loadIPPluginJar : add genericplugin
2024-01-21 17:26:54,645 [INFO] IPUIPlugin:80 - create IPUIPlugin
2024-01-21 17:26:54,645 [INFO] PluginManager:220 - loadIPPluginJar : add gfxmmu
2024-01-21 17:26:54,748 [INFO] IPUIPlugin:80 - create IPUIPlugin
2024-01-21 17:26:54,748 [INFO] PluginManager:220 - loadIPPluginJar : add gic
2024-01-21 17:26:54,760 [INFO] IPUIPlugin:80 - create IPUIPlugin
2024-01-21 17:26:54,760 [INFO] PluginManager:220 - loadIPPluginJar : add gpio
2024-01-21 17:26:54,835 [INFO] IPUIPlugin:80 - create IPUIPlugin
2024-01-21 17:26:54,835 [INFO] PluginManager:220 - loadIPPluginJar : add gtzc
2024-01-21 17:26:54,861 [INFO] IPUIPlugin:80 - create IPUIPlugin
2024-01-21 17:26:54,862 [INFO] PluginManager:220 - loadIPPluginJar : add hash
2024-01-21 17:26:54,905 [INFO] IPUIPlugin:80 - create IPUIPlugin
2024-01-21 17:26:54,905 [INFO] PluginManager:220 - loadIPPluginJar : add i2c
2024-01-21 17:26:54,938 [INFO] IPUIPlugin:80 - create IPUIPlugin
2024-01-21 17:26:54,938 [INFO] PluginManager:220 - loadIPPluginJar : add i2s
2024-01-21 17:26:54,973 [INFO] IPUIPlugin:80 - create IPUIPlugin
2024-01-21 17:26:54,973 [INFO] PluginManager:220 - loadIPPluginJar : add i3c
2024-01-21 17:26:55,060 [INFO] IPUIPlugin:80 - create IPUIPlugin
2024-01-21 17:26:55,060 [INFO] PluginManager:220 - loadIPPluginJar : add ipddr
2024-01-21 17:26:55,134 [INFO] IPUIPlugin:80 - create IPUIPlugin
2024-01-21 17:26:55,134 [INFO] PluginManager:220 - loadIPPluginJar : add linkedlist
2024-01-21 17:26:55,164 [INFO] IPUIPlugin:80 - create IPUIPlugin
2024-01-21 17:26:55,164 [INFO] PluginManager:220 - loadIPPluginJar : add lorawan
2024-01-21 17:26:55,193 [INFO] IPUIPlugin:80 - create IPUIPlugin
2024-01-21 17:26:55,193 [INFO] PluginManager:220 - loadIPPluginJar : add ltdc
2024-01-21 17:26:55,206 [INFO] IPUIPlugin:80 - create IPUIPlugin
2024-01-21 17:26:55,207 [INFO] PluginManager:220 - loadIPPluginJar : add mdma
2024-01-21 17:26:55,219 [INFO] IPUIPlugin:80 - create IPUIPlugin
2024-01-21 17:26:55,220 [INFO] PluginManager:220 - loadIPPluginJar : add nvic
2024-01-21 17:26:55,249 [INFO] IPUIPlugin:80 - create IPUIPlugin
2024-01-21 17:26:55,249 [INFO] PluginManager:220 - loadIPPluginJar : add opamp
2024-01-21 17:26:55,302 [INFO] IPUIPlugin:80 - create IPUIPlugin
2024-01-21 17:26:55,302 [INFO] PluginManager:220 - loadIPPluginJar : add openamp
2024-01-21 17:26:55,338 [INFO] IPUIPlugin:80 - create IPUIPlugin
2024-01-21 17:26:55,338 [INFO] PluginManager:220 - loadIPPluginJar : add pdm2pcm
2024-01-21 17:26:55,351 [INFO] IPUIPlugin:80 - create IPUIPlugin
2024-01-21 17:26:55,353 [INFO] PluginManager:220 - loadIPPluginJar : add plateformsettings
2024-01-21 17:26:55,370 [INFO] IPUIPlugin:80 - create IPUIPlugin
2024-01-21 17:26:55,370 [INFO] PluginManager:220 - loadIPPluginJar : add quadspi
2024-01-21 17:26:55,382 [INFO] IPUIPlugin:80 - create IPUIPlugin
2024-01-21 17:26:55,383 [INFO] PluginManager:220 - loadIPPluginJar : add resmgrutility
2024-01-21 17:26:55,422 [INFO] IPUIPlugin:80 - create IPUIPlugin
2024-01-21 17:26:55,422 [INFO] PluginManager:220 - loadIPPluginJar : add sai
2024-01-21 17:26:55,453 [INFO] IPUIPlugin:80 - create IPUIPlugin
2024-01-21 17:26:55,453 [INFO] PluginManager:220 - loadIPPluginJar : add spi
2024-01-21 17:26:55,517 [INFO] IPUIPlugin:80 - create IPUIPlugin
2024-01-21 17:26:55,517 [INFO] PluginManager:220 - loadIPPluginJar : add stm32_wpan
2024-01-21 17:26:55,537 [INFO] IPUIPlugin:80 - create IPUIPlugin
2024-01-21 17:26:55,538 [INFO] PluginManager:220 - loadIPPluginJar : add tim
2024-01-21 17:26:55,586 [INFO] IPUIPlugin:80 - create IPUIPlugin
2024-01-21 17:26:55,586 [INFO] PluginManager:220 - loadIPPluginJar : add touchsensing
2024-01-21 17:26:55,606 [INFO] IPUIPlugin:80 - create IPUIPlugin
2024-01-21 17:26:55,606 [INFO] PluginManager:220 - loadIPPluginJar : add tracer_emb
2024-01-21 17:26:55,627 [INFO] IPUIPlugin:80 - create IPUIPlugin
2024-01-21 17:26:55,627 [INFO] PluginManager:220 - loadIPPluginJar : add ts
2024-01-21 17:26:55,646 [INFO] IPUIPlugin:80 - create IPUIPlugin
2024-01-21 17:26:55,646 [INFO] PluginManager:220 - loadIPPluginJar : add tsc
2024-01-21 17:26:55,666 [INFO] IPUIPlugin:80 - create IPUIPlugin
2024-01-21 17:26:55,666 [INFO] PluginManager:220 - loadIPPluginJar : add ucpd
2024-01-21 17:26:55,702 [INFO] IPUIPlugin:80 - create IPUIPlugin
2024-01-21 17:26:55,702 [INFO] PluginManager:220 - loadIPPluginJar : add usart
2024-01-21 17:26:55,737 [INFO] IPUIPlugin:80 - create IPUIPlugin
2024-01-21 17:26:55,737 [INFO] PluginManager:220 - loadIPPluginJar : add usbx
2024-01-21 17:26:55,859 [INFO] CADModel:165 - CPN selected for project level
2024-01-21 17:26:55,860 [INFO] CADModel:114 - Register for checkConnection events
2024-01-21 17:26:55,860 [FATAL] Updater:308 - Updater called before beeing initialized
2024-01-21 17:26:55,860 [ERROR] CADModel:125 - Updater not yet initialized, retry later 
2024-01-21 17:26:56,019 [INFO] CADModel:165 - CPN selected for project level
2024-01-21 17:26:56,019 [INFO] CADModel:114 - Register for checkConnection events
2024-01-21 17:26:56,019 [FATAL] Updater:308 - Updater called before beeing initialized
2024-01-21 17:26:56,019 [ERROR] CADModel:125 - Updater not yet initialized, retry later 
2024-01-21 17:26:56,022 [FATAL] Updater:308 - Updater called before beeing initialized
2024-01-21 17:26:56,136 [FATAL] Updater:308 - Updater called before beeing initialized
2024-01-21 17:26:56,145 [INFO] DbMcusAds:53 - JSON generation date=Wed Nov 29 11:52:27 CET 2023 (1701255147349)
2024-01-21 17:26:56,145 [FATAL] Updater:308 - Updater called before beeing initialized
2024-01-21 17:26:56,231 [WARN] DetailPanel:346 - Failed to get advertising image, set to default
2024-01-21 17:26:56,306 [FATAL] Updater:308 - Updater called before beeing initialized
2024-01-21 17:26:56,309 [FATAL] Updater:308 - Updater called before beeing initialized
2024-01-21 17:26:56,309 [FATAL] Updater:308 - Updater called before beeing initialized
2024-01-21 17:26:56,309 [WARN] DetailPanel:346 - Failed to get advertising image, set to default
2024-01-21 17:26:56,310 [FATAL] Updater:308 - Updater called before beeing initialized
2024-01-21 17:26:56,378 [ERROR] Updater:1120 - MainUpdater not yet initialized. External WinMGr cannot be set.
2024-01-21 17:26:56,387 [INFO] Updater:1056 - Updater Version found : 6.10.0
2024-01-21 17:26:56,407 [INFO] ApplicationProperties:184 - Using Application install path: C:\ST\STM32CubeIDE_1.13.2\STM32CubeIDE\plugins\com.st.stm32cube.common.mx_6.10.0.202311202037
2024-01-21 17:26:56,661 [INFO] ThirdPartyUpdaterWithRetryManager:70 - Updater plugin not ready yet. [2/15]
2024-01-21 17:26:57,995 [ERROR] LogOutputStream:75 - [STDERR_REDIRECT] Jan 21, 2024 5:26:57 PM java.util.prefs.WindowsPreferences <init>
2024-01-21 17:26:57,998 [ERROR] LogOutputStream:75 - [STDERR_REDIRECT] WARNING: Could not open/create prefs root node Software\JavaSoft\Prefs at root 0xffffffff80000002. Windows RegCreateKeyEx(...) returned error code 5.
2024-01-21 17:26:57,998 [ERROR] LogOutputStream:75 - [STDERR_REDIRECT] 
2024-01-21 17:26:58,425 [INFO] MainUpdater:2873 - connection check result : 10
2024-01-21 17:26:58,426 [INFO] MainUpdater:290 - Updater Check For Update Now.
2024-01-21 17:26:58,426 [INFO] MicroXplorer:498 - Change Database Version : DB.6.0.100
2024-01-21 17:26:58,452 [INFO] McuFinderGlobals:63 - Set McuFinder mode to 2 (CubeIDE integrated)
2024-01-21 17:26:58,475 [INFO] UserAuth:404 - Internet connection configuration mode: 1
2024-01-21 17:26:58,525 [INFO] JxBrowserEngine:152 - Initiate JxBrowser Engine with user profile folder
2024-01-21 17:26:58,626 [INFO] CheckServerUpdateThread:120 - End of CheckServer Thread
2024-01-21 17:26:59,841 [WARN] PackLoader:240 - Cannot read IP mode file for STMicroelectronics.X-CUBE-SMBUS.2.1.0
2024-01-21 17:26:59,855 [WARN] PackLoader:240 - Cannot read IP mode file for STMicroelectronics.X-CUBE-TOUCHGFX.4.23.0
2024-01-21 17:26:59,902 [WARN] PackLoader:240 - Cannot read IP mode file for STMicroelectronics.X-CUBE-AZRTOS-F7.1.1.0
2024-01-21 17:26:59,923 [WARN] PackLoader:240 - Cannot read IP mode file for STMicroelectronics.FP-SNS-MOTENV1.4.3.2
2024-01-21 17:26:59,937 [WARN] PackLoader:240 - Cannot read IP mode file for STMicroelectronics.FP-SNS-FLIGHT1.5.0.2
2024-01-21 17:26:59,954 [WARN] PackLoader:240 - Cannot read IP mode file for STMicroelectronics.X-CUBE-DISPLAY.3.0.0
2024-01-21 17:26:59,978 [WARN] PackLoader:240 - Cannot read IP mode file for STMicroelectronics.X-CUBE-BLE1.7.0.0
2024-01-21 17:26:59,994 [WARN] PackLoader:240 - Cannot read IP mode file for emotas.I-CUBE-CANOPEN.1.3.0
2024-01-21 17:27:00,005 [WARN] PackLoader:240 - Cannot read IP mode file for STMicroelectronics.X-CUBE-TOUCHGFX.4.22.1
2024-01-21 17:27:00,021 [WARN] PackLoader:240 - Cannot read IP mode file for STMicroelectronics.FP-SNS-SMARTAG2.1.2.0
2024-01-21 17:27:00,043 [INFO] LogOutputStream:77 - [STDOUT_REDIRECT] 1 : Invalid condition id : UX_CORESTACK_Condition cause : null
2024-01-21 17:27:00,044 [INFO] LogOutputStream:77 - [STDOUT_REDIRECT] 1 : Invalid condition id : UX_CORESTACK_Condition cause : null
2024-01-21 17:27:00,046 [INFO] LogOutputStream:77 - [STDOUT_REDIRECT] 1 : Invalid condition id : UX_CORESTACK_Condition cause : null
2024-01-21 17:27:00,048 [INFO] LogOutputStream:77 - [STDOUT_REDIRECT] 1 : Invalid condition id : UX_CORESTACK_Condition cause : null
2024-01-21 17:27:00,050 [INFO] LogOutputStream:77 - [STDOUT_REDIRECT] 1 : Invalid condition id : UX_CORESTACK_Condition cause : null
2024-01-21 17:27:00,056 [WARN] PackLoader:240 - Cannot read IP mode file for STMicroelectronics.X-CUBE-AZRTOS-WL.2.0.0
2024-01-21 17:27:00,080 [WARN] PackLoader:240 - Cannot read IP mode file for WES.I-CUBE-Cesium.1.3.0
2024-01-21 17:27:00,092 [WARN] PackLoader:240 - Cannot read IP mode file for STMicroelectronics.X-CUBE-BLE2.3.3.0
2024-01-21 17:27:00,104 [WARN] PackLoader:240 - Cannot read IP mode file for STMicroelectronics.X-CUBE-ALGOBUILD.1.3.0
2024-01-21 17:27:00,139 [WARN] PackLoader:240 - Cannot read IP mode file for STMicroelectronics.X-CUBE-AZRTOS-G0.1.1.0
2024-01-21 17:27:00,157 [WARN] PackLoader:240 - Cannot read IP mode file for STMicroelectronics.X-CUBE-NFC4.3.0.0
2024-01-21 17:27:00,171 [WARN] PackLoader:240 - Cannot read IP mode file for STMicroelectronics.X-CUBE-BLEMGR.3.0.0
2024-01-21 17:27:00,183 [WARN] PackLoader:240 - Cannot read IP mode file for STMicroelectronics.FP-ATR-SIGFOX1.3.2.0
2024-01-21 17:27:00,194 [WARN] PackLoader:240 - Cannot read IP mode file for STMicroelectronics.X-CUBE-GNSS1.6.0.0
2024-01-21 17:27:00,221 [WARN] PackLoader:240 - Cannot read IP mode file for STMicroelectronics.X-CUBE-AZRTOS-F4.1.1.0
2024-01-21 17:27:00,236 [WARN] PackLoader:240 - Cannot read IP mode file for wolfSSL.I-CUBE-wolfSSL.5.6.4
2024-01-21 17:27:00,265 [WARN] PackLoader:240 - Cannot read IP mode file for STMicroelectronics.X-CUBE-AZRTOS-L5.2.0.0
2024-01-21 17:27:00,280 [WARN] PackLoader:240 - Cannot read IP mode file for STMicroelectronics.X-CUBE-EEPRMA1.4.2.0
2024-01-21 17:27:00,294 [WARN] PackLoader:240 - Cannot read IP mode file for ITTIA_DB.I-CUBE-ITTIADB.8.8.0
2024-01-21 17:27:00,317 [WARN] ConditionMgr:438 - getConditionDescription Invalid condition id : UX DEVICE CLASS RTOS Condition cause : null
2024-01-21 17:27:00,318 [WARN] ConditionMgr:438 - getConditionDescription Invalid condition id : UX DEVICE CLASS RTOS Condition cause : null
2024-01-21 17:27:00,319 [WARN] PackLoader:240 - Cannot read IP mode file for STMicroelectronics.X-CUBE-AZRTOS-H7.3.1.0
2024-01-21 17:27:00,320 [WARN] ConditionMgr:1039 - genDependencies : Invalid condition id : UX DEVICE CLASS RTOS Condition cause : null
2024-01-21 17:27:00,320 [WARN] ConditionMgr:1039 - genDependencies : Invalid condition id : UX DEVICE CLASS RTOS Condition cause : null
2024-01-21 17:27:00,321 [WARN] ConditionMgr:1039 - genDependencies : Invalid condition id : UX DEVICE CLASS RTOS Condition cause : null
2024-01-21 17:27:00,321 [WARN] ConditionMgr:1039 - genDependencies : Invalid condition id : UX DEVICE CLASS RTOS Condition cause : null
2024-01-21 17:27:00,321 [WARN] ConditionMgr:1039 - genDependencies : Invalid condition id : UX DEVICE CLASS RTOS Condition cause : null
2024-01-21 17:27:00,334 [WARN] PackLoader:240 - Cannot read IP mode file for STMicroelectronics.X-CUBE-NFC7.1.0.1
2024-01-21 17:27:00,350 [WARN] PackLoader:240 - Cannot read IP mode file for STMicroelectronics.X-CUBE-NFC6.3.0.0
2024-01-21 17:27:00,366 [WARN] PackLoader:240 - Cannot read IP mode file for STMicroelectronics.X-CUBE-AI.8.1.0
2024-01-21 17:27:00,393 [WARN] ConditionMgr:438 - getConditionDescription Invalid condition id : LAN8742 Phy interface Condition cause : null
2024-01-21 17:27:00,393 [WARN] PackLoader:240 - Cannot read IP mode file for STMicroelectronics.X-CUBE-AZRTOS-L4.2.0.0
2024-01-21 17:27:00,394 [WARN] ConditionMgr:1039 - genDependencies : Invalid condition id : LAN8742 Phy interface Condition cause : null
2024-01-21 17:27:00,394 [WARN] ConditionMgr:1039 - genDependencies : Invalid condition id : LAN8742 Phy interface Condition cause : null
2024-01-21 17:27:00,394 [WARN] ConditionMgr:1039 - genDependencies : Invalid condition id : LAN8742 Phy interface Condition cause : null
2024-01-21 17:27:00,412 [WARN] PackLoader:240 - Cannot read IP mode file for STMicroelectronics.X-CUBE-SFXS2LP1.4.0.0
2024-01-21 17:27:00,425 [WARN] PackLoader:240 - Cannot read IP mode file for STMicroelectronics.X-CUBE-ISPU.1.1.0
2024-01-21 17:27:00,448 [WARN] ConditionMgr:438 - getConditionDescription Invalid condition id : UX DEVICE CLASS RTOS Condition cause : null
2024-01-21 17:27:00,448 [WARN] ConditionMgr:438 - getConditionDescription Invalid condition id : UX DEVICE CLASS RTOS Condition cause : null
2024-01-21 17:27:00,449 [WARN] PackLoader:240 - Cannot read IP mode file for STMicroelectronics.X-CUBE-AZRTOS-WB.2.0.0
2024-01-21 17:27:00,450 [WARN] ConditionMgr:1039 - genDependencies : Invalid condition id : UX DEVICE CLASS RTOS Condition cause : null
2024-01-21 17:27:00,450 [WARN] ConditionMgr:1039 - genDependencies : Invalid condition id : UX DEVICE CLASS RTOS Condition cause : null
2024-01-21 17:27:00,450 [WARN] ConditionMgr:1039 - genDependencies : Invalid condition id : UX DEVICE CLASS RTOS Condition cause : null
2024-01-21 17:27:00,450 [WARN] ConditionMgr:1039 - genDependencies : Invalid condition id : UX DEVICE CLASS RTOS Condition cause : null
2024-01-21 17:27:00,450 [WARN] ConditionMgr:1039 - genDependencies : Invalid condition id : UX DEVICE CLASS RTOS Condition cause : null
2024-01-21 17:27:00,467 [WARN] PackLoader:240 - Cannot read IP mode file for STMicroelectronics.X-CUBE-SUBG2.5.0.0
2024-01-21 17:27:00,491 [WARN] PackLoader:240 - Cannot read IP mode file for STMicroelectronics.X-CUBE-AZRTOS-G4.2.0.0
2024-01-21 17:27:00,513 [WARN] PackLoader:240 - Cannot read IP mode file for Infineon.AIROC-Wi-Fi-Bluetooth-STM32.1.5.1
2024-01-21 17:27:00,535 [WARN] PackLoader:240 - Cannot read IP mode file for STMicroelectronics.FP-SNS-MOTENVWB1.1.3.1
2024-01-21 17:27:00,545 [WARN] PackLoader:240 - Cannot read IP mode file for STMicroelectronics.X-CUBE-ISPU.2.0.0
2024-01-21 17:27:00,588 [WARN] PackLoader:240 - Cannot read IP mode file for STMicroelectronics.X-CUBE-MEMS1.10.0.0
2024-01-21 17:27:00,676 [WARN] PackLoader:240 - Cannot read IP mode file for STMicroelectronics.X-CUBE-FREERTOS.1.1.0
2024-01-21 17:27:00,689 [WARN] PackLoader:240 - Cannot read IP mode file for portGmbH.I-Cube-SoM-uGOAL.1.1.0
2024-01-21 17:27:00,700 [WARN] PackLoader:240 - Cannot read IP mode file for STMicroelectronics.X-CUBE-ALS.1.0.1
2024-01-21 17:27:00,713 [WARN] PackLoader:240 - Cannot read IP mode file for STMicroelectronics.FP-ATR-ASTRA1.2.0.0
2024-01-21 17:27:00,732 [WARN] PackLoader:240 - Cannot read IP mode file for STMicroelectronics.X-CUBE-TOF1.3.4.0
2024-01-21 17:27:00,781 [WARN] PackLoader:240 - Cannot read IP mode file for STMicroelectronics.X-CUBE-AZRTOS-H7.3.2.0
2024-01-21 17:27:00,786 [INFO] ThirdParty:978 - Integrity check success = true
2024-01-21 17:27:00,786 [INFO] IntegrityCheckThread:100 - exiting critical section [integrity check]
2024-01-21 17:27:00,786 [INFO] IntegrityCheckThread:103 - End integrity checks thread
2024-01-21 17:27:01,519 [INFO] WebApp:161 - Instantiating new browser for Auth
2024-01-21 17:27:02,286 [INFO] WebApp:780 - Register for checkConnection events
2024-01-21 17:27:02,286 [INFO] WebApp:414 - Apply proxy settings
2024-01-21 17:27:02,286 [INFO] WebApp:499 - Chromium requires no authentication
2024-01-21 17:27:02,295 [INFO] WebApp:442 - Direct internet connection detected
2024-01-21 17:27:02,442 [INFO] WebApp:192 - Starting web application
2024-01-21 17:27:02,442 [INFO] WebApp:544 - Web application path used C:\ST\STM32CubeIDE_1.13.2\STM32CubeIDE\plugins\com.st.stm32cube.common.mx_6.10.0.202311202037\db\plugins\mcufinder\reactClient1\index.html
2024-01-21 17:27:11,835 [ERROR] LogOutputStream:75 - [STDERR_REDIRECT] SLF4J: Failed to load class "org.slf4j.impl.StaticLoggerBinder".
2024-01-21 17:27:11,836 [ERROR] LogOutputStream:75 - [STDERR_REDIRECT] SLF4J: Defaulting to no-operation (NOP) logger implementation
2024-01-21 17:27:11,837 [ERROR] LogOutputStream:75 - [STDERR_REDIRECT] SLF4J: See http://www.slf4j.org/codes.html#StaticLoggerBinder for further details.
2024-01-21 18:13:08,809 [INFO] McuFinderGlobals:63 - Set McuFinder mode to 2 (CubeIDE integrated)
2024-01-21 18:13:08,832 [INFO] MainUpdater:2873 - connection check result : 10
2024-01-21 18:13:08,852 [INFO] McuFinderGlobals:76 - Set McuFinderConnectedMode to true
2024-01-21 18:13:09,100 [INFO] ServerAccessManage:473 - Download File mcusAds.json._tmp_
2024-01-21 18:13:09,242 [INFO] LoadUrlFilesThread:156 - End of LoadUrlFiles Thread
2024-01-21 18:13:09,682 [INFO] ServerAccessManage:473 - Download File cube-finder-db.zip
2024-01-21 18:13:11,054 [INFO] FileExtend:240 - Unzip File : cube-finder-db.zip
2024-01-21 18:13:11,054 [INFO] FileExtend:255 - Standard Zip Deflate
2024-01-21 18:13:11,985 [INFO] LoadUrlFilesThread:156 - End of LoadUrlFiles Thread
2024-01-21 18:13:12,327 [INFO] ServerAccessManage:473 - Download File crdb.zip
2024-01-21 18:13:12,517 [INFO] FileExtend:240 - Unzip File : crdb.zip
2024-01-21 18:13:12,518 [INFO] FileExtend:255 - Standard Zip Deflate
2024-01-21 18:13:12,655 [INFO] LoadUrlFilesThread:156 - End of LoadUrlFiles Thread
2024-01-21 18:13:12,841 [INFO] ServerAccessManage:473 - Download File tutoVideoDB.zip
2024-01-21 18:13:12,872 [INFO] FileExtend:240 - Unzip File : tutoVideoDB.zip
2024-01-21 18:13:12,873 [INFO] FileExtend:255 - Standard Zip Deflate
2024-01-21 18:13:13,026 [INFO] LoadUrlFilesThread:156 - End of LoadUrlFiles Thread
2024-01-21 18:13:13,031 [WARN] DbFile:41 - Overriding database path with different value: C:\Users\aleja\.stmcufinder\plugins\mcufinder/ => C:\Users\aleja\.stmcufinder\plugins\mcufinder
2024-01-21 18:13:13,204 [INFO] ServerAccessManage:473 - Download File api_config.json
2024-01-21 18:13:13,338 [INFO] LoadUrlFilesThread:156 - End of LoadUrlFiles Thread
2024-01-21 18:13:13,347 [INFO] DbMcusAds:53 - JSON generation date=Wed Nov 29 11:52:27 CET 2023 (1701255147200)
2024-01-21 18:13:13,390 [INFO] LoadUrlFilesThread:185 - End of LoadServerUrlFiles without Thread
2024-01-21 18:13:13,391 [INFO] TargetSelectorAdapter:259 - Refresh data is successful
2024-01-21 18:13:13,567 [INFO] ApiDb:581 - Connected to CubeFinder SQLite database (C:\Users\aleja\.stmcufinder\plugins\mcufinder\mcu\cube-finder-db.db)
2024-01-21 18:13:13,616 [INFO] ApiDb:668 - CubeFinder database Data Model version=2.1
2024-01-21 18:13:13,617 [INFO] ApiDb:669 - CubeFinder database Configuration version=3.0.39
2024-01-21 18:13:13,618 [INFO] ApiDb:670 - CubeFinder database generation date=2023-12-08 (1702028721)
2024-01-21 18:13:13,618 [INFO] ApiDb:671 - CubeFinder database FW Pack versions=[FP-ATR-ASTRA1_V2.0.0, FP-SNS-FLIGHT1_V5.0.1, FP-SNS-FLIGHT1_V5.0.2, FP-SNS-MOTENV1_V4.3.1, FP-SNS-MOTENV1_V4.3.2, FP-SNS-MOTENVWB1_V1.3.1, FP-SNS-SMARTAG2_V1.2.0, STM32Cube_FW_C0_V1.1.0, STM32Cube_FW_F4_V1.28.0, STM32Cube_FW_F7_V1.17.0, STM32Cube_FW_G0_V1.6.1, STM32Cube_FW_G4_V1.5.1, STM32Cube_FW_H5_V0.5.1, STM32Cube_FW_H5_V1.1.1, STM32Cube_FW_H5_V1.2.0RC2, STM32Cube_FW_H7_V1.11.0, STM32Cube_FW_L0_V1.12.2, STM32Cube_FW_L5_V1.5.0, STM32Cube_FW_U5_V1.3.0RC4, STM32Cube_FW_U5_V1.4.0, STM32Cube_FW_WBA_V1.0.0RC1, STM32Cube_FW_WBA_V1.1.0RC1, STM32Cube_FW_WBA_V1.2.0, STM32Cube_FW_WBA_V1.2.0RC2, STM32Cube_FW_WB_V1.15.0RC1, STM32Cube_FW_WB_V1.16.0, STM32Cube_FW_WB_V1.16.0RC2, STM32Cube_FW_WB_V1.18.0, STM32Cube_FW_WL_V1.3.0, X-CUBE-ALGOBUILD_V1.3.0, X-CUBE-ALS_V1.0.1, X-CUBE-AZRTOS-F4_V1.1.0, X-CUBE-AZRTOS-F7_V1.1.0, X-CUBE-AZRTOS-G0_V1.1.0, X-CUBE-AZRTOS-G4_V2.0.0, X-CUBE-AZRTOS-H7_V3.1.0, X-CUBE-AZRTOS-L4_V1.0.0, X-CUBE-AZRTOS-L4_V2.0.0, X-CUBE-AZRTOS-L5_V1.1.0, X-CUBE-AZRTOS-WB_V2.0.0, X-CUBE-AZRTOS-WL_V2.0.0, X-CUBE-BLE1_V7.0.0, X-CUBE-BLE2_V3.3.0, X-CUBE-BLEMGR_V3.0.0, X-CUBE-EEPRMA1_V4.1.0, X-CUBE-EEPRMA1_V4.2.0, X-CUBE-FREERTOS_V1.1.0, X-CUBE-GNSS1_V6.0.0, X-CUBE-MEMS1_V10.0.0, X-CUBE-MEMS1_V9.1.0, X-CUBE-MEMS1_V9.4.0, X-CUBE-MEMS1_V9.6.0, X-CUBE-NFC4_V3.0.0, X-CUBE-NFC7_V1.0.1, X-CUBE-SFXS2LP1_V4.0.0, X-CUBE-SUBG2_V5.0.0, X-CUBE-TOF1_V3.4.0]
2024-01-21 18:13:15,179 [INFO] ApiDb:240 - Found 371 in-development CPN: [B-G473E-ZEST1S, B-WB1M-WPAN1, B-WL5M-SUBG1, NUCLEO-C031C6, NUCLEO-H503RB, NUCLEO-H563ZI, NUCLEO-U545RE-Q, NUCLEO-U5A5ZJ-Q, NUCLEO-WBA52CG, NUCLEO-WBA55CG, STEVAL-MKBOXPRO, STEVAL-PROTEUS1, STEVAL-STWINBX1, STM320518-EVAL, STM32C0116-DK, STM32C011D6Y3TR, STM32C011D6Y6TR, STM32C011F4P3, STM32C011F4P6, STM32C011F4U3, STM32C011F4U6TR, STM32C011F6P3, STM32C011F6P6, STM32C011F6U3, STM32C011F6U6TR, STM32C011J4M3, STM32C011J4M6, STM32C011J6M3, STM32C011J6M6, STM32C0316-DK, STM32C031C4T3, STM32C031C4T6, STM32C031C4U3, STM32C031C4U6, STM32C031C6T3, STM32C031C6T6, STM32C031C6U3, STM32C031C6U6, STM32C031F4P3, STM32C031F4P6, STM32C031F6P3, STM32C031F6P6, STM32C031G4U3, STM32C031G4U6, STM32C031G6U3, STM32C031G6U6, STM32C031K4T3, STM32C031K4T6, STM32C031K4U3, STM32C031K4U6, STM32C031K6T3, STM32C031K6T6, STM32C031K6U3, STM32C031K6U6, STM32G071K8TXN, STM32G071K8UXN, STM32G081GBU6N, STM32G081KBT6N, STM32G081KBUXN, STM32G0B1CCT6N, STM32G0B1KCT6, STM32G0B1NEY6TR, STM32G0B1RCT6N, STM32G0C1CCT6, STM32G0C1CCT6N, STM32G0C1CCU6N, STM32G0C1CET6N, STM32G0C1CEU6N, STM32G0C1KCT6, STM32G0C1NEY6TR, STM32G0C1RCI6N, STM32G0C1RCT6N, STM32G0C1REI6N, STM32G0C1RET6N, STM32G0C1VCI6, STM32G0C1VEI6, STM32G471CCT6, STM32G471CCU6, STM32G471CET3, STM32G471CET6, STM32G471CEU3, STM32G471CEU6, STM32G471MCT6, STM32G471MET3, STM32G471MET6, STM32G471MEY6TR, STM32G471QCT6, STM32G471QET3, STM32G471RCT6, STM32G471RET3, STM32G471RET6, STM32G471VCH6, STM32G471VCI6, STM32G471VCT6, STM32G471VEH3, STM32G471VEH6, STM32G471VEI3, STM32G471VEI6, STM32G471VET3, STM32G471VET6, STM32G474CCT6, STM32H503CBT6, STM32H503CBU6, STM32H503EBY6TR, STM32H503KBU6, STM32H503RBT6, STM32H562AGI6, STM32H562AII6, STM32H562IGK6, STM32H562IGT6, STM32H562IIK6, STM32H562IIT6, STM32H562RGT6, STM32H562RGV6, STM32H562RIT6, STM32H562RIV6, STM32H562VGT6, STM32H562VIT6, STM32H562ZGT6, STM32H562ZIT6, STM32H563AGI6, STM32H563AII3Q, STM32H563AII6, STM32H563IGK6, STM32H563IGT6, STM32H563IIK3Q, STM32H563IIK6, STM32H563IIT3Q, STM32H563IIT6, STM32H563MIY3QTR, STM32H563RGT6, STM32H563RGV6, STM32H563RIT6, STM32H563RIV6, STM32H563VGT6, STM32H563VIT3Q, STM32H563VIT6, STM32H563ZGT6, STM32H563ZIT3Q, STM32H563ZIT6, STM32H573AII3Q, STM32H573AII6, STM32H573I-DK, STM32H573IIK3Q, STM32H573IIK6, STM32H573IIT3Q, STM32H573IIT6, STM32H573MIY3QTR, STM32H573RIT6, STM32H573RIV6, STM32H573VIT3Q, STM32H573VIT6, STM32H573ZIT3Q, STM32H573ZIT6, STM32L4R5QGI6STR, STM32MP131AAE3, STM32MP131AAF3, STM32MP131AAG3, STM32MP131CAE3, STM32MP131CAF3, STM32MP131CAG3, STM32MP131DAE7, STM32MP131DAF7, STM32MP131DAG7, STM32MP131FAE7, STM32MP131FAF7, STM32MP131FAG7, STM32MP133AAE3, STM32MP133AAF3, STM32MP133AAG3, STM32MP133CAE3, STM32MP133CAF3, STM32MP133CAG3, STM32MP133DAE7, STM32MP133DAF7, STM32MP133DAG7, STM32MP133FAE7, STM32MP133FAF7, STM32MP133FAG7, STM32MP135AAE3, STM32MP135AAF3, STM32MP135AAG3, STM32MP135CAE3, STM32MP135CAF3, STM32MP135CAG3, STM32MP135DAE7, STM32MP135DAF7, STM32MP135DAG7, STM32MP135F-DK, STM32MP135FAE7, STM32MP135FAF7, STM32MP135FAF7T, STM32MP135FAF7U, STM32MP135FAG7, STM32U535CBT6, STM32U535CBT6Q, STM32U535CBU6, STM32U535CBU6Q, STM32U535CCT6, STM32U535CCT6Q, STM32U535CCU6, STM32U535CCU6Q, STM32U535CET6, STM32U535CET6Q, STM32U535CEU6, STM32U535CEU6Q, STM32U535JEY6QTR, STM32U535NCY6QTR, STM32U535NEY6QTR, STM32U535RBI6, STM32U535RBI6Q, STM32U535RBT6, STM32U535RBT6Q, STM32U535RCI6, STM32U535RCI6Q, STM32U535RCT6, STM32U535RCT6Q, STM32U535REI6, STM32U535REI6Q, STM32U535RET6, STM32U535RET6Q, STM32U535VCI6, STM32U535VCI6Q, STM32U535VCT6, STM32U535VCT6Q, STM32U535VEI6, STM32U535VEI6Q, STM32U535VET6, STM32U535VET6Q, STM32U545CET6, STM32U545CET6Q, STM32U545CEU6, STM32U545CEU6Q, STM32U545JEY6QTR, STM32U545NEY6QTR, STM32U545REI6, STM32U545REI6Q, STM32U545RET6, STM32U545RET6Q, STM32U545VEI6, STM32U545VEI6Q, STM32U545VET6, STM32U545VET6Q, STM32U595AIH6, STM32U595AIH6Q, STM32U595AJH6, STM32U595AJH6Q, STM32U595QII6, STM32U595QII6Q, STM32U595QJI6, STM32U595QJI6Q, STM32U595RIT6, STM32U595RIT6Q, STM32U595RJT6, STM32U595RJT6Q, STM32U595VIT6, STM32U595VIT6Q, STM32U595VJT6, STM32U595VJT6Q, STM32U595ZIT6, STM32U595ZIT6Q, STM32U595ZIY6QTR, STM32U595ZJT6, STM32U595ZJT6Q, STM32U595ZJY6QTR, STM32U599BJY6QTR, STM32U599NIH6Q, STM32U599NJH6Q, STM32U599VIT6Q, STM32U599VJT6, STM32U599VJT6Q, STM32U599ZIT6Q, STM32U599ZIY6QTR, STM32U599ZJT6Q, STM32U599ZJY6QTR, STM32U5A5AJH6, STM32U5A5AJH6Q, STM32U5A5QJI6, STM32U5A5QJI6Q, STM32U5A5RJT6, STM32U5A5RJT6Q, STM32U5A5VJT6, STM32U5A5VJT6Q, STM32U5A5ZJT6, STM32U5A5ZJT6Q, STM32U5A5ZJY6QTR, STM32U5A9BJY6QTR, STM32U5A9J-DK, STM32U5A9NJH6Q, STM32U5A9VJT6Q, STM32U5A9ZJT6Q, STM32U5A9ZJY6QTR, STM32U5F7VIT6, STM32U5F7VIT6Q, STM32U5F7VJT6, STM32U5F7VJT6Q, STM32U5F9BJY6QTR, STM32U5F9NJH6Q, STM32U5F9VIT6Q, STM32U5F9VJT6Q, STM32U5F9ZIJ6QTR, STM32U5F9ZIT6Q, STM32U5F9ZJJ6QTR, STM32U5F9ZJT6Q, STM32U5G7VJT6, STM32U5G7VJT6Q, STM32U5G9BJY6QTR, STM32U5G9J-DK1, STM32U5G9J-DK2, STM32U5G9NJH6Q, STM32U5G9VJT6Q, STM32U5G9ZJJ6QTR, STM32U5G9ZJT6Q, STM32WB1MMCH6, STM32WBA50KEU6, STM32WBA50KEU6TR, STM32WBA50KGU6, STM32WBA50KGU6TR, STM32WBA52CEU6, STM32WBA52CEU6TR, STM32WBA52CEU7, STM32WBA52CEU7TR, STM32WBA52CGU6, STM32WBA52CGU6TR, STM32WBA52CGU6U, STM32WBA52CGU7, STM32WBA52CGU7TR, STM32WBA52KEU6, STM32WBA52KEU6TR, STM32WBA52KGU6, STM32WBA52KGU6TR, STM32WBA54CEU6, STM32WBA54CEU6TR, STM32WBA54CEU7, STM32WBA54CEU7TR, STM32WBA54CGU6, STM32WBA54CGU6TR, STM32WBA54CGU7, STM32WBA54CGU7TR, STM32WBA54KEU6, STM32WBA54KEU6TR, STM32WBA54KEU7, STM32WBA54KEU7TR, STM32WBA54KGU6, STM32WBA54KGU6TR, STM32WBA54KGU7, STM32WBA54KGU7TR, STM32WBA55CEU6, STM32WBA55CEU6TR, STM32WBA55CEU7, STM32WBA55CEU7TR, STM32WBA55CGU6, STM32WBA55CGU6TR, STM32WBA55CGU6U, STM32WBA55CGU7, STM32WBA55CGU7TR, STM32WBA55G-DK1, STM32WBA55HEF6, STM32WBA55HEF7, STM32WBA55HGF6, STM32WBA55HGF7, STM32WBA55UEI6, STM32WBA55UEI6TR, STM32WBA55UEI7, STM32WBA55UEI7TR, STM32WBA55UGI6, STM32WBA55UGI6TR, STM32WBA55UGI7, STM32WBA55UGI7TR, STM32WL5MOCH6, STM32WL5MOCH6TR]
2024-01-21 18:13:15,184 [INFO] DbMcus:218 - Found 3930 MCUs, 3930 are supported
2024-01-21 18:13:15,191 [INFO] ApiDb:423 - Load user favorites file C:\Users\aleja/.stm32cubeide/favorites.mcus.txt: 1 item(s)
2024-01-21 18:13:15,193 [INFO] ApiDb:427 - User favorites MCUs=[STM32F042F4P6]
2024-01-21 18:13:15,193 [INFO] DbMcus:224 - Set 1 / 1 favorites MCUs
2024-01-21 18:13:15,368 [INFO] ApiDb:668 - CubeFinder database Data Model version=2.1
2024-01-21 18:13:15,368 [INFO] ApiDb:669 - CubeFinder database Configuration version=3.0.39
2024-01-21 18:13:15,368 [INFO] ApiDb:670 - CubeFinder database generation date=2023-12-08 (1702028721)
2024-01-21 18:13:15,368 [INFO] ApiDb:671 - CubeFinder database FW Pack versions=[FP-ATR-ASTRA1_V2.0.0, FP-SNS-FLIGHT1_V5.0.1, FP-SNS-FLIGHT1_V5.0.2, FP-SNS-MOTENV1_V4.3.1, FP-SNS-MOTENV1_V4.3.2, FP-SNS-MOTENVWB1_V1.3.1, FP-SNS-SMARTAG2_V1.2.0, STM32Cube_FW_C0_V1.1.0, STM32Cube_FW_F4_V1.28.0, STM32Cube_FW_F7_V1.17.0, STM32Cube_FW_G0_V1.6.1, STM32Cube_FW_G4_V1.5.1, STM32Cube_FW_H5_V0.5.1, STM32Cube_FW_H5_V1.1.1, STM32Cube_FW_H5_V1.2.0RC2, STM32Cube_FW_H7_V1.11.0, STM32Cube_FW_L0_V1.12.2, STM32Cube_FW_L5_V1.5.0, STM32Cube_FW_U5_V1.3.0RC4, STM32Cube_FW_U5_V1.4.0, STM32Cube_FW_WBA_V1.0.0RC1, STM32Cube_FW_WBA_V1.1.0RC1, STM32Cube_FW_WBA_V1.2.0, STM32Cube_FW_WBA_V1.2.0RC2, STM32Cube_FW_WB_V1.15.0RC1, STM32Cube_FW_WB_V1.16.0, STM32Cube_FW_WB_V1.16.0RC2, STM32Cube_FW_WB_V1.18.0, STM32Cube_FW_WL_V1.3.0, X-CUBE-ALGOBUILD_V1.3.0, X-CUBE-ALS_V1.0.1, X-CUBE-AZRTOS-F4_V1.1.0, X-CUBE-AZRTOS-F7_V1.1.0, X-CUBE-AZRTOS-G0_V1.1.0, X-CUBE-AZRTOS-G4_V2.0.0, X-CUBE-AZRTOS-H7_V3.1.0, X-CUBE-AZRTOS-L4_V1.0.0, X-CUBE-AZRTOS-L4_V2.0.0, X-CUBE-AZRTOS-L5_V1.1.0, X-CUBE-AZRTOS-WB_V2.0.0, X-CUBE-AZRTOS-WL_V2.0.0, X-CUBE-BLE1_V7.0.0, X-CUBE-BLE2_V3.3.0, X-CUBE-BLEMGR_V3.0.0, X-CUBE-EEPRMA1_V4.1.0, X-CUBE-EEPRMA1_V4.2.0, X-CUBE-FREERTOS_V1.1.0, X-CUBE-GNSS1_V6.0.0, X-CUBE-MEMS1_V10.0.0, X-CUBE-MEMS1_V9.1.0, X-CUBE-MEMS1_V9.4.0, X-CUBE-MEMS1_V9.6.0, X-CUBE-NFC4_V3.0.0, X-CUBE-NFC7_V1.0.1, X-CUBE-SFXS2LP1_V4.0.0, X-CUBE-SUBG2_V5.0.0, X-CUBE-TOF1_V3.4.0]
2024-01-21 18:13:15,413 [INFO] DbBoardsSqlite:226 - include board P-NUCLEO-WB55-NUCLEO as a kit item of type 'Nucleo-64'
2024-01-21 18:13:15,413 [INFO] DbBoardsSqlite:226 - include board P-NUCLEO-WB55-USBDONGLE as a kit item of type 'Nucleo USB Dongle'
2024-01-21 18:13:15,414 [INFO] DbBoardsSqlite:226 - include board STEVAL-IDP005V1 as a kit item of type 'Evaluation Board'
2024-01-21 18:13:15,414 [INFO] DbBoardsSqlite:226 - include board STEVAL-IDP005V2 as a kit item of type 'Evaluation Board'
2024-01-21 18:13:15,451 [INFO] ApiDb:240 - Found 371 in-development CPN: [B-G473E-ZEST1S, B-WB1M-WPAN1, B-WL5M-SUBG1, NUCLEO-C031C6, NUCLEO-H503RB, NUCLEO-H563ZI, NUCLEO-U545RE-Q, NUCLEO-U5A5ZJ-Q, NUCLEO-WBA52CG, NUCLEO-WBA55CG, STEVAL-MKBOXPRO, STEVAL-PROTEUS1, STEVAL-STWINBX1, STM320518-EVAL, STM32C0116-DK, STM32C011D6Y3TR, STM32C011D6Y6TR, STM32C011F4P3, STM32C011F4P6, STM32C011F4U3, STM32C011F4U6TR, STM32C011F6P3, STM32C011F6P6, STM32C011F6U3, STM32C011F6U6TR, STM32C011J4M3, STM32C011J4M6, STM32C011J6M3, STM32C011J6M6, STM32C0316-DK, STM32C031C4T3, STM32C031C4T6, STM32C031C4U3, STM32C031C4U6, STM32C031C6T3, STM32C031C6T6, STM32C031C6U3, STM32C031C6U6, STM32C031F4P3, STM32C031F4P6, STM32C031F6P3, STM32C031F6P6, STM32C031G4U3, STM32C031G4U6, STM32C031G6U3, STM32C031G6U6, STM32C031K4T3, STM32C031K4T6, STM32C031K4U3, STM32C031K4U6, STM32C031K6T3, STM32C031K6T6, STM32C031K6U3, STM32C031K6U6, STM32G071K8TXN, STM32G071K8UXN, STM32G081GBU6N, STM32G081KBT6N, STM32G081KBUXN, STM32G0B1CCT6N, STM32G0B1KCT6, STM32G0B1NEY6TR, STM32G0B1RCT6N, STM32G0C1CCT6, STM32G0C1CCT6N, STM32G0C1CCU6N, STM32G0C1CET6N, STM32G0C1CEU6N, STM32G0C1KCT6, STM32G0C1NEY6TR, STM32G0C1RCI6N, STM32G0C1RCT6N, STM32G0C1REI6N, STM32G0C1RET6N, STM32G0C1VCI6, STM32G0C1VEI6, STM32G471CCT6, STM32G471CCU6, STM32G471CET3, STM32G471CET6, STM32G471CEU3, STM32G471CEU6, STM32G471MCT6, STM32G471MET3, STM32G471MET6, STM32G471MEY6TR, STM32G471QCT6, STM32G471QET3, STM32G471RCT6, STM32G471RET3, STM32G471RET6, STM32G471VCH6, STM32G471VCI6, STM32G471VCT6, STM32G471VEH3, STM32G471VEH6, STM32G471VEI3, STM32G471VEI6, STM32G471VET3, STM32G471VET6, STM32G474CCT6, STM32H503CBT6, STM32H503CBU6, STM32H503EBY6TR, STM32H503KBU6, STM32H503RBT6, STM32H562AGI6, STM32H562AII6, STM32H562IGK6, STM32H562IGT6, STM32H562IIK6, STM32H562IIT6, STM32H562RGT6, STM32H562RGV6, STM32H562RIT6, STM32H562RIV6, STM32H562VGT6, STM32H562VIT6, STM32H562ZGT6, STM32H562ZIT6, STM32H563AGI6, STM32H563AII3Q, STM32H563AII6, STM32H563IGK6, STM32H563IGT6, STM32H563IIK3Q, STM32H563IIK6, STM32H563IIT3Q, STM32H563IIT6, STM32H563MIY3QTR, STM32H563RGT6, STM32H563RGV6, STM32H563RIT6, STM32H563RIV6, STM32H563VGT6, STM32H563VIT3Q, STM32H563VIT6, STM32H563ZGT6, STM32H563ZIT3Q, STM32H563ZIT6, STM32H573AII3Q, STM32H573AII6, STM32H573I-DK, STM32H573IIK3Q, STM32H573IIK6, STM32H573IIT3Q, STM32H573IIT6, STM32H573MIY3QTR, STM32H573RIT6, STM32H573RIV6, STM32H573VIT3Q, STM32H573VIT6, STM32H573ZIT3Q, STM32H573ZIT6, STM32L4R5QGI6STR, STM32MP131AAE3, STM32MP131AAF3, STM32MP131AAG3, STM32MP131CAE3, STM32MP131CAF3, STM32MP131CAG3, STM32MP131DAE7, STM32MP131DAF7, STM32MP131DAG7, STM32MP131FAE7, STM32MP131FAF7, STM32MP131FAG7, STM32MP133AAE3, STM32MP133AAF3, STM32MP133AAG3, STM32MP133CAE3, STM32MP133CAF3, STM32MP133CAG3, STM32MP133DAE7, STM32MP133DAF7, STM32MP133DAG7, STM32MP133FAE7, STM32MP133FAF7, STM32MP133FAG7, STM32MP135AAE3, STM32MP135AAF3, STM32MP135AAG3, STM32MP135CAE3, STM32MP135CAF3, STM32MP135CAG3, STM32MP135DAE7, STM32MP135DAF7, STM32MP135DAG7, STM32MP135F-DK, STM32MP135FAE7, STM32MP135FAF7, STM32MP135FAF7T, STM32MP135FAF7U, STM32MP135FAG7, STM32U535CBT6, STM32U535CBT6Q, STM32U535CBU6, STM32U535CBU6Q, STM32U535CCT6, STM32U535CCT6Q, STM32U535CCU6, STM32U535CCU6Q, STM32U535CET6, STM32U535CET6Q, STM32U535CEU6, STM32U535CEU6Q, STM32U535JEY6QTR, STM32U535NCY6QTR, STM32U535NEY6QTR, STM32U535RBI6, STM32U535RBI6Q, STM32U535RBT6, STM32U535RBT6Q, STM32U535RCI6, STM32U535RCI6Q, STM32U535RCT6, STM32U535RCT6Q, STM32U535REI6, STM32U535REI6Q, STM32U535RET6, STM32U535RET6Q, STM32U535VCI6, STM32U535VCI6Q, STM32U535VCT6, STM32U535VCT6Q, STM32U535VEI6, STM32U535VEI6Q, STM32U535VET6, STM32U535VET6Q, STM32U545CET6, STM32U545CET6Q, STM32U545CEU6, STM32U545CEU6Q, STM32U545JEY6QTR, STM32U545NEY6QTR, STM32U545REI6, STM32U545REI6Q, STM32U545RET6, STM32U545RET6Q, STM32U545VEI6, STM32U545VEI6Q, STM32U545VET6, STM32U545VET6Q, STM32U595AIH6, STM32U595AIH6Q, STM32U595AJH6, STM32U595AJH6Q, STM32U595QII6, STM32U595QII6Q, STM32U595QJI6, STM32U595QJI6Q, STM32U595RIT6, STM32U595RIT6Q, STM32U595RJT6, STM32U595RJT6Q, STM32U595VIT6, STM32U595VIT6Q, STM32U595VJT6, STM32U595VJT6Q, STM32U595ZIT6, STM32U595ZIT6Q, STM32U595ZIY6QTR, STM32U595ZJT6, STM32U595ZJT6Q, STM32U595ZJY6QTR, STM32U599BJY6QTR, STM32U599NIH6Q, STM32U599NJH6Q, STM32U599VIT6Q, STM32U599VJT6, STM32U599VJT6Q, STM32U599ZIT6Q, STM32U599ZIY6QTR, STM32U599ZJT6Q, STM32U599ZJY6QTR, STM32U5A5AJH6, STM32U5A5AJH6Q, STM32U5A5QJI6, STM32U5A5QJI6Q, STM32U5A5RJT6, STM32U5A5RJT6Q, STM32U5A5VJT6, STM32U5A5VJT6Q, STM32U5A5ZJT6, STM32U5A5ZJT6Q, STM32U5A5ZJY6QTR, STM32U5A9BJY6QTR, STM32U5A9J-DK, STM32U5A9NJH6Q, STM32U5A9VJT6Q, STM32U5A9ZJT6Q, STM32U5A9ZJY6QTR, STM32U5F7VIT6, STM32U5F7VIT6Q, STM32U5F7VJT6, STM32U5F7VJT6Q, STM32U5F9BJY6QTR, STM32U5F9NJH6Q, STM32U5F9VIT6Q, STM32U5F9VJT6Q, STM32U5F9ZIJ6QTR, STM32U5F9ZIT6Q, STM32U5F9ZJJ6QTR, STM32U5F9ZJT6Q, STM32U5G7VJT6, STM32U5G7VJT6Q, STM32U5G9BJY6QTR, STM32U5G9J-DK1, STM32U5G9J-DK2, STM32U5G9NJH6Q, STM32U5G9VJT6Q, STM32U5G9ZJJ6QTR, STM32U5G9ZJT6Q, STM32WB1MMCH6, STM32WBA50KEU6, STM32WBA50KEU6TR, STM32WBA50KGU6, STM32WBA50KGU6TR, STM32WBA52CEU6, STM32WBA52CEU6TR, STM32WBA52CEU7, STM32WBA52CEU7TR, STM32WBA52CGU6, STM32WBA52CGU6TR, STM32WBA52CGU6U, STM32WBA52CGU7, STM32WBA52CGU7TR, STM32WBA52KEU6, STM32WBA52KEU6TR, STM32WBA52KGU6, STM32WBA52KGU6TR, STM32WBA54CEU6, STM32WBA54CEU6TR, STM32WBA54CEU7, STM32WBA54CEU7TR, STM32WBA54CGU6, STM32WBA54CGU6TR, STM32WBA54CGU7, STM32WBA54CGU7TR, STM32WBA54KEU6, STM32WBA54KEU6TR, STM32WBA54KEU7, STM32WBA54KEU7TR, STM32WBA54KGU6, STM32WBA54KGU6TR, STM32WBA54KGU7, STM32WBA54KGU7TR, STM32WBA55CEU6, STM32WBA55CEU6TR, STM32WBA55CEU7, STM32WBA55CEU7TR, STM32WBA55CGU6, STM32WBA55CGU6TR, STM32WBA55CGU6U, STM32WBA55CGU7, STM32WBA55CGU7TR, STM32WBA55G-DK1, STM32WBA55HEF6, STM32WBA55HEF7, STM32WBA55HGF6, STM32WBA55HGF7, STM32WBA55UEI6, STM32WBA55UEI6TR, STM32WBA55UEI7, STM32WBA55UEI7TR, STM32WBA55UGI6, STM32WBA55UGI6TR, STM32WBA55UGI7, STM32WBA55UGI7TR, STM32WL5MOCH6, STM32WL5MOCH6TR]
2024-01-21 18:13:15,559 [INFO] BoardInfo:889 - No configuration file found for board P-NUCLEO-WB55
2024-01-21 18:13:15,559 [INFO] DbBoards:161 - Kit is not supported: P-NUCLEO-WB55
2024-01-21 18:13:15,563 [INFO] BoardInfo:889 - No configuration file found for board STEVAL-BFA001V1B
2024-01-21 18:13:15,563 [INFO] DbBoards:161 - Kit is not supported: STEVAL-BFA001V1B
2024-01-21 18:13:15,564 [INFO] BoardInfo:889 - No configuration file found for board STEVAL-BFA001V2B
2024-01-21 18:13:15,564 [INFO] DbBoards:161 - Kit is not supported: STEVAL-BFA001V2B
2024-01-21 18:13:15,671 [INFO] DbBoards:168 - Found 193 boards, 190 are supported
2024-01-21 18:13:15,671 [INFO] DbBoards:169 - Found 193 boards, 3 of them is supported for  Bsp
2024-01-21 18:13:15,673 [INFO] ApiDb:423 - Load user favorites file C:\Users\aleja/.stm32cubeide/favorites.boards.txt: 0 item(s)
2024-01-21 18:13:15,673 [INFO] ApiDb:427 - User favorites Boards=[]
2024-01-21 18:13:15,673 [INFO] DbBoards:198 - Set 0 / 0 favorites Boards
2024-01-21 18:13:15,675 [INFO] ApiDb:668 - CubeFinder database Data Model version=2.1
2024-01-21 18:13:15,676 [INFO] ApiDb:669 - CubeFinder database Configuration version=3.0.39
2024-01-21 18:13:15,676 [INFO] ApiDb:670 - CubeFinder database generation date=2023-12-08 (1702028721)
2024-01-21 18:13:15,676 [INFO] ApiDb:671 - CubeFinder database FW Pack versions=[FP-ATR-ASTRA1_V2.0.0, FP-SNS-FLIGHT1_V5.0.1, FP-SNS-FLIGHT1_V5.0.2, FP-SNS-MOTENV1_V4.3.1, FP-SNS-MOTENV1_V4.3.2, FP-SNS-MOTENVWB1_V1.3.1, FP-SNS-SMARTAG2_V1.2.0, STM32Cube_FW_C0_V1.1.0, STM32Cube_FW_F4_V1.28.0, STM32Cube_FW_F7_V1.17.0, STM32Cube_FW_G0_V1.6.1, STM32Cube_FW_G4_V1.5.1, STM32Cube_FW_H5_V0.5.1, STM32Cube_FW_H5_V1.1.1, STM32Cube_FW_H5_V1.2.0RC2, STM32Cube_FW_H7_V1.11.0, STM32Cube_FW_L0_V1.12.2, STM32Cube_FW_L5_V1.5.0, STM32Cube_FW_U5_V1.3.0RC4, STM32Cube_FW_U5_V1.4.0, STM32Cube_FW_WBA_V1.0.0RC1, STM32Cube_FW_WBA_V1.1.0RC1, STM32Cube_FW_WBA_V1.2.0, STM32Cube_FW_WBA_V1.2.0RC2, STM32Cube_FW_WB_V1.15.0RC1, STM32Cube_FW_WB_V1.16.0, STM32Cube_FW_WB_V1.16.0RC2, STM32Cube_FW_WB_V1.18.0, STM32Cube_FW_WL_V1.3.0, X-CUBE-ALGOBUILD_V1.3.0, X-CUBE-ALS_V1.0.1, X-CUBE-AZRTOS-F4_V1.1.0, X-CUBE-AZRTOS-F7_V1.1.0, X-CUBE-AZRTOS-G0_V1.1.0, X-CUBE-AZRTOS-G4_V2.0.0, X-CUBE-AZRTOS-H7_V3.1.0, X-CUBE-AZRTOS-L4_V1.0.0, X-CUBE-AZRTOS-L4_V2.0.0, X-CUBE-AZRTOS-L5_V1.1.0, X-CUBE-AZRTOS-WB_V2.0.0, X-CUBE-AZRTOS-WL_V2.0.0, X-CUBE-BLE1_V7.0.0, X-CUBE-BLE2_V3.3.0, X-CUBE-BLEMGR_V3.0.0, X-CUBE-EEPRMA1_V4.1.0, X-CUBE-EEPRMA1_V4.2.0, X-CUBE-FREERTOS_V1.1.0, X-CUBE-GNSS1_V6.0.0, X-CUBE-MEMS1_V10.0.0, X-CUBE-MEMS1_V9.1.0, X-CUBE-MEMS1_V9.4.0, X-CUBE-MEMS1_V9.6.0, X-CUBE-NFC4_V3.0.0, X-CUBE-NFC7_V1.0.1, X-CUBE-SFXS2LP1_V4.0.0, X-CUBE-SUBG2_V5.0.0, X-CUBE-TOF1_V3.4.0]
2024-01-21 18:13:16,253 [ERROR] DbExamplesSqlite:437 - Missing JSON key: board_cpn
2024-01-21 18:13:16,254 [ERROR] DbExamplesSqlite:437 - Missing JSON key: board_cpn
2024-01-21 18:13:16,254 [ERROR] DbExamplesSqlite:437 - Missing JSON key: board_cpn
2024-01-21 18:13:16,254 [ERROR] DbExamplesSqlite:437 - Missing JSON key: board_cpn
2024-01-21 18:13:16,292 [INFO] DbExamplesSqlite:395 - Ignored 55 examples not supported by CubeIDE
2024-01-21 18:13:16,292 [INFO] DbExamplesSqlite:396 - Found 7560 examples active
2024-01-21 18:13:16,292 [INFO] DbExamplesSqlite:397 - Found 844 examples obsolete
2024-01-21 18:13:16,293 [INFO] DbExamplesSqlite:398 - Found 0 examples under development
2024-01-21 18:13:16,293 [INFO] DbExamplesSqlite:399 - Found 8 examples not building
2024-01-21 18:13:16,294 [INFO] DbExamples:125 - Found 7513 examples
2024-01-21 18:13:16,305 [INFO] DbExamples:222 - Found 95 boards with related examples
2024-01-21 18:13:16,305 [INFO] DbExamples:235 - Found 80 MCUs with related examples
2024-01-21 18:13:16,329 [INFO] ApiDb:423 - Load user favorites file C:\Users\aleja/.stm32cubeide/favorites.examples.txt: 0 item(s)
2024-01-21 18:13:16,329 [INFO] ApiDb:427 - User favorites Examples=[]
2024-01-21 18:13:16,329 [INFO] DbExamples:250 - Set 0 / 0 favorites Examples
2024-01-21 18:13:16,753 [INFO] McuFinderGlobals:76 - Set McuFinderConnectedMode to true
2024-01-21 18:13:16,762 [INFO] MultiScanPanel:200 - Auto-refresh data requested => check proxy status ongoing
2024-01-21 18:13:16,766 [INFO] FinderPluginLoader:95 - Searching for filters in installed packs
2024-01-21 18:13:17,906 [INFO] LoadUrlFilesThread:185 - End of LoadServerUrlFiles without Thread
2024-01-21 18:13:17,946 [INFO] DetailPanel:341 - Set advertising image to C:/Users/aleja/STM32Cube/Repository/\en.prom-stm32wl3-mcu-finder.jpg
2024-01-21 18:13:35,644 [INFO] MainUpdater:2873 - connection check result : 10
2024-01-21 18:13:35,644 [INFO] MainUpdater:2873 - connection check result : 10
2024-01-21 18:13:35,682 [INFO] MicroXplorer:468 - Change Database Path : 
2024-01-21 18:13:35,682 [INFO] MicroXplorer:498 - Change Database Version : DB.6.0.100
2024-01-21 18:13:35,687 [WARN] ThirdParty:871 - waiting for thirdparty lock release [close project]
2024-01-21 18:13:35,688 [INFO] ThirdParty:873 - entering critical section [close project]
2024-01-21 18:13:35,691 [INFO] ThirdParty:883 - exiting critical section [close project]
2024-01-21 18:13:35,694 [INFO] PinOutPanel:1499 - setPackage(No Configuration,No Configuration)
2024-01-21 18:13:35,699 [INFO] UtilMem:75 - Begin LoadConfig() Used Memory: 252082800 Bytes (811597824)
2024-01-21 18:13:35,700 [INFO] MicroXplorer:468 - Change Database Path : 
2024-01-21 18:13:35,700 [INFO] MicroXplorer:498 - Change Database Version : DB.6.0.100
2024-01-21 18:13:35,700 [INFO] OpenFileManager:312 - Change cursor
2024-01-21 18:13:35,746 [INFO] Mcu:2016 - Initializing MCU STM32F042F4Px STM32F042F4Px STM32F042F4P6
2024-01-21 18:13:37,070 [INFO] Context:659 - Trying to add GPIOservice into a context  which must be forbidden
2024-01-21 18:13:37,320 [INFO] ImportTextPane:194 - (OptionalMessage_ERROR) Unable to find key (Mcu.ThirdPartyNb) in loaded IOC file
2024-01-21 18:13:37,320 [INFO] ImportTextPane:194 - (OptionalMessage_ERROR) Unable to find key (Mcu.PinsNb) in loaded IOC file
2024-01-21 18:13:37,320 [INFO] ImportTextPane:194 - (OptionalMessage_ERROR) Unable to find key (Mcu.IPNb) in loaded IOC file
2024-01-21 18:13:37,403 [INFO] RtosManager:555 - Registered RTOS mode: class=CMSIS, group=RTOS, mode=CMSIS_V1, owner=FREERTOS
2024-01-21 18:13:37,403 [INFO] RtosManager:555 - Registered RTOS mode: class=CMSIS, group=RTOS2, mode=CMSIS_V2, owner=FREERTOS
2024-01-21 18:13:37,403 [INFO] RtosManager:555 - Registered RTOS mode: class=RTOS, group=Core, mode=CMSIS_V1, owner=FREERTOS
2024-01-21 18:13:37,403 [INFO] RtosManager:555 - Registered RTOS mode: class=RTOS, group=Core, mode=CMSIS_V2, owner=FREERTOS
2024-01-21 18:13:37,403 [WARN] ModelIntegratedComponent:184 - Missing modes for component STMicroelectronics:FreeRTOS:0.0.1:STMicroelectronics:RTOS:FreeRTOS:Core:::10.2.0:
2024-01-21 18:13:37,424 [WARN] ModelIntegratedComponent:63 - No mode defined for component null
2024-01-21 18:13:37,424 [WARN] ModelIntegratedComponent:63 - No mode defined for component null
2024-01-21 18:13:37,424 [WARN] ModelIntegratedComponent:63 - No mode defined for component null
2024-01-21 18:13:37,424 [WARN] ModelIntegratedComponent:63 - No mode defined for component null
2024-01-21 18:13:37,425 [WARN] ModelIntegratedComponent:63 - No mode defined for component null
2024-01-21 18:13:37,425 [WARN] ModelIntegratedComponent:63 - No mode defined for component null
2024-01-21 18:13:37,425 [WARN] ModelIntegratedComponent:63 - No mode defined for component null
2024-01-21 18:13:37,425 [WARN] ModelIntegratedComponent:63 - No mode defined for component null
2024-01-21 18:13:37,425 [WARN] ModelIntegratedComponent:63 - No mode defined for component null
2024-01-21 18:13:37,425 [WARN] ModelIntegratedComponent:63 - No mode defined for component null
2024-01-21 18:13:37,425 [WARN] ModelIntegratedComponent:63 - No mode defined for component null
2024-01-21 18:13:37,425 [WARN] ModelIntegratedComponent:63 - No mode defined for component null
2024-01-21 18:13:37,425 [WARN] ModelIntegratedComponent:63 - No mode defined for component null
2024-01-21 18:13:37,425 [WARN] ModelIntegratedComponent:63 - No mode defined for component null
2024-01-21 18:13:37,425 [WARN] ModelIntegratedComponent:63 - No mode defined for component null
2024-01-21 18:13:37,425 [WARN] ModelIntegratedComponent:63 - No mode defined for component null
2024-01-21 18:13:37,425 [WARN] ModelIntegratedComponent:63 - No mode defined for component null
2024-01-21 18:13:37,425 [WARN] ModelIntegratedComponent:63 - No mode defined for component null
2024-01-21 18:13:37,425 [WARN] ModelIntegratedComponent:63 - No mode defined for component null
2024-01-21 18:13:37,425 [WARN] ModelIntegratedComponent:63 - No mode defined for component null
2024-01-21 18:13:37,426 [WARN] ModelIntegratedComponent:63 - No mode defined for component null
2024-01-21 18:13:37,426 [WARN] ModelIntegratedComponent:63 - No mode defined for component null
2024-01-21 18:13:37,426 [WARN] ModelIntegratedComponent:63 - No mode defined for component null
2024-01-21 18:13:37,426 [WARN] ModelIntegratedComponent:63 - No mode defined for component null
2024-01-21 18:13:37,426 [WARN] ModelIntegratedComponent:63 - No mode defined for component null
2024-01-21 18:13:37,426 [WARN] ModelIntegratedComponent:63 - No mode defined for component null
2024-01-21 18:13:37,426 [WARN] ModelIntegratedComponent:63 - No mode defined for component null
2024-01-21 18:13:37,426 [WARN] ModelIntegratedComponent:63 - No mode defined for component null
2024-01-21 18:13:37,426 [WARN] ModelIntegratedComponent:63 - No mode defined for component null
2024-01-21 18:13:37,426 [WARN] ModelIntegratedComponent:63 - No mode defined for component null
2024-01-21 18:13:37,426 [WARN] ModelIntegratedComponent:63 - No mode defined for component null
2024-01-21 18:13:37,426 [WARN] ModelIntegratedComponent:63 - No mode defined for component null
2024-01-21 18:13:37,426 [WARN] ModelIntegratedComponent:63 - No mode defined for component null
2024-01-21 18:13:37,544 [INFO] ThirdPartyModel:298 - Start build external matchings
2024-01-21 18:13:37,760 [INFO] ThirdPartyModel:316 - End build external matchings
2024-01-21 18:13:37,985 [INFO] UtilMem:75 - End LoadConfig() Used Memory: 483586520 Bytes (811597824)
2024-01-21 18:13:38,044 [INFO] MicroXplorer:468 - Change Database Path : 
2024-01-21 18:13:38,044 [INFO] MicroXplorer:498 - Change Database Version : DB.6.0.100
2024-01-21 18:13:38,044 [WARN] ThirdParty:833 - waiting for thirdparty lock release [change project]
2024-01-21 18:13:38,044 [INFO] ThirdParty:835 - entering critical section [change project]
2024-01-21 18:13:38,044 [INFO] ThirdParty:1030 - CMSIS Pack Vendor :STMicroelectronics X-CUBE-ISPU 1.1.0
2024-01-21 18:13:38,044 [INFO] ThirdParty:1030 - CMSIS Pack Vendor :STMicroelectronics USBPD 4.1
2024-01-21 18:13:38,044 [INFO] ThirdParty:1030 - CMSIS Pack Vendor :STMicroelectronics X-CUBE-GNSS1 6.0.0
2024-01-21 18:13:38,044 [INFO] ThirdParty:1030 - CMSIS Pack Vendor :STMicroelectronics USB_HOST 2.0.0
2024-01-21 18:13:38,044 [INFO] ThirdParty:1030 - CMSIS Pack Vendor :STMicroelectronics X-CUBE-AZRTOS-F4 1.1.0
2024-01-21 18:13:38,044 [INFO] ThirdParty:1030 - CMSIS Pack Vendor :STMicroelectronics LIBJPEG 8.0.0
2024-01-21 18:13:38,045 [INFO] ThirdParty:1030 - CMSIS Pack Vendor :wolfSSL I-CUBE-wolfSSL 5.6.4
2024-01-21 18:13:38,045 [INFO] ThirdParty:1030 - CMSIS Pack Vendor :STMicroelectronics X-CUBE-SMBUS 2.1.0
2024-01-21 18:13:38,045 [INFO] ThirdParty:1030 - CMSIS Pack Vendor :STMicroelectronics USB_DEVICE 3.0.0
2024-01-21 18:13:38,045 [INFO] ThirdParty:1030 - CMSIS Pack Vendor :STMicroelectronics X-CUBE-AZRTOS-WB 2.0.0
2024-01-21 18:13:38,045 [INFO] ThirdParty:1030 - CMSIS Pack Vendor :STMicroelectronics X-CUBE-TOUCHGFX 4.23.0
2024-01-21 18:13:38,045 [INFO] ThirdParty:1030 - CMSIS Pack Vendor :STMicroelectronics X-CUBE-AZRTOS-F7 1.1.0
2024-01-21 18:13:38,045 [INFO] ThirdParty:1030 - CMSIS Pack Vendor :STMicroelectronics X-CUBE-AZRTOS-L5 2.0.0
2024-01-21 18:13:38,045 [INFO] ThirdParty:1030 - CMSIS Pack Vendor :STMicroelectronics USB_DEVICE 2.0.0
2024-01-21 18:13:38,045 [INFO] ThirdParty:1030 - CMSIS Pack Vendor :STMicroelectronics X-CUBE-EEPRMA1 4.2.0
2024-01-21 18:13:38,045 [INFO] ThirdParty:1030 - CMSIS Pack Vendor :ITTIA_DB I-CUBE-ITTIADB 8.8.0
2024-01-21 18:13:38,045 [INFO] ThirdParty:1030 - CMSIS Pack Vendor :STMicroelectronics FP-SNS-MOTENV1 4.3.2
2024-01-21 18:13:38,045 [INFO] ThirdParty:1030 - CMSIS Pack Vendor :STMicroelectronics X-CUBE-ALGOBUILD 1.3.0
2024-01-21 18:13:38,045 [INFO] ThirdParty:1030 - CMSIS Pack Vendor :STMicroelectronics FreeRTOS 0.0.1
2024-01-21 18:13:38,045 [INFO] ThirdParty:1030 - CMSIS Pack Vendor :STMicroelectronics X-CUBE-AZRTOS-G0 1.1.0
2024-01-21 18:13:38,045 [INFO] ThirdParty:1030 - CMSIS Pack Vendor :STMicroelectronics X-CUBE-NFC4 3.0.0
2024-01-21 18:13:38,045 [INFO] ThirdParty:1030 - CMSIS Pack Vendor :STMicroelectronics X-CUBE-SUBG2 5.0.0
2024-01-21 18:13:38,045 [INFO] ThirdParty:1030 - CMSIS Pack Vendor :STMicroelectronics STM32_WPAN 1.0.0
2024-01-21 18:13:38,045 [INFO] ThirdParty:1030 - CMSIS Pack Vendor :STMicroelectronics lwIP 2.0.3
2024-01-21 18:13:38,045 [INFO] ThirdParty:1030 - CMSIS Pack Vendor :STMicroelectronics FP-SNS-FLIGHT1 5.0.2
2024-01-21 18:13:38,045 [INFO] ThirdParty:1030 - CMSIS Pack Vendor :STMicroelectronics USB_HOST 1.0.0
2024-01-21 18:13:38,045 [INFO] ThirdParty:1030 - CMSIS Pack Vendor :STMicroelectronics X-CUBE-AZRTOS-G4 2.0.0
2024-01-21 18:13:38,045 [INFO] ThirdParty:1030 - CMSIS Pack Vendor :STMicroelectronics PDM2PCM 3.1.0
2024-01-21 18:13:38,045 [INFO] ThirdParty:1030 - CMSIS Pack Vendor :STMicroelectronics X-CUBE-AZRTOS-H7 3.1.0
2024-01-21 18:13:38,045 [INFO] ThirdParty:1030 - CMSIS Pack Vendor :Infineon AIROC-Wi-Fi-Bluetooth-STM32 1.5.1
2024-01-21 18:13:38,045 [INFO] ThirdParty:1030 - CMSIS Pack Vendor :STMicroelectronics X-CUBE-BLEMGR 3.0.0
2024-01-21 18:13:38,045 [INFO] ThirdParty:1030 - CMSIS Pack Vendor :STMicroelectronics PDM2PCM 3.3.0
2024-01-21 18:13:38,045 [INFO] ThirdParty:1030 - CMSIS Pack Vendor :STMicroelectronics X-CUBE-DISPLAY 3.0.0
2024-01-21 18:13:38,045 [INFO] ThirdParty:1030 - CMSIS Pack Vendor :STMicroelectronics FP-SNS-MOTENVWB1 1.3.1
2024-01-21 18:13:38,045 [INFO] ThirdParty:1030 - CMSIS Pack Vendor :STMicroelectronics X-CUBE-BLE1 7.0.0
2024-01-21 18:13:38,045 [INFO] ThirdParty:1030 - CMSIS Pack Vendor :STMicroelectronics FP-ATR-SIGFOX1 3.2.0
2024-01-21 18:13:38,045 [INFO] ThirdParty:1030 - CMSIS Pack Vendor :STMicroelectronics X-CUBE-ISPU 2.0.0
2024-01-21 18:13:38,045 [INFO] ThirdParty:1030 - CMSIS Pack Vendor :STMicroelectronics HAL Drivers 0.0.0
2024-01-21 18:13:38,045 [INFO] ThirdParty:1030 - CMSIS Pack Vendor :STMicroelectronics MBEDTLS 2.16.2
2024-01-21 18:13:38,045 [INFO] ThirdParty:1030 - CMSIS Pack Vendor :emotas I-CUBE-CANOPEN 1.3.0
2024-01-21 18:13:38,045 [INFO] ThirdParty:1030 - CMSIS Pack Vendor :STMicroelectronics X-CUBE-MEMS1 10.0.0
2024-01-21 18:13:38,045 [INFO] ThirdParty:1030 - CMSIS Pack Vendor :STMicroelectronics X-CUBE-FREERTOS 1.1.0
2024-01-21 18:13:38,045 [INFO] ThirdParty:1030 - CMSIS Pack Vendor :STMicroelectronics X-CUBE-NFC7 1.0.1
2024-01-21 18:13:38,045 [INFO] ThirdParty:1030 - CMSIS Pack Vendor :STMicroelectronics MBEDTLS 2.14.1
2024-01-21 18:13:38,046 [INFO] ThirdParty:1030 - CMSIS Pack Vendor :STMicroelectronics X-CUBE-TOUCHGFX 4.22.1
2024-01-21 18:13:38,046 [INFO] ThirdParty:1030 - CMSIS Pack Vendor :STMicroelectronics X-CUBE-NFC6 3.0.0
2024-01-21 18:13:38,046 [INFO] ThirdParty:1030 - CMSIS Pack Vendor :portGmbH I-Cube-SoM-uGOAL 1.1.0
2024-01-21 18:13:38,046 [INFO] ThirdParty:1030 - CMSIS Pack Vendor :STMicroelectronics X-CUBE-ALS 1.0.1
2024-01-21 18:13:38,046 [INFO] ThirdParty:1030 - CMSIS Pack Vendor :STMicroelectronics ThreadX 1.0.0
2024-01-21 18:13:38,046 [INFO] ThirdParty:1030 - CMSIS Pack Vendor :STMicroelectronics FP-SNS-SMARTAG2 1.2.0
2024-01-21 18:13:38,046 [INFO] ThirdParty:1030 - CMSIS Pack Vendor :STMicroelectronics X-CUBE-AZRTOS-WL 2.0.0
2024-01-21 18:13:38,046 [INFO] ThirdParty:1030 - CMSIS Pack Vendor :STMicroelectronics USB_DEVICE 1.0.0
2024-01-21 18:13:38,046 [INFO] ThirdParty:1030 - CMSIS Pack Vendor :STMicroelectronics X-CUBE-AI 8.1.0
2024-01-21 18:13:38,046 [INFO] ThirdParty:1030 - CMSIS Pack Vendor :STMicroelectronics X-CUBE-AZRTOS-L4 2.0.0
2024-01-21 18:13:38,046 [INFO] ThirdParty:1030 - CMSIS Pack Vendor :STMicroelectronics ThreadX 0.0.2
2024-01-21 18:13:38,046 [INFO] ThirdParty:1030 - CMSIS Pack Vendor :WES I-CUBE-Cesium 1.3.0
2024-01-21 18:13:38,046 [INFO] ThirdParty:1030 - CMSIS Pack Vendor :STMicroelectronics FP-ATR-ASTRA1 2.0.0
2024-01-21 18:13:38,046 [INFO] ThirdParty:1030 - CMSIS Pack Vendor :STMicroelectronics lwIP 2.1.2
2024-01-21 18:13:38,046 [INFO] ThirdParty:1030 - CMSIS Pack Vendor :STMicroelectronics X-CUBE-SFXS2LP1 4.0.0
2024-01-21 18:13:38,046 [INFO] ThirdParty:1030 - CMSIS Pack Vendor :STMicroelectronics X-CUBE-BLE2 3.3.0
2024-01-21 18:13:38,046 [INFO] ThirdParty:1030 - CMSIS Pack Vendor :STMicroelectronics X-CUBE-TOF1 3.4.0
2024-01-21 18:13:38,046 [INFO] ThirdParty:1030 - CMSIS Pack Vendor :STMicroelectronics X-CUBE-AZRTOS-H7 3.2.0
2024-01-21 18:13:38,046 [INFO] ThirdParty:1030 - CMSIS Pack Vendor :STMicroelectronics PDM2PCM 3.2.0
2024-01-21 18:13:38,046 [INFO] ThirdParty:841 - exiting critical section [change project]
2024-01-21 18:13:38,294 [INFO] PinOutPanel:1499 - setPackage(No Configuration,No Configuration)
2024-01-21 18:13:38,296 [INFO] PinOutPanel:1499 - setPackage(STM32F042F4Px,TSSOP20)
2024-01-21 18:13:39,212 [INFO] UtilMem:75 - Before build in PCC Used Memory: 278119552 Bytes (734003200)
2024-01-21 18:13:40,167 [INFO] UtilMem:75 - After build in PCC Used Memory: 345754752 Bytes (734003200)
2024-01-21 18:13:40,188 [INFO] IPUIPlugin:80 - create IPUIPlugin
2024-01-21 18:13:40,189 [INFO] IPUIPlugin:80 - create IPUIPlugin
2024-01-21 18:13:40,189 [INFO] IPUIPlugin:80 - create IPUIPlugin
2024-01-21 18:13:40,189 [INFO] IPUIPlugin:80 - create IPUIPlugin
2024-01-21 18:13:40,189 [INFO] IPUIPlugin:80 - create IPUIPlugin
2024-01-21 18:13:40,190 [INFO] IPUIPlugin:80 - create IPUIPlugin
2024-01-21 18:13:40,190 [INFO] IPUIPlugin:80 - create IPUIPlugin
2024-01-21 18:13:40,190 [INFO] IPUIPlugin:80 - create IPUIPlugin
2024-01-21 18:13:40,190 [INFO] IPUIPlugin:80 - create IPUIPlugin
2024-01-21 18:13:40,191 [INFO] IPUIPlugin:80 - create IPUIPlugin
2024-01-21 18:13:40,191 [INFO] IPUIPlugin:80 - create IPUIPlugin
2024-01-21 18:13:40,191 [INFO] IPUIPlugin:80 - create IPUIPlugin
2024-01-21 18:13:40,191 [INFO] IPUIPlugin:80 - create IPUIPlugin
2024-01-21 18:13:40,191 [INFO] IPUIPlugin:80 - create IPUIPlugin
2024-01-21 18:13:40,191 [INFO] IPUIPlugin:80 - create IPUIPlugin
2024-01-21 18:13:40,192 [INFO] IPUIPlugin:80 - create IPUIPlugin
2024-01-21 18:13:40,192 [INFO] IPUIPlugin:80 - create IPUIPlugin
2024-01-21 18:13:40,192 [INFO] IPUIPlugin:80 - create IPUIPlugin
2024-01-21 18:13:40,192 [INFO] IPUIPlugin:80 - create IPUIPlugin
2024-01-21 18:13:40,192 [INFO] IPUIPlugin:80 - create IPUIPlugin
2024-01-21 18:13:40,192 [INFO] IPUIPlugin:80 - create IPUIPlugin
2024-01-21 18:13:40,192 [INFO] IPUIPlugin:80 - create IPUIPlugin
2024-01-21 18:13:40,192 [INFO] IPUIPlugin:80 - create IPUIPlugin
2024-01-21 18:13:40,192 [INFO] IPUIPlugin:80 - create IPUIPlugin
2024-01-21 18:13:40,193 [INFO] IPUIPlugin:80 - create IPUIPlugin
2024-01-21 18:13:40,193 [INFO] IPUIPlugin:80 - create IPUIPlugin
2024-01-21 18:13:40,193 [INFO] IPUIPlugin:80 - create IPUIPlugin
2024-01-21 18:13:40,193 [INFO] IPUIPlugin:80 - create IPUIPlugin
2024-01-21 18:13:40,193 [INFO] IPUIPlugin:80 - create IPUIPlugin
2024-01-21 18:13:40,193 [INFO] IPUIPlugin:80 - create IPUIPlugin
2024-01-21 18:13:40,398 [INFO] CADModel:165 - CPN selected for project levelSTM32F042F4P6
2024-01-21 18:13:40,398 [INFO] CADModel:114 - Register for checkConnection events
2024-01-21 18:13:40,453 [INFO] OpenFileManager:343 - Restore cursor
2024-01-21 18:13:41,782 [INFO] UtilMem:75 - End SaveConfig() Used Memory: 424920192 Bytes (734003200)
2024-01-21 18:13:41,858 [INFO] UtilMem:75 - End SaveConfig() Used Memory: 435405952 Bytes (734003200)
2024-01-21 18:13:42,231 [INFO] BlockDiagram:2759 - set Specific Code input for plugin: NVIC
2024-01-21 18:13:42,231 [INFO] BlockDiagram:2759 - set Specific Code input for plugin: RCC
2024-01-21 18:13:42,233 [INFO] CodeGenerator:807 - code generatio: config db path: C:\ST\STM32CubeIDE_1.13.2\STM32CubeIDE\plugins\com.st.stm32cube.common.mx_6.10.0.202311202037\\db\
2024-01-21 18:13:42,435 [INFO] CodeEngine:255 - oldGeneratedFile, C:\Users\aleja\OneDrive\Escritorio\gettingStartedSTM\acumulador_Gru\MXTmpFiles\license.tmp_save
2024-01-21 18:13:42,843 [INFO] CodeEngine:279 - Generated code: C:\Users\aleja\OneDrive\Escritorio\gettingStartedSTM\acumulador_Gru\MXTmpFiles\license.tmp
2024-01-21 18:13:42,866 [INFO] CodeEngine:255 - oldGeneratedFile, C:\Users\aleja\OneDrive\Escritorio\gettingStartedSTM\acumulador_Gru\Core\Src\stm32f0xx_it.c_save
2024-01-21 18:13:43,045 [INFO] CodeEngine:279 - Generated code: C:\Users\aleja\OneDrive\Escritorio\gettingStartedSTM\acumulador_Gru\Core\Src\stm32f0xx_it.c
2024-01-21 18:13:43,055 [INFO] CodeEngine:255 - oldGeneratedFile, C:\Users\aleja\OneDrive\Escritorio\gettingStartedSTM\acumulador_Gru\Core\Inc\stm32f0xx_it.h_save
2024-01-21 18:13:43,156 [INFO] CodeEngine:279 - Generated code: C:\Users\aleja\OneDrive\Escritorio\gettingStartedSTM\acumulador_Gru\Core\Inc\stm32f0xx_it.h
2024-01-21 18:13:43,388 [INFO] CodeEngine:255 - oldGeneratedFile, C:\Users\aleja\OneDrive\Escritorio\gettingStartedSTM\acumulador_Gru\Core\Src\stm32f0xx_hal_msp.c_save
2024-01-21 18:13:43,522 [INFO] CodeEngine:279 - Generated code: C:\Users\aleja\OneDrive\Escritorio\gettingStartedSTM\acumulador_Gru\Core\Src\stm32f0xx_hal_msp.c
2024-01-21 18:13:43,534 [INFO] CodeEngine:255 - oldGeneratedFile, C:\Users\aleja\OneDrive\Escritorio\gettingStartedSTM\acumulador_Gru\MXTmpFiles\system.tmp_save
2024-01-21 18:13:43,606 [INFO] CodeEngine:279 - Generated code: C:\Users\aleja\OneDrive\Escritorio\gettingStartedSTM\acumulador_Gru\MXTmpFiles\system.tmp
2024-01-21 18:13:43,629 [INFO] CodeEngine:311 - oldGeneratedFile, C:\Users\aleja\OneDrive\Escritorio\gettingStartedSTM\acumulador_Gru\Core\Inc\stm32f0xx_hal_conf.h_save
2024-01-21 18:13:43,754 [INFO] CodeEngine:335 - Generated code: C:\Users\aleja\OneDrive\Escritorio\gettingStartedSTM\acumulador_Gru\Core\Inc\stm32f0xx_hal_conf.h
2024-01-21 18:13:43,830 [INFO] CodeEngine:255 - oldGeneratedFile, C:\Users\aleja\OneDrive\Escritorio\gettingStartedSTM\acumulador_Gru\Core\Inc\main.h_save
2024-01-21 18:13:43,968 [INFO] CodeEngine:279 - Generated code: C:\Users\aleja\OneDrive\Escritorio\gettingStartedSTM\acumulador_Gru\Core\Inc\main.h
2024-01-21 18:13:43,980 [INFO] CodeEngine:255 - oldGeneratedFile, C:\Users\aleja\OneDrive\Escritorio\gettingStartedSTM\acumulador_Gru\Core\Src\main.c_save
2024-01-21 18:13:44,143 [INFO] CodeEngine:279 - Generated code: C:\Users\aleja\OneDrive\Escritorio\gettingStartedSTM\acumulador_Gru\Core\Src\main.c
2024-01-21 18:13:44,698 [INFO] ProjectBuilder:3076 - Time for Copy HAL[1] : 160mS.
2024-01-21 18:13:44,705 [INFO] ProjectBuilder:4485 - Project Generator version: 4.2.0-B44
2024-01-21 18:13:44,960 [INFO] ConfigFileManager:1495 - The Die is : DIE445
2024-01-21 18:13:44,992 [INFO] ApiDbMcu:508 - Load IP Config File for FATFS
2024-01-21 18:13:45,047 [INFO] ApiDbMcu:508 - Load IP Config File for FREERTOS
2024-01-21 18:13:45,071 [INFO] ApiDbMcu:508 - Load IP Config File for TOUCHSENSING
2024-01-21 18:13:45,086 [INFO] ApiDbMcu:508 - Load IP Config File for USB_DEVICE
2024-01-21 18:13:46,049 [INFO] LogOutputStream:77 - [STDOUT_REDIRECT] 
2024-01-21 18:13:49,024 [INFO] ProjectBuilder:4747 - Time for Generating toolchain IDE Files: 4319mS.
2024-01-21 18:13:49,025 [INFO] ProjectBuilder:2947 - Time for Copy CMSIS : 1mS.
2024-01-21 18:13:49,029 [INFO] ProjectBuilder:2947 - Time for Copy CMSIS : 0mS.
2024-01-21 18:13:49,980 [INFO] McuFinderGlobals:76 - Set McuFinderConnectedMode to true
2024-01-21 18:13:49,982 [INFO] ApiDb:448 - Save user favorites file C:\Users\aleja/.stm32cubeide/favorites.mcus.txt: 1 item(s)
2024-01-21 18:13:49,982 [INFO] ApiDb:452 - User favorites MCUs=[STM32F042F4P6]
2024-01-21 18:15:10,780 [INFO] Gpio:277 - dependency for GPIO [ADC, SYS]
2024-01-21 18:15:44,875 [INFO] Gpio:277 - dependency for GPIO [ADC, SYS]
2024-01-21 18:16:00,105 [INFO] NvicIntPanel:101 - NVIC parent = com.st.microxplorer.plugins.ip.nvic.MultiNvicIntPanel[,0,0,0x0,invalid,layout=javax.swing.BoxLayout,alignmentX=0.0,alignmentY=0.0,border=,flags=9,maximumSize=,minimumSize=,preferredSize=]
2024-01-21 18:16:42,615 [INFO] NvicIntPanel:101 - NVIC parent = com.st.microxplorer.plugins.ip.nvic.MultiNvicIntPanel[,0,0,0x0,invalid,layout=javax.swing.BoxLayout,alignmentX=0.0,alignmentY=0.0,border=,flags=9,maximumSize=,minimumSize=,preferredSize=]
2024-01-21 18:23:07,275 [INFO] NvicIntPanel:101 - NVIC parent = com.st.microxplorer.plugins.ip.nvic.MultiNvicIntPanel[,0,0,0x0,invalid,layout=javax.swing.BoxLayout,alignmentX=0.0,alignmentY=0.0,border=,flags=9,maximumSize=,minimumSize=,preferredSize=]
2024-01-21 19:07:29,311 [INFO] NvicIntPanel:101 - NVIC parent = com.st.microxplorer.plugins.ip.nvic.MultiNvicIntPanel[,0,0,0x0,invalid,layout=javax.swing.BoxLayout,alignmentX=0.0,alignmentY=0.0,border=,flags=9,maximumSize=,minimumSize=,preferredSize=]
2024-01-21 19:17:58,754 [INFO] NvicIntPanel:101 - NVIC parent = com.st.microxplorer.plugins.ip.nvic.MultiNvicIntPanel[,0,0,0x0,invalid,layout=javax.swing.BoxLayout,alignmentX=0.0,alignmentY=0.0,border=,flags=9,maximumSize=,minimumSize=,preferredSize=]
2024-01-21 19:18:06,893 [INFO] NvicIntPanel:101 - NVIC parent = com.st.microxplorer.plugins.ip.nvic.MultiNvicIntPanel[,0,0,0x0,invalid,layout=javax.swing.BoxLayout,alignmentX=0.0,alignmentY=0.0,border=,flags=9,maximumSize=,minimumSize=,preferredSize=]
2024-01-21 19:18:25,500 [INFO] NvicIntPanel:101 - NVIC parent = com.st.microxplorer.plugins.ip.nvic.MultiNvicIntPanel[,0,0,0x0,invalid,layout=javax.swing.BoxLayout,alignmentX=0.0,alignmentY=0.0,border=,flags=9,maximumSize=,minimumSize=,preferredSize=]
2024-01-21 19:18:28,814 [INFO] NvicIntPanel:101 - NVIC parent = com.st.microxplorer.plugins.ip.nvic.MultiNvicIntPanel[,0,0,0x0,invalid,layout=javax.swing.BoxLayout,alignmentX=0.0,alignmentY=0.0,border=,flags=9,maximumSize=,minimumSize=,preferredSize=]
2024-01-21 19:18:30,743 [INFO] NvicIntPanel:101 - NVIC parent = com.st.microxplorer.plugins.ip.nvic.MultiNvicIntPanel[,0,0,0x0,invalid,layout=javax.swing.BoxLayout,alignmentX=0.0,alignmentY=0.0,border=,flags=9,maximumSize=,minimumSize=,preferredSize=]
2024-01-21 19:18:33,938 [INFO] NvicIntPanel:101 - NVIC parent = com.st.microxplorer.plugins.ip.nvic.MultiNvicIntPanel[,0,0,0x0,invalid,layout=javax.swing.BoxLayout,alignmentX=0.0,alignmentY=0.0,border=,flags=9,maximumSize=,minimumSize=,preferredSize=]
2024-01-21 19:22:55,005 [INFO] Gpio:277 - dependency for GPIO [ADC, SYS]
2024-01-21 19:23:07,648 [INFO] Gpio:277 - dependency for GPIO [ADC, SYS]
2024-01-21 19:23:55,301 [INFO] Gpio:277 - dependency for GPIO [ADC, SYS]
2024-01-21 19:30:21,263 [INFO] NvicIntPanel:101 - NVIC parent = com.st.microxplorer.plugins.ip.nvic.MultiNvicIntPanel[,0,0,0x0,invalid,layout=javax.swing.BoxLayout,alignmentX=0.0,alignmentY=0.0,border=,flags=9,maximumSize=,minimumSize=,preferredSize=]
2024-01-21 19:31:23,605 [INFO] Can:71 - Can Add PropertyChangeListener com.st.microxplorer.plugins.ip.can.Can@6f3d7129
2024-01-21 19:31:52,490 [INFO] Gpio:277 - dependency for GPIO [ADC, CAN, RCC, SYS]
2024-01-21 19:33:23,289 [INFO] UtilMem:75 - End SaveConfig() Used Memory: 628269512 Bytes (738197504)
2024-01-21 19:33:24,340 [INFO] UtilMem:75 - End SaveConfig() Used Memory: 266867840 Bytes (738197504)
2024-01-21 19:33:24,642 [INFO] BlockDiagram:2759 - set Specific Code input for plugin: ADC
2024-01-21 19:33:24,642 [INFO] BlockDiagram:2759 - set Specific Code input for plugin: NVIC
2024-01-21 19:33:24,643 [INFO] BlockDiagram:2759 - set Specific Code input for plugin: DMA
2024-01-21 19:33:24,643 [INFO] BlockDiagram:2759 - set Specific Code input for plugin: TIM1_8F0
2024-01-21 19:33:24,643 [INFO] BlockDiagram:2759 - set Specific Code input for plugin: SYS
2024-01-21 19:33:24,643 [INFO] BlockDiagram:2759 - set Specific Code input for plugin: GPIO
2024-01-21 19:33:24,643 [INFO] BlockDiagram:2759 - set Specific Code input for plugin: CAN
2024-01-21 19:33:24,643 [INFO] BlockDiagram:2759 - set Specific Code input for plugin: RCC
2024-01-21 19:33:24,647 [INFO] CodeGenerator:807 - code generatio: config db path: C:\ST\STM32CubeIDE_1.13.2\STM32CubeIDE\plugins\com.st.stm32cube.common.mx_6.10.0.202311202037\\db\
2024-01-21 19:33:24,759 [INFO] CodeEngine:255 - oldGeneratedFile, C:\Users\aleja\OneDrive\Escritorio\gettingStartedSTM\acumulador_Gru\MXTmpFiles\license.tmp_save
2024-01-21 19:33:24,897 [INFO] CodeEngine:279 - Generated code: C:\Users\aleja\OneDrive\Escritorio\gettingStartedSTM\acumulador_Gru\MXTmpFiles\license.tmp
2024-01-21 19:33:24,968 [INFO] CodeEngine:255 - oldGeneratedFile, C:\Users\aleja\OneDrive\Escritorio\gettingStartedSTM\acumulador_Gru\MXTmpFiles\gpio.tmp_save
2024-01-21 19:33:25,092 [INFO] CodeEngine:279 - Generated code: C:\Users\aleja\OneDrive\Escritorio\gettingStartedSTM\acumulador_Gru\MXTmpFiles\gpio.tmp
2024-01-21 19:33:25,287 [INFO] CodeEngine:255 - oldGeneratedFile, C:\Users\aleja\OneDrive\Escritorio\gettingStartedSTM\acumulador_Gru\MXTmpFiles\dma.tmp_save
2024-01-21 19:33:25,384 [INFO] CodeEngine:279 - Generated code: C:\Users\aleja\OneDrive\Escritorio\gettingStartedSTM\acumulador_Gru\MXTmpFiles\dma.tmp
2024-01-21 19:33:25,398 [INFO] CodeEngine:255 - oldGeneratedFile, C:\Users\aleja\OneDrive\Escritorio\gettingStartedSTM\acumulador_Gru\MXTmpFiles\dma_GV.tmp_save
2024-01-21 19:33:25,454 [INFO] CodeEngine:279 - Generated code: C:\Users\aleja\OneDrive\Escritorio\gettingStartedSTM\acumulador_Gru\MXTmpFiles\dma_GV.tmp
2024-01-21 19:33:25,485 [INFO] CodeEngine:255 - oldGeneratedFile, C:\Users\aleja\OneDrive\Escritorio\gettingStartedSTM\acumulador_Gru\Core\Src\stm32f0xx_it.c_save
2024-01-21 19:33:25,754 [INFO] CodeEngine:279 - Generated code: C:\Users\aleja\OneDrive\Escritorio\gettingStartedSTM\acumulador_Gru\Core\Src\stm32f0xx_it.c
2024-01-21 19:33:25,766 [INFO] CodeEngine:255 - oldGeneratedFile, C:\Users\aleja\OneDrive\Escritorio\gettingStartedSTM\acumulador_Gru\Core\Inc\stm32f0xx_it.h_save
2024-01-21 19:33:25,871 [INFO] CodeEngine:279 - Generated code: C:\Users\aleja\OneDrive\Escritorio\gettingStartedSTM\acumulador_Gru\Core\Inc\stm32f0xx_it.h
2024-01-21 19:33:25,915 [INFO] CodeEngine:255 - oldGeneratedFile, C:\Users\aleja\OneDrive\Escritorio\gettingStartedSTM\acumulador_Gru\Core\Src\stm32f0xx_hal_msp.c_save
2024-01-21 19:33:26,103 [INFO] CodeEngine:279 - Generated code: C:\Users\aleja\OneDrive\Escritorio\gettingStartedSTM\acumulador_Gru\Core\Src\stm32f0xx_hal_msp.c
2024-01-21 19:33:26,113 [INFO] CodeEngine:255 - oldGeneratedFile, C:\Users\aleja\OneDrive\Escritorio\gettingStartedSTM\acumulador_Gru\MXTmpFiles\system.tmp_save
2024-01-21 19:33:26,189 [INFO] CodeEngine:279 - Generated code: C:\Users\aleja\OneDrive\Escritorio\gettingStartedSTM\acumulador_Gru\MXTmpFiles\system.tmp
2024-01-21 19:33:26,231 [INFO] CodeEngine:311 - oldGeneratedFile, C:\Users\aleja\OneDrive\Escritorio\gettingStartedSTM\acumulador_Gru\Core\Inc\stm32f0xx_hal_conf.h_save
2024-01-21 19:33:26,381 [INFO] CodeEngine:335 - Generated code: C:\Users\aleja\OneDrive\Escritorio\gettingStartedSTM\acumulador_Gru\Core\Inc\stm32f0xx_hal_conf.h
2024-01-21 19:33:26,435 [WARN] IPConfigManager:3440 - IP not found : TIM
2024-01-21 19:33:26,436 [WARN] CodeGenerator:3939 - IP not found : null
2024-01-21 19:33:26,457 [INFO] CodeEngine:255 - oldGeneratedFile, C:\Users\aleja\OneDrive\Escritorio\gettingStartedSTM\acumulador_Gru\Core\Inc\main.h_save
2024-01-21 19:33:26,650 [INFO] CodeEngine:279 - Generated code: C:\Users\aleja\OneDrive\Escritorio\gettingStartedSTM\acumulador_Gru\Core\Inc\main.h
2024-01-21 19:33:26,679 [INFO] CodeEngine:255 - oldGeneratedFile, C:\Users\aleja\OneDrive\Escritorio\gettingStartedSTM\acumulador_Gru\Core\Src\main.c_save
2024-01-21 19:33:26,828 [INFO] CodeEngine:279 - Generated code: C:\Users\aleja\OneDrive\Escritorio\gettingStartedSTM\acumulador_Gru\Core\Src\main.c
2024-01-21 19:33:27,549 [INFO] ProjectBuilder:3076 - Time for Copy HAL[1] : 405mS.
2024-01-21 19:33:27,552 [INFO] ProjectBuilder:4485 - Project Generator version: 4.2.0-B44
2024-01-21 19:33:27,776 [INFO] ConfigFileManager:1495 - The Die is : DIE445
2024-01-21 19:33:29,432 [INFO] ProjectBuilder:4747 - Time for Generating toolchain IDE Files: 1880mS.
2024-01-21 19:33:29,433 [INFO] ProjectBuilder:2947 - Time for Copy CMSIS : 1mS.
2024-01-21 19:33:29,435 [INFO] ProjectBuilder:2947 - Time for Copy CMSIS : 0mS.
2024-01-21 20:08:13,971 [INFO] NvicIntPanel:101 - NVIC parent = com.st.microxplorer.plugins.ip.nvic.MultiNvicIntPanel[,0,0,0x0,invalid,layout=javax.swing.BoxLayout,alignmentX=0.0,alignmentY=0.0,border=,flags=9,maximumSize=,minimumSize=,preferredSize=]
2024-01-21 20:08:24,250 [INFO] NvicIntPanel:101 - NVIC parent = com.st.microxplorer.plugins.ip.nvic.MultiNvicIntPanel[,0,0,0x0,invalid,layout=javax.swing.BoxLayout,alignmentX=0.0,alignmentY=0.0,border=,flags=9,maximumSize=,minimumSize=,preferredSize=]
2024-01-21 20:08:36,484 [INFO] UtilMem:75 - End SaveConfig() Used Memory: 567247320 Bytes (825229312)
2024-01-21 20:08:37,058 [INFO] UtilMem:75 - End SaveConfig() Used Memory: 622326512 Bytes (825229312)
2024-01-21 20:08:37,269 [INFO] BlockDiagram:2759 - set Specific Code input for plugin: ADC
2024-01-21 20:08:37,271 [INFO] BlockDiagram:2759 - set Specific Code input for plugin: NVIC
2024-01-21 20:08:37,271 [INFO] BlockDiagram:2759 - set Specific Code input for plugin: DMA
2024-01-21 20:08:37,271 [INFO] BlockDiagram:2759 - set Specific Code input for plugin: TIM1_8F0
2024-01-21 20:08:37,271 [INFO] BlockDiagram:2759 - set Specific Code input for plugin: SYS
2024-01-21 20:08:37,271 [INFO] BlockDiagram:2759 - set Specific Code input for plugin: GPIO
2024-01-21 20:08:37,271 [INFO] BlockDiagram:2759 - set Specific Code input for plugin: CAN
2024-01-21 20:08:37,271 [INFO] BlockDiagram:2759 - set Specific Code input for plugin: RCC
2024-01-21 20:08:37,272 [INFO] CodeGenerator:807 - code generatio: config db path: C:\ST\STM32CubeIDE_1.13.2\STM32CubeIDE\plugins\com.st.stm32cube.common.mx_6.10.0.202311202037\\db\
2024-01-21 20:08:37,276 [INFO] Argument:325 - Argument : hdmavalue: null
2024-01-21 20:08:37,276 [INFO] Argument:327 - 	 sub Args: 
2024-01-21 20:08:37,276 [INFO] Argument:325 - Argument : Instancevalue: DMA1_Channel1
2024-01-21 20:08:37,276 [INFO] Argument:335 - Argument : Instancevalue: DMA1_Channel1
2024-01-21 20:08:37,276 [INFO] Argument:325 - Argument : Initvalue: null
2024-01-21 20:08:37,276 [INFO] Argument:327 - 	 sub Args: 
2024-01-21 20:08:37,276 [INFO] Argument:325 - Argument : Directionvalue: DMA_PERIPH_TO_MEMORY
2024-01-21 20:08:37,277 [INFO] Argument:335 - Argument : Directionvalue: DMA_PERIPH_TO_MEMORY
2024-01-21 20:08:37,277 [INFO] Argument:325 - Argument : PeriphIncvalue: DMA_PINC_DISABLE
2024-01-21 20:08:37,277 [INFO] Argument:335 - Argument : PeriphIncvalue: DMA_PINC_DISABLE
2024-01-21 20:08:37,277 [INFO] Argument:325 - Argument : MemIncvalue: DMA_MINC_ENABLE
2024-01-21 20:08:37,277 [INFO] Argument:335 - Argument : MemIncvalue: DMA_MINC_ENABLE
2024-01-21 20:08:37,277 [INFO] Argument:325 - Argument : PeriphDataAlignmentvalue: DMA_PDATAALIGN_HALFWORD
2024-01-21 20:08:37,277 [INFO] Argument:335 - Argument : PeriphDataAlignmentvalue: DMA_PDATAALIGN_HALFWORD
2024-01-21 20:08:37,277 [INFO] Argument:325 - Argument : MemDataAlignmentvalue: DMA_MDATAALIGN_HALFWORD
2024-01-21 20:08:37,277 [INFO] Argument:335 - Argument : MemDataAlignmentvalue: DMA_MDATAALIGN_HALFWORD
2024-01-21 20:08:37,277 [INFO] Argument:325 - Argument : Modevalue: DMA_CIRCULAR
2024-01-21 20:08:37,277 [INFO] Argument:335 - Argument : Modevalue: DMA_CIRCULAR
2024-01-21 20:08:37,277 [INFO] Argument:325 - Argument : Priorityvalue: DMA_PRIORITY_LOW
2024-01-21 20:08:37,277 [INFO] Argument:335 - Argument : Priorityvalue: DMA_PRIORITY_LOW
2024-01-21 20:08:37,277 [INFO] Argument:325 - Argument : Lockvalue: null
2024-01-21 20:08:37,277 [INFO] Argument:335 - Argument : Lockvalue: null
2024-01-21 20:08:37,277 [INFO] Argument:325 - Argument : Statevalue: null
2024-01-21 20:08:37,277 [INFO] Argument:335 - Argument : Statevalue: null
2024-01-21 20:08:37,277 [INFO] Argument:325 - Argument : Parentvalue: null
2024-01-21 20:08:37,277 [INFO] Argument:335 - Argument : Parentvalue: null
2024-01-21 20:08:37,277 [INFO] Argument:325 - Argument : XferCpltCallbackvalue: null
2024-01-21 20:08:37,277 [INFO] Argument:335 - Argument : XferCpltCallbackvalue: null
2024-01-21 20:08:37,277 [INFO] Argument:325 - Argument : XferHalfCpltCallbackvalue: null
2024-01-21 20:08:37,277 [INFO] Argument:335 - Argument : XferHalfCpltCallbackvalue: null
2024-01-21 20:08:37,277 [INFO] Argument:325 - Argument : XferErrorCallbackvalue: null
2024-01-21 20:08:37,277 [INFO] Argument:335 - Argument : XferErrorCallbackvalue: null
2024-01-21 20:08:37,277 [INFO] Argument:325 - Argument : ErrorCodevalue: null
2024-01-21 20:08:37,277 [INFO] Argument:335 - Argument : ErrorCodevalue: null
2024-01-21 20:08:37,277 [INFO] Argument:325 - Argument : DMA_Remapvalue: null
2024-01-21 20:08:37,277 [INFO] Argument:335 - Argument : DMA_Remapvalue: null
2024-01-21 20:08:37,456 [INFO] CodeEngine:255 - oldGeneratedFile, C:\Users\aleja\OneDrive\Escritorio\gettingStartedSTM\acumulador_Gru\MXTmpFiles\license.tmp_save
2024-01-21 20:08:37,624 [INFO] CodeEngine:279 - Generated code: C:\Users\aleja\OneDrive\Escritorio\gettingStartedSTM\acumulador_Gru\MXTmpFiles\license.tmp
2024-01-21 20:08:37,645 [INFO] CodeEngine:255 - oldGeneratedFile, C:\Users\aleja\OneDrive\Escritorio\gettingStartedSTM\acumulador_Gru\MXTmpFiles\gpio.tmp_save
2024-01-21 20:08:37,752 [INFO] CodeEngine:279 - Generated code: C:\Users\aleja\OneDrive\Escritorio\gettingStartedSTM\acumulador_Gru\MXTmpFiles\gpio.tmp
2024-01-21 20:08:37,827 [INFO] CodeEngine:255 - oldGeneratedFile, C:\Users\aleja\OneDrive\Escritorio\gettingStartedSTM\acumulador_Gru\MXTmpFiles\dma.tmp_save
2024-01-21 20:08:37,924 [INFO] CodeEngine:279 - Generated code: C:\Users\aleja\OneDrive\Escritorio\gettingStartedSTM\acumulador_Gru\MXTmpFiles\dma.tmp
2024-01-21 20:08:37,928 [INFO] CodeEngine:255 - oldGeneratedFile, C:\Users\aleja\OneDrive\Escritorio\gettingStartedSTM\acumulador_Gru\MXTmpFiles\dma_GV.tmp_save
2024-01-21 20:08:37,984 [INFO] CodeEngine:279 - Generated code: C:\Users\aleja\OneDrive\Escritorio\gettingStartedSTM\acumulador_Gru\MXTmpFiles\dma_GV.tmp
2024-01-21 20:08:38,013 [INFO] CodeEngine:255 - oldGeneratedFile, C:\Users\aleja\OneDrive\Escritorio\gettingStartedSTM\acumulador_Gru\Core\Src\stm32f0xx_it.c_save
2024-01-21 20:08:38,245 [INFO] CodeEngine:279 - Generated code: C:\Users\aleja\OneDrive\Escritorio\gettingStartedSTM\acumulador_Gru\Core\Src\stm32f0xx_it.c
2024-01-21 20:08:38,251 [INFO] CodeEngine:255 - oldGeneratedFile, C:\Users\aleja\OneDrive\Escritorio\gettingStartedSTM\acumulador_Gru\Core\Inc\stm32f0xx_it.h_save
2024-01-21 20:08:38,335 [INFO] CodeEngine:279 - Generated code: C:\Users\aleja\OneDrive\Escritorio\gettingStartedSTM\acumulador_Gru\Core\Inc\stm32f0xx_it.h
2024-01-21 20:08:38,406 [INFO] CodeEngine:255 - oldGeneratedFile, C:\Users\aleja\OneDrive\Escritorio\gettingStartedSTM\acumulador_Gru\Core\Src\stm32f0xx_hal_msp.c_save
2024-01-21 20:08:38,608 [INFO] CodeEngine:279 - Generated code: C:\Users\aleja\OneDrive\Escritorio\gettingStartedSTM\acumulador_Gru\Core\Src\stm32f0xx_hal_msp.c
2024-01-21 20:08:38,614 [INFO] CodeEngine:255 - oldGeneratedFile, C:\Users\aleja\OneDrive\Escritorio\gettingStartedSTM\acumulador_Gru\MXTmpFiles\system.tmp_save
2024-01-21 20:08:38,667 [INFO] CodeEngine:279 - Generated code: C:\Users\aleja\OneDrive\Escritorio\gettingStartedSTM\acumulador_Gru\MXTmpFiles\system.tmp
2024-01-21 20:08:38,709 [INFO] CodeEngine:311 - oldGeneratedFile, C:\Users\aleja\OneDrive\Escritorio\gettingStartedSTM\acumulador_Gru\Core\Inc\stm32f0xx_hal_conf.h_save
2024-01-21 20:08:38,832 [INFO] CodeEngine:335 - Generated code: C:\Users\aleja\OneDrive\Escritorio\gettingStartedSTM\acumulador_Gru\Core\Inc\stm32f0xx_hal_conf.h
2024-01-21 20:08:38,862 [WARN] IPConfigManager:3440 - IP not found : TIM
2024-01-21 20:08:38,862 [WARN] CodeGenerator:3939 - IP not found : null
2024-01-21 20:08:38,897 [INFO] CodeEngine:255 - oldGeneratedFile, C:\Users\aleja\OneDrive\Escritorio\gettingStartedSTM\acumulador_Gru\Core\Inc\main.h_save
2024-01-21 20:08:39,006 [INFO] CodeEngine:279 - Generated code: C:\Users\aleja\OneDrive\Escritorio\gettingStartedSTM\acumulador_Gru\Core\Inc\main.h
2024-01-21 20:08:39,033 [INFO] CodeEngine:255 - oldGeneratedFile, C:\Users\aleja\OneDrive\Escritorio\gettingStartedSTM\acumulador_Gru\Core\Src\main.c_save
2024-01-21 20:08:39,184 [INFO] CodeEngine:279 - Generated code: C:\Users\aleja\OneDrive\Escritorio\gettingStartedSTM\acumulador_Gru\Core\Src\main.c
2024-01-21 20:08:39,837 [INFO] ProjectBuilder:3076 - Time for Copy HAL[1] : 309mS.
2024-01-21 20:08:39,841 [INFO] ProjectBuilder:4485 - Project Generator version: 4.2.0-B44
2024-01-21 20:08:40,018 [INFO] ConfigFileManager:1495 - The Die is : DIE445
2024-01-21 20:08:41,217 [INFO] ProjectBuilder:4747 - Time for Generating toolchain IDE Files: 1376mS.
2024-01-21 20:08:41,218 [INFO] ProjectBuilder:2947 - Time for Copy CMSIS : 1mS.
2024-01-21 20:08:41,221 [INFO] ProjectBuilder:2947 - Time for Copy CMSIS : 0mS.
2024-01-21 20:20:12,548 [INFO] MainUpdater:2873 - connection check result : 10
2024-01-21 20:20:12,548 [INFO] MainUpdater:2873 - connection check result : 10
2024-01-21 20:20:12,573 [INFO] MicroXplorer:468 - Change Database Path : 
2024-01-21 20:20:12,574 [INFO] MicroXplorer:498 - Change Database Version : DB.6.0.100
2024-01-21 20:20:12,590 [ERROR] ProjectManagerView:394 - 
java.lang.NullPointerException: Cannot invoke "javax.swing.JTextField.getText()" because the return value of "java.util.List.get(int)" is null
	at com.st.microxplorer.plugins.projectmanager.gui.ProjectChoiceTab$10.caretUpdate(ProjectChoiceTab.java:2493) ~[filemanager.jar:?]
	at javax.swing.text.JTextComponent.fireCaretUpdate(JTextComponent.java:412) ~[?:?]
	at javax.swing.text.JTextComponent$MutableCaretEvent.fire(JTextComponent.java:4491) ~[?:?]
	at javax.swing.text.JTextComponent$MutableCaretEvent.stateChanged(JTextComponent.java:4513) ~[?:?]
	at javax.swing.text.DefaultCaret.fireStateChanged(DefaultCaret.java:842) ~[?:?]
	at javax.swing.text.DefaultCaret.changeCaretPosition(DefaultCaret.java:1313) ~[?:?]
	at javax.swing.text.DefaultCaret.handleSetDot(DefaultCaret.java:1212) ~[?:?]
	at javax.swing.text.DefaultCaret.setDot(DefaultCaret.java:1193) ~[?:?]
	at javax.swing.text.DefaultCaret$Handler.insertUpdate(DefaultCaret.java:1789) ~[?:?]
	at javax.swing.text.AbstractDocument.fireInsertUpdate(AbstractDocument.java:226) ~[?:?]
	at javax.swing.text.AbstractDocument.handleInsertString(AbstractDocument.java:780) ~[?:?]
	at javax.swing.text.AbstractDocument.insertString(AbstractDocument.java:739) ~[?:?]
	at javax.swing.text.PlainDocument.insertString(PlainDocument.java:131) ~[?:?]
	at javax.swing.text.AbstractDocument.replace(AbstractDocument.java:698) ~[?:?]
	at javax.swing.text.JTextComponent.setText(JTextComponent.java:1729) ~[?:?]
	at com.st.microxplorer.plugins.projectmanager.gui.ProjectChoiceTab.createHeapStackFields(ProjectChoiceTab.java:933) ~[filemanager.jar:?]
	at com.st.microxplorer.plugins.projectmanager.gui.ProjectChoiceTab.buildLinkSettingsPanel(ProjectChoiceTab.java:3426) ~[filemanager.jar:?]
	at com.st.microxplorer.plugins.projectmanager.gui.ProjectChoiceTab.defineWindowsFields(ProjectChoiceTab.java:1813) ~[filemanager.jar:?]
	at com.st.microxplorer.plugins.projectmanager.gui.ProjectChoiceTab.updateSettings(ProjectChoiceTab.java:533) ~[filemanager.jar:?]
	at com.st.microxplorer.plugins.projectmanager.gui.ProjectSettingsPanel.UpdateDialog(ProjectSettingsPanel.java:244) ~[filemanager.jar:?]
	at com.st.microxplorer.plugins.projectmanager.ProjectManagerView.propertyChange(ProjectManagerView.java:391) ~[filemanager.jar:?]
	at java.beans.PropertyChangeSupport.fire(PropertyChangeSupport.java:343) ~[?:?]
	at java.beans.PropertyChangeSupport.firePropertyChange(PropertyChangeSupport.java:335) ~[?:?]
	at java.beans.PropertyChangeSupport.firePropertyChange(PropertyChangeSupport.java:268) ~[?:?]
	at com.st.microxplorer.util.MXPropertyChangeSupport.firePropertyChange(MXPropertyChangeSupport.java:54) ~[STM32CubeMX.jar:?]
	at com.st.microxplorer.mxsystem.MxSystem.closeConfig(MxSystem.java:900) ~[STM32CubeMX.jar:?]
	at com.st.microxplorer.maingui.MainPanel.closeConfig(MainPanel.java:776) ~[STM32CubeMX.jar:?]
	at com.st.microxplorer.plugins.filemanager.engine.OpenFileManager.loadConfigurationFile(OpenFileManager.java:245) ~[filemanager.jar:?]
	at com.st.microxplorer.plugins.filemanager.engine.MainFileManager.userLoadConfig(MainFileManager.java:290) ~[filemanager.jar:?]
	at com.st.microxplorer.plugins.filemanager.FileManagerView.getSpecificTask(FileManagerView.java:247) ~[filemanager.jar:?]
	at com.st.stm32cube.common.mx.editor.CubeMxEditor.getMxTabbedPaneInstance(CubeMxEditor.java:1184) ~[com.st.stm32cube.common.mx_6.10.0.202311202037/:?]
	at com.st.stm32cube.common.mx.editor.CubeMxEditor$12$1.createSwingComponent(CubeMxEditor.java:1065) ~[com.st.stm32cube.common.mx_6.10.0.202311202037/:?]
	at com.st.stm32cube.common.mx.oss.core.awtswtbridge.EmbeddedSwingComposite.doComponentCreation(EmbeddedSwingComposite.java:492) ~[com.st.stm32cube.common.mx.oss_6.10.0.202311202037/:?]
	at com.st.stm32cube.common.mx.oss.core.awtswtbridge.EmbeddedSwingComposite$4.run(EmbeddedSwingComposite.java:291) ~[com.st.stm32cube.common.mx.oss_6.10.0.202311202037/:?]
	at com.st.stm32cube.common.mx.oss.core.awtswtbridge.AwtEnvironment$2.run(AwtEnvironment.java:166) ~[com.st.stm32cube.common.mx.oss_6.10.0.202311202037/:?]
	at java.awt.event.InvocationEvent.dispatch(InvocationEvent.java:318) ~[?:?]
	at java.awt.EventQueue.dispatchEventImpl(EventQueue.java:773) ~[?:?]
	at java.awt.EventQueue$4.run(EventQueue.java:720) ~[?:?]
	at java.awt.EventQueue$4.run(EventQueue.java:714) ~[?:?]
	at java.security.AccessController.doPrivileged(AccessController.java:399) ~[?:?]
	at java.security.ProtectionDomain$JavaSecurityAccessImpl.doIntersectionPrivilege(ProtectionDomain.java:86) ~[?:?]
	at java.awt.EventQueue.dispatchEvent(EventQueue.java:742) ~[?:?]
	at java.awt.EventDispatchThread.pumpOneEventForFilters(EventDispatchThread.java:203) ~[?:?]
	at java.awt.EventDispatchThread.pumpEventsForFilter(EventDispatchThread.java:124) ~[?:?]
	at java.awt.EventDispatchThread.pumpEventsForHierarchy(EventDispatchThread.java:113) ~[?:?]
	at java.awt.EventDispatchThread.pumpEvents(EventDispatchThread.java:109) ~[?:?]
	at java.awt.EventDispatchThread.pumpEvents(EventDispatchThread.java:101) ~[?:?]
	at java.awt.EventDispatchThread.run(EventDispatchThread.java:90) ~[?:?]
2024-01-21 20:20:12,606 [WARN] ThirdParty:871 - waiting for thirdparty lock release [close project]
2024-01-21 20:20:12,606 [INFO] ThirdParty:873 - entering critical section [close project]
2024-01-21 20:20:12,606 [INFO] ThirdParty:883 - exiting critical section [close project]
2024-01-21 20:20:12,608 [INFO] PinOutPanel:1499 - setPackage(No Configuration,No Configuration)
2024-01-21 20:20:12,616 [INFO] UtilMem:75 - Begin LoadConfig() Used Memory: 567581576 Bytes (943718400)
2024-01-21 20:20:12,616 [INFO] MicroXplorer:468 - Change Database Path : 
2024-01-21 20:20:12,617 [INFO] MicroXplorer:498 - Change Database Version : DB.6.0.100
2024-01-21 20:20:12,617 [INFO] OpenFileManager:312 - Change cursor
2024-01-21 20:20:12,639 [INFO] RulesReader:64 - Compatibility file has been processed (297 Rules)
2024-01-21 20:20:12,643 [INFO] Mcu:2016 - Initializing MCU STM32F042F4Px STM32F042F4Px STM32F042F4P6
2024-01-21 20:20:13,231 [INFO] Context:659 - Trying to add GPIOservice into a context  which must be forbidden
2024-01-21 20:20:13,354 [INFO] RtosManager:555 - Registered RTOS mode: class=CMSIS, group=RTOS, mode=CMSIS_V1, owner=FREERTOS
2024-01-21 20:20:13,354 [INFO] RtosManager:555 - Registered RTOS mode: class=CMSIS, group=RTOS2, mode=CMSIS_V2, owner=FREERTOS
2024-01-21 20:20:13,354 [INFO] RtosManager:555 - Registered RTOS mode: class=RTOS, group=Core, mode=CMSIS_V1, owner=FREERTOS
2024-01-21 20:20:13,354 [INFO] RtosManager:555 - Registered RTOS mode: class=RTOS, group=Core, mode=CMSIS_V2, owner=FREERTOS
2024-01-21 20:20:13,355 [WARN] ModelIntegratedComponent:184 - Missing modes for component STMicroelectronics:FreeRTOS:0.0.1:STMicroelectronics:RTOS:FreeRTOS:Core:::10.2.0:
2024-01-21 20:20:13,359 [WARN] ModelIntegratedComponent:63 - No mode defined for component null
2024-01-21 20:20:13,359 [WARN] ModelIntegratedComponent:63 - No mode defined for component null
2024-01-21 20:20:13,359 [WARN] ModelIntegratedComponent:63 - No mode defined for component null
2024-01-21 20:20:13,359 [WARN] ModelIntegratedComponent:63 - No mode defined for component null
2024-01-21 20:20:13,359 [WARN] ModelIntegratedComponent:63 - No mode defined for component null
2024-01-21 20:20:13,359 [WARN] ModelIntegratedComponent:63 - No mode defined for component null
2024-01-21 20:20:13,359 [WARN] ModelIntegratedComponent:63 - No mode defined for component null
2024-01-21 20:20:13,359 [WARN] ModelIntegratedComponent:63 - No mode defined for component null
2024-01-21 20:20:13,359 [WARN] ModelIntegratedComponent:63 - No mode defined for component null
2024-01-21 20:20:13,359 [WARN] ModelIntegratedComponent:63 - No mode defined for component null
2024-01-21 20:20:13,359 [WARN] ModelIntegratedComponent:63 - No mode defined for component null
2024-01-21 20:20:13,359 [WARN] ModelIntegratedComponent:63 - No mode defined for component null
2024-01-21 20:20:13,359 [WARN] ModelIntegratedComponent:63 - No mode defined for component null
2024-01-21 20:20:13,359 [WARN] ModelIntegratedComponent:63 - No mode defined for component null
2024-01-21 20:20:13,359 [WARN] ModelIntegratedComponent:63 - No mode defined for component null
2024-01-21 20:20:13,359 [WARN] ModelIntegratedComponent:63 - No mode defined for component null
2024-01-21 20:20:13,359 [WARN] ModelIntegratedComponent:63 - No mode defined for component null
2024-01-21 20:20:13,359 [WARN] ModelIntegratedComponent:63 - No mode defined for component null
2024-01-21 20:20:13,359 [WARN] ModelIntegratedComponent:63 - No mode defined for component null
2024-01-21 20:20:13,359 [WARN] ModelIntegratedComponent:63 - No mode defined for component null
2024-01-21 20:20:13,359 [WARN] ModelIntegratedComponent:63 - No mode defined for component null
2024-01-21 20:20:13,359 [WARN] ModelIntegratedComponent:63 - No mode defined for component null
2024-01-21 20:20:13,359 [WARN] ModelIntegratedComponent:63 - No mode defined for component null
2024-01-21 20:20:13,359 [WARN] ModelIntegratedComponent:63 - No mode defined for component null
2024-01-21 20:20:13,359 [WARN] ModelIntegratedComponent:63 - No mode defined for component null
2024-01-21 20:20:13,359 [WARN] ModelIntegratedComponent:63 - No mode defined for component null
2024-01-21 20:20:13,359 [WARN] ModelIntegratedComponent:63 - No mode defined for component null
2024-01-21 20:20:13,359 [WARN] ModelIntegratedComponent:63 - No mode defined for component null
2024-01-21 20:20:13,359 [WARN] ModelIntegratedComponent:63 - No mode defined for component null
2024-01-21 20:20:13,359 [WARN] ModelIntegratedComponent:63 - No mode defined for component null
2024-01-21 20:20:13,359 [WARN] ModelIntegratedComponent:63 - No mode defined for component null
2024-01-21 20:20:13,359 [WARN] ModelIntegratedComponent:63 - No mode defined for component null
2024-01-21 20:20:13,359 [WARN] ModelIntegratedComponent:63 - No mode defined for component null
2024-01-21 20:20:13,413 [INFO] ThirdPartyModel:298 - Start build external matchings
2024-01-21 20:20:13,701 [INFO] ThirdPartyModel:316 - End build external matchings
2024-01-21 20:20:13,712 [INFO] ImportTextPane:194 - (OptionalMessage_ERROR) IP (DMA) : Parameter (Instance) has Id (ADC) currently not set
2024-01-21 20:20:13,712 [INFO] ImportTextPane:194 - (OptionalMessage_ERROR) IP (DMA) : Parameter (Direction) has Id (ADC) currently not set
2024-01-21 20:20:13,712 [INFO] ImportTextPane:194 - (OptionalMessage_ERROR) IP (DMA) : Parameter (PeriphInc) has Id (ADC) currently not set
2024-01-21 20:20:13,712 [INFO] ImportTextPane:194 - (OptionalMessage_ERROR) IP (DMA) : Parameter (MemInc) has Id (ADC) currently not set
2024-01-21 20:20:13,712 [INFO] ImportTextPane:194 - (OptionalMessage_ERROR) IP (DMA) : Parameter (PeriphDataAlignment) has Id (ADC) currently not set
2024-01-21 20:20:13,713 [INFO] ImportTextPane:194 - (OptionalMessage_ERROR) IP (DMA) : Parameter (MemDataAlignment) has Id (ADC) currently not set
2024-01-21 20:20:13,713 [INFO] ImportTextPane:194 - (OptionalMessage_ERROR) IP (DMA) : Parameter (Mode) has Id (ADC) currently not set
2024-01-21 20:20:13,713 [INFO] ImportTextPane:194 - (OptionalMessage_ERROR) IP (DMA) : Parameter (Priority) has Id (ADC) currently not set
2024-01-21 20:20:13,713 [INFO] ImportTextPane:194 - (OptionalMessage_ERROR) IP (RCC) : Invalid parameter (FamilyName)
2024-01-21 20:20:13,713 [INFO] ImportTextPane:194 - (OptionalMessage_ERROR) IP (RCC) : Invalid parameter (HSICECFreq_Value)
2024-01-21 20:20:13,837 [INFO] UtilMem:75 - End LoadConfig() Used Memory: 554083824 Bytes (943718400)
2024-01-21 20:20:13,899 [INFO] MicroXplorer:468 - Change Database Path : 
2024-01-21 20:20:13,899 [INFO] MicroXplorer:498 - Change Database Version : DB.6.0.100
2024-01-21 20:20:13,900 [WARN] ThirdParty:833 - waiting for thirdparty lock release [change project]
2024-01-21 20:20:13,900 [INFO] ThirdParty:835 - entering critical section [change project]
2024-01-21 20:20:13,900 [INFO] ThirdParty:1030 - CMSIS Pack Vendor :STMicroelectronics X-CUBE-ISPU 1.1.0
2024-01-21 20:20:13,900 [INFO] ThirdParty:1030 - CMSIS Pack Vendor :STMicroelectronics USBPD 4.1
2024-01-21 20:20:13,900 [INFO] ThirdParty:1030 - CMSIS Pack Vendor :STMicroelectronics X-CUBE-GNSS1 6.0.0
2024-01-21 20:20:13,900 [INFO] ThirdParty:1030 - CMSIS Pack Vendor :STMicroelectronics USB_HOST 2.0.0
2024-01-21 20:20:13,900 [INFO] ThirdParty:1030 - CMSIS Pack Vendor :STMicroelectronics X-CUBE-AZRTOS-F4 1.1.0
2024-01-21 20:20:13,900 [INFO] ThirdParty:1030 - CMSIS Pack Vendor :STMicroelectronics LIBJPEG 8.0.0
2024-01-21 20:20:13,900 [INFO] ThirdParty:1030 - CMSIS Pack Vendor :wolfSSL I-CUBE-wolfSSL 5.6.4
2024-01-21 20:20:13,901 [INFO] ThirdParty:1030 - CMSIS Pack Vendor :STMicroelectronics X-CUBE-SMBUS 2.1.0
2024-01-21 20:20:13,901 [INFO] ThirdParty:1030 - CMSIS Pack Vendor :STMicroelectronics USB_DEVICE 3.0.0
2024-01-21 20:20:13,901 [INFO] ThirdParty:1030 - CMSIS Pack Vendor :STMicroelectronics X-CUBE-AZRTOS-WB 2.0.0
2024-01-21 20:20:13,901 [INFO] ThirdParty:1030 - CMSIS Pack Vendor :STMicroelectronics X-CUBE-TOUCHGFX 4.23.0
2024-01-21 20:20:13,901 [INFO] ThirdParty:1030 - CMSIS Pack Vendor :STMicroelectronics X-CUBE-AZRTOS-F7 1.1.0
2024-01-21 20:20:13,901 [INFO] ThirdParty:1030 - CMSIS Pack Vendor :STMicroelectronics X-CUBE-AZRTOS-L5 2.0.0
2024-01-21 20:20:13,901 [INFO] ThirdParty:1030 - CMSIS Pack Vendor :STMicroelectronics USB_DEVICE 2.0.0
2024-01-21 20:20:13,902 [INFO] ThirdParty:1030 - CMSIS Pack Vendor :STMicroelectronics X-CUBE-EEPRMA1 4.2.0
2024-01-21 20:20:13,902 [INFO] ThirdParty:1030 - CMSIS Pack Vendor :ITTIA_DB I-CUBE-ITTIADB 8.8.0
2024-01-21 20:20:13,902 [INFO] ThirdParty:1030 - CMSIS Pack Vendor :STMicroelectronics FP-SNS-MOTENV1 4.3.2
2024-01-21 20:20:13,902 [INFO] ThirdParty:1030 - CMSIS Pack Vendor :STMicroelectronics X-CUBE-ALGOBUILD 1.3.0
2024-01-21 20:20:13,902 [INFO] ThirdParty:1030 - CMSIS Pack Vendor :STMicroelectronics FreeRTOS 0.0.1
2024-01-21 20:20:13,902 [INFO] ThirdParty:1030 - CMSIS Pack Vendor :STMicroelectronics X-CUBE-AZRTOS-G0 1.1.0
2024-01-21 20:20:13,902 [INFO] ThirdParty:1030 - CMSIS Pack Vendor :STMicroelectronics X-CUBE-NFC4 3.0.0
2024-01-21 20:20:13,903 [INFO] ThirdParty:1030 - CMSIS Pack Vendor :STMicroelectronics X-CUBE-SUBG2 5.0.0
2024-01-21 20:20:13,903 [INFO] ThirdParty:1030 - CMSIS Pack Vendor :STMicroelectronics STM32_WPAN 1.0.0
2024-01-21 20:20:13,903 [INFO] ThirdParty:1030 - CMSIS Pack Vendor :STMicroelectronics lwIP 2.0.3
2024-01-21 20:20:13,903 [INFO] ThirdParty:1030 - CMSIS Pack Vendor :STMicroelectronics FP-SNS-FLIGHT1 5.0.2
2024-01-21 20:20:13,903 [INFO] ThirdParty:1030 - CMSIS Pack Vendor :STMicroelectronics USB_HOST 1.0.0
2024-01-21 20:20:13,903 [INFO] ThirdParty:1030 - CMSIS Pack Vendor :STMicroelectronics X-CUBE-AZRTOS-G4 2.0.0
2024-01-21 20:20:13,903 [INFO] ThirdParty:1030 - CMSIS Pack Vendor :STMicroelectronics PDM2PCM 3.1.0
2024-01-21 20:20:13,903 [INFO] ThirdParty:1030 - CMSIS Pack Vendor :STMicroelectronics X-CUBE-AZRTOS-H7 3.1.0
2024-01-21 20:20:13,903 [INFO] ThirdParty:1030 - CMSIS Pack Vendor :Infineon AIROC-Wi-Fi-Bluetooth-STM32 1.5.1
2024-01-21 20:20:13,903 [INFO] ThirdParty:1030 - CMSIS Pack Vendor :STMicroelectronics X-CUBE-BLEMGR 3.0.0
2024-01-21 20:20:13,903 [INFO] ThirdParty:1030 - CMSIS Pack Vendor :STMicroelectronics PDM2PCM 3.3.0
2024-01-21 20:20:13,903 [INFO] ThirdParty:1030 - CMSIS Pack Vendor :STMicroelectronics X-CUBE-DISPLAY 3.0.0
2024-01-21 20:20:13,903 [INFO] ThirdParty:1030 - CMSIS Pack Vendor :STMicroelectronics FP-SNS-MOTENVWB1 1.3.1
2024-01-21 20:20:13,903 [INFO] ThirdParty:1030 - CMSIS Pack Vendor :STMicroelectronics X-CUBE-BLE1 7.0.0
2024-01-21 20:20:13,903 [INFO] ThirdParty:1030 - CMSIS Pack Vendor :STMicroelectronics FP-ATR-SIGFOX1 3.2.0
2024-01-21 20:20:13,903 [INFO] ThirdParty:1030 - CMSIS Pack Vendor :STMicroelectronics X-CUBE-ISPU 2.0.0
2024-01-21 20:20:13,903 [INFO] ThirdParty:1030 - CMSIS Pack Vendor :STMicroelectronics HAL Drivers 0.0.0
2024-01-21 20:20:13,903 [INFO] ThirdParty:1030 - CMSIS Pack Vendor :STMicroelectronics MBEDTLS 2.16.2
2024-01-21 20:20:13,903 [INFO] ThirdParty:1030 - CMSIS Pack Vendor :emotas I-CUBE-CANOPEN 1.3.0
2024-01-21 20:20:13,904 [INFO] ThirdParty:1030 - CMSIS Pack Vendor :STMicroelectronics X-CUBE-MEMS1 10.0.0
2024-01-21 20:20:13,904 [INFO] ThirdParty:1030 - CMSIS Pack Vendor :STMicroelectronics X-CUBE-FREERTOS 1.1.0
2024-01-21 20:20:13,904 [INFO] ThirdParty:1030 - CMSIS Pack Vendor :STMicroelectronics X-CUBE-NFC7 1.0.1
2024-01-21 20:20:13,904 [INFO] ThirdParty:1030 - CMSIS Pack Vendor :STMicroelectronics MBEDTLS 2.14.1
2024-01-21 20:20:13,904 [INFO] ThirdParty:1030 - CMSIS Pack Vendor :STMicroelectronics X-CUBE-TOUCHGFX 4.22.1
2024-01-21 20:20:13,904 [INFO] ThirdParty:1030 - CMSIS Pack Vendor :STMicroelectronics X-CUBE-NFC6 3.0.0
2024-01-21 20:20:13,904 [INFO] ThirdParty:1030 - CMSIS Pack Vendor :portGmbH I-Cube-SoM-uGOAL 1.1.0
2024-01-21 20:20:13,905 [INFO] ThirdParty:1030 - CMSIS Pack Vendor :STMicroelectronics X-CUBE-ALS 1.0.1
2024-01-21 20:20:13,905 [INFO] ThirdParty:1030 - CMSIS Pack Vendor :STMicroelectronics ThreadX 1.0.0
2024-01-21 20:20:13,905 [INFO] ThirdParty:1030 - CMSIS Pack Vendor :STMicroelectronics FP-SNS-SMARTAG2 1.2.0
2024-01-21 20:20:13,905 [INFO] ThirdParty:1030 - CMSIS Pack Vendor :STMicroelectronics X-CUBE-AZRTOS-WL 2.0.0
2024-01-21 20:20:13,905 [INFO] ThirdParty:1030 - CMSIS Pack Vendor :STMicroelectronics USB_DEVICE 1.0.0
2024-01-21 20:20:13,905 [INFO] ThirdParty:1030 - CMSIS Pack Vendor :STMicroelectronics X-CUBE-AI 8.1.0
2024-01-21 20:20:13,905 [INFO] ThirdParty:1030 - CMSIS Pack Vendor :STMicroelectronics X-CUBE-AZRTOS-L4 2.0.0
2024-01-21 20:20:13,905 [INFO] ThirdParty:1030 - CMSIS Pack Vendor :STMicroelectronics ThreadX 0.0.2
2024-01-21 20:20:13,905 [INFO] ThirdParty:1030 - CMSIS Pack Vendor :WES I-CUBE-Cesium 1.3.0
2024-01-21 20:20:13,905 [INFO] ThirdParty:1030 - CMSIS Pack Vendor :STMicroelectronics FP-ATR-ASTRA1 2.0.0
2024-01-21 20:20:13,905 [INFO] ThirdParty:1030 - CMSIS Pack Vendor :STMicroelectronics lwIP 2.1.2
2024-01-21 20:20:13,905 [INFO] ThirdParty:1030 - CMSIS Pack Vendor :STMicroelectronics X-CUBE-SFXS2LP1 4.0.0
2024-01-21 20:20:13,905 [INFO] ThirdParty:1030 - CMSIS Pack Vendor :STMicroelectronics X-CUBE-BLE2 3.3.0
2024-01-21 20:20:13,905 [INFO] ThirdParty:1030 - CMSIS Pack Vendor :STMicroelectronics X-CUBE-TOF1 3.4.0
2024-01-21 20:20:13,905 [INFO] ThirdParty:1030 - CMSIS Pack Vendor :STMicroelectronics X-CUBE-AZRTOS-H7 3.2.0
2024-01-21 20:20:13,905 [INFO] ThirdParty:1030 - CMSIS Pack Vendor :STMicroelectronics PDM2PCM 3.2.0
2024-01-21 20:20:13,905 [INFO] ThirdParty:841 - exiting critical section [change project]
2024-01-21 20:20:13,962 [INFO] PinOutPanel:1499 - setPackage(No Configuration,No Configuration)
2024-01-21 20:20:13,963 [INFO] PinOutPanel:1499 - setPackage(STM32F042F4Px,TSSOP20)
2024-01-21 20:20:14,571 [INFO] UtilMem:75 - Before build in PCC Used Memory: 685599072 Bytes (943718400)
2024-01-21 20:20:14,749 [INFO] UtilMem:75 - After build in PCC Used Memory: 729112928 Bytes (943718400)
2024-01-21 20:20:14,762 [INFO] IPUIPlugin:80 - create IPUIPlugin
2024-01-21 20:20:14,762 [INFO] IPUIPlugin:80 - create IPUIPlugin
2024-01-21 20:20:14,762 [INFO] IPUIPlugin:80 - create IPUIPlugin
2024-01-21 20:20:14,762 [INFO] IPUIPlugin:80 - create IPUIPlugin
2024-01-21 20:20:14,762 [INFO] IPUIPlugin:80 - create IPUIPlugin
2024-01-21 20:20:14,762 [INFO] IPUIPlugin:80 - create IPUIPlugin
2024-01-21 20:20:14,762 [INFO] IPUIPlugin:80 - create IPUIPlugin
2024-01-21 20:20:14,762 [INFO] IPUIPlugin:80 - create IPUIPlugin
2024-01-21 20:20:14,762 [INFO] IPUIPlugin:80 - create IPUIPlugin
2024-01-21 20:20:14,762 [INFO] IPUIPlugin:80 - create IPUIPlugin
2024-01-21 20:20:14,763 [INFO] IPUIPlugin:80 - create IPUIPlugin
2024-01-21 20:20:14,763 [INFO] IPUIPlugin:80 - create IPUIPlugin
2024-01-21 20:20:14,763 [INFO] IPUIPlugin:80 - create IPUIPlugin
2024-01-21 20:20:14,763 [INFO] IPUIPlugin:80 - create IPUIPlugin
2024-01-21 20:20:14,763 [INFO] IPUIPlugin:80 - create IPUIPlugin
2024-01-21 20:20:14,763 [INFO] IPUIPlugin:80 - create IPUIPlugin
2024-01-21 20:20:14,763 [INFO] IPUIPlugin:80 - create IPUIPlugin
2024-01-21 20:20:14,763 [INFO] IPUIPlugin:80 - create IPUIPlugin
2024-01-21 20:20:14,763 [INFO] IPUIPlugin:80 - create IPUIPlugin
2024-01-21 20:20:14,763 [INFO] IPUIPlugin:80 - create IPUIPlugin
2024-01-21 20:20:14,763 [INFO] IPUIPlugin:80 - create IPUIPlugin
2024-01-21 20:20:14,763 [INFO] IPUIPlugin:80 - create IPUIPlugin
2024-01-21 20:20:14,763 [INFO] IPUIPlugin:80 - create IPUIPlugin
2024-01-21 20:20:14,764 [INFO] IPUIPlugin:80 - create IPUIPlugin
2024-01-21 20:20:14,764 [INFO] IPUIPlugin:80 - create IPUIPlugin
2024-01-21 20:20:14,764 [INFO] IPUIPlugin:80 - create IPUIPlugin
2024-01-21 20:20:14,764 [INFO] IPUIPlugin:80 - create IPUIPlugin
2024-01-21 20:20:14,764 [INFO] IPUIPlugin:80 - create IPUIPlugin
2024-01-21 20:20:14,764 [INFO] IPUIPlugin:80 - create IPUIPlugin
2024-01-21 20:20:14,764 [INFO] IPUIPlugin:80 - create IPUIPlugin
2024-01-21 20:20:14,766 [INFO] Can:71 - Can Add PropertyChangeListener com.st.microxplorer.plugins.ip.can.Can@6e00a1b8
2024-01-21 20:20:14,789 [INFO] CADModel:165 - CPN selected for project levelSTM32F042F4P6
2024-01-21 20:20:14,789 [INFO] CADModel:114 - Register for checkConnection events
2024-01-21 20:20:14,867 [INFO] OpenFileManager:343 - Restore cursor
2024-01-21 20:20:14,882 [INFO] ApiDb:581 - Connected to CubeFinder SQLite database (C:\Users\aleja\.stmcufinder\plugins\mcufinder\mcu\cube-finder-db.db)
2024-01-21 20:22:36,258 [ERROR] LogOutputStream:75 - [STDERR_REDIRECT] 
2024-01-21 20:22:36,259 [ERROR] LogOutputStream:75 - [STDERR_REDIRECT] 
