2023-12-31 00:37:57,982 [INFO] Activator:176 - 


2023-12-31 00:37:57,990 [INFO] Activator:177 - !SESSION log4j initialized
2023-12-31 00:38:04,676 [INFO] LogOutputStream:77 - [STDOUT_REDIRECT] 
2023-12-31 00:38:06,170 [INFO] ApplicationProperties:184 - Using Application install path: C:\ST\STM32CubeIDE_1.13.2\STM32CubeIDE\plugins\com.st.stm32cube.common.mx_6.10.0.202311202037
2023-12-31 00:38:06,204 [INFO] DbMcusXml:78 - Set database path to: C:\ST\STM32CubeIDE_1.13.2\STM32CubeIDE\plugins\com.st.stm32cube.common.mx_6.10.0.202311202037\\db\/mcu/
2023-12-31 00:38:06,206 [INFO] ApiDb:274 - Set plugin database path to: C:\ST\STM32CubeIDE_1.13.2\STM32CubeIDE\plugins\com.st.stm32cube.common.mx_6.10.0.202311202037\\db\/plugins/boardmanager/
2023-12-31 00:38:06,206 [WARN] ApiDb:259 - Overriding images path with different value:  => C:\ST\STM32CubeIDE_1.13.2\STM32CubeIDE\plugins\com.st.stm32cube.common.mx_6.10.0.202311202037\\db\/plugins/mcufinder/images/
2023-12-31 00:38:06,229 [INFO] ApiDb:250 - Set database path to: C:\Users\aleja\.stmcufinder\plugins\mcufinder//mcu/
2023-12-31 00:38:06,235 [INFO] DbMcusAds:125 - Set database path to: C:\Users\aleja\.stmcufinder\plugins\mcufinder//mcu/
2023-12-31 00:38:06,239 [INFO] CrossReferenceDbSqlite:203 - Set database path to: C:\Users\aleja\.stmcufinder\plugins\mcufinder//mcu/cs/
2023-12-31 00:38:06,419 [INFO] RulesReader:64 - Compatibility file has been processed (297 Rules)
2023-12-31 00:38:06,525 [INFO] DbMcusXml:78 - Set database path to: C:\ST\STM32CubeIDE_1.13.2\STM32CubeIDE\plugins\com.st.stm32cube.common.mx_6.10.0.202311202037\\db\/mcu/
2023-12-31 00:38:06,525 [INFO] ApiDb:274 - Set plugin database path to: C:\ST\STM32CubeIDE_1.13.2\STM32CubeIDE\plugins\com.st.stm32cube.common.mx_6.10.0.202311202037\\db\/plugins/boardmanager/
2023-12-31 00:38:06,526 [INFO] ApiDb:261 - Set plugin images path to: C:\ST\STM32CubeIDE_1.13.2\STM32CubeIDE\plugins\com.st.stm32cube.common.mx_6.10.0.202311202037\\db\/plugins/mcufinder/images/
2023-12-31 00:38:06,526 [WARN] DbFile:41 - Overriding database path with different value: C:\Users\aleja\.stmcufinder\plugins\mcufinder/ => C:\Users\aleja\.stmcufinder\plugins\mcufinder
2023-12-31 00:38:06,526 [INFO] ApiDb:250 - Set database path to: C:\Users\aleja\.stmcufinder\plugins\mcufinder//mcu/
2023-12-31 00:38:06,526 [WARN] DbFile:41 - Overriding database path with different value: C:\Users\aleja\.stmcufinder\plugins\mcufinder/ => C:\Users\aleja\.stmcufinder\plugins\mcufinder
2023-12-31 00:38:06,526 [INFO] DbMcusAds:125 - Set database path to: C:\Users\aleja\.stmcufinder\plugins\mcufinder//mcu/
2023-12-31 00:38:06,526 [WARN] DbFile:41 - Overriding database path with different value: C:\Users\aleja\.stmcufinder\plugins\mcufinder/ => C:\Users\aleja\.stmcufinder\plugins\mcufinder
2023-12-31 00:38:06,526 [WARN] DbFile:41 - Overriding database path with different value: C:\Users\aleja\.stmcufinder\plugins\mcufinder/ => C:\Users\aleja\.stmcufinder\plugins\mcufinder
2023-12-31 00:38:06,526 [INFO] CrossReferenceDbSqlite:203 - Set database path to: C:\Users\aleja\.stmcufinder\plugins\mcufinder//mcu/cs/
2023-12-31 00:38:06,621 [INFO] MainPanel:264 - HeapMemory: 268435456
2023-12-31 00:38:06,772 [INFO] DbMcusXml:78 - Set database path to: C:\ST\STM32CubeIDE_1.13.2\STM32CubeIDE\plugins\com.st.stm32cube.common.mx_6.10.0.202311202037\\db\/mcu/
2023-12-31 00:38:06,772 [INFO] ApiDb:274 - Set plugin database path to: C:\ST\STM32CubeIDE_1.13.2\STM32CubeIDE\plugins\com.st.stm32cube.common.mx_6.10.0.202311202037\\db\/plugins/boardmanager/
2023-12-31 00:38:06,772 [INFO] ApiDb:261 - Set plugin images path to: C:\ST\STM32CubeIDE_1.13.2\STM32CubeIDE\plugins\com.st.stm32cube.common.mx_6.10.0.202311202037\\db\/plugins/mcufinder/images/
2023-12-31 00:38:06,773 [WARN] DbFile:41 - Overriding database path with different value: C:\Users\aleja\.stmcufinder\plugins\mcufinder/ => C:\Users\aleja\.stmcufinder\plugins\mcufinder
2023-12-31 00:38:06,773 [INFO] ApiDb:250 - Set database path to: C:\Users\aleja\.stmcufinder\plugins\mcufinder//mcu/
2023-12-31 00:38:06,773 [WARN] DbFile:41 - Overriding database path with different value: C:\Users\aleja\.stmcufinder\plugins\mcufinder/ => C:\Users\aleja\.stmcufinder\plugins\mcufinder
2023-12-31 00:38:06,773 [INFO] DbMcusAds:125 - Set database path to: C:\Users\aleja\.stmcufinder\plugins\mcufinder//mcu/
2023-12-31 00:38:06,773 [WARN] DbFile:41 - Overriding database path with different value: C:\Users\aleja\.stmcufinder\plugins\mcufinder/ => C:\Users\aleja\.stmcufinder\plugins\mcufinder
2023-12-31 00:38:06,774 [WARN] DbFile:41 - Overriding database path with different value: C:\Users\aleja\.stmcufinder\plugins\mcufinder/ => C:\Users\aleja\.stmcufinder\plugins\mcufinder
2023-12-31 00:38:06,774 [INFO] CrossReferenceDbSqlite:203 - Set database path to: C:\Users\aleja\.stmcufinder\plugins\mcufinder//mcu/cs/
2023-12-31 00:38:06,804 [INFO] ApplicationProperties:184 - Using Application install path: C:\ST\STM32CubeIDE_1.13.2\STM32CubeIDE\plugins\com.st.stm32cube.common.mx_6.10.0.202311202037
2023-12-31 00:38:06,806 [INFO] PluginManage:196 - Search for loadable plugins [exclusion list=, ]
2023-12-31 00:38:06,809 [INFO] PluginManage:310 - Check plugin analytics
2023-12-31 00:38:07,043 [INFO] AnalyticsPlugin:253 - Accepted Software Licenses: 
2023-12-31 00:38:07,043 [INFO] AnalyticsPlugin:255 - Accepted CMSIS Pack Licenses: 
2023-12-31 00:38:07,043 [INFO] AnalyticsPlugin:257 - Accepted Firmware Licenses: 
2023-12-31 00:38:07,047 [INFO] PluginManage:359 - Loaded plugin analytics (category:tool,tabindex:-1)
2023-12-31 00:38:07,048 [INFO] PluginManage:310 - Check plugin cadmodel
2023-12-31 00:38:07,056 [INFO] CADModel:105 - Init CAD model plugin
2023-12-31 00:38:07,056 [INFO] PluginManage:359 - Loaded plugin cadmodel (category:power,tabindex:5)
2023-12-31 00:38:07,056 [INFO] PluginManage:310 - Check plugin clock
2023-12-31 00:38:07,074 [INFO] PluginManage:359 - Loaded plugin clock (category:base,tabindex:2)
2023-12-31 00:38:07,075 [INFO] PluginManage:310 - Check plugin ddr
2023-12-31 00:38:07,078 [INFO] PluginManage:359 - Loaded plugin ddr (category:tool,tabindex:6)
2023-12-31 00:38:07,078 [INFO] PluginManage:310 - Check plugin filemanager
2023-12-31 00:38:07,249 [INFO] PluginManage:359 - Loaded plugin filemanager (category:base,tabindex:10)
2023-12-31 00:38:07,249 [INFO] PluginManage:310 - Check plugin ipmanager
2023-12-31 00:38:07,257 [INFO] PluginManage:359 - Loaded plugin ipmanager (category:base,tabindex:5)
2023-12-31 00:38:07,257 [INFO] PluginManage:310 - Check plugin lpbam
2023-12-31 00:38:07,265 [INFO] PluginManage:359 - Loaded plugin lpbam (category:base,tabindex:0)
2023-12-31 00:38:07,266 [INFO] PluginManage:310 - Check plugin memorymap
2023-12-31 00:38:07,280 [INFO] PluginManage:359 - Loaded plugin memorymap (category:base,tabindex:4)
2023-12-31 00:38:07,280 [INFO] PluginManage:310 - Check plugin pinoutandconfiguration
2023-12-31 00:38:07,289 [INFO] PluginManage:359 - Loaded plugin pinoutandconfiguration (category:base,tabindex:1)
2023-12-31 00:38:07,290 [INFO] PluginManage:310 - Check plugin pinoutconfig
2023-12-31 00:38:07,450 [WARN] SupportedApi:132 - Cannot load RTOS API schema: s4s-elt-must-match.1: The content of 'definitions' must match (annotation?, (simpleType | complexType)?, (unique | key | keyref)*)). A problem was found starting at: attribute.
2023-12-31 00:38:07,600 [INFO] PluginManage:359 - Loaded plugin pinoutconfig (category:base,tabindex:0)
2023-12-31 00:38:07,600 [INFO] PluginManage:310 - Check plugin power
2023-12-31 00:38:07,617 [INFO] PluginManage:359 - Loaded plugin power (category:power,tabindex:4)
2023-12-31 00:38:07,617 [INFO] PluginManage:310 - Check plugin projectmanager
2023-12-31 00:38:07,638 [INFO] PluginManage:359 - Loaded plugin projectmanager (category:projectmanager,tabindex:3)
2023-12-31 00:38:07,639 [INFO] PluginManage:310 - Check plugin thirdparty
2023-12-31 00:38:07,791 [INFO] PluginManage:359 - Loaded plugin thirdparty (category:base,tabindex:-1)
2023-12-31 00:38:07,791 [WARN] IntegrityCheckThread:84 - waiting for thirdparty lock release [integrity check]
2023-12-31 00:38:07,791 [INFO] IntegrityCheckThread:86 - entering critical section [integrity check]
2023-12-31 00:38:07,792 [INFO] PluginManage:310 - Check plugin tools
2023-12-31 00:38:07,792 [INFO] ThirdPartyUpdaterWithRetryManager:70 - Updater plugin not ready yet. [1/15]
2023-12-31 00:38:07,795 [INFO] PluginManage:359 - Loaded plugin tools (category:base,tabindex:7)
2023-12-31 00:38:07,795 [INFO] PluginManage:310 - Check plugin tutovideos
2023-12-31 00:38:07,977 [INFO] PluginManage:359 - Loaded plugin tutovideos (category:base,tabindex:-1)
2023-12-31 00:38:07,977 [INFO] PluginManage:310 - Check plugin updater
2023-12-31 00:38:07,990 [INFO] PluginManage:359 - Loaded plugin updater (category:base,tabindex:12)
2023-12-31 00:38:07,990 [INFO] PluginManage:310 - Check plugin userauth
2023-12-31 00:38:07,997 [INFO] UserAuth:114 - Init User Auth plugin
2023-12-31 00:38:07,997 [INFO] PluginManage:359 - Loaded plugin userauth (category:base,tabindex:14)
2023-12-31 00:38:07,997 [INFO] PluginManage:283 - PluginManage : Loaded plugins [17]
2023-12-31 00:38:08,220 [INFO] PinOutPanel:1499 - setPackage(No Configuration,No Configuration)
2023-12-31 00:38:08,288 [INFO] CADModel:165 - CPN selected for project level
2023-12-31 00:38:08,289 [INFO] CADModel:114 - Register for checkConnection events
2023-12-31 00:38:08,308 [INFO] IPUIPlugin:80 - create IPUIPlugin
2023-12-31 00:38:08,308 [INFO] PluginManager:220 - loadIPPluginJar : add adc
2023-12-31 00:38:08,310 [INFO] IPUIPlugin:80 - create IPUIPlugin
2023-12-31 00:38:08,310 [INFO] PluginManager:220 - loadIPPluginJar : add aes
2023-12-31 00:38:08,313 [INFO] IPUIPlugin:80 - create IPUIPlugin
2023-12-31 00:38:08,313 [INFO] PluginManager:220 - loadIPPluginJar : add can
2023-12-31 00:38:08,314 [INFO] IPUIPlugin:80 - create IPUIPlugin
2023-12-31 00:38:08,314 [INFO] PluginManager:220 - loadIPPluginJar : add comp
2023-12-31 00:38:08,317 [INFO] IPUIPlugin:80 - create IPUIPlugin
2023-12-31 00:38:08,317 [INFO] PluginManager:220 - loadIPPluginJar : add cryp
2023-12-31 00:38:08,319 [INFO] IPUIPlugin:80 - create IPUIPlugin
2023-12-31 00:38:08,319 [INFO] PluginManager:220 - loadIPPluginJar : add dfsdm
2023-12-31 00:38:08,324 [INFO] IPUIPlugin:80 - create IPUIPlugin
2023-12-31 00:38:08,325 [INFO] PluginManager:220 - loadIPPluginJar : add dma
2023-12-31 00:38:08,327 [INFO] IPUIPlugin:80 - create IPUIPlugin
2023-12-31 00:38:08,327 [INFO] PluginManager:220 - loadIPPluginJar : add dma3
2023-12-31 00:38:08,329 [INFO] IPUIPlugin:80 - create IPUIPlugin
2023-12-31 00:38:08,329 [INFO] PluginManager:220 - loadIPPluginJar : add fatfs
2023-12-31 00:38:08,333 [INFO] IPUIPlugin:80 - create IPUIPlugin
2023-12-31 00:38:08,333 [INFO] PluginManager:220 - loadIPPluginJar : add fmc
2023-12-31 00:38:08,339 [INFO] IPUIPlugin:80 - create IPUIPlugin
2023-12-31 00:38:08,339 [INFO] PluginManager:220 - loadIPPluginJar : add freertos
2023-12-31 00:38:08,340 [INFO] IPUIPlugin:80 - create IPUIPlugin
2023-12-31 00:38:08,340 [INFO] PluginManager:220 - loadIPPluginJar : add genericplugin
2023-12-31 00:38:08,342 [INFO] IPUIPlugin:80 - create IPUIPlugin
2023-12-31 00:38:08,343 [INFO] PluginManager:220 - loadIPPluginJar : add gfxmmu
2023-12-31 00:38:08,347 [INFO] IPUIPlugin:80 - create IPUIPlugin
2023-12-31 00:38:08,347 [INFO] PluginManager:220 - loadIPPluginJar : add gic
2023-12-31 00:38:08,352 [INFO] IPUIPlugin:80 - create IPUIPlugin
2023-12-31 00:38:08,352 [INFO] PluginManager:220 - loadIPPluginJar : add gpio
2023-12-31 00:38:08,356 [INFO] IPUIPlugin:80 - create IPUIPlugin
2023-12-31 00:38:08,356 [INFO] PluginManager:220 - loadIPPluginJar : add gtzc
2023-12-31 00:38:08,358 [INFO] IPUIPlugin:80 - create IPUIPlugin
2023-12-31 00:38:08,358 [INFO] PluginManager:220 - loadIPPluginJar : add hash
2023-12-31 00:38:08,360 [INFO] IPUIPlugin:80 - create IPUIPlugin
2023-12-31 00:38:08,360 [INFO] PluginManager:220 - loadIPPluginJar : add i2c
2023-12-31 00:38:08,363 [INFO] IPUIPlugin:80 - create IPUIPlugin
2023-12-31 00:38:08,363 [INFO] PluginManager:220 - loadIPPluginJar : add i2s
2023-12-31 00:38:08,365 [INFO] IPUIPlugin:80 - create IPUIPlugin
2023-12-31 00:38:08,365 [INFO] PluginManager:220 - loadIPPluginJar : add i3c
2023-12-31 00:38:08,368 [INFO] IPUIPlugin:80 - create IPUIPlugin
2023-12-31 00:38:08,368 [INFO] PluginManager:220 - loadIPPluginJar : add ipddr
2023-12-31 00:38:08,375 [INFO] IPUIPlugin:80 - create IPUIPlugin
2023-12-31 00:38:08,375 [INFO] PluginManager:220 - loadIPPluginJar : add linkedlist
2023-12-31 00:38:08,377 [INFO] IPUIPlugin:80 - create IPUIPlugin
2023-12-31 00:38:08,377 [INFO] PluginManager:220 - loadIPPluginJar : add lorawan
2023-12-31 00:38:08,379 [INFO] IPUIPlugin:80 - create IPUIPlugin
2023-12-31 00:38:08,379 [INFO] PluginManager:220 - loadIPPluginJar : add ltdc
2023-12-31 00:38:08,385 [INFO] IPUIPlugin:80 - create IPUIPlugin
2023-12-31 00:38:08,385 [INFO] PluginManager:220 - loadIPPluginJar : add mdma
2023-12-31 00:38:08,393 [INFO] IPUIPlugin:80 - create IPUIPlugin
2023-12-31 00:38:08,393 [INFO] PluginManager:220 - loadIPPluginJar : add nvic
2023-12-31 00:38:08,395 [INFO] IPUIPlugin:80 - create IPUIPlugin
2023-12-31 00:38:08,395 [INFO] PluginManager:220 - loadIPPluginJar : add opamp
2023-12-31 00:38:08,399 [INFO] IPUIPlugin:80 - create IPUIPlugin
2023-12-31 00:38:08,399 [INFO] PluginManager:220 - loadIPPluginJar : add openamp
2023-12-31 00:38:08,402 [INFO] IPUIPlugin:80 - create IPUIPlugin
2023-12-31 00:38:08,402 [INFO] PluginManager:220 - loadIPPluginJar : add pdm2pcm
2023-12-31 00:38:08,407 [INFO] IPUIPlugin:80 - create IPUIPlugin
2023-12-31 00:38:08,409 [INFO] PluginManager:220 - loadIPPluginJar : add plateformsettings
2023-12-31 00:38:08,411 [INFO] IPUIPlugin:80 - create IPUIPlugin
2023-12-31 00:38:08,411 [INFO] PluginManager:220 - loadIPPluginJar : add quadspi
2023-12-31 00:38:08,416 [INFO] IPUIPlugin:80 - create IPUIPlugin
2023-12-31 00:38:08,416 [INFO] PluginManager:220 - loadIPPluginJar : add resmgrutility
2023-12-31 00:38:08,419 [INFO] IPUIPlugin:80 - create IPUIPlugin
2023-12-31 00:38:08,419 [INFO] PluginManager:220 - loadIPPluginJar : add sai
2023-12-31 00:38:08,422 [INFO] IPUIPlugin:80 - create IPUIPlugin
2023-12-31 00:38:08,422 [INFO] PluginManager:220 - loadIPPluginJar : add spi
2023-12-31 00:38:08,427 [INFO] IPUIPlugin:80 - create IPUIPlugin
2023-12-31 00:38:08,428 [INFO] PluginManager:220 - loadIPPluginJar : add stm32_wpan
2023-12-31 00:38:08,430 [INFO] IPUIPlugin:80 - create IPUIPlugin
2023-12-31 00:38:08,430 [INFO] PluginManager:220 - loadIPPluginJar : add tim
2023-12-31 00:38:08,436 [INFO] IPUIPlugin:80 - create IPUIPlugin
2023-12-31 00:38:08,436 [INFO] PluginManager:220 - loadIPPluginJar : add touchsensing
2023-12-31 00:38:08,438 [INFO] IPUIPlugin:80 - create IPUIPlugin
2023-12-31 00:38:08,439 [INFO] PluginManager:220 - loadIPPluginJar : add tracer_emb
2023-12-31 00:38:08,441 [INFO] IPUIPlugin:80 - create IPUIPlugin
2023-12-31 00:38:08,441 [INFO] PluginManager:220 - loadIPPluginJar : add ts
2023-12-31 00:38:08,442 [INFO] IPUIPlugin:80 - create IPUIPlugin
2023-12-31 00:38:08,443 [INFO] PluginManager:220 - loadIPPluginJar : add tsc
2023-12-31 00:38:08,444 [INFO] IPUIPlugin:80 - create IPUIPlugin
2023-12-31 00:38:08,444 [INFO] PluginManager:220 - loadIPPluginJar : add ucpd
2023-12-31 00:38:08,447 [INFO] IPUIPlugin:80 - create IPUIPlugin
2023-12-31 00:38:08,447 [INFO] PluginManager:220 - loadIPPluginJar : add usart
2023-12-31 00:38:08,449 [INFO] IPUIPlugin:80 - create IPUIPlugin
2023-12-31 00:38:08,450 [INFO] PluginManager:220 - loadIPPluginJar : add usbx
2023-12-31 00:38:08,571 [INFO] CADModel:165 - CPN selected for project level
2023-12-31 00:38:08,571 [INFO] CADModel:114 - Register for checkConnection events
2023-12-31 00:38:08,572 [FATAL] Updater:308 - Updater called before beeing initialized
2023-12-31 00:38:08,572 [ERROR] CADModel:125 - Updater not yet initialized, retry later 
2023-12-31 00:38:08,734 [INFO] CADModel:165 - CPN selected for project level
2023-12-31 00:38:08,734 [INFO] CADModel:114 - Register for checkConnection events
2023-12-31 00:38:08,734 [FATAL] Updater:308 - Updater called before beeing initialized
2023-12-31 00:38:08,735 [ERROR] CADModel:125 - Updater not yet initialized, retry later 
2023-12-31 00:38:08,738 [FATAL] Updater:308 - Updater called before beeing initialized
2023-12-31 00:38:08,857 [FATAL] Updater:308 - Updater called before beeing initialized
2023-12-31 00:38:08,861 [INFO] DbMcusAds:53 - JSON generation date=Wed Nov 29 11:52:27 CET 2023 (1701255147349)
2023-12-31 00:38:08,861 [FATAL] Updater:308 - Updater called before beeing initialized
2023-12-31 00:38:08,895 [WARN] DetailPanel:346 - Failed to get advertising image, set to default
2023-12-31 00:38:08,970 [FATAL] Updater:308 - Updater called before beeing initialized
2023-12-31 00:38:08,972 [FATAL] Updater:308 - Updater called before beeing initialized
2023-12-31 00:38:08,972 [FATAL] Updater:308 - Updater called before beeing initialized
2023-12-31 00:38:08,972 [WARN] DetailPanel:346 - Failed to get advertising image, set to default
2023-12-31 00:38:08,972 [FATAL] Updater:308 - Updater called before beeing initialized
2023-12-31 00:38:09,031 [ERROR] Updater:1120 - MainUpdater not yet initialized. External WinMGr cannot be set.
2023-12-31 00:38:09,034 [INFO] Updater:1056 - Updater Version found : 6.10.0
2023-12-31 00:38:09,055 [INFO] ApplicationProperties:184 - Using Application install path: C:\ST\STM32CubeIDE_1.13.2\STM32CubeIDE\plugins\com.st.stm32cube.common.mx_6.10.0.202311202037
2023-12-31 00:38:10,639 [ERROR] LogOutputStream:75 - [STDERR_REDIRECT] Dec 31, 2023 12:38:10 AM java.util.prefs.WindowsPreferences <init>
2023-12-31 00:38:10,642 [ERROR] LogOutputStream:75 - [STDERR_REDIRECT] WARNING: Could not open/create prefs root node Software\JavaSoft\Prefs at root 0xffffffff80000002. Windows RegCreateKeyEx(...) returned error code 5.
2023-12-31 00:38:10,643 [ERROR] LogOutputStream:75 - [STDERR_REDIRECT] 
2023-12-31 00:38:10,792 [INFO] ThirdPartyUpdaterWithRetryManager:70 - Updater plugin not ready yet. [2/15]
2023-12-31 00:38:11,250 [INFO] MainUpdater:2873 - connection check result : 10
2023-12-31 00:38:11,250 [INFO] MainUpdater:290 - Updater Check For Update Now.
2023-12-31 00:38:11,250 [INFO] MicroXplorer:498 - Change Database Version : DB.6.0.100
2023-12-31 00:38:11,269 [INFO] McuFinderGlobals:63 - Set McuFinder mode to 2 (CubeIDE integrated)
2023-12-31 00:38:11,292 [INFO] UserAuth:404 - Internet connection configuration mode: 1
2023-12-31 00:38:11,339 [INFO] JxBrowserEngine:152 - Initiate JxBrowser Engine with user profile folder
2023-12-31 00:38:11,432 [INFO] CheckServerUpdateThread:120 - End of CheckServer Thread
2023-12-31 00:38:12,512 [INFO] WebApp:161 - Instantiating new browser for Auth
2023-12-31 00:38:13,198 [INFO] WebApp:780 - Register for checkConnection events
2023-12-31 00:38:13,198 [INFO] WebApp:414 - Apply proxy settings
2023-12-31 00:38:13,198 [INFO] WebApp:499 - Chromium requires no authentication
2023-12-31 00:38:13,208 [INFO] WebApp:442 - Direct internet connection detected
2023-12-31 00:38:13,355 [INFO] WebApp:192 - Starting web application
2023-12-31 00:38:13,356 [INFO] WebApp:544 - Web application path used C:\ST\STM32CubeIDE_1.13.2\STM32CubeIDE\plugins\com.st.stm32cube.common.mx_6.10.0.202311202037\db\plugins\mcufinder\reactClient1\index.html
2023-12-31 00:38:14,015 [WARN] PackLoader:240 - Cannot read IP mode file for STMicroelectronics.X-CUBE-SMBUS.2.1.0
2023-12-31 00:38:14,027 [WARN] PackLoader:240 - Cannot read IP mode file for STMicroelectronics.X-CUBE-TOUCHGFX.4.23.0
2023-12-31 00:38:14,066 [WARN] PackLoader:240 - Cannot read IP mode file for STMicroelectronics.X-CUBE-AZRTOS-F7.1.1.0
2023-12-31 00:38:14,079 [WARN] PackLoader:240 - Cannot read IP mode file for STMicroelectronics.FP-SNS-MOTENV1.4.3.2
2023-12-31 00:38:14,085 [WARN] PackLoader:240 - Cannot read IP mode file for STMicroelectronics.FP-SNS-FLIGHT1.5.0.2
2023-12-31 00:38:14,096 [WARN] PackLoader:240 - Cannot read IP mode file for STMicroelectronics.X-CUBE-DISPLAY.3.0.0
2023-12-31 00:38:14,112 [WARN] PackLoader:240 - Cannot read IP mode file for STMicroelectronics.X-CUBE-BLE1.7.0.0
2023-12-31 00:38:14,117 [WARN] PackLoader:240 - Cannot read IP mode file for emotas.I-CUBE-CANOPEN.1.3.0
2023-12-31 00:38:14,121 [WARN] PackLoader:240 - Cannot read IP mode file for STMicroelectronics.X-CUBE-TOUCHGFX.4.22.1
2023-12-31 00:38:14,125 [WARN] PackLoader:240 - Cannot read IP mode file for STMicroelectronics.FP-SNS-SMARTAG2.1.2.0
2023-12-31 00:38:14,138 [INFO] LogOutputStream:77 - [STDOUT_REDIRECT] 1 : Invalid condition id : UX_CORESTACK_Condition cause : null
2023-12-31 00:38:14,139 [INFO] LogOutputStream:77 - [STDOUT_REDIRECT] 1 : Invalid condition id : UX_CORESTACK_Condition cause : null
2023-12-31 00:38:14,141 [INFO] LogOutputStream:77 - [STDOUT_REDIRECT] 1 : Invalid condition id : UX_CORESTACK_Condition cause : null
2023-12-31 00:38:14,144 [INFO] LogOutputStream:77 - [STDOUT_REDIRECT] 1 : Invalid condition id : UX_CORESTACK_Condition cause : null
2023-12-31 00:38:14,145 [INFO] LogOutputStream:77 - [STDOUT_REDIRECT] 1 : Invalid condition id : UX_CORESTACK_Condition cause : null
2023-12-31 00:38:14,151 [WARN] PackLoader:240 - Cannot read IP mode file for STMicroelectronics.X-CUBE-AZRTOS-WL.2.0.0
2023-12-31 00:38:14,164 [WARN] PackLoader:240 - Cannot read IP mode file for WES.I-CUBE-Cesium.1.3.0
2023-12-31 00:38:14,169 [WARN] PackLoader:240 - Cannot read IP mode file for STMicroelectronics.X-CUBE-BLE2.3.3.0
2023-12-31 00:38:14,176 [WARN] PackLoader:240 - Cannot read IP mode file for STMicroelectronics.X-CUBE-ALGOBUILD.1.3.0
2023-12-31 00:38:14,203 [WARN] PackLoader:240 - Cannot read IP mode file for STMicroelectronics.X-CUBE-AZRTOS-G0.1.1.0
2023-12-31 00:38:14,209 [WARN] PackLoader:240 - Cannot read IP mode file for STMicroelectronics.X-CUBE-NFC4.3.0.0
2023-12-31 00:38:14,222 [WARN] PackLoader:240 - Cannot read IP mode file for STMicroelectronics.X-CUBE-BLEMGR.3.0.0
2023-12-31 00:38:14,228 [WARN] PackLoader:240 - Cannot read IP mode file for STMicroelectronics.FP-ATR-SIGFOX1.3.2.0
2023-12-31 00:38:14,234 [WARN] PackLoader:240 - Cannot read IP mode file for STMicroelectronics.X-CUBE-GNSS1.6.0.0
2023-12-31 00:38:14,247 [WARN] PackLoader:240 - Cannot read IP mode file for STMicroelectronics.X-CUBE-AZRTOS-F4.1.1.0
2023-12-31 00:38:14,252 [WARN] PackLoader:240 - Cannot read IP mode file for wolfSSL.I-CUBE-wolfSSL.5.6.4
2023-12-31 00:38:14,269 [WARN] PackLoader:240 - Cannot read IP mode file for STMicroelectronics.X-CUBE-AZRTOS-L5.2.0.0
2023-12-31 00:38:14,278 [WARN] PackLoader:240 - Cannot read IP mode file for STMicroelectronics.X-CUBE-EEPRMA1.4.2.0
2023-12-31 00:38:14,289 [WARN] PackLoader:240 - Cannot read IP mode file for ITTIA_DB.I-CUBE-ITTIADB.8.8.0
2023-12-31 00:38:14,299 [WARN] ConditionMgr:438 - getConditionDescription Invalid condition id : UX DEVICE CLASS RTOS Condition cause : null
2023-12-31 00:38:14,299 [WARN] ConditionMgr:438 - getConditionDescription Invalid condition id : UX DEVICE CLASS RTOS Condition cause : null
2023-12-31 00:38:14,302 [WARN] PackLoader:240 - Cannot read IP mode file for STMicroelectronics.X-CUBE-AZRTOS-H7.3.1.0
2023-12-31 00:38:14,302 [WARN] ConditionMgr:1039 - genDependencies : Invalid condition id : UX DEVICE CLASS RTOS Condition cause : null
2023-12-31 00:38:14,302 [WARN] ConditionMgr:1039 - genDependencies : Invalid condition id : UX DEVICE CLASS RTOS Condition cause : null
2023-12-31 00:38:14,303 [WARN] ConditionMgr:1039 - genDependencies : Invalid condition id : UX DEVICE CLASS RTOS Condition cause : null
2023-12-31 00:38:14,303 [WARN] ConditionMgr:1039 - genDependencies : Invalid condition id : UX DEVICE CLASS RTOS Condition cause : null
2023-12-31 00:38:14,303 [WARN] ConditionMgr:1039 - genDependencies : Invalid condition id : UX DEVICE CLASS RTOS Condition cause : null
2023-12-31 00:38:14,308 [WARN] PackLoader:240 - Cannot read IP mode file for STMicroelectronics.X-CUBE-NFC7.1.0.1
2023-12-31 00:38:14,314 [WARN] PackLoader:240 - Cannot read IP mode file for STMicroelectronics.X-CUBE-NFC6.3.0.0
2023-12-31 00:38:14,318 [WARN] PackLoader:240 - Cannot read IP mode file for STMicroelectronics.X-CUBE-AI.8.1.0
2023-12-31 00:38:14,328 [WARN] ConditionMgr:438 - getConditionDescription Invalid condition id : LAN8742 Phy interface Condition cause : null
2023-12-31 00:38:14,328 [WARN] PackLoader:240 - Cannot read IP mode file for STMicroelectronics.X-CUBE-AZRTOS-L4.2.0.0
2023-12-31 00:38:14,329 [WARN] ConditionMgr:1039 - genDependencies : Invalid condition id : LAN8742 Phy interface Condition cause : null
2023-12-31 00:38:14,329 [WARN] ConditionMgr:1039 - genDependencies : Invalid condition id : LAN8742 Phy interface Condition cause : null
2023-12-31 00:38:14,330 [WARN] ConditionMgr:1039 - genDependencies : Invalid condition id : LAN8742 Phy interface Condition cause : null
2023-12-31 00:38:14,335 [WARN] PackLoader:240 - Cannot read IP mode file for STMicroelectronics.X-CUBE-SFXS2LP1.4.0.0
2023-12-31 00:38:14,339 [WARN] PackLoader:240 - Cannot read IP mode file for STMicroelectronics.X-CUBE-ISPU.1.1.0
2023-12-31 00:38:14,347 [WARN] ConditionMgr:438 - getConditionDescription Invalid condition id : UX DEVICE CLASS RTOS Condition cause : null
2023-12-31 00:38:14,347 [WARN] ConditionMgr:438 - getConditionDescription Invalid condition id : UX DEVICE CLASS RTOS Condition cause : null
2023-12-31 00:38:14,349 [WARN] PackLoader:240 - Cannot read IP mode file for STMicroelectronics.X-CUBE-AZRTOS-WB.2.0.0
2023-12-31 00:38:14,350 [WARN] ConditionMgr:1039 - genDependencies : Invalid condition id : UX DEVICE CLASS RTOS Condition cause : null
2023-12-31 00:38:14,350 [WARN] ConditionMgr:1039 - genDependencies : Invalid condition id : UX DEVICE CLASS RTOS Condition cause : null
2023-12-31 00:38:14,351 [WARN] ConditionMgr:1039 - genDependencies : Invalid condition id : UX DEVICE CLASS RTOS Condition cause : null
2023-12-31 00:38:14,351 [WARN] ConditionMgr:1039 - genDependencies : Invalid condition id : UX DEVICE CLASS RTOS Condition cause : null
2023-12-31 00:38:14,351 [WARN] ConditionMgr:1039 - genDependencies : Invalid condition id : UX DEVICE CLASS RTOS Condition cause : null
2023-12-31 00:38:14,360 [WARN] PackLoader:240 - Cannot read IP mode file for STMicroelectronics.X-CUBE-SUBG2.5.0.0
2023-12-31 00:38:14,376 [WARN] PackLoader:240 - Cannot read IP mode file for STMicroelectronics.X-CUBE-AZRTOS-G4.2.0.0
2023-12-31 00:38:14,390 [WARN] PackLoader:240 - Cannot read IP mode file for Infineon.AIROC-Wi-Fi-Bluetooth-STM32.1.5.1
2023-12-31 00:38:14,395 [WARN] PackLoader:240 - Cannot read IP mode file for STMicroelectronics.FP-SNS-MOTENVWB1.1.3.1
2023-12-31 00:38:14,400 [WARN] PackLoader:240 - Cannot read IP mode file for STMicroelectronics.X-CUBE-ISPU.2.0.0
2023-12-31 00:38:14,441 [WARN] PackLoader:240 - Cannot read IP mode file for STMicroelectronics.X-CUBE-MEMS1.10.0.0
2023-12-31 00:38:14,589 [WARN] PackLoader:240 - Cannot read IP mode file for STMicroelectronics.X-CUBE-FREERTOS.1.1.0
2023-12-31 00:38:14,593 [WARN] PackLoader:240 - Cannot read IP mode file for portGmbH.I-Cube-SoM-uGOAL.1.1.0
2023-12-31 00:38:14,598 [WARN] PackLoader:240 - Cannot read IP mode file for STMicroelectronics.X-CUBE-ALS.1.0.1
2023-12-31 00:38:14,602 [WARN] PackLoader:240 - Cannot read IP mode file for STMicroelectronics.FP-ATR-ASTRA1.2.0.0
2023-12-31 00:38:14,610 [WARN] PackLoader:240 - Cannot read IP mode file for STMicroelectronics.X-CUBE-TOF1.3.4.0
2023-12-31 00:38:14,634 [WARN] PackLoader:240 - Cannot read IP mode file for STMicroelectronics.X-CUBE-AZRTOS-H7.3.2.0
2023-12-31 00:38:14,639 [INFO] ThirdParty:978 - Integrity check success = true
2023-12-31 00:38:14,639 [INFO] IntegrityCheckThread:100 - exiting critical section [integrity check]
2023-12-31 00:38:14,639 [INFO] IntegrityCheckThread:103 - End integrity checks thread
2023-12-31 00:38:34,034 [ERROR] LogOutputStream:75 - [STDERR_REDIRECT] SLF4J: Failed to load class "org.slf4j.impl.StaticLoggerBinder".
2023-12-31 00:38:34,035 [ERROR] LogOutputStream:75 - [STDERR_REDIRECT] SLF4J: Defaulting to no-operation (NOP) logger implementation
2023-12-31 00:38:34,036 [ERROR] LogOutputStream:75 - [STDERR_REDIRECT] SLF4J: See http://www.slf4j.org/codes.html#StaticLoggerBinder for further details.
2023-12-31 01:00:30,695 [INFO] McuFinderGlobals:63 - Set McuFinder mode to 2 (CubeIDE integrated)
2023-12-31 01:00:30,721 [INFO] MainUpdater:2873 - connection check result : 10
2023-12-31 01:00:30,728 [INFO] MainUpdater:2873 - connection check result : 10
2023-12-31 01:00:30,960 [INFO] MicroXplorer:468 - Change Database Path : 
2023-12-31 01:00:30,960 [INFO] MicroXplorer:498 - Change Database Version : DB.6.0.100
2023-12-31 01:00:30,964 [WARN] ThirdParty:871 - waiting for thirdparty lock release [close project]
2023-12-31 01:00:30,966 [INFO] ThirdParty:873 - entering critical section [close project]
2023-12-31 01:00:30,966 [INFO] ThirdParty:883 - exiting critical section [close project]
2023-12-31 01:00:30,967 [INFO] PinOutPanel:1499 - setPackage(No Configuration,No Configuration)
2023-12-31 01:00:30,972 [INFO] UtilMem:75 - Begin LoadConfig() Used Memory: 220419112 Bytes (905969664)
2023-12-31 01:00:30,974 [INFO] MicroXplorer:468 - Change Database Path : 
2023-12-31 01:00:30,974 [INFO] MicroXplorer:498 - Change Database Version : DB.6.0.100
2023-12-31 01:00:30,974 [INFO] OpenFileManager:312 - Change cursor
2023-12-31 01:00:31,030 [INFO] Mcu:2016 - Initializing MCU STM32F042F4Px STM32F042F4Px STM32F042F4P6
2023-12-31 01:00:32,286 [INFO] Context:659 - Trying to add GPIOservice into a context  which must be forbidden
2023-12-31 01:00:32,720 [INFO] RtosManager:555 - Registered RTOS mode: class=CMSIS, group=RTOS, mode=CMSIS_V1, owner=FREERTOS
2023-12-31 01:00:32,720 [INFO] RtosManager:555 - Registered RTOS mode: class=CMSIS, group=RTOS2, mode=CMSIS_V2, owner=FREERTOS
2023-12-31 01:00:32,720 [INFO] RtosManager:555 - Registered RTOS mode: class=RTOS, group=Core, mode=CMSIS_V1, owner=FREERTOS
2023-12-31 01:00:32,720 [INFO] RtosManager:555 - Registered RTOS mode: class=RTOS, group=Core, mode=CMSIS_V2, owner=FREERTOS
2023-12-31 01:00:32,721 [WARN] ModelIntegratedComponent:184 - Missing modes for component STMicroelectronics:FreeRTOS:0.0.1:STMicroelectronics:RTOS:FreeRTOS:Core:::10.2.0:
2023-12-31 01:00:32,736 [WARN] ModelIntegratedComponent:63 - No mode defined for component null
2023-12-31 01:00:32,736 [WARN] ModelIntegratedComponent:63 - No mode defined for component null
2023-12-31 01:00:32,736 [WARN] ModelIntegratedComponent:63 - No mode defined for component null
2023-12-31 01:00:32,736 [WARN] ModelIntegratedComponent:63 - No mode defined for component null
2023-12-31 01:00:32,736 [WARN] ModelIntegratedComponent:63 - No mode defined for component null
2023-12-31 01:00:32,736 [WARN] ModelIntegratedComponent:63 - No mode defined for component null
2023-12-31 01:00:32,736 [WARN] ModelIntegratedComponent:63 - No mode defined for component null
2023-12-31 01:00:32,736 [WARN] ModelIntegratedComponent:63 - No mode defined for component null
2023-12-31 01:00:32,736 [WARN] ModelIntegratedComponent:63 - No mode defined for component null
2023-12-31 01:00:32,736 [WARN] ModelIntegratedComponent:63 - No mode defined for component null
2023-12-31 01:00:32,736 [WARN] ModelIntegratedComponent:63 - No mode defined for component null
2023-12-31 01:00:32,736 [WARN] ModelIntegratedComponent:63 - No mode defined for component null
2023-12-31 01:00:32,736 [WARN] ModelIntegratedComponent:63 - No mode defined for component null
2023-12-31 01:00:32,737 [WARN] ModelIntegratedComponent:63 - No mode defined for component null
2023-12-31 01:00:32,737 [WARN] ModelIntegratedComponent:63 - No mode defined for component null
2023-12-31 01:00:32,737 [WARN] ModelIntegratedComponent:63 - No mode defined for component null
2023-12-31 01:00:32,737 [WARN] ModelIntegratedComponent:63 - No mode defined for component null
2023-12-31 01:00:32,737 [WARN] ModelIntegratedComponent:63 - No mode defined for component null
2023-12-31 01:00:32,737 [WARN] ModelIntegratedComponent:63 - No mode defined for component null
2023-12-31 01:00:32,737 [WARN] ModelIntegratedComponent:63 - No mode defined for component null
2023-12-31 01:00:32,737 [WARN] ModelIntegratedComponent:63 - No mode defined for component null
2023-12-31 01:00:32,737 [WARN] ModelIntegratedComponent:63 - No mode defined for component null
2023-12-31 01:00:32,737 [WARN] ModelIntegratedComponent:63 - No mode defined for component null
2023-12-31 01:00:32,737 [WARN] ModelIntegratedComponent:63 - No mode defined for component null
2023-12-31 01:00:32,737 [WARN] ModelIntegratedComponent:63 - No mode defined for component null
2023-12-31 01:00:32,738 [WARN] ModelIntegratedComponent:63 - No mode defined for component null
2023-12-31 01:00:32,738 [WARN] ModelIntegratedComponent:63 - No mode defined for component null
2023-12-31 01:00:32,738 [WARN] ModelIntegratedComponent:63 - No mode defined for component null
2023-12-31 01:00:32,738 [WARN] ModelIntegratedComponent:63 - No mode defined for component null
2023-12-31 01:00:32,738 [WARN] ModelIntegratedComponent:63 - No mode defined for component null
2023-12-31 01:00:32,738 [WARN] ModelIntegratedComponent:63 - No mode defined for component null
2023-12-31 01:00:32,738 [WARN] ModelIntegratedComponent:63 - No mode defined for component null
2023-12-31 01:00:32,738 [WARN] ModelIntegratedComponent:63 - No mode defined for component null
2023-12-31 01:00:32,861 [INFO] ThirdPartyModel:298 - Start build external matchings
2023-12-31 01:00:33,037 [INFO] ThirdPartyModel:316 - End build external matchings
2023-12-31 01:00:33,057 [INFO] ImportTextPane:194 - (OptionalMessage_ERROR) IP (DMA) : Parameter (Instance) has Id (ADC) currently not set
2023-12-31 01:00:33,057 [INFO] ImportTextPane:194 - (OptionalMessage_ERROR) IP (DMA) : Parameter (Direction) has Id (ADC) currently not set
2023-12-31 01:00:33,057 [INFO] ImportTextPane:194 - (OptionalMessage_ERROR) IP (DMA) : Parameter (PeriphInc) has Id (ADC) currently not set
2023-12-31 01:00:33,057 [INFO] ImportTextPane:194 - (OptionalMessage_ERROR) IP (DMA) : Parameter (MemInc) has Id (ADC) currently not set
2023-12-31 01:00:33,058 [INFO] ImportTextPane:194 - (OptionalMessage_ERROR) IP (DMA) : Parameter (PeriphDataAlignment) has Id (ADC) currently not set
2023-12-31 01:00:33,058 [INFO] ImportTextPane:194 - (OptionalMessage_ERROR) IP (DMA) : Parameter (MemDataAlignment) has Id (ADC) currently not set
2023-12-31 01:00:33,058 [INFO] ImportTextPane:194 - (OptionalMessage_ERROR) IP (DMA) : Parameter (Mode) has Id (ADC) currently not set
2023-12-31 01:00:33,058 [INFO] ImportTextPane:194 - (OptionalMessage_ERROR) IP (DMA) : Parameter (Priority) has Id (ADC) currently not set
2023-12-31 01:00:33,276 [INFO] UtilMem:75 - End LoadConfig() Used Memory: 462877864 Bytes (748683264)
2023-12-31 01:00:33,426 [INFO] ApiDb:581 - Connected to CubeFinder SQLite database (C:\Users\aleja\.stmcufinder\plugins\mcufinder\mcu\cube-finder-db.db)
2023-12-31 01:00:33,518 [INFO] ApiDb:668 - CubeFinder database Data Model version=2.1
2023-12-31 01:00:33,518 [INFO] ApiDb:669 - CubeFinder database Configuration version=3.0.39
2023-12-31 01:00:33,519 [INFO] ApiDb:670 - CubeFinder database generation date=2023-12-08 (1702028721)
2023-12-31 01:00:33,520 [INFO] ApiDb:671 - CubeFinder database FW Pack versions=[FP-ATR-ASTRA1_V2.0.0, FP-SNS-FLIGHT1_V5.0.1, FP-SNS-FLIGHT1_V5.0.2, FP-SNS-MOTENV1_V4.3.1, FP-SNS-MOTENV1_V4.3.2, FP-SNS-MOTENVWB1_V1.3.1, FP-SNS-SMARTAG2_V1.2.0, STM32Cube_FW_C0_V1.1.0, STM32Cube_FW_F4_V1.28.0, STM32Cube_FW_F7_V1.17.0, STM32Cube_FW_G0_V1.6.1, STM32Cube_FW_G4_V1.5.1, STM32Cube_FW_H5_V0.5.1, STM32Cube_FW_H5_V1.1.1, STM32Cube_FW_H5_V1.2.0RC2, STM32Cube_FW_H7_V1.11.0, STM32Cube_FW_L0_V1.12.2, STM32Cube_FW_L5_V1.5.0, STM32Cube_FW_U5_V1.3.0RC4, STM32Cube_FW_U5_V1.4.0, STM32Cube_FW_WBA_V1.0.0RC1, STM32Cube_FW_WBA_V1.1.0RC1, STM32Cube_FW_WBA_V1.2.0, STM32Cube_FW_WBA_V1.2.0RC2, STM32Cube_FW_WB_V1.15.0RC1, STM32Cube_FW_WB_V1.16.0, STM32Cube_FW_WB_V1.16.0RC2, STM32Cube_FW_WB_V1.18.0, STM32Cube_FW_WL_V1.3.0, X-CUBE-ALGOBUILD_V1.3.0, X-CUBE-ALS_V1.0.1, X-CUBE-AZRTOS-F4_V1.1.0, X-CUBE-AZRTOS-F7_V1.1.0, X-CUBE-AZRTOS-G0_V1.1.0, X-CUBE-AZRTOS-G4_V2.0.0, X-CUBE-AZRTOS-H7_V3.1.0, X-CUBE-AZRTOS-L4_V1.0.0, X-CUBE-AZRTOS-L4_V2.0.0, X-CUBE-AZRTOS-L5_V1.1.0, X-CUBE-AZRTOS-WB_V2.0.0, X-CUBE-AZRTOS-WL_V2.0.0, X-CUBE-BLE1_V7.0.0, X-CUBE-BLE2_V3.3.0, X-CUBE-BLEMGR_V3.0.0, X-CUBE-EEPRMA1_V4.1.0, X-CUBE-EEPRMA1_V4.2.0, X-CUBE-FREERTOS_V1.1.0, X-CUBE-GNSS1_V6.0.0, X-CUBE-MEMS1_V10.0.0, X-CUBE-MEMS1_V9.1.0, X-CUBE-MEMS1_V9.4.0, X-CUBE-MEMS1_V9.6.0, X-CUBE-NFC4_V3.0.0, X-CUBE-NFC7_V1.0.1, X-CUBE-SFXS2LP1_V4.0.0, X-CUBE-SUBG2_V5.0.0, X-CUBE-TOF1_V3.4.0]
2023-12-31 01:00:35,598 [INFO] ApiDb:240 - Found 371 in-development CPN: [B-G473E-ZEST1S, B-WB1M-WPAN1, B-WL5M-SUBG1, NUCLEO-C031C6, NUCLEO-H503RB, NUCLEO-H563ZI, NUCLEO-U545RE-Q, NUCLEO-U5A5ZJ-Q, NUCLEO-WBA52CG, NUCLEO-WBA55CG, STEVAL-MKBOXPRO, STEVAL-PROTEUS1, STEVAL-STWINBX1, STM320518-EVAL, STM32C0116-DK, STM32C011D6Y3TR, STM32C011D6Y6TR, STM32C011F4P3, STM32C011F4P6, STM32C011F4U3, STM32C011F4U6TR, STM32C011F6P3, STM32C011F6P6, STM32C011F6U3, STM32C011F6U6TR, STM32C011J4M3, STM32C011J4M6, STM32C011J6M3, STM32C011J6M6, STM32C0316-DK, STM32C031C4T3, STM32C031C4T6, STM32C031C4U3, STM32C031C4U6, STM32C031C6T3, STM32C031C6T6, STM32C031C6U3, STM32C031C6U6, STM32C031F4P3, STM32C031F4P6, STM32C031F6P3, STM32C031F6P6, STM32C031G4U3, STM32C031G4U6, STM32C031G6U3, STM32C031G6U6, STM32C031K4T3, STM32C031K4T6, STM32C031K4U3, STM32C031K4U6, STM32C031K6T3, STM32C031K6T6, STM32C031K6U3, STM32C031K6U6, STM32G071K8TXN, STM32G071K8UXN, STM32G081GBU6N, STM32G081KBT6N, STM32G081KBUXN, STM32G0B1CCT6N, STM32G0B1KCT6, STM32G0B1NEY6TR, STM32G0B1RCT6N, STM32G0C1CCT6, STM32G0C1CCT6N, STM32G0C1CCU6N, STM32G0C1CET6N, STM32G0C1CEU6N, STM32G0C1KCT6, STM32G0C1NEY6TR, STM32G0C1RCI6N, STM32G0C1RCT6N, STM32G0C1REI6N, STM32G0C1RET6N, STM32G0C1VCI6, STM32G0C1VEI6, STM32G471CCT6, STM32G471CCU6, STM32G471CET3, STM32G471CET6, STM32G471CEU3, STM32G471CEU6, STM32G471MCT6, STM32G471MET3, STM32G471MET6, STM32G471MEY6TR, STM32G471QCT6, STM32G471QET3, STM32G471RCT6, STM32G471RET3, STM32G471RET6, STM32G471VCH6, STM32G471VCI6, STM32G471VCT6, STM32G471VEH3, STM32G471VEH6, STM32G471VEI3, STM32G471VEI6, STM32G471VET3, STM32G471VET6, STM32G474CCT6, STM32H503CBT6, STM32H503CBU6, STM32H503EBY6TR, STM32H503KBU6, STM32H503RBT6, STM32H562AGI6, STM32H562AII6, STM32H562IGK6, STM32H562IGT6, STM32H562IIK6, STM32H562IIT6, STM32H562RGT6, STM32H562RGV6, STM32H562RIT6, STM32H562RIV6, STM32H562VGT6, STM32H562VIT6, STM32H562ZGT6, STM32H562ZIT6, STM32H563AGI6, STM32H563AII3Q, STM32H563AII6, STM32H563IGK6, STM32H563IGT6, STM32H563IIK3Q, STM32H563IIK6, STM32H563IIT3Q, STM32H563IIT6, STM32H563MIY3QTR, STM32H563RGT6, STM32H563RGV6, STM32H563RIT6, STM32H563RIV6, STM32H563VGT6, STM32H563VIT3Q, STM32H563VIT6, STM32H563ZGT6, STM32H563ZIT3Q, STM32H563ZIT6, STM32H573AII3Q, STM32H573AII6, STM32H573I-DK, STM32H573IIK3Q, STM32H573IIK6, STM32H573IIT3Q, STM32H573IIT6, STM32H573MIY3QTR, STM32H573RIT6, STM32H573RIV6, STM32H573VIT3Q, STM32H573VIT6, STM32H573ZIT3Q, STM32H573ZIT6, STM32L4R5QGI6STR, STM32MP131AAE3, STM32MP131AAF3, STM32MP131AAG3, STM32MP131CAE3, STM32MP131CAF3, STM32MP131CAG3, STM32MP131DAE7, STM32MP131DAF7, STM32MP131DAG7, STM32MP131FAE7, STM32MP131FAF7, STM32MP131FAG7, STM32MP133AAE3, STM32MP133AAF3, STM32MP133AAG3, STM32MP133CAE3, STM32MP133CAF3, STM32MP133CAG3, STM32MP133DAE7, STM32MP133DAF7, STM32MP133DAG7, STM32MP133FAE7, STM32MP133FAF7, STM32MP133FAG7, STM32MP135AAE3, STM32MP135AAF3, STM32MP135AAG3, STM32MP135CAE3, STM32MP135CAF3, STM32MP135CAG3, STM32MP135DAE7, STM32MP135DAF7, STM32MP135DAG7, STM32MP135F-DK, STM32MP135FAE7, STM32MP135FAF7, STM32MP135FAF7T, STM32MP135FAF7U, STM32MP135FAG7, STM32U535CBT6, STM32U535CBT6Q, STM32U535CBU6, STM32U535CBU6Q, STM32U535CCT6, STM32U535CCT6Q, STM32U535CCU6, STM32U535CCU6Q, STM32U535CET6, STM32U535CET6Q, STM32U535CEU6, STM32U535CEU6Q, STM32U535JEY6QTR, STM32U535NCY6QTR, STM32U535NEY6QTR, STM32U535RBI6, STM32U535RBI6Q, STM32U535RBT6, STM32U535RBT6Q, STM32U535RCI6, STM32U535RCI6Q, STM32U535RCT6, STM32U535RCT6Q, STM32U535REI6, STM32U535REI6Q, STM32U535RET6, STM32U535RET6Q, STM32U535VCI6, STM32U535VCI6Q, STM32U535VCT6, STM32U535VCT6Q, STM32U535VEI6, STM32U535VEI6Q, STM32U535VET6, STM32U535VET6Q, STM32U545CET6, STM32U545CET6Q, STM32U545CEU6, STM32U545CEU6Q, STM32U545JEY6QTR, STM32U545NEY6QTR, STM32U545REI6, STM32U545REI6Q, STM32U545RET6, STM32U545RET6Q, STM32U545VEI6, STM32U545VEI6Q, STM32U545VET6, STM32U545VET6Q, STM32U595AIH6, STM32U595AIH6Q, STM32U595AJH6, STM32U595AJH6Q, STM32U595QII6, STM32U595QII6Q, STM32U595QJI6, STM32U595QJI6Q, STM32U595RIT6, STM32U595RIT6Q, STM32U595RJT6, STM32U595RJT6Q, STM32U595VIT6, STM32U595VIT6Q, STM32U595VJT6, STM32U595VJT6Q, STM32U595ZIT6, STM32U595ZIT6Q, STM32U595ZIY6QTR, STM32U595ZJT6, STM32U595ZJT6Q, STM32U595ZJY6QTR, STM32U599BJY6QTR, STM32U599NIH6Q, STM32U599NJH6Q, STM32U599VIT6Q, STM32U599VJT6, STM32U599VJT6Q, STM32U599ZIT6Q, STM32U599ZIY6QTR, STM32U599ZJT6Q, STM32U599ZJY6QTR, STM32U5A5AJH6, STM32U5A5AJH6Q, STM32U5A5QJI6, STM32U5A5QJI6Q, STM32U5A5RJT6, STM32U5A5RJT6Q, STM32U5A5VJT6, STM32U5A5VJT6Q, STM32U5A5ZJT6, STM32U5A5ZJT6Q, STM32U5A5ZJY6QTR, STM32U5A9BJY6QTR, STM32U5A9J-DK, STM32U5A9NJH6Q, STM32U5A9VJT6Q, STM32U5A9ZJT6Q, STM32U5A9ZJY6QTR, STM32U5F7VIT6, STM32U5F7VIT6Q, STM32U5F7VJT6, STM32U5F7VJT6Q, STM32U5F9BJY6QTR, STM32U5F9NJH6Q, STM32U5F9VIT6Q, STM32U5F9VJT6Q, STM32U5F9ZIJ6QTR, STM32U5F9ZIT6Q, STM32U5F9ZJJ6QTR, STM32U5F9ZJT6Q, STM32U5G7VJT6, STM32U5G7VJT6Q, STM32U5G9BJY6QTR, STM32U5G9J-DK1, STM32U5G9J-DK2, STM32U5G9NJH6Q, STM32U5G9VJT6Q, STM32U5G9ZJJ6QTR, STM32U5G9ZJT6Q, STM32WB1MMCH6, STM32WBA50KEU6, STM32WBA50KEU6TR, STM32WBA50KGU6, STM32WBA50KGU6TR, STM32WBA52CEU6, STM32WBA52CEU6TR, STM32WBA52CEU7, STM32WBA52CEU7TR, STM32WBA52CGU6, STM32WBA52CGU6TR, STM32WBA52CGU6U, STM32WBA52CGU7, STM32WBA52CGU7TR, STM32WBA52KEU6, STM32WBA52KEU6TR, STM32WBA52KGU6, STM32WBA52KGU6TR, STM32WBA54CEU6, STM32WBA54CEU6TR, STM32WBA54CEU7, STM32WBA54CEU7TR, STM32WBA54CGU6, STM32WBA54CGU6TR, STM32WBA54CGU7, STM32WBA54CGU7TR, STM32WBA54KEU6, STM32WBA54KEU6TR, STM32WBA54KEU7, STM32WBA54KEU7TR, STM32WBA54KGU6, STM32WBA54KGU6TR, STM32WBA54KGU7, STM32WBA54KGU7TR, STM32WBA55CEU6, STM32WBA55CEU6TR, STM32WBA55CEU7, STM32WBA55CEU7TR, STM32WBA55CGU6, STM32WBA55CGU6TR, STM32WBA55CGU6U, STM32WBA55CGU7, STM32WBA55CGU7TR, STM32WBA55G-DK1, STM32WBA55HEF6, STM32WBA55HEF7, STM32WBA55HGF6, STM32WBA55HGF7, STM32WBA55UEI6, STM32WBA55UEI6TR, STM32WBA55UEI7, STM32WBA55UEI7TR, STM32WBA55UGI6, STM32WBA55UGI6TR, STM32WBA55UGI7, STM32WBA55UGI7TR, STM32WL5MOCH6, STM32WL5MOCH6TR]
2023-12-31 01:00:35,601 [INFO] DbMcus:218 - Found 3930 MCUs, 3930 are supported
2023-12-31 01:00:35,607 [INFO] ApiDb:423 - Load user favorites file C:\Users\aleja/.stm32cubeide/favorites.mcus.txt: 1 item(s)
2023-12-31 01:00:35,607 [INFO] ApiDb:427 - User favorites MCUs=[STM32F042F4P6]
2023-12-31 01:00:35,608 [INFO] DbMcus:224 - Set 1 / 1 favorites MCUs
2023-12-31 01:00:35,943 [INFO] MicroXplorer:468 - Change Database Path : 
2023-12-31 01:00:35,943 [INFO] MicroXplorer:498 - Change Database Version : DB.6.0.100
2023-12-31 01:00:35,944 [WARN] ThirdParty:833 - waiting for thirdparty lock release [change project]
2023-12-31 01:00:35,944 [INFO] ThirdParty:835 - entering critical section [change project]
2023-12-31 01:00:35,944 [INFO] ThirdParty:1030 - CMSIS Pack Vendor :STMicroelectronics X-CUBE-ISPU 1.1.0
2023-12-31 01:00:35,944 [INFO] ThirdParty:1030 - CMSIS Pack Vendor :STMicroelectronics USBPD 4.1
2023-12-31 01:00:35,944 [INFO] ThirdParty:1030 - CMSIS Pack Vendor :STMicroelectronics X-CUBE-GNSS1 6.0.0
2023-12-31 01:00:35,944 [INFO] ThirdParty:1030 - CMSIS Pack Vendor :STMicroelectronics USB_HOST 2.0.0
2023-12-31 01:00:35,944 [INFO] ThirdParty:1030 - CMSIS Pack Vendor :STMicroelectronics X-CUBE-AZRTOS-F4 1.1.0
2023-12-31 01:00:35,944 [INFO] ThirdParty:1030 - CMSIS Pack Vendor :STMicroelectronics LIBJPEG 8.0.0
2023-12-31 01:00:35,944 [INFO] ThirdParty:1030 - CMSIS Pack Vendor :wolfSSL I-CUBE-wolfSSL 5.6.4
2023-12-31 01:00:35,944 [INFO] ThirdParty:1030 - CMSIS Pack Vendor :STMicroelectronics X-CUBE-SMBUS 2.1.0
2023-12-31 01:00:35,944 [INFO] ThirdParty:1030 - CMSIS Pack Vendor :STMicroelectronics USB_DEVICE 3.0.0
2023-12-31 01:00:35,944 [INFO] ThirdParty:1030 - CMSIS Pack Vendor :STMicroelectronics X-CUBE-AZRTOS-WB 2.0.0
2023-12-31 01:00:35,944 [INFO] ThirdParty:1030 - CMSIS Pack Vendor :STMicroelectronics X-CUBE-TOUCHGFX 4.23.0
2023-12-31 01:00:35,944 [INFO] ThirdParty:1030 - CMSIS Pack Vendor :STMicroelectronics X-CUBE-AZRTOS-F7 1.1.0
2023-12-31 01:00:35,944 [INFO] ThirdParty:1030 - CMSIS Pack Vendor :STMicroelectronics X-CUBE-AZRTOS-L5 2.0.0
2023-12-31 01:00:35,944 [INFO] ThirdParty:1030 - CMSIS Pack Vendor :STMicroelectronics USB_DEVICE 2.0.0
2023-12-31 01:00:35,944 [INFO] ThirdParty:1030 - CMSIS Pack Vendor :STMicroelectronics X-CUBE-EEPRMA1 4.2.0
2023-12-31 01:00:35,945 [INFO] ThirdParty:1030 - CMSIS Pack Vendor :ITTIA_DB I-CUBE-ITTIADB 8.8.0
2023-12-31 01:00:35,945 [INFO] ThirdParty:1030 - CMSIS Pack Vendor :STMicroelectronics FP-SNS-MOTENV1 4.3.2
2023-12-31 01:00:35,945 [INFO] ThirdParty:1030 - CMSIS Pack Vendor :STMicroelectronics X-CUBE-ALGOBUILD 1.3.0
2023-12-31 01:00:35,945 [INFO] ThirdParty:1030 - CMSIS Pack Vendor :STMicroelectronics FreeRTOS 0.0.1
2023-12-31 01:00:35,945 [INFO] ThirdParty:1030 - CMSIS Pack Vendor :STMicroelectronics X-CUBE-AZRTOS-G0 1.1.0
2023-12-31 01:00:35,945 [INFO] ThirdParty:1030 - CMSIS Pack Vendor :STMicroelectronics X-CUBE-NFC4 3.0.0
2023-12-31 01:00:35,945 [INFO] ThirdParty:1030 - CMSIS Pack Vendor :STMicroelectronics X-CUBE-SUBG2 5.0.0
2023-12-31 01:00:35,945 [INFO] ThirdParty:1030 - CMSIS Pack Vendor :STMicroelectronics STM32_WPAN 1.0.0
2023-12-31 01:00:35,945 [INFO] ThirdParty:1030 - CMSIS Pack Vendor :STMicroelectronics lwIP 2.0.3
2023-12-31 01:00:35,945 [INFO] ThirdParty:1030 - CMSIS Pack Vendor :STMicroelectronics FP-SNS-FLIGHT1 5.0.2
2023-12-31 01:00:35,945 [INFO] ThirdParty:1030 - CMSIS Pack Vendor :STMicroelectronics USB_HOST 1.0.0
2023-12-31 01:00:35,946 [INFO] ThirdParty:1030 - CMSIS Pack Vendor :STMicroelectronics X-CUBE-AZRTOS-G4 2.0.0
2023-12-31 01:00:35,946 [INFO] ThirdParty:1030 - CMSIS Pack Vendor :STMicroelectronics PDM2PCM 3.1.0
2023-12-31 01:00:35,946 [INFO] ThirdParty:1030 - CMSIS Pack Vendor :STMicroelectronics X-CUBE-AZRTOS-H7 3.1.0
2023-12-31 01:00:35,946 [INFO] ThirdParty:1030 - CMSIS Pack Vendor :Infineon AIROC-Wi-Fi-Bluetooth-STM32 1.5.1
2023-12-31 01:00:35,946 [INFO] ThirdParty:1030 - CMSIS Pack Vendor :STMicroelectronics X-CUBE-BLEMGR 3.0.0
2023-12-31 01:00:35,946 [INFO] ThirdParty:1030 - CMSIS Pack Vendor :STMicroelectronics PDM2PCM 3.3.0
2023-12-31 01:00:35,946 [INFO] ThirdParty:1030 - CMSIS Pack Vendor :STMicroelectronics X-CUBE-DISPLAY 3.0.0
2023-12-31 01:00:35,946 [INFO] ThirdParty:1030 - CMSIS Pack Vendor :STMicroelectronics FP-SNS-MOTENVWB1 1.3.1
2023-12-31 01:00:35,946 [INFO] ThirdParty:1030 - CMSIS Pack Vendor :STMicroelectronics X-CUBE-BLE1 7.0.0
2023-12-31 01:00:35,946 [INFO] ThirdParty:1030 - CMSIS Pack Vendor :STMicroelectronics FP-ATR-SIGFOX1 3.2.0
2023-12-31 01:00:35,946 [INFO] ThirdParty:1030 - CMSIS Pack Vendor :STMicroelectronics X-CUBE-ISPU 2.0.0
2023-12-31 01:00:35,946 [INFO] ThirdParty:1030 - CMSIS Pack Vendor :STMicroelectronics HAL Drivers 0.0.0
2023-12-31 01:00:35,946 [INFO] ThirdParty:1030 - CMSIS Pack Vendor :STMicroelectronics MBEDTLS 2.16.2
2023-12-31 01:00:35,946 [INFO] ThirdParty:1030 - CMSIS Pack Vendor :emotas I-CUBE-CANOPEN 1.3.0
2023-12-31 01:00:35,946 [INFO] ThirdParty:1030 - CMSIS Pack Vendor :STMicroelectronics X-CUBE-MEMS1 10.0.0
2023-12-31 01:00:35,946 [INFO] ThirdParty:1030 - CMSIS Pack Vendor :STMicroelectronics X-CUBE-FREERTOS 1.1.0
2023-12-31 01:00:35,946 [INFO] ThirdParty:1030 - CMSIS Pack Vendor :STMicroelectronics X-CUBE-NFC7 1.0.1
2023-12-31 01:00:35,946 [INFO] ThirdParty:1030 - CMSIS Pack Vendor :STMicroelectronics MBEDTLS 2.14.1
2023-12-31 01:00:35,947 [INFO] ThirdParty:1030 - CMSIS Pack Vendor :STMicroelectronics X-CUBE-TOUCHGFX 4.22.1
2023-12-31 01:00:35,947 [INFO] ThirdParty:1030 - CMSIS Pack Vendor :STMicroelectronics X-CUBE-NFC6 3.0.0
2023-12-31 01:00:35,947 [INFO] ThirdParty:1030 - CMSIS Pack Vendor :portGmbH I-Cube-SoM-uGOAL 1.1.0
2023-12-31 01:00:35,947 [INFO] ThirdParty:1030 - CMSIS Pack Vendor :STMicroelectronics X-CUBE-ALS 1.0.1
2023-12-31 01:00:35,947 [INFO] ThirdParty:1030 - CMSIS Pack Vendor :STMicroelectronics ThreadX 1.0.0
2023-12-31 01:00:35,947 [INFO] ThirdParty:1030 - CMSIS Pack Vendor :STMicroelectronics FP-SNS-SMARTAG2 1.2.0
2023-12-31 01:00:35,947 [INFO] ThirdParty:1030 - CMSIS Pack Vendor :STMicroelectronics X-CUBE-AZRTOS-WL 2.0.0
2023-12-31 01:00:35,947 [INFO] ThirdParty:1030 - CMSIS Pack Vendor :STMicroelectronics USB_DEVICE 1.0.0
2023-12-31 01:00:35,947 [INFO] ThirdParty:1030 - CMSIS Pack Vendor :STMicroelectronics X-CUBE-AI 8.1.0
2023-12-31 01:00:35,947 [INFO] ThirdParty:1030 - CMSIS Pack Vendor :STMicroelectronics X-CUBE-AZRTOS-L4 2.0.0
2023-12-31 01:00:35,947 [INFO] ThirdParty:1030 - CMSIS Pack Vendor :STMicroelectronics ThreadX 0.0.2
2023-12-31 01:00:35,947 [INFO] ThirdParty:1030 - CMSIS Pack Vendor :WES I-CUBE-Cesium 1.3.0
2023-12-31 01:00:35,948 [INFO] ThirdParty:1030 - CMSIS Pack Vendor :STMicroelectronics FP-ATR-ASTRA1 2.0.0
2023-12-31 01:00:35,948 [INFO] ThirdParty:1030 - CMSIS Pack Vendor :STMicroelectronics lwIP 2.1.2
2023-12-31 01:00:35,948 [INFO] ThirdParty:1030 - CMSIS Pack Vendor :STMicroelectronics X-CUBE-SFXS2LP1 4.0.0
2023-12-31 01:00:35,948 [INFO] ThirdParty:1030 - CMSIS Pack Vendor :STMicroelectronics X-CUBE-BLE2 3.3.0
2023-12-31 01:00:35,948 [INFO] ThirdParty:1030 - CMSIS Pack Vendor :STMicroelectronics X-CUBE-TOF1 3.4.0
2023-12-31 01:00:35,948 [INFO] ThirdParty:1030 - CMSIS Pack Vendor :STMicroelectronics X-CUBE-AZRTOS-H7 3.2.0
2023-12-31 01:00:35,948 [INFO] ThirdParty:1030 - CMSIS Pack Vendor :STMicroelectronics PDM2PCM 3.2.0
2023-12-31 01:00:35,948 [INFO] ThirdParty:841 - exiting critical section [change project]
2023-12-31 01:00:36,237 [INFO] PinOutPanel:1499 - setPackage(No Configuration,No Configuration)
2023-12-31 01:00:36,240 [INFO] PinOutPanel:1499 - setPackage(STM32F042F4Px,TSSOP20)
2023-12-31 01:00:37,285 [INFO] UtilMem:75 - Before build in PCC Used Memory: 261419224 Bytes (678428672)
2023-12-31 01:00:38,230 [INFO] UtilMem:75 - After build in PCC Used Memory: 329878296 Bytes (678428672)
2023-12-31 01:00:38,258 [INFO] IPUIPlugin:80 - create IPUIPlugin
2023-12-31 01:00:38,259 [INFO] IPUIPlugin:80 - create IPUIPlugin
2023-12-31 01:00:38,259 [INFO] IPUIPlugin:80 - create IPUIPlugin
2023-12-31 01:00:38,259 [INFO] IPUIPlugin:80 - create IPUIPlugin
2023-12-31 01:00:38,259 [INFO] IPUIPlugin:80 - create IPUIPlugin
2023-12-31 01:00:38,259 [INFO] IPUIPlugin:80 - create IPUIPlugin
2023-12-31 01:00:38,259 [INFO] IPUIPlugin:80 - create IPUIPlugin
2023-12-31 01:00:38,259 [INFO] IPUIPlugin:80 - create IPUIPlugin
2023-12-31 01:00:38,259 [INFO] IPUIPlugin:80 - create IPUIPlugin
2023-12-31 01:00:38,259 [INFO] IPUIPlugin:80 - create IPUIPlugin
2023-12-31 01:00:38,259 [INFO] IPUIPlugin:80 - create IPUIPlugin
2023-12-31 01:00:38,259 [INFO] IPUIPlugin:80 - create IPUIPlugin
2023-12-31 01:00:38,259 [INFO] IPUIPlugin:80 - create IPUIPlugin
2023-12-31 01:00:38,260 [INFO] IPUIPlugin:80 - create IPUIPlugin
2023-12-31 01:00:38,260 [INFO] IPUIPlugin:80 - create IPUIPlugin
2023-12-31 01:00:38,260 [INFO] IPUIPlugin:80 - create IPUIPlugin
2023-12-31 01:00:38,260 [INFO] IPUIPlugin:80 - create IPUIPlugin
2023-12-31 01:00:38,260 [INFO] IPUIPlugin:80 - create IPUIPlugin
2023-12-31 01:00:38,260 [INFO] IPUIPlugin:80 - create IPUIPlugin
2023-12-31 01:00:38,260 [INFO] IPUIPlugin:80 - create IPUIPlugin
2023-12-31 01:00:38,261 [INFO] IPUIPlugin:80 - create IPUIPlugin
2023-12-31 01:00:38,261 [INFO] IPUIPlugin:80 - create IPUIPlugin
2023-12-31 01:00:38,261 [INFO] IPUIPlugin:80 - create IPUIPlugin
2023-12-31 01:00:38,261 [INFO] IPUIPlugin:80 - create IPUIPlugin
2023-12-31 01:00:38,261 [INFO] IPUIPlugin:80 - create IPUIPlugin
2023-12-31 01:00:38,261 [INFO] IPUIPlugin:80 - create IPUIPlugin
2023-12-31 01:00:38,262 [INFO] IPUIPlugin:80 - create IPUIPlugin
2023-12-31 01:00:38,262 [INFO] IPUIPlugin:80 - create IPUIPlugin
2023-12-31 01:00:38,262 [INFO] IPUIPlugin:80 - create IPUIPlugin
2023-12-31 01:00:38,263 [INFO] IPUIPlugin:80 - create IPUIPlugin
2023-12-31 01:00:38,289 [INFO] Can:71 - Can Add PropertyChangeListener com.st.microxplorer.plugins.ip.can.Can@9c185bf
2023-12-31 01:00:38,528 [INFO] CADModel:165 - CPN selected for project levelSTM32F042F4P6
2023-12-31 01:00:38,528 [INFO] CADModel:114 - Register for checkConnection events
2023-12-31 01:00:38,593 [INFO] OpenFileManager:343 - Restore cursor
2023-12-31 01:01:27,181 [INFO] NvicIntPanel:101 - NVIC parent = com.st.microxplorer.plugins.ip.nvic.MultiNvicIntPanel[,0,0,450x117,layout=javax.swing.BoxLayout,alignmentX=0.0,alignmentY=0.0,border=,flags=9,maximumSize=,minimumSize=,preferredSize=]
2023-12-31 01:02:26,553 [INFO] NvicIntPanel:101 - NVIC parent = com.st.microxplorer.plugins.ip.nvic.MultiNvicIntPanel[,0,0,450x117,layout=javax.swing.BoxLayout,alignmentX=0.0,alignmentY=0.0,border=,flags=9,maximumSize=,minimumSize=,preferredSize=]
2023-12-31 01:02:54,316 [INFO] UtilMem:75 - End SaveConfig() Used Memory: 374717472 Bytes (650117120)
2023-12-31 01:02:55,432 [INFO] UtilMem:75 - End SaveConfig() Used Memory: 476429344 Bytes (650117120)
2023-12-31 01:02:55,990 [INFO] BlockDiagram:2759 - set Specific Code input for plugin: ADC
2023-12-31 01:02:55,990 [INFO] BlockDiagram:2759 - set Specific Code input for plugin: NVIC
2023-12-31 01:02:55,990 [INFO] BlockDiagram:2759 - set Specific Code input for plugin: DMA
2023-12-31 01:02:55,990 [INFO] BlockDiagram:2759 - set Specific Code input for plugin: SYS
2023-12-31 01:02:55,991 [INFO] BlockDiagram:2759 - set Specific Code input for plugin: GPIO
2023-12-31 01:02:55,991 [INFO] BlockDiagram:2759 - set Specific Code input for plugin: CAN
2023-12-31 01:02:55,991 [INFO] BlockDiagram:2759 - set Specific Code input for plugin: RCC
2023-12-31 01:02:55,993 [INFO] CodeGenerator:807 - code generatio: config db path: C:\ST\STM32CubeIDE_1.13.2\STM32CubeIDE\plugins\com.st.stm32cube.common.mx_6.10.0.202311202037\\db\
2023-12-31 01:02:56,240 [INFO] CodeEngine:255 - oldGeneratedFile, C:\Users\aleja\OneDrive\Escritorio\gettingStartedSTM\newNode_v0\MXTmpFiles\license.tmp_save
2023-12-31 01:02:56,932 [INFO] CodeEngine:279 - Generated code: C:\Users\aleja\OneDrive\Escritorio\gettingStartedSTM\newNode_v0\MXTmpFiles\license.tmp
2023-12-31 01:02:57,127 [INFO] CodeEngine:255 - oldGeneratedFile, C:\Users\aleja\OneDrive\Escritorio\gettingStartedSTM\newNode_v0\MXTmpFiles\gpio.tmp_save
2023-12-31 01:02:57,276 [INFO] CodeEngine:279 - Generated code: C:\Users\aleja\OneDrive\Escritorio\gettingStartedSTM\newNode_v0\MXTmpFiles\gpio.tmp
2023-12-31 01:02:57,528 [INFO] CodeEngine:255 - oldGeneratedFile, C:\Users\aleja\OneDrive\Escritorio\gettingStartedSTM\newNode_v0\MXTmpFiles\dma.tmp_save
2023-12-31 01:02:57,643 [INFO] CodeEngine:279 - Generated code: C:\Users\aleja\OneDrive\Escritorio\gettingStartedSTM\newNode_v0\MXTmpFiles\dma.tmp
2023-12-31 01:02:57,655 [INFO] CodeEngine:255 - oldGeneratedFile, C:\Users\aleja\OneDrive\Escritorio\gettingStartedSTM\newNode_v0\MXTmpFiles\dma_GV.tmp_save
2023-12-31 01:02:57,719 [INFO] CodeEngine:279 - Generated code: C:\Users\aleja\OneDrive\Escritorio\gettingStartedSTM\newNode_v0\MXTmpFiles\dma_GV.tmp
2023-12-31 01:02:57,753 [INFO] CodeEngine:255 - oldGeneratedFile, C:\Users\aleja\OneDrive\Escritorio\gettingStartedSTM\newNode_v0\Core\Src\stm32f0xx_it.c_save
2023-12-31 01:02:57,883 [INFO] CodeEngine:279 - Generated code: C:\Users\aleja\OneDrive\Escritorio\gettingStartedSTM\newNode_v0\Core\Src\stm32f0xx_it.c
2023-12-31 01:02:57,909 [INFO] CodeEngine:255 - oldGeneratedFile, C:\Users\aleja\OneDrive\Escritorio\gettingStartedSTM\newNode_v0\Core\Inc\stm32f0xx_it.h_save
2023-12-31 01:02:58,001 [INFO] CodeEngine:279 - Generated code: C:\Users\aleja\OneDrive\Escritorio\gettingStartedSTM\newNode_v0\Core\Inc\stm32f0xx_it.h
2023-12-31 01:02:58,036 [INFO] CodeEngine:255 - oldGeneratedFile, C:\Users\aleja\OneDrive\Escritorio\gettingStartedSTM\newNode_v0\Core\Src\stm32f0xx_hal_msp.c_save
2023-12-31 01:02:58,249 [INFO] CodeEngine:279 - Generated code: C:\Users\aleja\OneDrive\Escritorio\gettingStartedSTM\newNode_v0\Core\Src\stm32f0xx_hal_msp.c
2023-12-31 01:02:58,265 [INFO] CodeEngine:255 - oldGeneratedFile, C:\Users\aleja\OneDrive\Escritorio\gettingStartedSTM\newNode_v0\MXTmpFiles\system.tmp_save
2023-12-31 01:02:58,332 [INFO] CodeEngine:279 - Generated code: C:\Users\aleja\OneDrive\Escritorio\gettingStartedSTM\newNode_v0\MXTmpFiles\system.tmp
2023-12-31 01:02:58,365 [INFO] CodeEngine:311 - oldGeneratedFile, C:\Users\aleja\OneDrive\Escritorio\gettingStartedSTM\newNode_v0\Core\Inc\stm32f0xx_hal_conf.h_save
2023-12-31 01:02:58,473 [INFO] CodeEngine:335 - Generated code: C:\Users\aleja\OneDrive\Escritorio\gettingStartedSTM\newNode_v0\Core\Inc\stm32f0xx_hal_conf.h
2023-12-31 01:02:58,546 [INFO] CodeEngine:255 - oldGeneratedFile, C:\Users\aleja\OneDrive\Escritorio\gettingStartedSTM\newNode_v0\Core\Inc\main.h_save
2023-12-31 01:02:58,663 [INFO] CodeEngine:279 - Generated code: C:\Users\aleja\OneDrive\Escritorio\gettingStartedSTM\newNode_v0\Core\Inc\main.h
2023-12-31 01:02:58,698 [INFO] CodeEngine:255 - oldGeneratedFile, C:\Users\aleja\OneDrive\Escritorio\gettingStartedSTM\newNode_v0\Core\Src\main.c_save
2023-12-31 01:02:58,854 [INFO] CodeEngine:279 - Generated code: C:\Users\aleja\OneDrive\Escritorio\gettingStartedSTM\newNode_v0\Core\Src\main.c
2023-12-31 01:02:59,520 [INFO] ProjectBuilder:3076 - Time for Copy HAL[1] : 309mS.
2023-12-31 01:02:59,530 [INFO] ProjectBuilder:4485 - Project Generator version: 4.2.0-B44
2023-12-31 01:02:59,694 [INFO] ConfigFileManager:1495 - The Die is : DIE445
2023-12-31 01:02:59,711 [INFO] ApiDbMcu:508 - Load IP Config File for FATFS
2023-12-31 01:02:59,724 [INFO] ApiDbMcu:508 - Load IP Config File for FREERTOS
2023-12-31 01:02:59,745 [INFO] ApiDbMcu:508 - Load IP Config File for TOUCHSENSING
2023-12-31 01:02:59,758 [INFO] ApiDbMcu:508 - Load IP Config File for USB_DEVICE
2023-12-31 01:03:00,932 [INFO] LogOutputStream:77 - [STDOUT_REDIRECT] 
2023-12-31 01:03:02,617 [INFO] ProjectBuilder:4747 - Time for Generating toolchain IDE Files: 3086mS.
2023-12-31 01:03:02,618 [INFO] ProjectBuilder:2947 - Time for Copy CMSIS : 1mS.
2023-12-31 01:03:02,620 [INFO] ProjectBuilder:2947 - Time for Copy CMSIS : 0mS.
2023-12-31 01:03:32,767 [ERROR] LogOutputStream:75 - [STDERR_REDIRECT] 
2023-12-31 01:03:32,768 [ERROR] LogOutputStream:75 - [STDERR_REDIRECT] 
2023-12-31 01:04:05,519 [INFO] Activator:176 - 


2023-12-31 01:04:05,521 [INFO] Activator:177 - !SESSION log4j initialized
2023-12-31 01:04:13,203 [INFO] LogOutputStream:77 - [STDOUT_REDIRECT] 
2023-12-31 01:04:15,241 [INFO] ApplicationProperties:184 - Using Application install path: C:\ST\STM32CubeIDE_1.13.2\STM32CubeIDE\plugins\com.st.stm32cube.common.mx_6.10.0.202311202037
2023-12-31 01:04:15,271 [INFO] DbMcusXml:78 - Set database path to: C:\ST\STM32CubeIDE_1.13.2\STM32CubeIDE\plugins\com.st.stm32cube.common.mx_6.10.0.202311202037\\db\/mcu/
2023-12-31 01:04:15,272 [INFO] ApiDb:274 - Set plugin database path to: C:\ST\STM32CubeIDE_1.13.2\STM32CubeIDE\plugins\com.st.stm32cube.common.mx_6.10.0.202311202037\\db\/plugins/boardmanager/
2023-12-31 01:04:15,272 [WARN] ApiDb:259 - Overriding images path with different value:  => C:\ST\STM32CubeIDE_1.13.2\STM32CubeIDE\plugins\com.st.stm32cube.common.mx_6.10.0.202311202037\\db\/plugins/mcufinder/images/
2023-12-31 01:04:15,280 [INFO] ApiDb:250 - Set database path to: C:\Users\aleja\.stmcufinder\plugins\mcufinder//mcu/
2023-12-31 01:04:15,284 [INFO] DbMcusAds:125 - Set database path to: C:\Users\aleja\.stmcufinder\plugins\mcufinder//mcu/
2023-12-31 01:04:15,290 [INFO] CrossReferenceDbSqlite:203 - Set database path to: C:\Users\aleja\.stmcufinder\plugins\mcufinder//mcu/cs/
2023-12-31 01:04:15,482 [INFO] RulesReader:64 - Compatibility file has been processed (297 Rules)
2023-12-31 01:04:15,614 [INFO] DbMcusXml:78 - Set database path to: C:\ST\STM32CubeIDE_1.13.2\STM32CubeIDE\plugins\com.st.stm32cube.common.mx_6.10.0.202311202037\\db\/mcu/
2023-12-31 01:04:15,614 [INFO] ApiDb:274 - Set plugin database path to: C:\ST\STM32CubeIDE_1.13.2\STM32CubeIDE\plugins\com.st.stm32cube.common.mx_6.10.0.202311202037\\db\/plugins/boardmanager/
2023-12-31 01:04:15,615 [INFO] ApiDb:261 - Set plugin images path to: C:\ST\STM32CubeIDE_1.13.2\STM32CubeIDE\plugins\com.st.stm32cube.common.mx_6.10.0.202311202037\\db\/plugins/mcufinder/images/
2023-12-31 01:04:15,615 [WARN] DbFile:41 - Overriding database path with different value: C:\Users\aleja\.stmcufinder\plugins\mcufinder/ => C:\Users\aleja\.stmcufinder\plugins\mcufinder
2023-12-31 01:04:15,615 [INFO] ApiDb:250 - Set database path to: C:\Users\aleja\.stmcufinder\plugins\mcufinder//mcu/
2023-12-31 01:04:15,615 [WARN] DbFile:41 - Overriding database path with different value: C:\Users\aleja\.stmcufinder\plugins\mcufinder/ => C:\Users\aleja\.stmcufinder\plugins\mcufinder
2023-12-31 01:04:15,615 [INFO] DbMcusAds:125 - Set database path to: C:\Users\aleja\.stmcufinder\plugins\mcufinder//mcu/
2023-12-31 01:04:15,615 [WARN] DbFile:41 - Overriding database path with different value: C:\Users\aleja\.stmcufinder\plugins\mcufinder/ => C:\Users\aleja\.stmcufinder\plugins\mcufinder
2023-12-31 01:04:15,615 [WARN] DbFile:41 - Overriding database path with different value: C:\Users\aleja\.stmcufinder\plugins\mcufinder/ => C:\Users\aleja\.stmcufinder\plugins\mcufinder
2023-12-31 01:04:15,615 [INFO] CrossReferenceDbSqlite:203 - Set database path to: C:\Users\aleja\.stmcufinder\plugins\mcufinder//mcu/cs/
2023-12-31 01:04:15,738 [INFO] MainPanel:264 - HeapMemory: 268435456
2023-12-31 01:04:15,956 [INFO] DbMcusXml:78 - Set database path to: C:\ST\STM32CubeIDE_1.13.2\STM32CubeIDE\plugins\com.st.stm32cube.common.mx_6.10.0.202311202037\\db\/mcu/
2023-12-31 01:04:15,956 [INFO] ApiDb:274 - Set plugin database path to: C:\ST\STM32CubeIDE_1.13.2\STM32CubeIDE\plugins\com.st.stm32cube.common.mx_6.10.0.202311202037\\db\/plugins/boardmanager/
2023-12-31 01:04:15,956 [INFO] ApiDb:261 - Set plugin images path to: C:\ST\STM32CubeIDE_1.13.2\STM32CubeIDE\plugins\com.st.stm32cube.common.mx_6.10.0.202311202037\\db\/plugins/mcufinder/images/
2023-12-31 01:04:15,957 [WARN] DbFile:41 - Overriding database path with different value: C:\Users\aleja\.stmcufinder\plugins\mcufinder/ => C:\Users\aleja\.stmcufinder\plugins\mcufinder
2023-12-31 01:04:15,957 [INFO] ApiDb:250 - Set database path to: C:\Users\aleja\.stmcufinder\plugins\mcufinder//mcu/
2023-12-31 01:04:15,957 [WARN] DbFile:41 - Overriding database path with different value: C:\Users\aleja\.stmcufinder\plugins\mcufinder/ => C:\Users\aleja\.stmcufinder\plugins\mcufinder
2023-12-31 01:04:15,957 [INFO] DbMcusAds:125 - Set database path to: C:\Users\aleja\.stmcufinder\plugins\mcufinder//mcu/
2023-12-31 01:04:15,957 [WARN] DbFile:41 - Overriding database path with different value: C:\Users\aleja\.stmcufinder\plugins\mcufinder/ => C:\Users\aleja\.stmcufinder\plugins\mcufinder
2023-12-31 01:04:15,957 [WARN] DbFile:41 - Overriding database path with different value: C:\Users\aleja\.stmcufinder\plugins\mcufinder/ => C:\Users\aleja\.stmcufinder\plugins\mcufinder
2023-12-31 01:04:15,957 [INFO] CrossReferenceDbSqlite:203 - Set database path to: C:\Users\aleja\.stmcufinder\plugins\mcufinder//mcu/cs/
2023-12-31 01:04:15,979 [INFO] ApplicationProperties:184 - Using Application install path: C:\ST\STM32CubeIDE_1.13.2\STM32CubeIDE\plugins\com.st.stm32cube.common.mx_6.10.0.202311202037
2023-12-31 01:04:15,985 [INFO] PluginManage:196 - Search for loadable plugins [exclusion list=, ]
2023-12-31 01:04:15,989 [INFO] PluginManage:310 - Check plugin analytics
2023-12-31 01:04:16,279 [INFO] AnalyticsPlugin:253 - Accepted Software Licenses: 
2023-12-31 01:04:16,279 [INFO] AnalyticsPlugin:255 - Accepted CMSIS Pack Licenses: 
2023-12-31 01:04:16,279 [INFO] AnalyticsPlugin:257 - Accepted Firmware Licenses: 
2023-12-31 01:04:16,283 [INFO] PluginManage:359 - Loaded plugin analytics (category:tool,tabindex:-1)
2023-12-31 01:04:16,284 [INFO] PluginManage:310 - Check plugin cadmodel
2023-12-31 01:04:16,301 [INFO] CADModel:105 - Init CAD model plugin
2023-12-31 01:04:16,301 [INFO] PluginManage:359 - Loaded plugin cadmodel (category:power,tabindex:5)
2023-12-31 01:04:16,301 [INFO] PluginManage:310 - Check plugin clock
2023-12-31 01:04:16,331 [INFO] PluginManage:359 - Loaded plugin clock (category:base,tabindex:2)
2023-12-31 01:04:16,331 [INFO] PluginManage:310 - Check plugin ddr
2023-12-31 01:04:16,338 [INFO] PluginManage:359 - Loaded plugin ddr (category:tool,tabindex:6)
2023-12-31 01:04:16,338 [INFO] PluginManage:310 - Check plugin filemanager
2023-12-31 01:04:16,572 [INFO] PluginManage:359 - Loaded plugin filemanager (category:base,tabindex:10)
2023-12-31 01:04:16,572 [INFO] PluginManage:310 - Check plugin ipmanager
2023-12-31 01:04:16,581 [INFO] PluginManage:359 - Loaded plugin ipmanager (category:base,tabindex:5)
2023-12-31 01:04:16,582 [INFO] PluginManage:310 - Check plugin lpbam
2023-12-31 01:04:16,602 [INFO] PluginManage:359 - Loaded plugin lpbam (category:base,tabindex:0)
2023-12-31 01:04:16,603 [INFO] PluginManage:310 - Check plugin memorymap
2023-12-31 01:04:16,634 [INFO] PluginManage:359 - Loaded plugin memorymap (category:base,tabindex:4)
2023-12-31 01:04:16,634 [INFO] PluginManage:310 - Check plugin pinoutandconfiguration
2023-12-31 01:04:16,655 [INFO] PluginManage:359 - Loaded plugin pinoutandconfiguration (category:base,tabindex:1)
2023-12-31 01:04:16,655 [INFO] PluginManage:310 - Check plugin pinoutconfig
2023-12-31 01:04:16,805 [WARN] SupportedApi:132 - Cannot load RTOS API schema: s4s-elt-must-match.1: The content of 'definitions' must match (annotation?, (simpleType | complexType)?, (unique | key | keyref)*)). A problem was found starting at: attribute.
2023-12-31 01:04:17,090 [INFO] PluginManage:359 - Loaded plugin pinoutconfig (category:base,tabindex:0)
2023-12-31 01:04:17,090 [INFO] PluginManage:310 - Check plugin power
2023-12-31 01:04:17,128 [INFO] PluginManage:359 - Loaded plugin power (category:power,tabindex:4)
2023-12-31 01:04:17,128 [INFO] PluginManage:310 - Check plugin projectmanager
2023-12-31 01:04:17,148 [INFO] PluginManage:359 - Loaded plugin projectmanager (category:projectmanager,tabindex:3)
2023-12-31 01:04:17,149 [INFO] PluginManage:310 - Check plugin thirdparty
2023-12-31 01:04:17,524 [WARN] IntegrityCheckThread:84 - waiting for thirdparty lock release [integrity check]
2023-12-31 01:04:17,525 [INFO] IntegrityCheckThread:86 - entering critical section [integrity check]
2023-12-31 01:04:17,526 [INFO] ThirdPartyUpdaterWithRetryManager:70 - Updater plugin not ready yet. [1/15]
2023-12-31 01:04:17,527 [INFO] PluginManage:359 - Loaded plugin thirdparty (category:base,tabindex:-1)
2023-12-31 01:04:17,527 [INFO] PluginManage:310 - Check plugin tools
2023-12-31 01:04:17,588 [INFO] PluginManage:359 - Loaded plugin tools (category:base,tabindex:7)
2023-12-31 01:04:17,589 [INFO] PluginManage:310 - Check plugin tutovideos
2023-12-31 01:04:17,971 [INFO] PluginManage:359 - Loaded plugin tutovideos (category:base,tabindex:-1)
2023-12-31 01:04:17,972 [INFO] PluginManage:310 - Check plugin updater
2023-12-31 01:04:17,988 [INFO] PluginManage:359 - Loaded plugin updater (category:base,tabindex:12)
2023-12-31 01:04:17,988 [INFO] PluginManage:310 - Check plugin userauth
2023-12-31 01:04:17,994 [INFO] UserAuth:114 - Init User Auth plugin
2023-12-31 01:04:17,994 [INFO] PluginManage:359 - Loaded plugin userauth (category:base,tabindex:14)
2023-12-31 01:04:17,995 [INFO] PluginManage:283 - PluginManage : Loaded plugins [17]
2023-12-31 01:04:18,310 [INFO] PinOutPanel:1499 - setPackage(No Configuration,No Configuration)
2023-12-31 01:04:18,375 [INFO] CADModel:165 - CPN selected for project level
2023-12-31 01:04:18,375 [INFO] CADModel:114 - Register for checkConnection events
2023-12-31 01:04:18,406 [INFO] IPUIPlugin:80 - create IPUIPlugin
2023-12-31 01:04:18,406 [INFO] PluginManager:220 - loadIPPluginJar : add adc
2023-12-31 01:04:18,472 [INFO] IPUIPlugin:80 - create IPUIPlugin
2023-12-31 01:04:18,472 [INFO] PluginManager:220 - loadIPPluginJar : add aes
2023-12-31 01:04:18,545 [INFO] IPUIPlugin:80 - create IPUIPlugin
2023-12-31 01:04:18,545 [INFO] PluginManager:220 - loadIPPluginJar : add can
2023-12-31 01:04:18,591 [INFO] IPUIPlugin:80 - create IPUIPlugin
2023-12-31 01:04:18,592 [INFO] PluginManager:220 - loadIPPluginJar : add comp
2023-12-31 01:04:18,654 [INFO] IPUIPlugin:80 - create IPUIPlugin
2023-12-31 01:04:18,654 [INFO] PluginManager:220 - loadIPPluginJar : add cryp
2023-12-31 01:04:18,716 [INFO] IPUIPlugin:80 - create IPUIPlugin
2023-12-31 01:04:18,716 [INFO] PluginManager:220 - loadIPPluginJar : add dfsdm
2023-12-31 01:04:18,737 [INFO] IPUIPlugin:80 - create IPUIPlugin
2023-12-31 01:04:18,737 [INFO] PluginManager:220 - loadIPPluginJar : add dma
2023-12-31 01:04:18,809 [INFO] IPUIPlugin:80 - create IPUIPlugin
2023-12-31 01:04:18,810 [INFO] PluginManager:220 - loadIPPluginJar : add dma3
2023-12-31 01:04:18,847 [INFO] IPUIPlugin:80 - create IPUIPlugin
2023-12-31 01:04:18,848 [INFO] PluginManager:220 - loadIPPluginJar : add fatfs
2023-12-31 01:04:18,932 [INFO] IPUIPlugin:80 - create IPUIPlugin
2023-12-31 01:04:18,933 [INFO] PluginManager:220 - loadIPPluginJar : add fmc
2023-12-31 01:04:18,957 [INFO] IPUIPlugin:80 - create IPUIPlugin
2023-12-31 01:04:18,957 [INFO] PluginManager:220 - loadIPPluginJar : add freertos
2023-12-31 01:04:18,995 [INFO] IPUIPlugin:80 - create IPUIPlugin
2023-12-31 01:04:18,996 [INFO] PluginManager:220 - loadIPPluginJar : add genericplugin
2023-12-31 01:04:19,173 [INFO] IPUIPlugin:80 - create IPUIPlugin
2023-12-31 01:04:19,173 [INFO] PluginManager:220 - loadIPPluginJar : add gfxmmu
2023-12-31 01:04:19,426 [INFO] IPUIPlugin:80 - create IPUIPlugin
2023-12-31 01:04:19,426 [INFO] PluginManager:220 - loadIPPluginJar : add gic
2023-12-31 01:04:19,444 [INFO] IPUIPlugin:80 - create IPUIPlugin
2023-12-31 01:04:19,444 [INFO] PluginManager:220 - loadIPPluginJar : add gpio
2023-12-31 01:04:19,617 [INFO] IPUIPlugin:80 - create IPUIPlugin
2023-12-31 01:04:19,617 [INFO] PluginManager:220 - loadIPPluginJar : add gtzc
2023-12-31 01:04:19,678 [INFO] IPUIPlugin:80 - create IPUIPlugin
2023-12-31 01:04:19,678 [INFO] PluginManager:220 - loadIPPluginJar : add hash
2023-12-31 01:04:19,802 [INFO] IPUIPlugin:80 - create IPUIPlugin
2023-12-31 01:04:19,802 [INFO] PluginManager:220 - loadIPPluginJar : add i2c
2023-12-31 01:04:19,875 [INFO] IPUIPlugin:80 - create IPUIPlugin
2023-12-31 01:04:19,875 [INFO] PluginManager:220 - loadIPPluginJar : add i2s
2023-12-31 01:04:19,952 [INFO] IPUIPlugin:80 - create IPUIPlugin
2023-12-31 01:04:19,952 [INFO] PluginManager:220 - loadIPPluginJar : add i3c
2023-12-31 01:04:20,168 [INFO] IPUIPlugin:80 - create IPUIPlugin
2023-12-31 01:04:20,168 [INFO] PluginManager:220 - loadIPPluginJar : add ipddr
2023-12-31 01:04:20,356 [INFO] IPUIPlugin:80 - create IPUIPlugin
2023-12-31 01:04:20,357 [INFO] PluginManager:220 - loadIPPluginJar : add linkedlist
2023-12-31 01:04:20,418 [INFO] IPUIPlugin:80 - create IPUIPlugin
2023-12-31 01:04:20,419 [INFO] PluginManager:220 - loadIPPluginJar : add lorawan
2023-12-31 01:04:20,471 [INFO] IPUIPlugin:80 - create IPUIPlugin
2023-12-31 01:04:20,471 [INFO] PluginManager:220 - loadIPPluginJar : add ltdc
2023-12-31 01:04:20,493 [INFO] IPUIPlugin:80 - create IPUIPlugin
2023-12-31 01:04:20,495 [INFO] PluginManager:220 - loadIPPluginJar : add mdma
2023-12-31 01:04:20,515 [INFO] IPUIPlugin:80 - create IPUIPlugin
2023-12-31 01:04:20,515 [INFO] PluginManager:220 - loadIPPluginJar : add nvic
2023-12-31 01:04:20,528 [INFO] ThirdPartyUpdaterWithRetryManager:70 - Updater plugin not ready yet. [2/15]
2023-12-31 01:04:20,580 [INFO] IPUIPlugin:80 - create IPUIPlugin
2023-12-31 01:04:20,580 [INFO] PluginManager:220 - loadIPPluginJar : add opamp
2023-12-31 01:04:20,689 [INFO] IPUIPlugin:80 - create IPUIPlugin
2023-12-31 01:04:20,690 [INFO] PluginManager:220 - loadIPPluginJar : add openamp
2023-12-31 01:04:20,772 [INFO] IPUIPlugin:80 - create IPUIPlugin
2023-12-31 01:04:20,772 [INFO] PluginManager:220 - loadIPPluginJar : add pdm2pcm
2023-12-31 01:04:20,793 [INFO] IPUIPlugin:80 - create IPUIPlugin
2023-12-31 01:04:20,797 [INFO] PluginManager:220 - loadIPPluginJar : add plateformsettings
2023-12-31 01:04:20,837 [INFO] IPUIPlugin:80 - create IPUIPlugin
2023-12-31 01:04:20,837 [INFO] PluginManager:220 - loadIPPluginJar : add quadspi
2023-12-31 01:04:20,860 [INFO] IPUIPlugin:80 - create IPUIPlugin
2023-12-31 01:04:20,860 [INFO] PluginManager:220 - loadIPPluginJar : add resmgrutility
2023-12-31 01:04:20,961 [INFO] IPUIPlugin:80 - create IPUIPlugin
2023-12-31 01:04:20,962 [INFO] PluginManager:220 - loadIPPluginJar : add sai
2023-12-31 01:04:21,029 [INFO] IPUIPlugin:80 - create IPUIPlugin
2023-12-31 01:04:21,029 [INFO] PluginManager:220 - loadIPPluginJar : add spi
2023-12-31 01:04:21,169 [INFO] IPUIPlugin:80 - create IPUIPlugin
2023-12-31 01:04:21,169 [INFO] PluginManager:220 - loadIPPluginJar : add stm32_wpan
2023-12-31 01:04:21,208 [INFO] IPUIPlugin:80 - create IPUIPlugin
2023-12-31 01:04:21,208 [INFO] PluginManager:220 - loadIPPluginJar : add tim
2023-12-31 01:04:21,316 [INFO] IPUIPlugin:80 - create IPUIPlugin
2023-12-31 01:04:21,316 [INFO] PluginManager:220 - loadIPPluginJar : add touchsensing
2023-12-31 01:04:21,356 [INFO] IPUIPlugin:80 - create IPUIPlugin
2023-12-31 01:04:21,356 [INFO] PluginManager:220 - loadIPPluginJar : add tracer_emb
2023-12-31 01:04:21,401 [INFO] IPUIPlugin:80 - create IPUIPlugin
2023-12-31 01:04:21,401 [INFO] PluginManager:220 - loadIPPluginJar : add ts
2023-12-31 01:04:21,444 [INFO] IPUIPlugin:80 - create IPUIPlugin
2023-12-31 01:04:21,444 [INFO] PluginManager:220 - loadIPPluginJar : add tsc
2023-12-31 01:04:21,486 [INFO] IPUIPlugin:80 - create IPUIPlugin
2023-12-31 01:04:21,487 [INFO] PluginManager:220 - loadIPPluginJar : add ucpd
2023-12-31 01:04:21,565 [INFO] IPUIPlugin:80 - create IPUIPlugin
2023-12-31 01:04:21,565 [INFO] PluginManager:220 - loadIPPluginJar : add usart
2023-12-31 01:04:21,643 [INFO] IPUIPlugin:80 - create IPUIPlugin
2023-12-31 01:04:21,644 [INFO] PluginManager:220 - loadIPPluginJar : add usbx
2023-12-31 01:04:21,810 [INFO] CADModel:165 - CPN selected for project level
2023-12-31 01:04:21,811 [INFO] CADModel:114 - Register for checkConnection events
2023-12-31 01:04:21,811 [FATAL] Updater:308 - Updater called before beeing initialized
2023-12-31 01:04:21,811 [ERROR] CADModel:125 - Updater not yet initialized, retry later 
2023-12-31 01:04:22,058 [INFO] CADModel:165 - CPN selected for project level
2023-12-31 01:04:22,059 [INFO] CADModel:114 - Register for checkConnection events
2023-12-31 01:04:22,059 [FATAL] Updater:308 - Updater called before beeing initialized
2023-12-31 01:04:22,059 [ERROR] CADModel:125 - Updater not yet initialized, retry later 
2023-12-31 01:04:22,064 [FATAL] Updater:308 - Updater called before beeing initialized
2023-12-31 01:04:22,184 [FATAL] Updater:308 - Updater called before beeing initialized
2023-12-31 01:04:22,196 [INFO] DbMcusAds:53 - JSON generation date=Wed Nov 29 11:52:27 CET 2023 (1701255147349)
2023-12-31 01:04:22,196 [FATAL] Updater:308 - Updater called before beeing initialized
2023-12-31 01:04:22,335 [WARN] DetailPanel:346 - Failed to get advertising image, set to default
2023-12-31 01:04:22,459 [FATAL] Updater:308 - Updater called before beeing initialized
2023-12-31 01:04:22,461 [FATAL] Updater:308 - Updater called before beeing initialized
2023-12-31 01:04:22,461 [FATAL] Updater:308 - Updater called before beeing initialized
2023-12-31 01:04:22,461 [WARN] DetailPanel:346 - Failed to get advertising image, set to default
2023-12-31 01:04:22,462 [FATAL] Updater:308 - Updater called before beeing initialized
2023-12-31 01:04:22,517 [ERROR] Updater:1120 - MainUpdater not yet initialized. External WinMGr cannot be set.
2023-12-31 01:04:22,529 [INFO] Updater:1056 - Updater Version found : 6.10.0
2023-12-31 01:04:22,549 [INFO] ApplicationProperties:184 - Using Application install path: C:\ST\STM32CubeIDE_1.13.2\STM32CubeIDE\plugins\com.st.stm32cube.common.mx_6.10.0.202311202037
2023-12-31 01:04:23,528 [INFO] ThirdPartyUpdaterWithRetryManager:70 - Updater plugin not ready yet. [3/15]
2023-12-31 01:04:24,148 [ERROR] LogOutputStream:75 - [STDERR_REDIRECT] Dec 31, 2023 1:04:24 AM java.util.prefs.WindowsPreferences <init>
2023-12-31 01:04:24,151 [ERROR] LogOutputStream:75 - [STDERR_REDIRECT] WARNING: Could not open/create prefs root node Software\JavaSoft\Prefs at root 0xffffffff80000002. Windows RegCreateKeyEx(...) returned error code 5.
2023-12-31 01:04:24,152 [ERROR] LogOutputStream:75 - [STDERR_REDIRECT] 
2023-12-31 01:04:24,577 [INFO] MainUpdater:2873 - connection check result : 10
2023-12-31 01:04:24,578 [INFO] MainUpdater:290 - Updater Check For Update Now.
2023-12-31 01:04:24,578 [INFO] MicroXplorer:498 - Change Database Version : DB.6.0.100
2023-12-31 01:04:24,612 [INFO] McuFinderGlobals:63 - Set McuFinder mode to 2 (CubeIDE integrated)
2023-12-31 01:04:24,629 [INFO] UserAuth:404 - Internet connection configuration mode: 1
2023-12-31 01:04:24,680 [INFO] JxBrowserEngine:152 - Initiate JxBrowser Engine with user profile folder
2023-12-31 01:04:24,788 [INFO] CheckServerUpdateThread:120 - End of CheckServer Thread
2023-12-31 01:04:26,722 [WARN] PackLoader:240 - Cannot read IP mode file for STMicroelectronics.X-CUBE-SMBUS.2.1.0
2023-12-31 01:04:26,750 [WARN] PackLoader:240 - Cannot read IP mode file for STMicroelectronics.X-CUBE-TOUCHGFX.4.23.0
2023-12-31 01:04:26,809 [WARN] PackLoader:240 - Cannot read IP mode file for STMicroelectronics.X-CUBE-AZRTOS-F7.1.1.0
2023-12-31 01:04:26,832 [WARN] PackLoader:240 - Cannot read IP mode file for STMicroelectronics.FP-SNS-MOTENV1.4.3.2
2023-12-31 01:04:26,848 [WARN] PackLoader:240 - Cannot read IP mode file for STMicroelectronics.FP-SNS-FLIGHT1.5.0.2
2023-12-31 01:04:26,866 [WARN] PackLoader:240 - Cannot read IP mode file for STMicroelectronics.X-CUBE-DISPLAY.3.0.0
2023-12-31 01:04:26,892 [WARN] PackLoader:240 - Cannot read IP mode file for STMicroelectronics.X-CUBE-BLE1.7.0.0
2023-12-31 01:04:26,908 [WARN] PackLoader:240 - Cannot read IP mode file for emotas.I-CUBE-CANOPEN.1.3.0
2023-12-31 01:04:26,919 [WARN] PackLoader:240 - Cannot read IP mode file for STMicroelectronics.X-CUBE-TOUCHGFX.4.22.1
2023-12-31 01:04:26,932 [WARN] PackLoader:240 - Cannot read IP mode file for STMicroelectronics.FP-SNS-SMARTAG2.1.2.0
2023-12-31 01:04:26,952 [INFO] LogOutputStream:77 - [STDOUT_REDIRECT] 1 : Invalid condition id : UX_CORESTACK_Condition cause : null
2023-12-31 01:04:26,953 [INFO] LogOutputStream:77 - [STDOUT_REDIRECT] 1 : Invalid condition id : UX_CORESTACK_Condition cause : null
2023-12-31 01:04:26,954 [INFO] LogOutputStream:77 - [STDOUT_REDIRECT] 1 : Invalid condition id : UX_CORESTACK_Condition cause : null
2023-12-31 01:04:26,954 [INFO] LogOutputStream:77 - [STDOUT_REDIRECT] 1 : Invalid condition id : UX_CORESTACK_Condition cause : null
2023-12-31 01:04:26,955 [INFO] LogOutputStream:77 - [STDOUT_REDIRECT] 1 : Invalid condition id : UX_CORESTACK_Condition cause : null
2023-12-31 01:04:26,961 [WARN] PackLoader:240 - Cannot read IP mode file for STMicroelectronics.X-CUBE-AZRTOS-WL.2.0.0
2023-12-31 01:04:26,983 [WARN] PackLoader:240 - Cannot read IP mode file for WES.I-CUBE-Cesium.1.3.0
2023-12-31 01:04:27,000 [WARN] PackLoader:240 - Cannot read IP mode file for STMicroelectronics.X-CUBE-BLE2.3.3.0
2023-12-31 01:04:27,015 [WARN] PackLoader:240 - Cannot read IP mode file for STMicroelectronics.X-CUBE-ALGOBUILD.1.3.0
2023-12-31 01:04:27,052 [WARN] PackLoader:240 - Cannot read IP mode file for STMicroelectronics.X-CUBE-AZRTOS-G0.1.1.0
2023-12-31 01:04:27,074 [WARN] PackLoader:240 - Cannot read IP mode file for STMicroelectronics.X-CUBE-NFC4.3.0.0
2023-12-31 01:04:27,096 [WARN] PackLoader:240 - Cannot read IP mode file for STMicroelectronics.X-CUBE-BLEMGR.3.0.0
2023-12-31 01:04:27,111 [WARN] PackLoader:240 - Cannot read IP mode file for STMicroelectronics.FP-ATR-SIGFOX1.3.2.0
2023-12-31 01:04:27,123 [WARN] PackLoader:240 - Cannot read IP mode file for STMicroelectronics.X-CUBE-GNSS1.6.0.0
2023-12-31 01:04:27,152 [WARN] PackLoader:240 - Cannot read IP mode file for STMicroelectronics.X-CUBE-AZRTOS-F4.1.1.0
2023-12-31 01:04:27,167 [WARN] PackLoader:240 - Cannot read IP mode file for wolfSSL.I-CUBE-wolfSSL.5.6.4
2023-12-31 01:04:27,202 [WARN] PackLoader:240 - Cannot read IP mode file for STMicroelectronics.X-CUBE-AZRTOS-L5.2.0.0
2023-12-31 01:04:27,215 [WARN] PackLoader:240 - Cannot read IP mode file for STMicroelectronics.X-CUBE-EEPRMA1.4.2.0
2023-12-31 01:04:27,231 [WARN] PackLoader:240 - Cannot read IP mode file for ITTIA_DB.I-CUBE-ITTIADB.8.8.0
2023-12-31 01:04:27,264 [WARN] ConditionMgr:438 - getConditionDescription Invalid condition id : UX DEVICE CLASS RTOS Condition cause : null
2023-12-31 01:04:27,265 [WARN] ConditionMgr:438 - getConditionDescription Invalid condition id : UX DEVICE CLASS RTOS Condition cause : null
2023-12-31 01:04:27,271 [WARN] PackLoader:240 - Cannot read IP mode file for STMicroelectronics.X-CUBE-AZRTOS-H7.3.1.0
2023-12-31 01:04:27,273 [WARN] ConditionMgr:1039 - genDependencies : Invalid condition id : UX DEVICE CLASS RTOS Condition cause : null
2023-12-31 01:04:27,274 [WARN] ConditionMgr:1039 - genDependencies : Invalid condition id : UX DEVICE CLASS RTOS Condition cause : null
2023-12-31 01:04:27,275 [WARN] ConditionMgr:1039 - genDependencies : Invalid condition id : UX DEVICE CLASS RTOS Condition cause : null
2023-12-31 01:04:27,275 [WARN] ConditionMgr:1039 - genDependencies : Invalid condition id : UX DEVICE CLASS RTOS Condition cause : null
2023-12-31 01:04:27,276 [WARN] ConditionMgr:1039 - genDependencies : Invalid condition id : UX DEVICE CLASS RTOS Condition cause : null
2023-12-31 01:04:27,291 [WARN] PackLoader:240 - Cannot read IP mode file for STMicroelectronics.X-CUBE-NFC7.1.0.1
2023-12-31 01:04:27,306 [WARN] PackLoader:240 - Cannot read IP mode file for STMicroelectronics.X-CUBE-NFC6.3.0.0
2023-12-31 01:04:27,324 [WARN] PackLoader:240 - Cannot read IP mode file for STMicroelectronics.X-CUBE-AI.8.1.0
2023-12-31 01:04:27,359 [WARN] ConditionMgr:438 - getConditionDescription Invalid condition id : LAN8742 Phy interface Condition cause : null
2023-12-31 01:04:27,360 [WARN] PackLoader:240 - Cannot read IP mode file for STMicroelectronics.X-CUBE-AZRTOS-L4.2.0.0
2023-12-31 01:04:27,361 [WARN] ConditionMgr:1039 - genDependencies : Invalid condition id : LAN8742 Phy interface Condition cause : null
2023-12-31 01:04:27,361 [WARN] ConditionMgr:1039 - genDependencies : Invalid condition id : LAN8742 Phy interface Condition cause : null
2023-12-31 01:04:27,362 [WARN] ConditionMgr:1039 - genDependencies : Invalid condition id : LAN8742 Phy interface Condition cause : null
2023-12-31 01:04:27,378 [WARN] PackLoader:240 - Cannot read IP mode file for STMicroelectronics.X-CUBE-SFXS2LP1.4.0.0
2023-12-31 01:04:27,393 [WARN] PackLoader:240 - Cannot read IP mode file for STMicroelectronics.X-CUBE-ISPU.1.1.0
2023-12-31 01:04:27,424 [WARN] ConditionMgr:438 - getConditionDescription Invalid condition id : UX DEVICE CLASS RTOS Condition cause : null
2023-12-31 01:04:27,424 [WARN] ConditionMgr:438 - getConditionDescription Invalid condition id : UX DEVICE CLASS RTOS Condition cause : null
2023-12-31 01:04:27,427 [WARN] PackLoader:240 - Cannot read IP mode file for STMicroelectronics.X-CUBE-AZRTOS-WB.2.0.0
2023-12-31 01:04:27,428 [WARN] ConditionMgr:1039 - genDependencies : Invalid condition id : UX DEVICE CLASS RTOS Condition cause : null
2023-12-31 01:04:27,428 [WARN] ConditionMgr:1039 - genDependencies : Invalid condition id : UX DEVICE CLASS RTOS Condition cause : null
2023-12-31 01:04:27,428 [WARN] ConditionMgr:1039 - genDependencies : Invalid condition id : UX DEVICE CLASS RTOS Condition cause : null
2023-12-31 01:04:27,429 [WARN] ConditionMgr:1039 - genDependencies : Invalid condition id : UX DEVICE CLASS RTOS Condition cause : null
2023-12-31 01:04:27,429 [WARN] ConditionMgr:1039 - genDependencies : Invalid condition id : UX DEVICE CLASS RTOS Condition cause : null
2023-12-31 01:04:27,469 [WARN] PackLoader:240 - Cannot read IP mode file for STMicroelectronics.X-CUBE-SUBG2.5.0.0
2023-12-31 01:04:27,596 [WARN] PackLoader:240 - Cannot read IP mode file for STMicroelectronics.X-CUBE-AZRTOS-G4.2.0.0
2023-12-31 01:04:27,638 [WARN] PackLoader:240 - Cannot read IP mode file for Infineon.AIROC-Wi-Fi-Bluetooth-STM32.1.5.1
2023-12-31 01:04:27,655 [WARN] PackLoader:240 - Cannot read IP mode file for STMicroelectronics.FP-SNS-MOTENVWB1.1.3.1
2023-12-31 01:04:27,666 [WARN] PackLoader:240 - Cannot read IP mode file for STMicroelectronics.X-CUBE-ISPU.2.0.0
2023-12-31 01:04:27,725 [WARN] PackLoader:240 - Cannot read IP mode file for STMicroelectronics.X-CUBE-MEMS1.10.0.0
2023-12-31 01:04:27,875 [WARN] PackLoader:240 - Cannot read IP mode file for STMicroelectronics.X-CUBE-FREERTOS.1.1.0
2023-12-31 01:04:27,891 [WARN] PackLoader:240 - Cannot read IP mode file for portGmbH.I-Cube-SoM-uGOAL.1.1.0
2023-12-31 01:04:27,908 [WARN] PackLoader:240 - Cannot read IP mode file for STMicroelectronics.X-CUBE-ALS.1.0.1
2023-12-31 01:04:27,920 [WARN] PackLoader:240 - Cannot read IP mode file for STMicroelectronics.FP-ATR-ASTRA1.2.0.0
2023-12-31 01:04:27,932 [INFO] WebApp:161 - Instantiating new browser for Auth
2023-12-31 01:04:27,943 [WARN] PackLoader:240 - Cannot read IP mode file for STMicroelectronics.X-CUBE-TOF1.3.4.0
2023-12-31 01:04:28,003 [WARN] PackLoader:240 - Cannot read IP mode file for STMicroelectronics.X-CUBE-AZRTOS-H7.3.2.0
2023-12-31 01:04:28,008 [INFO] ThirdParty:978 - Integrity check success = true
2023-12-31 01:04:28,008 [INFO] IntegrityCheckThread:100 - exiting critical section [integrity check]
2023-12-31 01:04:28,008 [INFO] IntegrityCheckThread:103 - End integrity checks thread
2023-12-31 01:04:28,891 [INFO] WebApp:780 - Register for checkConnection events
2023-12-31 01:04:28,891 [INFO] WebApp:414 - Apply proxy settings
2023-12-31 01:04:28,891 [INFO] WebApp:499 - Chromium requires no authentication
2023-12-31 01:04:28,902 [INFO] WebApp:442 - Direct internet connection detected
2023-12-31 01:04:29,089 [INFO] WebApp:192 - Starting web application
2023-12-31 01:04:29,089 [INFO] WebApp:544 - Web application path used C:\ST\STM32CubeIDE_1.13.2\STM32CubeIDE\plugins\com.st.stm32cube.common.mx_6.10.0.202311202037\db\plugins\mcufinder\reactClient1\index.html
2023-12-31 01:04:50,081 [ERROR] LogOutputStream:75 - [STDERR_REDIRECT] SLF4J: Failed to load class "org.slf4j.impl.StaticLoggerBinder".
2023-12-31 01:04:50,083 [ERROR] LogOutputStream:75 - [STDERR_REDIRECT] SLF4J: Defaulting to no-operation (NOP) logger implementation
2023-12-31 01:04:50,085 [ERROR] LogOutputStream:75 - [STDERR_REDIRECT] SLF4J: See http://www.slf4j.org/codes.html#StaticLoggerBinder for further details.
2023-12-31 01:05:04,960 [INFO] McuFinderGlobals:63 - Set McuFinder mode to 2 (CubeIDE integrated)
2023-12-31 01:05:04,966 [INFO] MainUpdater:2873 - connection check result : 10
2023-12-31 01:05:04,967 [INFO] MainUpdater:2873 - connection check result : 10
2023-12-31 01:05:05,033 [INFO] MicroXplorer:468 - Change Database Path : 
2023-12-31 01:05:05,034 [INFO] MicroXplorer:498 - Change Database Version : DB.6.0.100
2023-12-31 01:05:05,039 [WARN] ThirdParty:871 - waiting for thirdparty lock release [close project]
2023-12-31 01:05:05,040 [INFO] ThirdParty:873 - entering critical section [close project]
2023-12-31 01:05:05,041 [INFO] ThirdParty:883 - exiting critical section [close project]
2023-12-31 01:05:05,045 [INFO] PinOutPanel:1499 - setPackage(No Configuration,No Configuration)
2023-12-31 01:05:05,050 [INFO] UtilMem:75 - Begin LoadConfig() Used Memory: 305688264 Bytes (332398592)
2023-12-31 01:05:05,059 [INFO] MicroXplorer:468 - Change Database Path : C:/Users/aleja/.stm32cubemx/databases/DB.6.0.92/db/
2023-12-31 01:05:05,059 [INFO] MicroXplorer:498 - Change Database Version : DB.6.0.92
2023-12-31 01:05:07,892 [INFO] MicroXplorer:468 - Change Database Path : 
2023-12-31 01:05:07,893 [INFO] MicroXplorer:498 - Change Database Version : DB.6.0.100
2023-12-31 01:05:07,893 [INFO] OpenFileManager:312 - Change cursor
2023-12-31 01:05:07,914 [INFO] Mcu:2016 - Initializing MCU STM32F042F4Px STM32F042F4Px STM32F042F4P6
2023-12-31 01:05:09,055 [INFO] Context:659 - Trying to add GPIOservice into a context  which must be forbidden
2023-12-31 01:05:09,419 [INFO] RtosManager:555 - Registered RTOS mode: class=CMSIS, group=RTOS, mode=CMSIS_V1, owner=FREERTOS
2023-12-31 01:05:09,420 [INFO] RtosManager:555 - Registered RTOS mode: class=CMSIS, group=RTOS2, mode=CMSIS_V2, owner=FREERTOS
2023-12-31 01:05:09,420 [INFO] RtosManager:555 - Registered RTOS mode: class=RTOS, group=Core, mode=CMSIS_V1, owner=FREERTOS
2023-12-31 01:05:09,420 [INFO] RtosManager:555 - Registered RTOS mode: class=RTOS, group=Core, mode=CMSIS_V2, owner=FREERTOS
2023-12-31 01:05:09,420 [WARN] ModelIntegratedComponent:184 - Missing modes for component STMicroelectronics:FreeRTOS:0.0.1:STMicroelectronics:RTOS:FreeRTOS:Core:::10.2.0:
2023-12-31 01:05:09,432 [WARN] ModelIntegratedComponent:63 - No mode defined for component null
2023-12-31 01:05:09,432 [WARN] ModelIntegratedComponent:63 - No mode defined for component null
2023-12-31 01:05:09,432 [WARN] ModelIntegratedComponent:63 - No mode defined for component null
2023-12-31 01:05:09,432 [WARN] ModelIntegratedComponent:63 - No mode defined for component null
2023-12-31 01:05:09,432 [WARN] ModelIntegratedComponent:63 - No mode defined for component null
2023-12-31 01:05:09,434 [WARN] ModelIntegratedComponent:63 - No mode defined for component null
2023-12-31 01:05:09,434 [WARN] ModelIntegratedComponent:63 - No mode defined for component null
2023-12-31 01:05:09,434 [WARN] ModelIntegratedComponent:63 - No mode defined for component null
2023-12-31 01:05:09,434 [WARN] ModelIntegratedComponent:63 - No mode defined for component null
2023-12-31 01:05:09,434 [WARN] ModelIntegratedComponent:63 - No mode defined for component null
2023-12-31 01:05:09,434 [WARN] ModelIntegratedComponent:63 - No mode defined for component null
2023-12-31 01:05:09,434 [WARN] ModelIntegratedComponent:63 - No mode defined for component null
2023-12-31 01:05:09,434 [WARN] ModelIntegratedComponent:63 - No mode defined for component null
2023-12-31 01:05:09,434 [WARN] ModelIntegratedComponent:63 - No mode defined for component null
2023-12-31 01:05:09,434 [WARN] ModelIntegratedComponent:63 - No mode defined for component null
2023-12-31 01:05:09,434 [WARN] ModelIntegratedComponent:63 - No mode defined for component null
2023-12-31 01:05:09,434 [WARN] ModelIntegratedComponent:63 - No mode defined for component null
2023-12-31 01:05:09,434 [WARN] ModelIntegratedComponent:63 - No mode defined for component null
2023-12-31 01:05:09,434 [WARN] ModelIntegratedComponent:63 - No mode defined for component null
2023-12-31 01:05:09,434 [WARN] ModelIntegratedComponent:63 - No mode defined for component null
2023-12-31 01:05:09,434 [WARN] ModelIntegratedComponent:63 - No mode defined for component null
2023-12-31 01:05:09,434 [WARN] ModelIntegratedComponent:63 - No mode defined for component null
2023-12-31 01:05:09,434 [WARN] ModelIntegratedComponent:63 - No mode defined for component null
2023-12-31 01:05:09,434 [WARN] ModelIntegratedComponent:63 - No mode defined for component null
2023-12-31 01:05:09,434 [WARN] ModelIntegratedComponent:63 - No mode defined for component null
2023-12-31 01:05:09,434 [WARN] ModelIntegratedComponent:63 - No mode defined for component null
2023-12-31 01:05:09,434 [WARN] ModelIntegratedComponent:63 - No mode defined for component null
2023-12-31 01:05:09,434 [WARN] ModelIntegratedComponent:63 - No mode defined for component null
2023-12-31 01:05:09,434 [WARN] ModelIntegratedComponent:63 - No mode defined for component null
2023-12-31 01:05:09,434 [WARN] ModelIntegratedComponent:63 - No mode defined for component null
2023-12-31 01:05:09,434 [WARN] ModelIntegratedComponent:63 - No mode defined for component null
2023-12-31 01:05:09,434 [WARN] ModelIntegratedComponent:63 - No mode defined for component null
2023-12-31 01:05:09,434 [WARN] ModelIntegratedComponent:63 - No mode defined for component null
2023-12-31 01:05:09,522 [INFO] ThirdPartyModel:298 - Start build external matchings
2023-12-31 01:05:09,940 [INFO] ThirdPartyModel:316 - End build external matchings
2023-12-31 01:05:09,973 [INFO] ImportTextPane:194 - (OptionalMessage_ERROR) IP (DMA) : Parameter (Instance) has Id (ADC) currently not set
2023-12-31 01:05:09,974 [INFO] ImportTextPane:194 - (OptionalMessage_ERROR) IP (DMA) : Parameter (Direction) has Id (ADC) currently not set
2023-12-31 01:05:09,974 [INFO] ImportTextPane:194 - (OptionalMessage_ERROR) IP (DMA) : Parameter (PeriphInc) has Id (ADC) currently not set
2023-12-31 01:05:09,974 [INFO] ImportTextPane:194 - (OptionalMessage_ERROR) IP (DMA) : Parameter (MemInc) has Id (ADC) currently not set
2023-12-31 01:05:09,974 [INFO] ImportTextPane:194 - (OptionalMessage_ERROR) IP (DMA) : Parameter (PeriphDataAlignment) has Id (ADC) currently not set
2023-12-31 01:05:09,975 [INFO] ImportTextPane:194 - (OptionalMessage_ERROR) IP (DMA) : Parameter (MemDataAlignment) has Id (ADC) currently not set
2023-12-31 01:05:09,975 [INFO] ImportTextPane:194 - (OptionalMessage_ERROR) IP (DMA) : Parameter (Mode) has Id (ADC) currently not set
2023-12-31 01:05:09,975 [INFO] ImportTextPane:194 - (OptionalMessage_ERROR) IP (DMA) : Parameter (Priority) has Id (ADC) currently not set
2023-12-31 01:05:09,977 [INFO] ImportTextPane:194 - (OptionalMessage_ERROR) IP (RCC) : Invalid parameter (FamilyName)
2023-12-31 01:05:09,977 [INFO] ImportTextPane:194 - (OptionalMessage_ERROR) IP (RCC) : Invalid parameter (HSICECFreq_Value)
2023-12-31 01:05:10,163 [INFO] UtilMem:75 - End LoadConfig() Used Memory: 270758632 Bytes (382730240)
2023-12-31 01:05:10,315 [INFO] ApiDb:581 - Connected to CubeFinder SQLite database (C:\Users\aleja\.stmcufinder\plugins\mcufinder\mcu\cube-finder-db.db)
2023-12-31 01:05:10,382 [INFO] ApiDb:668 - CubeFinder database Data Model version=2.1
2023-12-31 01:05:10,382 [INFO] ApiDb:669 - CubeFinder database Configuration version=3.0.39
2023-12-31 01:05:10,382 [INFO] ApiDb:670 - CubeFinder database generation date=2023-12-08 (1702028721)
2023-12-31 01:05:10,382 [INFO] ApiDb:671 - CubeFinder database FW Pack versions=[FP-ATR-ASTRA1_V2.0.0, FP-SNS-FLIGHT1_V5.0.1, FP-SNS-FLIGHT1_V5.0.2, FP-SNS-MOTENV1_V4.3.1, FP-SNS-MOTENV1_V4.3.2, FP-SNS-MOTENVWB1_V1.3.1, FP-SNS-SMARTAG2_V1.2.0, STM32Cube_FW_C0_V1.1.0, STM32Cube_FW_F4_V1.28.0, STM32Cube_FW_F7_V1.17.0, STM32Cube_FW_G0_V1.6.1, STM32Cube_FW_G4_V1.5.1, STM32Cube_FW_H5_V0.5.1, STM32Cube_FW_H5_V1.1.1, STM32Cube_FW_H5_V1.2.0RC2, STM32Cube_FW_H7_V1.11.0, STM32Cube_FW_L0_V1.12.2, STM32Cube_FW_L5_V1.5.0, STM32Cube_FW_U5_V1.3.0RC4, STM32Cube_FW_U5_V1.4.0, STM32Cube_FW_WBA_V1.0.0RC1, STM32Cube_FW_WBA_V1.1.0RC1, STM32Cube_FW_WBA_V1.2.0, STM32Cube_FW_WBA_V1.2.0RC2, STM32Cube_FW_WB_V1.15.0RC1, STM32Cube_FW_WB_V1.16.0, STM32Cube_FW_WB_V1.16.0RC2, STM32Cube_FW_WB_V1.18.0, STM32Cube_FW_WL_V1.3.0, X-CUBE-ALGOBUILD_V1.3.0, X-CUBE-ALS_V1.0.1, X-CUBE-AZRTOS-F4_V1.1.0, X-CUBE-AZRTOS-F7_V1.1.0, X-CUBE-AZRTOS-G0_V1.1.0, X-CUBE-AZRTOS-G4_V2.0.0, X-CUBE-AZRTOS-H7_V3.1.0, X-CUBE-AZRTOS-L4_V1.0.0, X-CUBE-AZRTOS-L4_V2.0.0, X-CUBE-AZRTOS-L5_V1.1.0, X-CUBE-AZRTOS-WB_V2.0.0, X-CUBE-AZRTOS-WL_V2.0.0, X-CUBE-BLE1_V7.0.0, X-CUBE-BLE2_V3.3.0, X-CUBE-BLEMGR_V3.0.0, X-CUBE-EEPRMA1_V4.1.0, X-CUBE-EEPRMA1_V4.2.0, X-CUBE-FREERTOS_V1.1.0, X-CUBE-GNSS1_V6.0.0, X-CUBE-MEMS1_V10.0.0, X-CUBE-MEMS1_V9.1.0, X-CUBE-MEMS1_V9.4.0, X-CUBE-MEMS1_V9.6.0, X-CUBE-NFC4_V3.0.0, X-CUBE-NFC7_V1.0.1, X-CUBE-SFXS2LP1_V4.0.0, X-CUBE-SUBG2_V5.0.0, X-CUBE-TOF1_V3.4.0]
2023-12-31 01:05:12,019 [INFO] ApiDb:240 - Found 371 in-development CPN: [B-G473E-ZEST1S, B-WB1M-WPAN1, B-WL5M-SUBG1, NUCLEO-C031C6, NUCLEO-H503RB, NUCLEO-H563ZI, NUCLEO-U545RE-Q, NUCLEO-U5A5ZJ-Q, NUCLEO-WBA52CG, NUCLEO-WBA55CG, STEVAL-MKBOXPRO, STEVAL-PROTEUS1, STEVAL-STWINBX1, STM320518-EVAL, STM32C0116-DK, STM32C011D6Y3TR, STM32C011D6Y6TR, STM32C011F4P3, STM32C011F4P6, STM32C011F4U3, STM32C011F4U6TR, STM32C011F6P3, STM32C011F6P6, STM32C011F6U3, STM32C011F6U6TR, STM32C011J4M3, STM32C011J4M6, STM32C011J6M3, STM32C011J6M6, STM32C0316-DK, STM32C031C4T3, STM32C031C4T6, STM32C031C4U3, STM32C031C4U6, STM32C031C6T3, STM32C031C6T6, STM32C031C6U3, STM32C031C6U6, STM32C031F4P3, STM32C031F4P6, STM32C031F6P3, STM32C031F6P6, STM32C031G4U3, STM32C031G4U6, STM32C031G6U3, STM32C031G6U6, STM32C031K4T3, STM32C031K4T6, STM32C031K4U3, STM32C031K4U6, STM32C031K6T3, STM32C031K6T6, STM32C031K6U3, STM32C031K6U6, STM32G071K8TXN, STM32G071K8UXN, STM32G081GBU6N, STM32G081KBT6N, STM32G081KBUXN, STM32G0B1CCT6N, STM32G0B1KCT6, STM32G0B1NEY6TR, STM32G0B1RCT6N, STM32G0C1CCT6, STM32G0C1CCT6N, STM32G0C1CCU6N, STM32G0C1CET6N, STM32G0C1CEU6N, STM32G0C1KCT6, STM32G0C1NEY6TR, STM32G0C1RCI6N, STM32G0C1RCT6N, STM32G0C1REI6N, STM32G0C1RET6N, STM32G0C1VCI6, STM32G0C1VEI6, STM32G471CCT6, STM32G471CCU6, STM32G471CET3, STM32G471CET6, STM32G471CEU3, STM32G471CEU6, STM32G471MCT6, STM32G471MET3, STM32G471MET6, STM32G471MEY6TR, STM32G471QCT6, STM32G471QET3, STM32G471RCT6, STM32G471RET3, STM32G471RET6, STM32G471VCH6, STM32G471VCI6, STM32G471VCT6, STM32G471VEH3, STM32G471VEH6, STM32G471VEI3, STM32G471VEI6, STM32G471VET3, STM32G471VET6, STM32G474CCT6, STM32H503CBT6, STM32H503CBU6, STM32H503EBY6TR, STM32H503KBU6, STM32H503RBT6, STM32H562AGI6, STM32H562AII6, STM32H562IGK6, STM32H562IGT6, STM32H562IIK6, STM32H562IIT6, STM32H562RGT6, STM32H562RGV6, STM32H562RIT6, STM32H562RIV6, STM32H562VGT6, STM32H562VIT6, STM32H562ZGT6, STM32H562ZIT6, STM32H563AGI6, STM32H563AII3Q, STM32H563AII6, STM32H563IGK6, STM32H563IGT6, STM32H563IIK3Q, STM32H563IIK6, STM32H563IIT3Q, STM32H563IIT6, STM32H563MIY3QTR, STM32H563RGT6, STM32H563RGV6, STM32H563RIT6, STM32H563RIV6, STM32H563VGT6, STM32H563VIT3Q, STM32H563VIT6, STM32H563ZGT6, STM32H563ZIT3Q, STM32H563ZIT6, STM32H573AII3Q, STM32H573AII6, STM32H573I-DK, STM32H573IIK3Q, STM32H573IIK6, STM32H573IIT3Q, STM32H573IIT6, STM32H573MIY3QTR, STM32H573RIT6, STM32H573RIV6, STM32H573VIT3Q, STM32H573VIT6, STM32H573ZIT3Q, STM32H573ZIT6, STM32L4R5QGI6STR, STM32MP131AAE3, STM32MP131AAF3, STM32MP131AAG3, STM32MP131CAE3, STM32MP131CAF3, STM32MP131CAG3, STM32MP131DAE7, STM32MP131DAF7, STM32MP131DAG7, STM32MP131FAE7, STM32MP131FAF7, STM32MP131FAG7, STM32MP133AAE3, STM32MP133AAF3, STM32MP133AAG3, STM32MP133CAE3, STM32MP133CAF3, STM32MP133CAG3, STM32MP133DAE7, STM32MP133DAF7, STM32MP133DAG7, STM32MP133FAE7, STM32MP133FAF7, STM32MP133FAG7, STM32MP135AAE3, STM32MP135AAF3, STM32MP135AAG3, STM32MP135CAE3, STM32MP135CAF3, STM32MP135CAG3, STM32MP135DAE7, STM32MP135DAF7, STM32MP135DAG7, STM32MP135F-DK, STM32MP135FAE7, STM32MP135FAF7, STM32MP135FAF7T, STM32MP135FAF7U, STM32MP135FAG7, STM32U535CBT6, STM32U535CBT6Q, STM32U535CBU6, STM32U535CBU6Q, STM32U535CCT6, STM32U535CCT6Q, STM32U535CCU6, STM32U535CCU6Q, STM32U535CET6, STM32U535CET6Q, STM32U535CEU6, STM32U535CEU6Q, STM32U535JEY6QTR, STM32U535NCY6QTR, STM32U535NEY6QTR, STM32U535RBI6, STM32U535RBI6Q, STM32U535RBT6, STM32U535RBT6Q, STM32U535RCI6, STM32U535RCI6Q, STM32U535RCT6, STM32U535RCT6Q, STM32U535REI6, STM32U535REI6Q, STM32U535RET6, STM32U535RET6Q, STM32U535VCI6, STM32U535VCI6Q, STM32U535VCT6, STM32U535VCT6Q, STM32U535VEI6, STM32U535VEI6Q, STM32U535VET6, STM32U535VET6Q, STM32U545CET6, STM32U545CET6Q, STM32U545CEU6, STM32U545CEU6Q, STM32U545JEY6QTR, STM32U545NEY6QTR, STM32U545REI6, STM32U545REI6Q, STM32U545RET6, STM32U545RET6Q, STM32U545VEI6, STM32U545VEI6Q, STM32U545VET6, STM32U545VET6Q, STM32U595AIH6, STM32U595AIH6Q, STM32U595AJH6, STM32U595AJH6Q, STM32U595QII6, STM32U595QII6Q, STM32U595QJI6, STM32U595QJI6Q, STM32U595RIT6, STM32U595RIT6Q, STM32U595RJT6, STM32U595RJT6Q, STM32U595VIT6, STM32U595VIT6Q, STM32U595VJT6, STM32U595VJT6Q, STM32U595ZIT6, STM32U595ZIT6Q, STM32U595ZIY6QTR, STM32U595ZJT6, STM32U595ZJT6Q, STM32U595ZJY6QTR, STM32U599BJY6QTR, STM32U599NIH6Q, STM32U599NJH6Q, STM32U599VIT6Q, STM32U599VJT6, STM32U599VJT6Q, STM32U599ZIT6Q, STM32U599ZIY6QTR, STM32U599ZJT6Q, STM32U599ZJY6QTR, STM32U5A5AJH6, STM32U5A5AJH6Q, STM32U5A5QJI6, STM32U5A5QJI6Q, STM32U5A5RJT6, STM32U5A5RJT6Q, STM32U5A5VJT6, STM32U5A5VJT6Q, STM32U5A5ZJT6, STM32U5A5ZJT6Q, STM32U5A5ZJY6QTR, STM32U5A9BJY6QTR, STM32U5A9J-DK, STM32U5A9NJH6Q, STM32U5A9VJT6Q, STM32U5A9ZJT6Q, STM32U5A9ZJY6QTR, STM32U5F7VIT6, STM32U5F7VIT6Q, STM32U5F7VJT6, STM32U5F7VJT6Q, STM32U5F9BJY6QTR, STM32U5F9NJH6Q, STM32U5F9VIT6Q, STM32U5F9VJT6Q, STM32U5F9ZIJ6QTR, STM32U5F9ZIT6Q, STM32U5F9ZJJ6QTR, STM32U5F9ZJT6Q, STM32U5G7VJT6, STM32U5G7VJT6Q, STM32U5G9BJY6QTR, STM32U5G9J-DK1, STM32U5G9J-DK2, STM32U5G9NJH6Q, STM32U5G9VJT6Q, STM32U5G9ZJJ6QTR, STM32U5G9ZJT6Q, STM32WB1MMCH6, STM32WBA50KEU6, STM32WBA50KEU6TR, STM32WBA50KGU6, STM32WBA50KGU6TR, STM32WBA52CEU6, STM32WBA52CEU6TR, STM32WBA52CEU7, STM32WBA52CEU7TR, STM32WBA52CGU6, STM32WBA52CGU6TR, STM32WBA52CGU6U, STM32WBA52CGU7, STM32WBA52CGU7TR, STM32WBA52KEU6, STM32WBA52KEU6TR, STM32WBA52KGU6, STM32WBA52KGU6TR, STM32WBA54CEU6, STM32WBA54CEU6TR, STM32WBA54CEU7, STM32WBA54CEU7TR, STM32WBA54CGU6, STM32WBA54CGU6TR, STM32WBA54CGU7, STM32WBA54CGU7TR, STM32WBA54KEU6, STM32WBA54KEU6TR, STM32WBA54KEU7, STM32WBA54KEU7TR, STM32WBA54KGU6, STM32WBA54KGU6TR, STM32WBA54KGU7, STM32WBA54KGU7TR, STM32WBA55CEU6, STM32WBA55CEU6TR, STM32WBA55CEU7, STM32WBA55CEU7TR, STM32WBA55CGU6, STM32WBA55CGU6TR, STM32WBA55CGU6U, STM32WBA55CGU7, STM32WBA55CGU7TR, STM32WBA55G-DK1, STM32WBA55HEF6, STM32WBA55HEF7, STM32WBA55HGF6, STM32WBA55HGF7, STM32WBA55UEI6, STM32WBA55UEI6TR, STM32WBA55UEI7, STM32WBA55UEI7TR, STM32WBA55UGI6, STM32WBA55UGI6TR, STM32WBA55UGI7, STM32WBA55UGI7TR, STM32WL5MOCH6, STM32WL5MOCH6TR]
2023-12-31 01:05:12,024 [INFO] DbMcus:218 - Found 3930 MCUs, 3930 are supported
2023-12-31 01:05:12,024 [INFO] ApiDb:423 - Load user favorites file C:\Users\aleja/.stm32cubeide/favorites.mcus.txt: 1 item(s)
2023-12-31 01:05:12,025 [INFO] ApiDb:427 - User favorites MCUs=[STM32F042F4P6]
2023-12-31 01:05:12,025 [INFO] DbMcus:224 - Set 1 / 1 favorites MCUs
2023-12-31 01:05:12,342 [INFO] MicroXplorer:468 - Change Database Path : 
2023-12-31 01:05:12,342 [INFO] MicroXplorer:498 - Change Database Version : DB.6.0.100
2023-12-31 01:05:12,342 [WARN] ThirdParty:833 - waiting for thirdparty lock release [change project]
2023-12-31 01:05:12,342 [INFO] ThirdParty:835 - entering critical section [change project]
2023-12-31 01:05:12,342 [INFO] ThirdParty:1030 - CMSIS Pack Vendor :STMicroelectronics X-CUBE-ISPU 1.1.0
2023-12-31 01:05:12,342 [INFO] ThirdParty:1030 - CMSIS Pack Vendor :STMicroelectronics USBPD 4.1
2023-12-31 01:05:12,342 [INFO] ThirdParty:1030 - CMSIS Pack Vendor :STMicroelectronics X-CUBE-GNSS1 6.0.0
2023-12-31 01:05:12,342 [INFO] ThirdParty:1030 - CMSIS Pack Vendor :STMicroelectronics USB_HOST 2.0.0
2023-12-31 01:05:12,342 [INFO] ThirdParty:1030 - CMSIS Pack Vendor :STMicroelectronics X-CUBE-AZRTOS-F4 1.1.0
2023-12-31 01:05:12,342 [INFO] ThirdParty:1030 - CMSIS Pack Vendor :STMicroelectronics LIBJPEG 8.0.0
2023-12-31 01:05:12,342 [INFO] ThirdParty:1030 - CMSIS Pack Vendor :wolfSSL I-CUBE-wolfSSL 5.6.4
2023-12-31 01:05:12,342 [INFO] ThirdParty:1030 - CMSIS Pack Vendor :STMicroelectronics X-CUBE-SMBUS 2.1.0
2023-12-31 01:05:12,342 [INFO] ThirdParty:1030 - CMSIS Pack Vendor :STMicroelectronics USB_DEVICE 3.0.0
2023-12-31 01:05:12,342 [INFO] ThirdParty:1030 - CMSIS Pack Vendor :STMicroelectronics X-CUBE-AZRTOS-WB 2.0.0
2023-12-31 01:05:12,342 [INFO] ThirdParty:1030 - CMSIS Pack Vendor :STMicroelectronics X-CUBE-TOUCHGFX 4.23.0
2023-12-31 01:05:12,342 [INFO] ThirdParty:1030 - CMSIS Pack Vendor :STMicroelectronics X-CUBE-AZRTOS-F7 1.1.0
2023-12-31 01:05:12,342 [INFO] ThirdParty:1030 - CMSIS Pack Vendor :STMicroelectronics X-CUBE-AZRTOS-L5 2.0.0
2023-12-31 01:05:12,342 [INFO] ThirdParty:1030 - CMSIS Pack Vendor :STMicroelectronics USB_DEVICE 2.0.0
2023-12-31 01:05:12,342 [INFO] ThirdParty:1030 - CMSIS Pack Vendor :STMicroelectronics X-CUBE-EEPRMA1 4.2.0
2023-12-31 01:05:12,343 [INFO] ThirdParty:1030 - CMSIS Pack Vendor :ITTIA_DB I-CUBE-ITTIADB 8.8.0
2023-12-31 01:05:12,343 [INFO] ThirdParty:1030 - CMSIS Pack Vendor :STMicroelectronics FP-SNS-MOTENV1 4.3.2
2023-12-31 01:05:12,343 [INFO] ThirdParty:1030 - CMSIS Pack Vendor :STMicroelectronics X-CUBE-ALGOBUILD 1.3.0
2023-12-31 01:05:12,343 [INFO] ThirdParty:1030 - CMSIS Pack Vendor :STMicroelectronics FreeRTOS 0.0.1
2023-12-31 01:05:12,343 [INFO] ThirdParty:1030 - CMSIS Pack Vendor :STMicroelectronics X-CUBE-AZRTOS-G0 1.1.0
2023-12-31 01:05:12,343 [INFO] ThirdParty:1030 - CMSIS Pack Vendor :STMicroelectronics X-CUBE-NFC4 3.0.0
2023-12-31 01:05:12,343 [INFO] ThirdParty:1030 - CMSIS Pack Vendor :STMicroelectronics X-CUBE-SUBG2 5.0.0
2023-12-31 01:05:12,343 [INFO] ThirdParty:1030 - CMSIS Pack Vendor :STMicroelectronics STM32_WPAN 1.0.0
2023-12-31 01:05:12,343 [INFO] ThirdParty:1030 - CMSIS Pack Vendor :STMicroelectronics lwIP 2.0.3
2023-12-31 01:05:12,343 [INFO] ThirdParty:1030 - CMSIS Pack Vendor :STMicroelectronics FP-SNS-FLIGHT1 5.0.2
2023-12-31 01:05:12,343 [INFO] ThirdParty:1030 - CMSIS Pack Vendor :STMicroelectronics USB_HOST 1.0.0
2023-12-31 01:05:12,343 [INFO] ThirdParty:1030 - CMSIS Pack Vendor :STMicroelectronics X-CUBE-AZRTOS-G4 2.0.0
2023-12-31 01:05:12,343 [INFO] ThirdParty:1030 - CMSIS Pack Vendor :STMicroelectronics PDM2PCM 3.1.0
2023-12-31 01:05:12,343 [INFO] ThirdParty:1030 - CMSIS Pack Vendor :STMicroelectronics X-CUBE-AZRTOS-H7 3.1.0
2023-12-31 01:05:12,343 [INFO] ThirdParty:1030 - CMSIS Pack Vendor :Infineon AIROC-Wi-Fi-Bluetooth-STM32 1.5.1
2023-12-31 01:05:12,343 [INFO] ThirdParty:1030 - CMSIS Pack Vendor :STMicroelectronics X-CUBE-BLEMGR 3.0.0
2023-12-31 01:05:12,343 [INFO] ThirdParty:1030 - CMSIS Pack Vendor :STMicroelectronics PDM2PCM 3.3.0
2023-12-31 01:05:12,343 [INFO] ThirdParty:1030 - CMSIS Pack Vendor :STMicroelectronics X-CUBE-DISPLAY 3.0.0
2023-12-31 01:05:12,343 [INFO] ThirdParty:1030 - CMSIS Pack Vendor :STMicroelectronics FP-SNS-MOTENVWB1 1.3.1
2023-12-31 01:05:12,343 [INFO] ThirdParty:1030 - CMSIS Pack Vendor :STMicroelectronics X-CUBE-BLE1 7.0.0
2023-12-31 01:05:12,343 [INFO] ThirdParty:1030 - CMSIS Pack Vendor :STMicroelectronics FP-ATR-SIGFOX1 3.2.0
2023-12-31 01:05:12,343 [INFO] ThirdParty:1030 - CMSIS Pack Vendor :STMicroelectronics X-CUBE-ISPU 2.0.0
2023-12-31 01:05:12,343 [INFO] ThirdParty:1030 - CMSIS Pack Vendor :STMicroelectronics HAL Drivers 0.0.0
2023-12-31 01:05:12,343 [INFO] ThirdParty:1030 - CMSIS Pack Vendor :STMicroelectronics MBEDTLS 2.16.2
2023-12-31 01:05:12,343 [INFO] ThirdParty:1030 - CMSIS Pack Vendor :emotas I-CUBE-CANOPEN 1.3.0
2023-12-31 01:05:12,343 [INFO] ThirdParty:1030 - CMSIS Pack Vendor :STMicroelectronics X-CUBE-MEMS1 10.0.0
2023-12-31 01:05:12,343 [INFO] ThirdParty:1030 - CMSIS Pack Vendor :STMicroelectronics X-CUBE-FREERTOS 1.1.0
2023-12-31 01:05:12,343 [INFO] ThirdParty:1030 - CMSIS Pack Vendor :STMicroelectronics X-CUBE-NFC7 1.0.1
2023-12-31 01:05:12,343 [INFO] ThirdParty:1030 - CMSIS Pack Vendor :STMicroelectronics MBEDTLS 2.14.1
2023-12-31 01:05:12,343 [INFO] ThirdParty:1030 - CMSIS Pack Vendor :STMicroelectronics X-CUBE-TOUCHGFX 4.22.1
2023-12-31 01:05:12,343 [INFO] ThirdParty:1030 - CMSIS Pack Vendor :STMicroelectronics X-CUBE-NFC6 3.0.0
2023-12-31 01:05:12,343 [INFO] ThirdParty:1030 - CMSIS Pack Vendor :portGmbH I-Cube-SoM-uGOAL 1.1.0
2023-12-31 01:05:12,343 [INFO] ThirdParty:1030 - CMSIS Pack Vendor :STMicroelectronics X-CUBE-ALS 1.0.1
2023-12-31 01:05:12,343 [INFO] ThirdParty:1030 - CMSIS Pack Vendor :STMicroelectronics ThreadX 1.0.0
2023-12-31 01:05:12,344 [INFO] ThirdParty:1030 - CMSIS Pack Vendor :STMicroelectronics FP-SNS-SMARTAG2 1.2.0
2023-12-31 01:05:12,344 [INFO] ThirdParty:1030 - CMSIS Pack Vendor :STMicroelectronics X-CUBE-AZRTOS-WL 2.0.0
2023-12-31 01:05:12,344 [INFO] ThirdParty:1030 - CMSIS Pack Vendor :STMicroelectronics USB_DEVICE 1.0.0
2023-12-31 01:05:12,344 [INFO] ThirdParty:1030 - CMSIS Pack Vendor :STMicroelectronics X-CUBE-AI 8.1.0
2023-12-31 01:05:12,344 [INFO] ThirdParty:1030 - CMSIS Pack Vendor :STMicroelectronics X-CUBE-AZRTOS-L4 2.0.0
2023-12-31 01:05:12,344 [INFO] ThirdParty:1030 - CMSIS Pack Vendor :STMicroelectronics ThreadX 0.0.2
2023-12-31 01:05:12,344 [INFO] ThirdParty:1030 - CMSIS Pack Vendor :WES I-CUBE-Cesium 1.3.0
2023-12-31 01:05:12,344 [INFO] ThirdParty:1030 - CMSIS Pack Vendor :STMicroelectronics FP-ATR-ASTRA1 2.0.0
2023-12-31 01:05:12,344 [INFO] ThirdParty:1030 - CMSIS Pack Vendor :STMicroelectronics lwIP 2.1.2
2023-12-31 01:05:12,344 [INFO] ThirdParty:1030 - CMSIS Pack Vendor :STMicroelectronics X-CUBE-SFXS2LP1 4.0.0
2023-12-31 01:05:12,344 [INFO] ThirdParty:1030 - CMSIS Pack Vendor :STMicroelectronics X-CUBE-BLE2 3.3.0
2023-12-31 01:05:12,344 [INFO] ThirdParty:1030 - CMSIS Pack Vendor :STMicroelectronics X-CUBE-TOF1 3.4.0
2023-12-31 01:05:12,344 [INFO] ThirdParty:1030 - CMSIS Pack Vendor :STMicroelectronics X-CUBE-AZRTOS-H7 3.2.0
2023-12-31 01:05:12,344 [INFO] ThirdParty:1030 - CMSIS Pack Vendor :STMicroelectronics PDM2PCM 3.2.0
2023-12-31 01:05:12,344 [INFO] ThirdParty:841 - exiting critical section [change project]
2023-12-31 01:05:12,636 [INFO] PinOutPanel:1499 - setPackage(No Configuration,No Configuration)
2023-12-31 01:05:12,639 [INFO] PinOutPanel:1499 - setPackage(STM32F042F4Px,TSSOP20)
2023-12-31 01:05:13,636 [INFO] UtilMem:75 - Before build in PCC Used Memory: 224158720 Bytes (402653184)
2023-12-31 01:05:14,530 [INFO] UtilMem:75 - After build in PCC Used Memory: 304653456 Bytes (416284672)
2023-12-31 01:05:14,553 [INFO] IPUIPlugin:80 - create IPUIPlugin
2023-12-31 01:05:14,554 [INFO] IPUIPlugin:80 - create IPUIPlugin
2023-12-31 01:05:14,554 [INFO] IPUIPlugin:80 - create IPUIPlugin
2023-12-31 01:05:14,554 [INFO] IPUIPlugin:80 - create IPUIPlugin
2023-12-31 01:05:14,554 [INFO] IPUIPlugin:80 - create IPUIPlugin
2023-12-31 01:05:14,554 [INFO] IPUIPlugin:80 - create IPUIPlugin
2023-12-31 01:05:14,554 [INFO] IPUIPlugin:80 - create IPUIPlugin
2023-12-31 01:05:14,554 [INFO] IPUIPlugin:80 - create IPUIPlugin
2023-12-31 01:05:14,554 [INFO] IPUIPlugin:80 - create IPUIPlugin
2023-12-31 01:05:14,554 [INFO] IPUIPlugin:80 - create IPUIPlugin
2023-12-31 01:05:14,554 [INFO] IPUIPlugin:80 - create IPUIPlugin
2023-12-31 01:05:14,554 [INFO] IPUIPlugin:80 - create IPUIPlugin
2023-12-31 01:05:14,554 [INFO] IPUIPlugin:80 - create IPUIPlugin
2023-12-31 01:05:14,555 [INFO] IPUIPlugin:80 - create IPUIPlugin
2023-12-31 01:05:14,556 [INFO] IPUIPlugin:80 - create IPUIPlugin
2023-12-31 01:05:14,557 [INFO] IPUIPlugin:80 - create IPUIPlugin
2023-12-31 01:05:14,558 [INFO] IPUIPlugin:80 - create IPUIPlugin
2023-12-31 01:05:14,558 [INFO] IPUIPlugin:80 - create IPUIPlugin
2023-12-31 01:05:14,559 [INFO] IPUIPlugin:80 - create IPUIPlugin
2023-12-31 01:05:14,560 [INFO] IPUIPlugin:80 - create IPUIPlugin
2023-12-31 01:05:14,560 [INFO] IPUIPlugin:80 - create IPUIPlugin
2023-12-31 01:05:14,560 [INFO] IPUIPlugin:80 - create IPUIPlugin
2023-12-31 01:05:14,560 [INFO] IPUIPlugin:80 - create IPUIPlugin
2023-12-31 01:05:14,560 [INFO] IPUIPlugin:80 - create IPUIPlugin
2023-12-31 01:05:14,560 [INFO] IPUIPlugin:80 - create IPUIPlugin
2023-12-31 01:05:14,561 [INFO] IPUIPlugin:80 - create IPUIPlugin
2023-12-31 01:05:14,561 [INFO] IPUIPlugin:80 - create IPUIPlugin
2023-12-31 01:05:14,561 [INFO] IPUIPlugin:80 - create IPUIPlugin
2023-12-31 01:05:14,561 [INFO] IPUIPlugin:80 - create IPUIPlugin
2023-12-31 01:05:14,561 [INFO] IPUIPlugin:80 - create IPUIPlugin
2023-12-31 01:05:14,580 [INFO] Can:71 - Can Add PropertyChangeListener com.st.microxplorer.plugins.ip.can.Can@67d0cca5
2023-12-31 01:05:14,795 [INFO] CADModel:165 - CPN selected for project levelSTM32F042F4P6
2023-12-31 01:05:14,795 [INFO] CADModel:114 - Register for checkConnection events
2023-12-31 01:05:14,859 [INFO] OpenFileManager:343 - Restore cursor
2023-12-31 01:05:51,506 [INFO] NvicIntPanel:101 - NVIC parent = com.st.microxplorer.plugins.ip.nvic.MultiNvicIntPanel[,0,0,0x0,invalid,layout=javax.swing.BoxLayout,alignmentX=0.0,alignmentY=0.0,border=,flags=9,maximumSize=,minimumSize=,preferredSize=]
2023-12-31 01:07:08,910 [INFO] NvicIntPanel:101 - NVIC parent = com.st.microxplorer.plugins.ip.nvic.MultiNvicIntPanel[,0,0,450x117,layout=javax.swing.BoxLayout,alignmentX=0.0,alignmentY=0.0,border=,flags=9,maximumSize=,minimumSize=,preferredSize=]
2023-12-31 01:12:08,743 [INFO] MainUpdater:2873 - connection check result : 10
2023-12-31 01:12:08,744 [INFO] MainUpdater:2873 - connection check result : 10
2023-12-31 01:12:08,771 [INFO] MicroXplorer:468 - Change Database Path : 
2023-12-31 01:12:08,772 [INFO] MicroXplorer:498 - Change Database Version : DB.6.0.100
2023-12-31 01:12:08,802 [ERROR] ProjectManagerView:394 - 
java.lang.NullPointerException: Cannot invoke "javax.swing.JTextField.getText()" because the return value of "java.util.List.get(int)" is null
	at com.st.microxplorer.plugins.projectmanager.gui.ProjectChoiceTab$10.caretUpdate(ProjectChoiceTab.java:2493) ~[filemanager.jar:?]
	at javax.swing.text.JTextComponent.fireCaretUpdate(JTextComponent.java:412) ~[?:?]
	at javax.swing.text.JTextComponent$MutableCaretEvent.fire(JTextComponent.java:4491) ~[?:?]
	at javax.swing.text.JTextComponent$MutableCaretEvent.stateChanged(JTextComponent.java:4513) ~[?:?]
	at javax.swing.text.DefaultCaret.fireStateChanged(DefaultCaret.java:842) ~[?:?]
	at javax.swing.text.DefaultCaret.changeCaretPosition(DefaultCaret.java:1313) ~[?:?]
	at javax.swing.text.DefaultCaret.handleSetDot(DefaultCaret.java:1212) ~[?:?]
	at javax.swing.text.DefaultCaret.setDot(DefaultCaret.java:1193) ~[?:?]
	at javax.swing.text.DefaultCaret$Handler.insertUpdate(DefaultCaret.java:1789) ~[?:?]
	at javax.swing.text.AbstractDocument.fireInsertUpdate(AbstractDocument.java:226) ~[?:?]
	at javax.swing.text.AbstractDocument.handleInsertString(AbstractDocument.java:780) ~[?:?]
	at javax.swing.text.AbstractDocument.insertString(AbstractDocument.java:739) ~[?:?]
	at javax.swing.text.PlainDocument.insertString(PlainDocument.java:131) ~[?:?]
	at javax.swing.text.AbstractDocument.replace(AbstractDocument.java:698) ~[?:?]
	at javax.swing.text.JTextComponent.setText(JTextComponent.java:1729) ~[?:?]
	at com.st.microxplorer.plugins.projectmanager.gui.ProjectChoiceTab.createHeapStackFields(ProjectChoiceTab.java:933) ~[filemanager.jar:?]
	at com.st.microxplorer.plugins.projectmanager.gui.ProjectChoiceTab.buildLinkSettingsPanel(ProjectChoiceTab.java:3426) ~[filemanager.jar:?]
	at com.st.microxplorer.plugins.projectmanager.gui.ProjectChoiceTab.defineWindowsFields(ProjectChoiceTab.java:1813) ~[filemanager.jar:?]
	at com.st.microxplorer.plugins.projectmanager.gui.ProjectChoiceTab.updateSettings(ProjectChoiceTab.java:533) ~[filemanager.jar:?]
	at com.st.microxplorer.plugins.projectmanager.gui.ProjectSettingsPanel.UpdateDialog(ProjectSettingsPanel.java:244) ~[filemanager.jar:?]
	at com.st.microxplorer.plugins.projectmanager.ProjectManagerView.propertyChange(ProjectManagerView.java:391) ~[filemanager.jar:?]
	at java.beans.PropertyChangeSupport.fire(PropertyChangeSupport.java:343) ~[?:?]
	at java.beans.PropertyChangeSupport.firePropertyChange(PropertyChangeSupport.java:335) ~[?:?]
	at java.beans.PropertyChangeSupport.firePropertyChange(PropertyChangeSupport.java:268) ~[?:?]
	at com.st.microxplorer.util.MXPropertyChangeSupport.firePropertyChange(MXPropertyChangeSupport.java:54) ~[STM32CubeMX.jar:?]
	at com.st.microxplorer.mxsystem.MxSystem.closeConfig(MxSystem.java:900) ~[STM32CubeMX.jar:?]
	at com.st.microxplorer.maingui.MainPanel.closeConfig(MainPanel.java:776) ~[STM32CubeMX.jar:?]
	at com.st.microxplorer.plugins.filemanager.engine.OpenFileManager.loadConfigurationFile(OpenFileManager.java:245) ~[filemanager.jar:?]
	at com.st.microxplorer.plugins.filemanager.engine.MainFileManager.userLoadConfig(MainFileManager.java:290) ~[filemanager.jar:?]
	at com.st.microxplorer.plugins.filemanager.FileManagerView.getSpecificTask(FileManagerView.java:247) ~[filemanager.jar:?]
	at com.st.stm32cube.common.mx.editor.CubeMxEditor.getMxTabbedPaneInstance(CubeMxEditor.java:1184) ~[com.st.stm32cube.common.mx_6.10.0.202311202037/:?]
	at com.st.stm32cube.common.mx.editor.CubeMxEditor$12$1.createSwingComponent(CubeMxEditor.java:1065) ~[com.st.stm32cube.common.mx_6.10.0.202311202037/:?]
	at com.st.stm32cube.common.mx.oss.core.awtswtbridge.EmbeddedSwingComposite.doComponentCreation(EmbeddedSwingComposite.java:492) ~[com.st.stm32cube.common.mx.oss_6.10.0.202311202037/:?]
	at com.st.stm32cube.common.mx.oss.core.awtswtbridge.EmbeddedSwingComposite$4.run(EmbeddedSwingComposite.java:291) ~[com.st.stm32cube.common.mx.oss_6.10.0.202311202037/:?]
	at com.st.stm32cube.common.mx.oss.core.awtswtbridge.AwtEnvironment$2.run(AwtEnvironment.java:166) ~[com.st.stm32cube.common.mx.oss_6.10.0.202311202037/:?]
	at java.awt.event.InvocationEvent.dispatch(InvocationEvent.java:318) ~[?:?]
	at java.awt.EventQueue.dispatchEventImpl(EventQueue.java:773) ~[?:?]
	at java.awt.EventQueue$4.run(EventQueue.java:720) ~[?:?]
	at java.awt.EventQueue$4.run(EventQueue.java:714) ~[?:?]
	at java.security.AccessController.doPrivileged(AccessController.java:399) ~[?:?]
	at java.security.ProtectionDomain$JavaSecurityAccessImpl.doIntersectionPrivilege(ProtectionDomain.java:86) ~[?:?]
	at java.awt.EventQueue.dispatchEvent(EventQueue.java:742) ~[?:?]
	at java.awt.EventDispatchThread.pumpOneEventForFilters(EventDispatchThread.java:203) ~[?:?]
	at java.awt.EventDispatchThread.pumpEventsForFilter(EventDispatchThread.java:124) ~[?:?]
	at java.awt.EventDispatchThread.pumpEventsForHierarchy(EventDispatchThread.java:113) ~[?:?]
	at java.awt.EventDispatchThread.pumpEvents(EventDispatchThread.java:109) ~[?:?]
	at java.awt.EventDispatchThread.pumpEvents(EventDispatchThread.java:101) ~[?:?]
	at java.awt.EventDispatchThread.run(EventDispatchThread.java:90) ~[?:?]
2023-12-31 01:12:08,817 [WARN] ThirdParty:871 - waiting for thirdparty lock release [close project]
2023-12-31 01:12:08,818 [INFO] ThirdParty:873 - entering critical section [close project]
2023-12-31 01:12:08,818 [INFO] ThirdParty:883 - exiting critical section [close project]
2023-12-31 01:12:08,820 [INFO] PinOutPanel:1499 - setPackage(No Configuration,No Configuration)
2023-12-31 01:12:08,832 [INFO] UtilMem:75 - Begin LoadConfig() Used Memory: 716577976 Bytes (979369984)
2023-12-31 01:12:08,834 [INFO] MicroXplorer:468 - Change Database Path : 
2023-12-31 01:12:08,834 [INFO] MicroXplorer:498 - Change Database Version : DB.6.0.100
2023-12-31 01:12:08,834 [INFO] OpenFileManager:312 - Change cursor
2023-12-31 01:12:08,839 [INFO] Mcu:2016 - Initializing MCU STM32F042F4Px STM32F042F4Px STM32F042F4P6
2023-12-31 01:12:09,417 [INFO] Context:659 - Trying to add GPIOservice into a context  which must be forbidden
2023-12-31 01:12:09,538 [INFO] RtosManager:555 - Registered RTOS mode: class=CMSIS, group=RTOS, mode=CMSIS_V1, owner=FREERTOS
2023-12-31 01:12:09,538 [INFO] RtosManager:555 - Registered RTOS mode: class=CMSIS, group=RTOS2, mode=CMSIS_V2, owner=FREERTOS
2023-12-31 01:12:09,538 [INFO] RtosManager:555 - Registered RTOS mode: class=RTOS, group=Core, mode=CMSIS_V1, owner=FREERTOS
2023-12-31 01:12:09,538 [INFO] RtosManager:555 - Registered RTOS mode: class=RTOS, group=Core, mode=CMSIS_V2, owner=FREERTOS
2023-12-31 01:12:09,538 [WARN] ModelIntegratedComponent:184 - Missing modes for component STMicroelectronics:FreeRTOS:0.0.1:STMicroelectronics:RTOS:FreeRTOS:Core:::10.2.0:
2023-12-31 01:12:09,542 [WARN] ModelIntegratedComponent:63 - No mode defined for component null
2023-12-31 01:12:09,542 [WARN] ModelIntegratedComponent:63 - No mode defined for component null
2023-12-31 01:12:09,542 [WARN] ModelIntegratedComponent:63 - No mode defined for component null
2023-12-31 01:12:09,543 [WARN] ModelIntegratedComponent:63 - No mode defined for component null
2023-12-31 01:12:09,543 [WARN] ModelIntegratedComponent:63 - No mode defined for component null
2023-12-31 01:12:09,543 [WARN] ModelIntegratedComponent:63 - No mode defined for component null
2023-12-31 01:12:09,543 [WARN] ModelIntegratedComponent:63 - No mode defined for component null
2023-12-31 01:12:09,543 [WARN] ModelIntegratedComponent:63 - No mode defined for component null
2023-12-31 01:12:09,543 [WARN] ModelIntegratedComponent:63 - No mode defined for component null
2023-12-31 01:12:09,543 [WARN] ModelIntegratedComponent:63 - No mode defined for component null
2023-12-31 01:12:09,543 [WARN] ModelIntegratedComponent:63 - No mode defined for component null
2023-12-31 01:12:09,543 [WARN] ModelIntegratedComponent:63 - No mode defined for component null
2023-12-31 01:12:09,543 [WARN] ModelIntegratedComponent:63 - No mode defined for component null
2023-12-31 01:12:09,543 [WARN] ModelIntegratedComponent:63 - No mode defined for component null
2023-12-31 01:12:09,543 [WARN] ModelIntegratedComponent:63 - No mode defined for component null
2023-12-31 01:12:09,543 [WARN] ModelIntegratedComponent:63 - No mode defined for component null
2023-12-31 01:12:09,543 [WARN] ModelIntegratedComponent:63 - No mode defined for component null
2023-12-31 01:12:09,543 [WARN] ModelIntegratedComponent:63 - No mode defined for component null
2023-12-31 01:12:09,543 [WARN] ModelIntegratedComponent:63 - No mode defined for component null
2023-12-31 01:12:09,543 [WARN] ModelIntegratedComponent:63 - No mode defined for component null
2023-12-31 01:12:09,543 [WARN] ModelIntegratedComponent:63 - No mode defined for component null
2023-12-31 01:12:09,543 [WARN] ModelIntegratedComponent:63 - No mode defined for component null
2023-12-31 01:12:09,543 [WARN] ModelIntegratedComponent:63 - No mode defined for component null
2023-12-31 01:12:09,543 [WARN] ModelIntegratedComponent:63 - No mode defined for component null
2023-12-31 01:12:09,543 [WARN] ModelIntegratedComponent:63 - No mode defined for component null
2023-12-31 01:12:09,543 [WARN] ModelIntegratedComponent:63 - No mode defined for component null
2023-12-31 01:12:09,543 [WARN] ModelIntegratedComponent:63 - No mode defined for component null
2023-12-31 01:12:09,543 [WARN] ModelIntegratedComponent:63 - No mode defined for component null
2023-12-31 01:12:09,543 [WARN] ModelIntegratedComponent:63 - No mode defined for component null
2023-12-31 01:12:09,543 [WARN] ModelIntegratedComponent:63 - No mode defined for component null
2023-12-31 01:12:09,543 [WARN] ModelIntegratedComponent:63 - No mode defined for component null
2023-12-31 01:12:09,543 [WARN] ModelIntegratedComponent:63 - No mode defined for component null
2023-12-31 01:12:09,543 [WARN] ModelIntegratedComponent:63 - No mode defined for component null
2023-12-31 01:12:09,589 [INFO] ThirdPartyModel:298 - Start build external matchings
2023-12-31 01:12:09,735 [INFO] ThirdPartyModel:316 - End build external matchings
2023-12-31 01:12:09,741 [INFO] ImportTextPane:194 - (OptionalMessage_ERROR) IP (DMA) : Parameter (Instance) has Id (ADC) currently not set
2023-12-31 01:12:09,741 [INFO] ImportTextPane:194 - (OptionalMessage_ERROR) IP (DMA) : Parameter (Direction) has Id (ADC) currently not set
2023-12-31 01:12:09,741 [INFO] ImportTextPane:194 - (OptionalMessage_ERROR) IP (DMA) : Parameter (PeriphInc) has Id (ADC) currently not set
2023-12-31 01:12:09,741 [INFO] ImportTextPane:194 - (OptionalMessage_ERROR) IP (DMA) : Parameter (MemInc) has Id (ADC) currently not set
2023-12-31 01:12:09,741 [INFO] ImportTextPane:194 - (OptionalMessage_ERROR) IP (DMA) : Parameter (PeriphDataAlignment) has Id (ADC) currently not set
2023-12-31 01:12:09,741 [INFO] ImportTextPane:194 - (OptionalMessage_ERROR) IP (DMA) : Parameter (MemDataAlignment) has Id (ADC) currently not set
2023-12-31 01:12:09,741 [INFO] ImportTextPane:194 - (OptionalMessage_ERROR) IP (DMA) : Parameter (Mode) has Id (ADC) currently not set
2023-12-31 01:12:09,741 [INFO] ImportTextPane:194 - (OptionalMessage_ERROR) IP (DMA) : Parameter (Priority) has Id (ADC) currently not set
2023-12-31 01:12:09,880 [INFO] ApiDb:668 - CubeFinder database Data Model version=2.1
2023-12-31 01:12:09,881 [INFO] ApiDb:669 - CubeFinder database Configuration version=3.0.39
2023-12-31 01:12:09,881 [INFO] ApiDb:670 - CubeFinder database generation date=2023-12-08 (1702028721)
2023-12-31 01:12:09,881 [INFO] ApiDb:671 - CubeFinder database FW Pack versions=[FP-ATR-ASTRA1_V2.0.0, FP-SNS-FLIGHT1_V5.0.1, FP-SNS-FLIGHT1_V5.0.2, FP-SNS-MOTENV1_V4.3.1, FP-SNS-MOTENV1_V4.3.2, FP-SNS-MOTENVWB1_V1.3.1, FP-SNS-SMARTAG2_V1.2.0, STM32Cube_FW_C0_V1.1.0, STM32Cube_FW_F4_V1.28.0, STM32Cube_FW_F7_V1.17.0, STM32Cube_FW_G0_V1.6.1, STM32Cube_FW_G4_V1.5.1, STM32Cube_FW_H5_V0.5.1, STM32Cube_FW_H5_V1.1.1, STM32Cube_FW_H5_V1.2.0RC2, STM32Cube_FW_H7_V1.11.0, STM32Cube_FW_L0_V1.12.2, STM32Cube_FW_L5_V1.5.0, STM32Cube_FW_U5_V1.3.0RC4, STM32Cube_FW_U5_V1.4.0, STM32Cube_FW_WBA_V1.0.0RC1, STM32Cube_FW_WBA_V1.1.0RC1, STM32Cube_FW_WBA_V1.2.0, STM32Cube_FW_WBA_V1.2.0RC2, STM32Cube_FW_WB_V1.15.0RC1, STM32Cube_FW_WB_V1.16.0, STM32Cube_FW_WB_V1.16.0RC2, STM32Cube_FW_WB_V1.18.0, STM32Cube_FW_WL_V1.3.0, X-CUBE-ALGOBUILD_V1.3.0, X-CUBE-ALS_V1.0.1, X-CUBE-AZRTOS-F4_V1.1.0, X-CUBE-AZRTOS-F7_V1.1.0, X-CUBE-AZRTOS-G0_V1.1.0, X-CUBE-AZRTOS-G4_V2.0.0, X-CUBE-AZRTOS-H7_V3.1.0, X-CUBE-AZRTOS-L4_V1.0.0, X-CUBE-AZRTOS-L4_V2.0.0, X-CUBE-AZRTOS-L5_V1.1.0, X-CUBE-AZRTOS-WB_V2.0.0, X-CUBE-AZRTOS-WL_V2.0.0, X-CUBE-BLE1_V7.0.0, X-CUBE-BLE2_V3.3.0, X-CUBE-BLEMGR_V3.0.0, X-CUBE-EEPRMA1_V4.1.0, X-CUBE-EEPRMA1_V4.2.0, X-CUBE-FREERTOS_V1.1.0, X-CUBE-GNSS1_V6.0.0, X-CUBE-MEMS1_V10.0.0, X-CUBE-MEMS1_V9.1.0, X-CUBE-MEMS1_V9.4.0, X-CUBE-MEMS1_V9.6.0, X-CUBE-NFC4_V3.0.0, X-CUBE-NFC7_V1.0.1, X-CUBE-SFXS2LP1_V4.0.0, X-CUBE-SUBG2_V5.0.0, X-CUBE-TOF1_V3.4.0]
2023-12-31 01:12:09,989 [INFO] DbBoardsSqlite:226 - include board P-NUCLEO-WB55-NUCLEO as a kit item of type 'Nucleo-64'
2023-12-31 01:12:09,989 [INFO] DbBoardsSqlite:226 - include board P-NUCLEO-WB55-USBDONGLE as a kit item of type 'Nucleo USB Dongle'
2023-12-31 01:12:09,989 [INFO] DbBoardsSqlite:226 - include board STEVAL-IDP005V1 as a kit item of type 'Evaluation Board'
2023-12-31 01:12:09,990 [INFO] DbBoardsSqlite:226 - include board STEVAL-IDP005V2 as a kit item of type 'Evaluation Board'
2023-12-31 01:12:10,113 [INFO] ApiDb:240 - Found 371 in-development CPN: [B-G473E-ZEST1S, B-WB1M-WPAN1, B-WL5M-SUBG1, NUCLEO-C031C6, NUCLEO-H503RB, NUCLEO-H563ZI, NUCLEO-U545RE-Q, NUCLEO-U5A5ZJ-Q, NUCLEO-WBA52CG, NUCLEO-WBA55CG, STEVAL-MKBOXPRO, STEVAL-PROTEUS1, STEVAL-STWINBX1, STM320518-EVAL, STM32C0116-DK, STM32C011D6Y3TR, STM32C011D6Y6TR, STM32C011F4P3, STM32C011F4P6, STM32C011F4U3, STM32C011F4U6TR, STM32C011F6P3, STM32C011F6P6, STM32C011F6U3, STM32C011F6U6TR, STM32C011J4M3, STM32C011J4M6, STM32C011J6M3, STM32C011J6M6, STM32C0316-DK, STM32C031C4T3, STM32C031C4T6, STM32C031C4U3, STM32C031C4U6, STM32C031C6T3, STM32C031C6T6, STM32C031C6U3, STM32C031C6U6, STM32C031F4P3, STM32C031F4P6, STM32C031F6P3, STM32C031F6P6, STM32C031G4U3, STM32C031G4U6, STM32C031G6U3, STM32C031G6U6, STM32C031K4T3, STM32C031K4T6, STM32C031K4U3, STM32C031K4U6, STM32C031K6T3, STM32C031K6T6, STM32C031K6U3, STM32C031K6U6, STM32G071K8TXN, STM32G071K8UXN, STM32G081GBU6N, STM32G081KBT6N, STM32G081KBUXN, STM32G0B1CCT6N, STM32G0B1KCT6, STM32G0B1NEY6TR, STM32G0B1RCT6N, STM32G0C1CCT6, STM32G0C1CCT6N, STM32G0C1CCU6N, STM32G0C1CET6N, STM32G0C1CEU6N, STM32G0C1KCT6, STM32G0C1NEY6TR, STM32G0C1RCI6N, STM32G0C1RCT6N, STM32G0C1REI6N, STM32G0C1RET6N, STM32G0C1VCI6, STM32G0C1VEI6, STM32G471CCT6, STM32G471CCU6, STM32G471CET3, STM32G471CET6, STM32G471CEU3, STM32G471CEU6, STM32G471MCT6, STM32G471MET3, STM32G471MET6, STM32G471MEY6TR, STM32G471QCT6, STM32G471QET3, STM32G471RCT6, STM32G471RET3, STM32G471RET6, STM32G471VCH6, STM32G471VCI6, STM32G471VCT6, STM32G471VEH3, STM32G471VEH6, STM32G471VEI3, STM32G471VEI6, STM32G471VET3, STM32G471VET6, STM32G474CCT6, STM32H503CBT6, STM32H503CBU6, STM32H503EBY6TR, STM32H503KBU6, STM32H503RBT6, STM32H562AGI6, STM32H562AII6, STM32H562IGK6, STM32H562IGT6, STM32H562IIK6, STM32H562IIT6, STM32H562RGT6, STM32H562RGV6, STM32H562RIT6, STM32H562RIV6, STM32H562VGT6, STM32H562VIT6, STM32H562ZGT6, STM32H562ZIT6, STM32H563AGI6, STM32H563AII3Q, STM32H563AII6, STM32H563IGK6, STM32H563IGT6, STM32H563IIK3Q, STM32H563IIK6, STM32H563IIT3Q, STM32H563IIT6, STM32H563MIY3QTR, STM32H563RGT6, STM32H563RGV6, STM32H563RIT6, STM32H563RIV6, STM32H563VGT6, STM32H563VIT3Q, STM32H563VIT6, STM32H563ZGT6, STM32H563ZIT3Q, STM32H563ZIT6, STM32H573AII3Q, STM32H573AII6, STM32H573I-DK, STM32H573IIK3Q, STM32H573IIK6, STM32H573IIT3Q, STM32H573IIT6, STM32H573MIY3QTR, STM32H573RIT6, STM32H573RIV6, STM32H573VIT3Q, STM32H573VIT6, STM32H573ZIT3Q, STM32H573ZIT6, STM32L4R5QGI6STR, STM32MP131AAE3, STM32MP131AAF3, STM32MP131AAG3, STM32MP131CAE3, STM32MP131CAF3, STM32MP131CAG3, STM32MP131DAE7, STM32MP131DAF7, STM32MP131DAG7, STM32MP131FAE7, STM32MP131FAF7, STM32MP131FAG7, STM32MP133AAE3, STM32MP133AAF3, STM32MP133AAG3, STM32MP133CAE3, STM32MP133CAF3, STM32MP133CAG3, STM32MP133DAE7, STM32MP133DAF7, STM32MP133DAG7, STM32MP133FAE7, STM32MP133FAF7, STM32MP133FAG7, STM32MP135AAE3, STM32MP135AAF3, STM32MP135AAG3, STM32MP135CAE3, STM32MP135CAF3, STM32MP135CAG3, STM32MP135DAE7, STM32MP135DAF7, STM32MP135DAG7, STM32MP135F-DK, STM32MP135FAE7, STM32MP135FAF7, STM32MP135FAF7T, STM32MP135FAF7U, STM32MP135FAG7, STM32U535CBT6, STM32U535CBT6Q, STM32U535CBU6, STM32U535CBU6Q, STM32U535CCT6, STM32U535CCT6Q, STM32U535CCU6, STM32U535CCU6Q, STM32U535CET6, STM32U535CET6Q, STM32U535CEU6, STM32U535CEU6Q, STM32U535JEY6QTR, STM32U535NCY6QTR, STM32U535NEY6QTR, STM32U535RBI6, STM32U535RBI6Q, STM32U535RBT6, STM32U535RBT6Q, STM32U535RCI6, STM32U535RCI6Q, STM32U535RCT6, STM32U535RCT6Q, STM32U535REI6, STM32U535REI6Q, STM32U535RET6, STM32U535RET6Q, STM32U535VCI6, STM32U535VCI6Q, STM32U535VCT6, STM32U535VCT6Q, STM32U535VEI6, STM32U535VEI6Q, STM32U535VET6, STM32U535VET6Q, STM32U545CET6, STM32U545CET6Q, STM32U545CEU6, STM32U545CEU6Q, STM32U545JEY6QTR, STM32U545NEY6QTR, STM32U545REI6, STM32U545REI6Q, STM32U545RET6, STM32U545RET6Q, STM32U545VEI6, STM32U545VEI6Q, STM32U545VET6, STM32U545VET6Q, STM32U595AIH6, STM32U595AIH6Q, STM32U595AJH6, STM32U595AJH6Q, STM32U595QII6, STM32U595QII6Q, STM32U595QJI6, STM32U595QJI6Q, STM32U595RIT6, STM32U595RIT6Q, STM32U595RJT6, STM32U595RJT6Q, STM32U595VIT6, STM32U595VIT6Q, STM32U595VJT6, STM32U595VJT6Q, STM32U595ZIT6, STM32U595ZIT6Q, STM32U595ZIY6QTR, STM32U595ZJT6, STM32U595ZJT6Q, STM32U595ZJY6QTR, STM32U599BJY6QTR, STM32U599NIH6Q, STM32U599NJH6Q, STM32U599VIT6Q, STM32U599VJT6, STM32U599VJT6Q, STM32U599ZIT6Q, STM32U599ZIY6QTR, STM32U599ZJT6Q, STM32U599ZJY6QTR, STM32U5A5AJH6, STM32U5A5AJH6Q, STM32U5A5QJI6, STM32U5A5QJI6Q, STM32U5A5RJT6, STM32U5A5RJT6Q, STM32U5A5VJT6, STM32U5A5VJT6Q, STM32U5A5ZJT6, STM32U5A5ZJT6Q, STM32U5A5ZJY6QTR, STM32U5A9BJY6QTR, STM32U5A9J-DK, STM32U5A9NJH6Q, STM32U5A9VJT6Q, STM32U5A9ZJT6Q, STM32U5A9ZJY6QTR, STM32U5F7VIT6, STM32U5F7VIT6Q, STM32U5F7VJT6, STM32U5F7VJT6Q, STM32U5F9BJY6QTR, STM32U5F9NJH6Q, STM32U5F9VIT6Q, STM32U5F9VJT6Q, STM32U5F9ZIJ6QTR, STM32U5F9ZIT6Q, STM32U5F9ZJJ6QTR, STM32U5F9ZJT6Q, STM32U5G7VJT6, STM32U5G7VJT6Q, STM32U5G9BJY6QTR, STM32U5G9J-DK1, STM32U5G9J-DK2, STM32U5G9NJH6Q, STM32U5G9VJT6Q, STM32U5G9ZJJ6QTR, STM32U5G9ZJT6Q, STM32WB1MMCH6, STM32WBA50KEU6, STM32WBA50KEU6TR, STM32WBA50KGU6, STM32WBA50KGU6TR, STM32WBA52CEU6, STM32WBA52CEU6TR, STM32WBA52CEU7, STM32WBA52CEU7TR, STM32WBA52CGU6, STM32WBA52CGU6TR, STM32WBA52CGU6U, STM32WBA52CGU7, STM32WBA52CGU7TR, STM32WBA52KEU6, STM32WBA52KEU6TR, STM32WBA52KGU6, STM32WBA52KGU6TR, STM32WBA54CEU6, STM32WBA54CEU6TR, STM32WBA54CEU7, STM32WBA54CEU7TR, STM32WBA54CGU6, STM32WBA54CGU6TR, STM32WBA54CGU7, STM32WBA54CGU7TR, STM32WBA54KEU6, STM32WBA54KEU6TR, STM32WBA54KEU7, STM32WBA54KEU7TR, STM32WBA54KGU6, STM32WBA54KGU6TR, STM32WBA54KGU7, STM32WBA54KGU7TR, STM32WBA55CEU6, STM32WBA55CEU6TR, STM32WBA55CEU7, STM32WBA55CEU7TR, STM32WBA55CGU6, STM32WBA55CGU6TR, STM32WBA55CGU6U, STM32WBA55CGU7, STM32WBA55CGU7TR, STM32WBA55G-DK1, STM32WBA55HEF6, STM32WBA55HEF7, STM32WBA55HGF6, STM32WBA55HGF7, STM32WBA55UEI6, STM32WBA55UEI6TR, STM32WBA55UEI7, STM32WBA55UEI7TR, STM32WBA55UGI6, STM32WBA55UGI6TR, STM32WBA55UGI7, STM32WBA55UGI7TR, STM32WL5MOCH6, STM32WL5MOCH6TR]
2023-12-31 01:12:10,248 [INFO] BoardInfo:889 - No configuration file found for board P-NUCLEO-WB55
2023-12-31 01:12:10,248 [INFO] DbBoards:161 - Kit is not supported: P-NUCLEO-WB55
2023-12-31 01:12:10,252 [INFO] BoardInfo:889 - No configuration file found for board STEVAL-BFA001V1B
2023-12-31 01:12:10,252 [INFO] DbBoards:161 - Kit is not supported: STEVAL-BFA001V1B
2023-12-31 01:12:10,253 [INFO] BoardInfo:889 - No configuration file found for board STEVAL-BFA001V2B
2023-12-31 01:12:10,253 [INFO] DbBoards:161 - Kit is not supported: STEVAL-BFA001V2B
2023-12-31 01:12:10,347 [INFO] DbBoards:168 - Found 193 boards, 190 are supported
2023-12-31 01:12:10,347 [INFO] DbBoards:169 - Found 193 boards, 3 of them is supported for  Bsp
2023-12-31 01:12:10,349 [INFO] ApiDb:423 - Load user favorites file C:\Users\aleja/.stm32cubeide/favorites.boards.txt: 0 item(s)
2023-12-31 01:12:10,349 [INFO] ApiDb:427 - User favorites Boards=[]
2023-12-31 01:12:10,349 [INFO] DbBoards:198 - Set 0 / 0 favorites Boards
2023-12-31 01:12:10,429 [INFO] UtilMem:75 - End LoadConfig() Used Memory: 738323384 Bytes (1003487232)
2023-12-31 01:12:10,485 [INFO] MicroXplorer:468 - Change Database Path : 
2023-12-31 01:12:10,485 [INFO] MicroXplorer:498 - Change Database Version : DB.6.0.100
2023-12-31 01:12:10,486 [WARN] ThirdParty:833 - waiting for thirdparty lock release [change project]
2023-12-31 01:12:10,486 [INFO] ThirdParty:835 - entering critical section [change project]
2023-12-31 01:12:10,486 [INFO] ThirdParty:1030 - CMSIS Pack Vendor :STMicroelectronics X-CUBE-ISPU 1.1.0
2023-12-31 01:12:10,486 [INFO] ThirdParty:1030 - CMSIS Pack Vendor :STMicroelectronics USBPD 4.1
2023-12-31 01:12:10,486 [INFO] ThirdParty:1030 - CMSIS Pack Vendor :STMicroelectronics X-CUBE-GNSS1 6.0.0
2023-12-31 01:12:10,486 [INFO] ThirdParty:1030 - CMSIS Pack Vendor :STMicroelectronics USB_HOST 2.0.0
2023-12-31 01:12:10,486 [INFO] ThirdParty:1030 - CMSIS Pack Vendor :STMicroelectronics X-CUBE-AZRTOS-F4 1.1.0
2023-12-31 01:12:10,486 [INFO] ThirdParty:1030 - CMSIS Pack Vendor :STMicroelectronics LIBJPEG 8.0.0
2023-12-31 01:12:10,486 [INFO] ThirdParty:1030 - CMSIS Pack Vendor :wolfSSL I-CUBE-wolfSSL 5.6.4
2023-12-31 01:12:10,486 [INFO] ThirdParty:1030 - CMSIS Pack Vendor :STMicroelectronics X-CUBE-SMBUS 2.1.0
2023-12-31 01:12:10,486 [INFO] ThirdParty:1030 - CMSIS Pack Vendor :STMicroelectronics USB_DEVICE 3.0.0
2023-12-31 01:12:10,486 [INFO] ThirdParty:1030 - CMSIS Pack Vendor :STMicroelectronics X-CUBE-AZRTOS-WB 2.0.0
2023-12-31 01:12:10,486 [INFO] ThirdParty:1030 - CMSIS Pack Vendor :STMicroelectronics X-CUBE-TOUCHGFX 4.23.0
2023-12-31 01:12:10,486 [INFO] ThirdParty:1030 - CMSIS Pack Vendor :STMicroelectronics X-CUBE-AZRTOS-F7 1.1.0
2023-12-31 01:12:10,486 [INFO] ThirdParty:1030 - CMSIS Pack Vendor :STMicroelectronics X-CUBE-AZRTOS-L5 2.0.0
2023-12-31 01:12:10,486 [INFO] ThirdParty:1030 - CMSIS Pack Vendor :STMicroelectronics USB_DEVICE 2.0.0
2023-12-31 01:12:10,486 [INFO] ThirdParty:1030 - CMSIS Pack Vendor :STMicroelectronics X-CUBE-EEPRMA1 4.2.0
2023-12-31 01:12:10,486 [INFO] ThirdParty:1030 - CMSIS Pack Vendor :ITTIA_DB I-CUBE-ITTIADB 8.8.0
2023-12-31 01:12:10,486 [INFO] ThirdParty:1030 - CMSIS Pack Vendor :STMicroelectronics FP-SNS-MOTENV1 4.3.2
2023-12-31 01:12:10,486 [INFO] ThirdParty:1030 - CMSIS Pack Vendor :STMicroelectronics X-CUBE-ALGOBUILD 1.3.0
2023-12-31 01:12:10,487 [INFO] ThirdParty:1030 - CMSIS Pack Vendor :STMicroelectronics FreeRTOS 0.0.1
2023-12-31 01:12:10,487 [INFO] ThirdParty:1030 - CMSIS Pack Vendor :STMicroelectronics X-CUBE-AZRTOS-G0 1.1.0
2023-12-31 01:12:10,487 [INFO] ThirdParty:1030 - CMSIS Pack Vendor :STMicroelectronics X-CUBE-NFC4 3.0.0
2023-12-31 01:12:10,487 [INFO] ThirdParty:1030 - CMSIS Pack Vendor :STMicroelectronics X-CUBE-SUBG2 5.0.0
2023-12-31 01:12:10,487 [INFO] ThirdParty:1030 - CMSIS Pack Vendor :STMicroelectronics STM32_WPAN 1.0.0
2023-12-31 01:12:10,487 [INFO] ThirdParty:1030 - CMSIS Pack Vendor :STMicroelectronics lwIP 2.0.3
2023-12-31 01:12:10,487 [INFO] ThirdParty:1030 - CMSIS Pack Vendor :STMicroelectronics FP-SNS-FLIGHT1 5.0.2
2023-12-31 01:12:10,487 [INFO] ThirdParty:1030 - CMSIS Pack Vendor :STMicroelectronics USB_HOST 1.0.0
2023-12-31 01:12:10,487 [INFO] ThirdParty:1030 - CMSIS Pack Vendor :STMicroelectronics X-CUBE-AZRTOS-G4 2.0.0
2023-12-31 01:12:10,487 [INFO] ThirdParty:1030 - CMSIS Pack Vendor :STMicroelectronics PDM2PCM 3.1.0
2023-12-31 01:12:10,487 [INFO] ThirdParty:1030 - CMSIS Pack Vendor :STMicroelectronics X-CUBE-AZRTOS-H7 3.1.0
2023-12-31 01:12:10,487 [INFO] ThirdParty:1030 - CMSIS Pack Vendor :Infineon AIROC-Wi-Fi-Bluetooth-STM32 1.5.1
2023-12-31 01:12:10,487 [INFO] ThirdParty:1030 - CMSIS Pack Vendor :STMicroelectronics X-CUBE-BLEMGR 3.0.0
2023-12-31 01:12:10,487 [INFO] ThirdParty:1030 - CMSIS Pack Vendor :STMicroelectronics PDM2PCM 3.3.0
2023-12-31 01:12:10,487 [INFO] ThirdParty:1030 - CMSIS Pack Vendor :STMicroelectronics X-CUBE-DISPLAY 3.0.0
2023-12-31 01:12:10,487 [INFO] ThirdParty:1030 - CMSIS Pack Vendor :STMicroelectronics FP-SNS-MOTENVWB1 1.3.1
2023-12-31 01:12:10,487 [INFO] ThirdParty:1030 - CMSIS Pack Vendor :STMicroelectronics X-CUBE-BLE1 7.0.0
2023-12-31 01:12:10,487 [INFO] ThirdParty:1030 - CMSIS Pack Vendor :STMicroelectronics FP-ATR-SIGFOX1 3.2.0
2023-12-31 01:12:10,487 [INFO] ThirdParty:1030 - CMSIS Pack Vendor :STMicroelectronics X-CUBE-ISPU 2.0.0
2023-12-31 01:12:10,487 [INFO] ThirdParty:1030 - CMSIS Pack Vendor :STMicroelectronics HAL Drivers 0.0.0
2023-12-31 01:12:10,487 [INFO] ThirdParty:1030 - CMSIS Pack Vendor :STMicroelectronics MBEDTLS 2.16.2
2023-12-31 01:12:10,487 [INFO] ThirdParty:1030 - CMSIS Pack Vendor :emotas I-CUBE-CANOPEN 1.3.0
2023-12-31 01:12:10,487 [INFO] ThirdParty:1030 - CMSIS Pack Vendor :STMicroelectronics X-CUBE-MEMS1 10.0.0
2023-12-31 01:12:10,487 [INFO] ThirdParty:1030 - CMSIS Pack Vendor :STMicroelectronics X-CUBE-FREERTOS 1.1.0
2023-12-31 01:12:10,487 [INFO] ThirdParty:1030 - CMSIS Pack Vendor :STMicroelectronics X-CUBE-NFC7 1.0.1
2023-12-31 01:12:10,487 [INFO] ThirdParty:1030 - CMSIS Pack Vendor :STMicroelectronics MBEDTLS 2.14.1
2023-12-31 01:12:10,487 [INFO] ThirdParty:1030 - CMSIS Pack Vendor :STMicroelectronics X-CUBE-TOUCHGFX 4.22.1
2023-12-31 01:12:10,487 [INFO] ThirdParty:1030 - CMSIS Pack Vendor :STMicroelectronics X-CUBE-NFC6 3.0.0
2023-12-31 01:12:10,487 [INFO] ThirdParty:1030 - CMSIS Pack Vendor :portGmbH I-Cube-SoM-uGOAL 1.1.0
2023-12-31 01:12:10,487 [INFO] ThirdParty:1030 - CMSIS Pack Vendor :STMicroelectronics X-CUBE-ALS 1.0.1
2023-12-31 01:12:10,487 [INFO] ThirdParty:1030 - CMSIS Pack Vendor :STMicroelectronics ThreadX 1.0.0
2023-12-31 01:12:10,487 [INFO] ThirdParty:1030 - CMSIS Pack Vendor :STMicroelectronics FP-SNS-SMARTAG2 1.2.0
2023-12-31 01:12:10,487 [INFO] ThirdParty:1030 - CMSIS Pack Vendor :STMicroelectronics X-CUBE-AZRTOS-WL 2.0.0
2023-12-31 01:12:10,487 [INFO] ThirdParty:1030 - CMSIS Pack Vendor :STMicroelectronics USB_DEVICE 1.0.0
2023-12-31 01:12:10,487 [INFO] ThirdParty:1030 - CMSIS Pack Vendor :STMicroelectronics X-CUBE-AI 8.1.0
2023-12-31 01:12:10,487 [INFO] ThirdParty:1030 - CMSIS Pack Vendor :STMicroelectronics X-CUBE-AZRTOS-L4 2.0.0
2023-12-31 01:12:10,487 [INFO] ThirdParty:1030 - CMSIS Pack Vendor :STMicroelectronics ThreadX 0.0.2
2023-12-31 01:12:10,487 [INFO] ThirdParty:1030 - CMSIS Pack Vendor :WES I-CUBE-Cesium 1.3.0
2023-12-31 01:12:10,487 [INFO] ThirdParty:1030 - CMSIS Pack Vendor :STMicroelectronics FP-ATR-ASTRA1 2.0.0
2023-12-31 01:12:10,487 [INFO] ThirdParty:1030 - CMSIS Pack Vendor :STMicroelectronics lwIP 2.1.2
2023-12-31 01:12:10,488 [INFO] ThirdParty:1030 - CMSIS Pack Vendor :STMicroelectronics X-CUBE-SFXS2LP1 4.0.0
2023-12-31 01:12:10,488 [INFO] ThirdParty:1030 - CMSIS Pack Vendor :STMicroelectronics X-CUBE-BLE2 3.3.0
2023-12-31 01:12:10,488 [INFO] ThirdParty:1030 - CMSIS Pack Vendor :STMicroelectronics X-CUBE-TOF1 3.4.0
2023-12-31 01:12:10,488 [INFO] ThirdParty:1030 - CMSIS Pack Vendor :STMicroelectronics X-CUBE-AZRTOS-H7 3.2.0
2023-12-31 01:12:10,488 [INFO] ThirdParty:1030 - CMSIS Pack Vendor :STMicroelectronics PDM2PCM 3.2.0
2023-12-31 01:12:10,488 [INFO] ThirdParty:841 - exiting critical section [change project]
2023-12-31 01:12:10,550 [INFO] PinOutPanel:1499 - setPackage(No Configuration,No Configuration)
2023-12-31 01:12:10,551 [INFO] PinOutPanel:1499 - setPackage(STM32F042F4Px,TSSOP20)
2023-12-31 01:12:11,069 [INFO] UtilMem:75 - Before build in PCC Used Memory: 839300480 Bytes (1003487232)
2023-12-31 01:12:11,286 [INFO] UtilMem:75 - After build in PCC Used Memory: 583082432 Bytes (1003487232)
2023-12-31 01:12:11,298 [INFO] IPUIPlugin:80 - create IPUIPlugin
2023-12-31 01:12:11,298 [INFO] IPUIPlugin:80 - create IPUIPlugin
2023-12-31 01:12:11,298 [INFO] IPUIPlugin:80 - create IPUIPlugin
2023-12-31 01:12:11,298 [INFO] IPUIPlugin:80 - create IPUIPlugin
2023-12-31 01:12:11,298 [INFO] IPUIPlugin:80 - create IPUIPlugin
2023-12-31 01:12:11,298 [INFO] IPUIPlugin:80 - create IPUIPlugin
2023-12-31 01:12:11,298 [INFO] IPUIPlugin:80 - create IPUIPlugin
2023-12-31 01:12:11,298 [INFO] IPUIPlugin:80 - create IPUIPlugin
2023-12-31 01:12:11,298 [INFO] IPUIPlugin:80 - create IPUIPlugin
2023-12-31 01:12:11,298 [INFO] IPUIPlugin:80 - create IPUIPlugin
2023-12-31 01:12:11,298 [INFO] IPUIPlugin:80 - create IPUIPlugin
2023-12-31 01:12:11,299 [INFO] IPUIPlugin:80 - create IPUIPlugin
2023-12-31 01:12:11,299 [INFO] IPUIPlugin:80 - create IPUIPlugin
2023-12-31 01:12:11,299 [INFO] IPUIPlugin:80 - create IPUIPlugin
2023-12-31 01:12:11,299 [INFO] IPUIPlugin:80 - create IPUIPlugin
2023-12-31 01:12:11,299 [INFO] IPUIPlugin:80 - create IPUIPlugin
2023-12-31 01:12:11,309 [INFO] IPUIPlugin:80 - create IPUIPlugin
2023-12-31 01:12:11,309 [INFO] IPUIPlugin:80 - create IPUIPlugin
2023-12-31 01:12:11,309 [INFO] IPUIPlugin:80 - create IPUIPlugin
2023-12-31 01:12:11,309 [INFO] IPUIPlugin:80 - create IPUIPlugin
2023-12-31 01:12:11,310 [INFO] IPUIPlugin:80 - create IPUIPlugin
2023-12-31 01:12:11,310 [INFO] IPUIPlugin:80 - create IPUIPlugin
2023-12-31 01:12:11,310 [INFO] IPUIPlugin:80 - create IPUIPlugin
2023-12-31 01:12:11,310 [INFO] IPUIPlugin:80 - create IPUIPlugin
2023-12-31 01:12:11,310 [INFO] IPUIPlugin:80 - create IPUIPlugin
2023-12-31 01:12:11,310 [INFO] IPUIPlugin:80 - create IPUIPlugin
2023-12-31 01:12:11,310 [INFO] IPUIPlugin:80 - create IPUIPlugin
2023-12-31 01:12:11,310 [INFO] IPUIPlugin:80 - create IPUIPlugin
2023-12-31 01:12:11,311 [INFO] IPUIPlugin:80 - create IPUIPlugin
2023-12-31 01:12:11,311 [INFO] IPUIPlugin:80 - create IPUIPlugin
2023-12-31 01:12:11,316 [INFO] Can:71 - Can Add PropertyChangeListener com.st.microxplorer.plugins.ip.can.Can@1a1b3a34
2023-12-31 01:12:11,343 [INFO] CADModel:165 - CPN selected for project levelSTM32F042F4P6
2023-12-31 01:12:11,343 [INFO] CADModel:114 - Register for checkConnection events
2023-12-31 01:12:11,407 [INFO] OpenFileManager:343 - Restore cursor
2023-12-31 01:12:27,370 [INFO] NvicIntPanel:101 - NVIC parent = com.st.microxplorer.plugins.ip.nvic.MultiNvicIntPanel[,0,0,450x118,layout=javax.swing.BoxLayout,alignmentX=0.0,alignmentY=0.0,border=,flags=9,maximumSize=,minimumSize=,preferredSize=]
2023-12-31 01:12:30,259 [INFO] NvicIntPanel:101 - NVIC parent = com.st.microxplorer.plugins.ip.nvic.MultiNvicIntPanel[,0,0,0x0,invalid,layout=javax.swing.BoxLayout,alignmentX=0.0,alignmentY=0.0,border=,flags=9,maximumSize=,minimumSize=,preferredSize=]
2023-12-31 01:12:34,238 [INFO] NvicIntPanel:101 - NVIC parent = com.st.microxplorer.plugins.ip.nvic.MultiNvicIntPanel[,0,0,0x0,invalid,layout=javax.swing.BoxLayout,alignmentX=0.0,alignmentY=0.0,border=,flags=9,maximumSize=,minimumSize=,preferredSize=]
2023-12-31 01:12:35,028 [INFO] NvicIntPanel:101 - NVIC parent = com.st.microxplorer.plugins.ip.nvic.MultiNvicIntPanel[,0,0,0x0,invalid,layout=javax.swing.BoxLayout,alignmentX=0.0,alignmentY=0.0,border=,flags=9,maximumSize=,minimumSize=,preferredSize=]
2023-12-31 01:15:09,905 [INFO] NvicIntPanel:101 - NVIC parent = com.st.microxplorer.plugins.ip.nvic.MultiNvicIntPanel[,0,0,450x118,layout=javax.swing.BoxLayout,alignmentX=0.0,alignmentY=0.0,border=,flags=9,maximumSize=,minimumSize=,preferredSize=]
2023-12-31 01:21:04,028 [INFO] MainUpdater:2873 - connection check result : 10
2023-12-31 01:21:04,028 [INFO] MainUpdater:2873 - connection check result : 10
2023-12-31 01:21:04,044 [INFO] MicroXplorer:468 - Change Database Path : 
2023-12-31 01:21:04,044 [INFO] MicroXplorer:498 - Change Database Version : DB.6.0.100
2023-12-31 01:21:04,056 [ERROR] ProjectManagerView:394 - 
java.lang.NullPointerException: Cannot invoke "javax.swing.JTextField.getText()" because the return value of "java.util.List.get(int)" is null
	at com.st.microxplorer.plugins.projectmanager.gui.ProjectChoiceTab$10.caretUpdate(ProjectChoiceTab.java:2493) ~[filemanager.jar:?]
	at javax.swing.text.JTextComponent.fireCaretUpdate(JTextComponent.java:412) ~[?:?]
	at javax.swing.text.JTextComponent$MutableCaretEvent.fire(JTextComponent.java:4491) ~[?:?]
	at javax.swing.text.JTextComponent$MutableCaretEvent.stateChanged(JTextComponent.java:4513) ~[?:?]
	at javax.swing.text.DefaultCaret.fireStateChanged(DefaultCaret.java:842) ~[?:?]
	at javax.swing.text.DefaultCaret.changeCaretPosition(DefaultCaret.java:1313) ~[?:?]
	at javax.swing.text.DefaultCaret.handleSetDot(DefaultCaret.java:1212) ~[?:?]
	at javax.swing.text.DefaultCaret.setDot(DefaultCaret.java:1193) ~[?:?]
	at javax.swing.text.DefaultCaret$Handler.insertUpdate(DefaultCaret.java:1789) ~[?:?]
	at javax.swing.text.AbstractDocument.fireInsertUpdate(AbstractDocument.java:226) ~[?:?]
	at javax.swing.text.AbstractDocument.handleInsertString(AbstractDocument.java:780) ~[?:?]
	at javax.swing.text.AbstractDocument.insertString(AbstractDocument.java:739) ~[?:?]
	at javax.swing.text.PlainDocument.insertString(PlainDocument.java:131) ~[?:?]
	at javax.swing.text.AbstractDocument.replace(AbstractDocument.java:698) ~[?:?]
	at javax.swing.text.JTextComponent.setText(JTextComponent.java:1729) ~[?:?]
	at com.st.microxplorer.plugins.projectmanager.gui.ProjectChoiceTab.createHeapStackFields(ProjectChoiceTab.java:933) ~[filemanager.jar:?]
	at com.st.microxplorer.plugins.projectmanager.gui.ProjectChoiceTab.buildLinkSettingsPanel(ProjectChoiceTab.java:3426) ~[filemanager.jar:?]
	at com.st.microxplorer.plugins.projectmanager.gui.ProjectChoiceTab.defineWindowsFields(ProjectChoiceTab.java:1813) ~[filemanager.jar:?]
	at com.st.microxplorer.plugins.projectmanager.gui.ProjectChoiceTab.updateSettings(ProjectChoiceTab.java:533) ~[filemanager.jar:?]
	at com.st.microxplorer.plugins.projectmanager.gui.ProjectSettingsPanel.UpdateDialog(ProjectSettingsPanel.java:244) ~[filemanager.jar:?]
	at com.st.microxplorer.plugins.projectmanager.ProjectManagerView.propertyChange(ProjectManagerView.java:391) ~[filemanager.jar:?]
	at java.beans.PropertyChangeSupport.fire(PropertyChangeSupport.java:343) ~[?:?]
	at java.beans.PropertyChangeSupport.firePropertyChange(PropertyChangeSupport.java:335) ~[?:?]
	at java.beans.PropertyChangeSupport.firePropertyChange(PropertyChangeSupport.java:268) ~[?:?]
	at com.st.microxplorer.util.MXPropertyChangeSupport.firePropertyChange(MXPropertyChangeSupport.java:54) ~[STM32CubeMX.jar:?]
	at com.st.microxplorer.mxsystem.MxSystem.closeConfig(MxSystem.java:900) ~[STM32CubeMX.jar:?]
	at com.st.microxplorer.maingui.MainPanel.closeConfig(MainPanel.java:776) ~[STM32CubeMX.jar:?]
	at com.st.microxplorer.plugins.filemanager.engine.OpenFileManager.loadConfigurationFile(OpenFileManager.java:245) ~[filemanager.jar:?]
	at com.st.microxplorer.plugins.filemanager.engine.MainFileManager.userLoadConfig(MainFileManager.java:290) ~[filemanager.jar:?]
	at com.st.microxplorer.plugins.filemanager.FileManagerView.getSpecificTask(FileManagerView.java:247) ~[filemanager.jar:?]
	at com.st.stm32cube.common.mx.editor.CubeMxEditor.getMxTabbedPaneInstance(CubeMxEditor.java:1184) ~[com.st.stm32cube.common.mx_6.10.0.202311202037/:?]
	at com.st.stm32cube.common.mx.editor.CubeMxEditor$12$1.createSwingComponent(CubeMxEditor.java:1065) ~[com.st.stm32cube.common.mx_6.10.0.202311202037/:?]
	at com.st.stm32cube.common.mx.oss.core.awtswtbridge.EmbeddedSwingComposite.doComponentCreation(EmbeddedSwingComposite.java:492) ~[com.st.stm32cube.common.mx.oss_6.10.0.202311202037/:?]
	at com.st.stm32cube.common.mx.oss.core.awtswtbridge.EmbeddedSwingComposite$4.run(EmbeddedSwingComposite.java:291) ~[com.st.stm32cube.common.mx.oss_6.10.0.202311202037/:?]
	at com.st.stm32cube.common.mx.oss.core.awtswtbridge.AwtEnvironment$2.run(AwtEnvironment.java:166) ~[com.st.stm32cube.common.mx.oss_6.10.0.202311202037/:?]
	at java.awt.event.InvocationEvent.dispatch(InvocationEvent.java:318) ~[?:?]
	at java.awt.EventQueue.dispatchEventImpl(EventQueue.java:773) ~[?:?]
	at java.awt.EventQueue$4.run(EventQueue.java:720) ~[?:?]
	at java.awt.EventQueue$4.run(EventQueue.java:714) ~[?:?]
	at java.security.AccessController.doPrivileged(AccessController.java:399) ~[?:?]
	at java.security.ProtectionDomain$JavaSecurityAccessImpl.doIntersectionPrivilege(ProtectionDomain.java:86) ~[?:?]
	at java.awt.EventQueue.dispatchEvent(EventQueue.java:742) ~[?:?]
	at java.awt.EventDispatchThread.pumpOneEventForFilters(EventDispatchThread.java:203) ~[?:?]
	at java.awt.EventDispatchThread.pumpEventsForFilter(EventDispatchThread.java:124) ~[?:?]
	at java.awt.EventDispatchThread.pumpEventsForHierarchy(EventDispatchThread.java:113) ~[?:?]
	at java.awt.EventDispatchThread.pumpEvents(EventDispatchThread.java:109) ~[?:?]
	at java.awt.EventDispatchThread.pumpEvents(EventDispatchThread.java:101) ~[?:?]
	at java.awt.EventDispatchThread.run(EventDispatchThread.java:90) ~[?:?]
2023-12-31 01:21:04,057 [WARN] ThirdParty:871 - waiting for thirdparty lock release [close project]
2023-12-31 01:21:04,057 [INFO] ThirdParty:873 - entering critical section [close project]
2023-12-31 01:21:04,057 [INFO] ThirdParty:883 - exiting critical section [close project]
2023-12-31 01:21:04,058 [INFO] PinOutPanel:1499 - setPackage(No Configuration,No Configuration)
2023-12-31 01:21:04,060 [INFO] UtilMem:75 - Begin LoadConfig() Used Memory: 287690512 Bytes (730857472)
2023-12-31 01:21:04,067 [INFO] MicroXplorer:468 - Change Database Path : C:/Users/aleja/.stm32cubemx/databases/DB.6.0.92/db/
2023-12-31 01:21:04,067 [INFO] MicroXplorer:498 - Change Database Version : DB.6.0.92
2023-12-31 01:21:05,488 [INFO] MicroXplorer:468 - Change Database Path : 
2023-12-31 01:21:05,490 [INFO] MicroXplorer:498 - Change Database Version : DB.6.0.100
2023-12-31 01:21:05,490 [INFO] OpenFileManager:312 - Change cursor
2023-12-31 01:21:05,498 [INFO] Mcu:2016 - Initializing MCU STM32F042F4Px STM32F042F4Px STM32F042F4P6
2023-12-31 01:21:06,105 [INFO] Context:659 - Trying to add GPIOservice into a context  which must be forbidden
2023-12-31 01:21:06,288 [INFO] RtosManager:555 - Registered RTOS mode: class=CMSIS, group=RTOS, mode=CMSIS_V1, owner=FREERTOS
2023-12-31 01:21:06,288 [INFO] RtosManager:555 - Registered RTOS mode: class=CMSIS, group=RTOS2, mode=CMSIS_V2, owner=FREERTOS
2023-12-31 01:21:06,288 [INFO] RtosManager:555 - Registered RTOS mode: class=RTOS, group=Core, mode=CMSIS_V1, owner=FREERTOS
2023-12-31 01:21:06,288 [INFO] RtosManager:555 - Registered RTOS mode: class=RTOS, group=Core, mode=CMSIS_V2, owner=FREERTOS
2023-12-31 01:21:06,288 [WARN] ModelIntegratedComponent:184 - Missing modes for component STMicroelectronics:FreeRTOS:0.0.1:STMicroelectronics:RTOS:FreeRTOS:Core:::10.2.0:
2023-12-31 01:21:06,293 [WARN] ModelIntegratedComponent:63 - No mode defined for component null
2023-12-31 01:21:06,293 [WARN] ModelIntegratedComponent:63 - No mode defined for component null
2023-12-31 01:21:06,293 [WARN] ModelIntegratedComponent:63 - No mode defined for component null
2023-12-31 01:21:06,294 [WARN] ModelIntegratedComponent:63 - No mode defined for component null
2023-12-31 01:21:06,294 [WARN] ModelIntegratedComponent:63 - No mode defined for component null
2023-12-31 01:21:06,294 [WARN] ModelIntegratedComponent:63 - No mode defined for component null
2023-12-31 01:21:06,294 [WARN] ModelIntegratedComponent:63 - No mode defined for component null
2023-12-31 01:21:06,294 [WARN] ModelIntegratedComponent:63 - No mode defined for component null
2023-12-31 01:21:06,294 [WARN] ModelIntegratedComponent:63 - No mode defined for component null
2023-12-31 01:21:06,294 [WARN] ModelIntegratedComponent:63 - No mode defined for component null
2023-12-31 01:21:06,294 [WARN] ModelIntegratedComponent:63 - No mode defined for component null
2023-12-31 01:21:06,294 [WARN] ModelIntegratedComponent:63 - No mode defined for component null
2023-12-31 01:21:06,294 [WARN] ModelIntegratedComponent:63 - No mode defined for component null
2023-12-31 01:21:06,294 [WARN] ModelIntegratedComponent:63 - No mode defined for component null
2023-12-31 01:21:06,294 [WARN] ModelIntegratedComponent:63 - No mode defined for component null
2023-12-31 01:21:06,294 [WARN] ModelIntegratedComponent:63 - No mode defined for component null
2023-12-31 01:21:06,294 [WARN] ModelIntegratedComponent:63 - No mode defined for component null
2023-12-31 01:21:06,294 [WARN] ModelIntegratedComponent:63 - No mode defined for component null
2023-12-31 01:21:06,294 [WARN] ModelIntegratedComponent:63 - No mode defined for component null
2023-12-31 01:21:06,294 [WARN] ModelIntegratedComponent:63 - No mode defined for component null
2023-12-31 01:21:06,294 [WARN] ModelIntegratedComponent:63 - No mode defined for component null
2023-12-31 01:21:06,294 [WARN] ModelIntegratedComponent:63 - No mode defined for component null
2023-12-31 01:21:06,294 [WARN] ModelIntegratedComponent:63 - No mode defined for component null
2023-12-31 01:21:06,294 [WARN] ModelIntegratedComponent:63 - No mode defined for component null
2023-12-31 01:21:06,294 [WARN] ModelIntegratedComponent:63 - No mode defined for component null
2023-12-31 01:21:06,294 [WARN] ModelIntegratedComponent:63 - No mode defined for component null
2023-12-31 01:21:06,294 [WARN] ModelIntegratedComponent:63 - No mode defined for component null
2023-12-31 01:21:06,294 [WARN] ModelIntegratedComponent:63 - No mode defined for component null
2023-12-31 01:21:06,294 [WARN] ModelIntegratedComponent:63 - No mode defined for component null
2023-12-31 01:21:06,294 [WARN] ModelIntegratedComponent:63 - No mode defined for component null
2023-12-31 01:21:06,294 [WARN] ModelIntegratedComponent:63 - No mode defined for component null
2023-12-31 01:21:06,294 [WARN] ModelIntegratedComponent:63 - No mode defined for component null
2023-12-31 01:21:06,294 [WARN] ModelIntegratedComponent:63 - No mode defined for component null
2023-12-31 01:21:06,351 [INFO] ThirdPartyModel:298 - Start build external matchings
2023-12-31 01:21:06,506 [INFO] ThirdPartyModel:316 - End build external matchings
2023-12-31 01:21:06,514 [INFO] ImportTextPane:194 - (OptionalMessage_ERROR) IP (DMA) : Parameter (Instance) has Id (ADC) currently not set
2023-12-31 01:21:06,514 [INFO] ImportTextPane:194 - (OptionalMessage_ERROR) IP (DMA) : Parameter (Direction) has Id (ADC) currently not set
2023-12-31 01:21:06,514 [INFO] ImportTextPane:194 - (OptionalMessage_ERROR) IP (DMA) : Parameter (PeriphInc) has Id (ADC) currently not set
2023-12-31 01:21:06,514 [INFO] ImportTextPane:194 - (OptionalMessage_ERROR) IP (DMA) : Parameter (MemInc) has Id (ADC) currently not set
2023-12-31 01:21:06,514 [INFO] ImportTextPane:194 - (OptionalMessage_ERROR) IP (DMA) : Parameter (PeriphDataAlignment) has Id (ADC) currently not set
2023-12-31 01:21:06,514 [INFO] ImportTextPane:194 - (OptionalMessage_ERROR) IP (DMA) : Parameter (MemDataAlignment) has Id (ADC) currently not set
2023-12-31 01:21:06,514 [INFO] ImportTextPane:194 - (OptionalMessage_ERROR) IP (DMA) : Parameter (Mode) has Id (ADC) currently not set
2023-12-31 01:21:06,514 [INFO] ImportTextPane:194 - (OptionalMessage_ERROR) IP (DMA) : Parameter (Priority) has Id (ADC) currently not set
2023-12-31 01:21:06,515 [INFO] ImportTextPane:194 - (OptionalMessage_ERROR) IP (RCC) : Invalid parameter (FamilyName)
2023-12-31 01:21:06,515 [INFO] ImportTextPane:194 - (OptionalMessage_ERROR) IP (RCC) : Invalid parameter (HSICECFreq_Value)
2023-12-31 01:21:06,683 [INFO] UtilMem:75 - End LoadConfig() Used Memory: 421979352 Bytes (730857472)
2023-12-31 01:21:06,762 [INFO] MicroXplorer:468 - Change Database Path : 
2023-12-31 01:21:06,762 [INFO] MicroXplorer:498 - Change Database Version : DB.6.0.100
2023-12-31 01:21:06,763 [WARN] ThirdParty:833 - waiting for thirdparty lock release [change project]
2023-12-31 01:21:06,763 [INFO] ThirdParty:835 - entering critical section [change project]
2023-12-31 01:21:06,763 [INFO] ThirdParty:1030 - CMSIS Pack Vendor :STMicroelectronics X-CUBE-ISPU 1.1.0
2023-12-31 01:21:06,763 [INFO] ThirdParty:1030 - CMSIS Pack Vendor :STMicroelectronics USBPD 4.1
2023-12-31 01:21:06,763 [INFO] ThirdParty:1030 - CMSIS Pack Vendor :STMicroelectronics X-CUBE-GNSS1 6.0.0
2023-12-31 01:21:06,763 [INFO] ThirdParty:1030 - CMSIS Pack Vendor :STMicroelectronics USB_HOST 2.0.0
2023-12-31 01:21:06,763 [INFO] ThirdParty:1030 - CMSIS Pack Vendor :STMicroelectronics X-CUBE-AZRTOS-F4 1.1.0
2023-12-31 01:21:06,763 [INFO] ThirdParty:1030 - CMSIS Pack Vendor :STMicroelectronics LIBJPEG 8.0.0
2023-12-31 01:21:06,763 [INFO] ThirdParty:1030 - CMSIS Pack Vendor :wolfSSL I-CUBE-wolfSSL 5.6.4
2023-12-31 01:21:06,763 [INFO] ThirdParty:1030 - CMSIS Pack Vendor :STMicroelectronics X-CUBE-SMBUS 2.1.0
2023-12-31 01:21:06,763 [INFO] ThirdParty:1030 - CMSIS Pack Vendor :STMicroelectronics USB_DEVICE 3.0.0
2023-12-31 01:21:06,763 [INFO] ThirdParty:1030 - CMSIS Pack Vendor :STMicroelectronics X-CUBE-AZRTOS-WB 2.0.0
2023-12-31 01:21:06,763 [INFO] ThirdParty:1030 - CMSIS Pack Vendor :STMicroelectronics X-CUBE-TOUCHGFX 4.23.0
2023-12-31 01:21:06,763 [INFO] ThirdParty:1030 - CMSIS Pack Vendor :STMicroelectronics X-CUBE-AZRTOS-F7 1.1.0
2023-12-31 01:21:06,763 [INFO] ThirdParty:1030 - CMSIS Pack Vendor :STMicroelectronics X-CUBE-AZRTOS-L5 2.0.0
2023-12-31 01:21:06,763 [INFO] ThirdParty:1030 - CMSIS Pack Vendor :STMicroelectronics USB_DEVICE 2.0.0
2023-12-31 01:21:06,763 [INFO] ThirdParty:1030 - CMSIS Pack Vendor :STMicroelectronics X-CUBE-EEPRMA1 4.2.0
2023-12-31 01:21:06,763 [INFO] ThirdParty:1030 - CMSIS Pack Vendor :ITTIA_DB I-CUBE-ITTIADB 8.8.0
2023-12-31 01:21:06,763 [INFO] ThirdParty:1030 - CMSIS Pack Vendor :STMicroelectronics FP-SNS-MOTENV1 4.3.2
2023-12-31 01:21:06,763 [INFO] ThirdParty:1030 - CMSIS Pack Vendor :STMicroelectronics X-CUBE-ALGOBUILD 1.3.0
2023-12-31 01:21:06,763 [INFO] ThirdParty:1030 - CMSIS Pack Vendor :STMicroelectronics FreeRTOS 0.0.1
2023-12-31 01:21:06,763 [INFO] ThirdParty:1030 - CMSIS Pack Vendor :STMicroelectronics X-CUBE-AZRTOS-G0 1.1.0
2023-12-31 01:21:06,763 [INFO] ThirdParty:1030 - CMSIS Pack Vendor :STMicroelectronics X-CUBE-NFC4 3.0.0
2023-12-31 01:21:06,763 [INFO] ThirdParty:1030 - CMSIS Pack Vendor :STMicroelectronics X-CUBE-SUBG2 5.0.0
2023-12-31 01:21:06,763 [INFO] ThirdParty:1030 - CMSIS Pack Vendor :STMicroelectronics STM32_WPAN 1.0.0
2023-12-31 01:21:06,763 [INFO] ThirdParty:1030 - CMSIS Pack Vendor :STMicroelectronics lwIP 2.0.3
2023-12-31 01:21:06,763 [INFO] ThirdParty:1030 - CMSIS Pack Vendor :STMicroelectronics FP-SNS-FLIGHT1 5.0.2
2023-12-31 01:21:06,763 [INFO] ThirdParty:1030 - CMSIS Pack Vendor :STMicroelectronics USB_HOST 1.0.0
2023-12-31 01:21:06,763 [INFO] ThirdParty:1030 - CMSIS Pack Vendor :STMicroelectronics X-CUBE-AZRTOS-G4 2.0.0
2023-12-31 01:21:06,763 [INFO] ThirdParty:1030 - CMSIS Pack Vendor :STMicroelectronics PDM2PCM 3.1.0
2023-12-31 01:21:06,763 [INFO] ThirdParty:1030 - CMSIS Pack Vendor :STMicroelectronics X-CUBE-AZRTOS-H7 3.1.0
2023-12-31 01:21:06,763 [INFO] ThirdParty:1030 - CMSIS Pack Vendor :Infineon AIROC-Wi-Fi-Bluetooth-STM32 1.5.1
2023-12-31 01:21:06,763 [INFO] ThirdParty:1030 - CMSIS Pack Vendor :STMicroelectronics X-CUBE-BLEMGR 3.0.0
2023-12-31 01:21:06,763 [INFO] ThirdParty:1030 - CMSIS Pack Vendor :STMicroelectronics PDM2PCM 3.3.0
2023-12-31 01:21:06,763 [INFO] ThirdParty:1030 - CMSIS Pack Vendor :STMicroelectronics X-CUBE-DISPLAY 3.0.0
2023-12-31 01:21:06,763 [INFO] ThirdParty:1030 - CMSIS Pack Vendor :STMicroelectronics FP-SNS-MOTENVWB1 1.3.1
2023-12-31 01:21:06,763 [INFO] ThirdParty:1030 - CMSIS Pack Vendor :STMicroelectronics X-CUBE-BLE1 7.0.0
2023-12-31 01:21:06,763 [INFO] ThirdParty:1030 - CMSIS Pack Vendor :STMicroelectronics FP-ATR-SIGFOX1 3.2.0
2023-12-31 01:21:06,763 [INFO] ThirdParty:1030 - CMSIS Pack Vendor :STMicroelectronics X-CUBE-ISPU 2.0.0
2023-12-31 01:21:06,763 [INFO] ThirdParty:1030 - CMSIS Pack Vendor :STMicroelectronics HAL Drivers 0.0.0
2023-12-31 01:21:06,764 [INFO] ThirdParty:1030 - CMSIS Pack Vendor :STMicroelectronics MBEDTLS 2.16.2
2023-12-31 01:21:06,764 [INFO] ThirdParty:1030 - CMSIS Pack Vendor :emotas I-CUBE-CANOPEN 1.3.0
2023-12-31 01:21:06,764 [INFO] ThirdParty:1030 - CMSIS Pack Vendor :STMicroelectronics X-CUBE-MEMS1 10.0.0
2023-12-31 01:21:06,764 [INFO] ThirdParty:1030 - CMSIS Pack Vendor :STMicroelectronics X-CUBE-FREERTOS 1.1.0
2023-12-31 01:21:06,764 [INFO] ThirdParty:1030 - CMSIS Pack Vendor :STMicroelectronics X-CUBE-NFC7 1.0.1
2023-12-31 01:21:06,764 [INFO] ThirdParty:1030 - CMSIS Pack Vendor :STMicroelectronics MBEDTLS 2.14.1
2023-12-31 01:21:06,764 [INFO] ThirdParty:1030 - CMSIS Pack Vendor :STMicroelectronics X-CUBE-TOUCHGFX 4.22.1
2023-12-31 01:21:06,764 [INFO] ThirdParty:1030 - CMSIS Pack Vendor :STMicroelectronics X-CUBE-NFC6 3.0.0
2023-12-31 01:21:06,764 [INFO] ThirdParty:1030 - CMSIS Pack Vendor :portGmbH I-Cube-SoM-uGOAL 1.1.0
2023-12-31 01:21:06,764 [INFO] ThirdParty:1030 - CMSIS Pack Vendor :STMicroelectronics X-CUBE-ALS 1.0.1
2023-12-31 01:21:06,764 [INFO] ThirdParty:1030 - CMSIS Pack Vendor :STMicroelectronics ThreadX 1.0.0
2023-12-31 01:21:06,764 [INFO] ThirdParty:1030 - CMSIS Pack Vendor :STMicroelectronics FP-SNS-SMARTAG2 1.2.0
2023-12-31 01:21:06,764 [INFO] ThirdParty:1030 - CMSIS Pack Vendor :STMicroelectronics X-CUBE-AZRTOS-WL 2.0.0
2023-12-31 01:21:06,764 [INFO] ThirdParty:1030 - CMSIS Pack Vendor :STMicroelectronics USB_DEVICE 1.0.0
2023-12-31 01:21:06,764 [INFO] ThirdParty:1030 - CMSIS Pack Vendor :STMicroelectronics X-CUBE-AI 8.1.0
2023-12-31 01:21:06,764 [INFO] ThirdParty:1030 - CMSIS Pack Vendor :STMicroelectronics X-CUBE-AZRTOS-L4 2.0.0
2023-12-31 01:21:06,764 [INFO] ThirdParty:1030 - CMSIS Pack Vendor :STMicroelectronics ThreadX 0.0.2
2023-12-31 01:21:06,764 [INFO] ThirdParty:1030 - CMSIS Pack Vendor :WES I-CUBE-Cesium 1.3.0
2023-12-31 01:21:06,764 [INFO] ThirdParty:1030 - CMSIS Pack Vendor :STMicroelectronics FP-ATR-ASTRA1 2.0.0
2023-12-31 01:21:06,764 [INFO] ThirdParty:1030 - CMSIS Pack Vendor :STMicroelectronics lwIP 2.1.2
2023-12-31 01:21:06,764 [INFO] ThirdParty:1030 - CMSIS Pack Vendor :STMicroelectronics X-CUBE-SFXS2LP1 4.0.0
2023-12-31 01:21:06,764 [INFO] ThirdParty:1030 - CMSIS Pack Vendor :STMicroelectronics X-CUBE-BLE2 3.3.0
2023-12-31 01:21:06,764 [INFO] ThirdParty:1030 - CMSIS Pack Vendor :STMicroelectronics X-CUBE-TOF1 3.4.0
2023-12-31 01:21:06,764 [INFO] ThirdParty:1030 - CMSIS Pack Vendor :STMicroelectronics X-CUBE-AZRTOS-H7 3.2.0
2023-12-31 01:21:06,764 [INFO] ThirdParty:1030 - CMSIS Pack Vendor :STMicroelectronics PDM2PCM 3.2.0
2023-12-31 01:21:06,764 [INFO] ThirdParty:841 - exiting critical section [change project]
2023-12-31 01:21:06,835 [INFO] PinOutPanel:1499 - setPackage(No Configuration,No Configuration)
2023-12-31 01:21:06,836 [INFO] PinOutPanel:1499 - setPackage(STM32F042F4Px,TSSOP20)
2023-12-31 01:21:07,511 [INFO] UtilMem:75 - Before build in PCC Used Memory: 294233000 Bytes (730857472)
2023-12-31 01:21:07,662 [INFO] UtilMem:75 - After build in PCC Used Memory: 337746856 Bytes (730857472)
2023-12-31 01:21:07,673 [INFO] IPUIPlugin:80 - create IPUIPlugin
2023-12-31 01:21:07,673 [INFO] IPUIPlugin:80 - create IPUIPlugin
2023-12-31 01:21:07,673 [INFO] IPUIPlugin:80 - create IPUIPlugin
2023-12-31 01:21:07,673 [INFO] IPUIPlugin:80 - create IPUIPlugin
2023-12-31 01:21:07,673 [INFO] IPUIPlugin:80 - create IPUIPlugin
2023-12-31 01:21:07,673 [INFO] IPUIPlugin:80 - create IPUIPlugin
2023-12-31 01:21:07,673 [INFO] IPUIPlugin:80 - create IPUIPlugin
2023-12-31 01:21:07,673 [INFO] IPUIPlugin:80 - create IPUIPlugin
2023-12-31 01:21:07,673 [INFO] IPUIPlugin:80 - create IPUIPlugin
2023-12-31 01:21:07,673 [INFO] IPUIPlugin:80 - create IPUIPlugin
2023-12-31 01:21:07,673 [INFO] IPUIPlugin:80 - create IPUIPlugin
2023-12-31 01:21:07,673 [INFO] IPUIPlugin:80 - create IPUIPlugin
2023-12-31 01:21:07,673 [INFO] IPUIPlugin:80 - create IPUIPlugin
2023-12-31 01:21:07,674 [INFO] IPUIPlugin:80 - create IPUIPlugin
2023-12-31 01:21:07,674 [INFO] IPUIPlugin:80 - create IPUIPlugin
2023-12-31 01:21:07,674 [INFO] IPUIPlugin:80 - create IPUIPlugin
2023-12-31 01:21:07,674 [INFO] IPUIPlugin:80 - create IPUIPlugin
2023-12-31 01:21:07,674 [INFO] IPUIPlugin:80 - create IPUIPlugin
2023-12-31 01:21:07,674 [INFO] IPUIPlugin:80 - create IPUIPlugin
2023-12-31 01:21:07,674 [INFO] IPUIPlugin:80 - create IPUIPlugin
2023-12-31 01:21:07,675 [INFO] IPUIPlugin:80 - create IPUIPlugin
2023-12-31 01:21:07,675 [INFO] IPUIPlugin:80 - create IPUIPlugin
2023-12-31 01:21:07,675 [INFO] IPUIPlugin:80 - create IPUIPlugin
2023-12-31 01:21:07,675 [INFO] IPUIPlugin:80 - create IPUIPlugin
2023-12-31 01:21:07,675 [INFO] IPUIPlugin:80 - create IPUIPlugin
2023-12-31 01:21:07,675 [INFO] IPUIPlugin:80 - create IPUIPlugin
2023-12-31 01:21:07,675 [INFO] IPUIPlugin:80 - create IPUIPlugin
2023-12-31 01:21:07,675 [INFO] IPUIPlugin:80 - create IPUIPlugin
2023-12-31 01:21:07,676 [INFO] IPUIPlugin:80 - create IPUIPlugin
2023-12-31 01:21:07,676 [INFO] IPUIPlugin:80 - create IPUIPlugin
2023-12-31 01:21:07,677 [INFO] Can:71 - Can Add PropertyChangeListener com.st.microxplorer.plugins.ip.can.Can@10f28d1f
2023-12-31 01:21:07,704 [INFO] CADModel:165 - CPN selected for project levelSTM32F042F4P6
2023-12-31 01:21:07,704 [INFO] CADModel:114 - Register for checkConnection events
2023-12-31 01:21:07,783 [INFO] OpenFileManager:343 - Restore cursor
2023-12-31 01:45:15,699 [INFO] MainUpdater:2873 - connection check result : 10
2023-12-31 01:45:15,707 [INFO] McuFinderGlobals:76 - Set McuFinderConnectedMode to true
2023-12-31 01:45:16,000 [INFO] ServerAccessManage:473 - Download File mcusAds.json._tmp_
2023-12-31 01:45:16,191 [INFO] LoadUrlFilesThread:156 - End of LoadUrlFiles Thread
2023-12-31 01:45:16,758 [INFO] ServerAccessManage:473 - Download File cube-finder-db.zip
2023-12-31 01:45:18,049 [INFO] FileExtend:240 - Unzip File : cube-finder-db.zip
2023-12-31 01:45:18,050 [INFO] FileExtend:255 - Standard Zip Deflate
2023-12-31 01:45:18,956 [INFO] LoadUrlFilesThread:156 - End of LoadUrlFiles Thread
2023-12-31 01:45:19,512 [INFO] ServerAccessManage:473 - Download File crdb.zip
2023-12-31 01:45:19,823 [INFO] FileExtend:240 - Unzip File : crdb.zip
2023-12-31 01:45:19,824 [INFO] FileExtend:255 - Standard Zip Deflate
2023-12-31 01:45:20,026 [INFO] LoadUrlFilesThread:156 - End of LoadUrlFiles Thread
2023-12-31 01:45:20,202 [INFO] ServerAccessManage:473 - Download File tutoVideoDB.zip
2023-12-31 01:45:20,208 [INFO] FileExtend:240 - Unzip File : tutoVideoDB.zip
2023-12-31 01:45:20,209 [INFO] FileExtend:255 - Standard Zip Deflate
2023-12-31 01:45:20,411 [INFO] LoadUrlFilesThread:156 - End of LoadUrlFiles Thread
2023-12-31 01:45:20,418 [WARN] DbFile:41 - Overriding database path with different value: C:\Users\aleja\.stmcufinder\plugins\mcufinder/ => C:\Users\aleja\.stmcufinder\plugins\mcufinder
2023-12-31 01:45:20,568 [INFO] ServerAccessManage:473 - Download File api_config.json
2023-12-31 01:45:20,745 [INFO] LoadUrlFilesThread:156 - End of LoadUrlFiles Thread
2023-12-31 01:45:20,749 [INFO] DbMcusAds:53 - JSON generation date=Wed Nov 29 11:52:27 CET 2023 (1701255147349)
2023-12-31 01:45:20,755 [INFO] ApiDb:448 - Save user favorites file C:\Users\aleja/.stm32cubeide/favorites.mcus.txt: 1 item(s)
2023-12-31 01:45:20,756 [INFO] ApiDb:452 - User favorites MCUs=[STM32F042F4P6]
2023-12-31 01:45:20,760 [INFO] ApiDb:581 - Connected to CubeFinder SQLite database (C:\Users\aleja\.stmcufinder\plugins\mcufinder\mcu\cube-finder-db.db)
2023-12-31 01:45:20,808 [INFO] ApiDb:668 - CubeFinder database Data Model version=2.1
2023-12-31 01:45:20,808 [INFO] ApiDb:669 - CubeFinder database Configuration version=3.0.39
2023-12-31 01:45:20,808 [INFO] ApiDb:670 - CubeFinder database generation date=2023-12-08 (1702028721)
2023-12-31 01:45:20,808 [INFO] ApiDb:671 - CubeFinder database FW Pack versions=[FP-ATR-ASTRA1_V2.0.0, FP-SNS-FLIGHT1_V5.0.1, FP-SNS-FLIGHT1_V5.0.2, FP-SNS-MOTENV1_V4.3.1, FP-SNS-MOTENV1_V4.3.2, FP-SNS-MOTENVWB1_V1.3.1, FP-SNS-SMARTAG2_V1.2.0, STM32Cube_FW_C0_V1.1.0, STM32Cube_FW_F4_V1.28.0, STM32Cube_FW_F7_V1.17.0, STM32Cube_FW_G0_V1.6.1, STM32Cube_FW_G4_V1.5.1, STM32Cube_FW_H5_V0.5.1, STM32Cube_FW_H5_V1.1.1, STM32Cube_FW_H5_V1.2.0RC2, STM32Cube_FW_H7_V1.11.0, STM32Cube_FW_L0_V1.12.2, STM32Cube_FW_L5_V1.5.0, STM32Cube_FW_U5_V1.3.0RC4, STM32Cube_FW_U5_V1.4.0, STM32Cube_FW_WBA_V1.0.0RC1, STM32Cube_FW_WBA_V1.1.0RC1, STM32Cube_FW_WBA_V1.2.0, STM32Cube_FW_WBA_V1.2.0RC2, STM32Cube_FW_WB_V1.15.0RC1, STM32Cube_FW_WB_V1.16.0, STM32Cube_FW_WB_V1.16.0RC2, STM32Cube_FW_WB_V1.18.0, STM32Cube_FW_WL_V1.3.0, X-CUBE-ALGOBUILD_V1.3.0, X-CUBE-ALS_V1.0.1, X-CUBE-AZRTOS-F4_V1.1.0, X-CUBE-AZRTOS-F7_V1.1.0, X-CUBE-AZRTOS-G0_V1.1.0, X-CUBE-AZRTOS-G4_V2.0.0, X-CUBE-AZRTOS-H7_V3.1.0, X-CUBE-AZRTOS-L4_V1.0.0, X-CUBE-AZRTOS-L4_V2.0.0, X-CUBE-AZRTOS-L5_V1.1.0, X-CUBE-AZRTOS-WB_V2.0.0, X-CUBE-AZRTOS-WL_V2.0.0, X-CUBE-BLE1_V7.0.0, X-CUBE-BLE2_V3.3.0, X-CUBE-BLEMGR_V3.0.0, X-CUBE-EEPRMA1_V4.1.0, X-CUBE-EEPRMA1_V4.2.0, X-CUBE-FREERTOS_V1.1.0, X-CUBE-GNSS1_V6.0.0, X-CUBE-MEMS1_V10.0.0, X-CUBE-MEMS1_V9.1.0, X-CUBE-MEMS1_V9.4.0, X-CUBE-MEMS1_V9.6.0, X-CUBE-NFC4_V3.0.0, X-CUBE-NFC7_V1.0.1, X-CUBE-SFXS2LP1_V4.0.0, X-CUBE-SUBG2_V5.0.0, X-CUBE-TOF1_V3.4.0]
2023-12-31 01:45:22,360 [INFO] ApiDb:240 - Found 371 in-development CPN: [B-G473E-ZEST1S, B-WB1M-WPAN1, B-WL5M-SUBG1, NUCLEO-C031C6, NUCLEO-H503RB, NUCLEO-H563ZI, NUCLEO-U545RE-Q, NUCLEO-U5A5ZJ-Q, NUCLEO-WBA52CG, NUCLEO-WBA55CG, STEVAL-MKBOXPRO, STEVAL-PROTEUS1, STEVAL-STWINBX1, STM320518-EVAL, STM32C0116-DK, STM32C011D6Y3TR, STM32C011D6Y6TR, STM32C011F4P3, STM32C011F4P6, STM32C011F4U3, STM32C011F4U6TR, STM32C011F6P3, STM32C011F6P6, STM32C011F6U3, STM32C011F6U6TR, STM32C011J4M3, STM32C011J4M6, STM32C011J6M3, STM32C011J6M6, STM32C0316-DK, STM32C031C4T3, STM32C031C4T6, STM32C031C4U3, STM32C031C4U6, STM32C031C6T3, STM32C031C6T6, STM32C031C6U3, STM32C031C6U6, STM32C031F4P3, STM32C031F4P6, STM32C031F6P3, STM32C031F6P6, STM32C031G4U3, STM32C031G4U6, STM32C031G6U3, STM32C031G6U6, STM32C031K4T3, STM32C031K4T6, STM32C031K4U3, STM32C031K4U6, STM32C031K6T3, STM32C031K6T6, STM32C031K6U3, STM32C031K6U6, STM32G071K8TXN, STM32G071K8UXN, STM32G081GBU6N, STM32G081KBT6N, STM32G081KBUXN, STM32G0B1CCT6N, STM32G0B1KCT6, STM32G0B1NEY6TR, STM32G0B1RCT6N, STM32G0C1CCT6, STM32G0C1CCT6N, STM32G0C1CCU6N, STM32G0C1CET6N, STM32G0C1CEU6N, STM32G0C1KCT6, STM32G0C1NEY6TR, STM32G0C1RCI6N, STM32G0C1RCT6N, STM32G0C1REI6N, STM32G0C1RET6N, STM32G0C1VCI6, STM32G0C1VEI6, STM32G471CCT6, STM32G471CCU6, STM32G471CET3, STM32G471CET6, STM32G471CEU3, STM32G471CEU6, STM32G471MCT6, STM32G471MET3, STM32G471MET6, STM32G471MEY6TR, STM32G471QCT6, STM32G471QET3, STM32G471RCT6, STM32G471RET3, STM32G471RET6, STM32G471VCH6, STM32G471VCI6, STM32G471VCT6, STM32G471VEH3, STM32G471VEH6, STM32G471VEI3, STM32G471VEI6, STM32G471VET3, STM32G471VET6, STM32G474CCT6, STM32H503CBT6, STM32H503CBU6, STM32H503EBY6TR, STM32H503KBU6, STM32H503RBT6, STM32H562AGI6, STM32H562AII6, STM32H562IGK6, STM32H562IGT6, STM32H562IIK6, STM32H562IIT6, STM32H562RGT6, STM32H562RGV6, STM32H562RIT6, STM32H562RIV6, STM32H562VGT6, STM32H562VIT6, STM32H562ZGT6, STM32H562ZIT6, STM32H563AGI6, STM32H563AII3Q, STM32H563AII6, STM32H563IGK6, STM32H563IGT6, STM32H563IIK3Q, STM32H563IIK6, STM32H563IIT3Q, STM32H563IIT6, STM32H563MIY3QTR, STM32H563RGT6, STM32H563RGV6, STM32H563RIT6, STM32H563RIV6, STM32H563VGT6, STM32H563VIT3Q, STM32H563VIT6, STM32H563ZGT6, STM32H563ZIT3Q, STM32H563ZIT6, STM32H573AII3Q, STM32H573AII6, STM32H573I-DK, STM32H573IIK3Q, STM32H573IIK6, STM32H573IIT3Q, STM32H573IIT6, STM32H573MIY3QTR, STM32H573RIT6, STM32H573RIV6, STM32H573VIT3Q, STM32H573VIT6, STM32H573ZIT3Q, STM32H573ZIT6, STM32L4R5QGI6STR, STM32MP131AAE3, STM32MP131AAF3, STM32MP131AAG3, STM32MP131CAE3, STM32MP131CAF3, STM32MP131CAG3, STM32MP131DAE7, STM32MP131DAF7, STM32MP131DAG7, STM32MP131FAE7, STM32MP131FAF7, STM32MP131FAG7, STM32MP133AAE3, STM32MP133AAF3, STM32MP133AAG3, STM32MP133CAE3, STM32MP133CAF3, STM32MP133CAG3, STM32MP133DAE7, STM32MP133DAF7, STM32MP133DAG7, STM32MP133FAE7, STM32MP133FAF7, STM32MP133FAG7, STM32MP135AAE3, STM32MP135AAF3, STM32MP135AAG3, STM32MP135CAE3, STM32MP135CAF3, STM32MP135CAG3, STM32MP135DAE7, STM32MP135DAF7, STM32MP135DAG7, STM32MP135F-DK, STM32MP135FAE7, STM32MP135FAF7, STM32MP135FAF7T, STM32MP135FAF7U, STM32MP135FAG7, STM32U535CBT6, STM32U535CBT6Q, STM32U535CBU6, STM32U535CBU6Q, STM32U535CCT6, STM32U535CCT6Q, STM32U535CCU6, STM32U535CCU6Q, STM32U535CET6, STM32U535CET6Q, STM32U535CEU6, STM32U535CEU6Q, STM32U535JEY6QTR, STM32U535NCY6QTR, STM32U535NEY6QTR, STM32U535RBI6, STM32U535RBI6Q, STM32U535RBT6, STM32U535RBT6Q, STM32U535RCI6, STM32U535RCI6Q, STM32U535RCT6, STM32U535RCT6Q, STM32U535REI6, STM32U535REI6Q, STM32U535RET6, STM32U535RET6Q, STM32U535VCI6, STM32U535VCI6Q, STM32U535VCT6, STM32U535VCT6Q, STM32U535VEI6, STM32U535VEI6Q, STM32U535VET6, STM32U535VET6Q, STM32U545CET6, STM32U545CET6Q, STM32U545CEU6, STM32U545CEU6Q, STM32U545JEY6QTR, STM32U545NEY6QTR, STM32U545REI6, STM32U545REI6Q, STM32U545RET6, STM32U545RET6Q, STM32U545VEI6, STM32U545VEI6Q, STM32U545VET6, STM32U545VET6Q, STM32U595AIH6, STM32U595AIH6Q, STM32U595AJH6, STM32U595AJH6Q, STM32U595QII6, STM32U595QII6Q, STM32U595QJI6, STM32U595QJI6Q, STM32U595RIT6, STM32U595RIT6Q, STM32U595RJT6, STM32U595RJT6Q, STM32U595VIT6, STM32U595VIT6Q, STM32U595VJT6, STM32U595VJT6Q, STM32U595ZIT6, STM32U595ZIT6Q, STM32U595ZIY6QTR, STM32U595ZJT6, STM32U595ZJT6Q, STM32U595ZJY6QTR, STM32U599BJY6QTR, STM32U599NIH6Q, STM32U599NJH6Q, STM32U599VIT6Q, STM32U599VJT6, STM32U599VJT6Q, STM32U599ZIT6Q, STM32U599ZIY6QTR, STM32U599ZJT6Q, STM32U599ZJY6QTR, STM32U5A5AJH6, STM32U5A5AJH6Q, STM32U5A5QJI6, STM32U5A5QJI6Q, STM32U5A5RJT6, STM32U5A5RJT6Q, STM32U5A5VJT6, STM32U5A5VJT6Q, STM32U5A5ZJT6, STM32U5A5ZJT6Q, STM32U5A5ZJY6QTR, STM32U5A9BJY6QTR, STM32U5A9J-DK, STM32U5A9NJH6Q, STM32U5A9VJT6Q, STM32U5A9ZJT6Q, STM32U5A9ZJY6QTR, STM32U5F7VIT6, STM32U5F7VIT6Q, STM32U5F7VJT6, STM32U5F7VJT6Q, STM32U5F9BJY6QTR, STM32U5F9NJH6Q, STM32U5F9VIT6Q, STM32U5F9VJT6Q, STM32U5F9ZIJ6QTR, STM32U5F9ZIT6Q, STM32U5F9ZJJ6QTR, STM32U5F9ZJT6Q, STM32U5G7VJT6, STM32U5G7VJT6Q, STM32U5G9BJY6QTR, STM32U5G9J-DK1, STM32U5G9J-DK2, STM32U5G9NJH6Q, STM32U5G9VJT6Q, STM32U5G9ZJJ6QTR, STM32U5G9ZJT6Q, STM32WB1MMCH6, STM32WBA50KEU6, STM32WBA50KEU6TR, STM32WBA50KGU6, STM32WBA50KGU6TR, STM32WBA52CEU6, STM32WBA52CEU6TR, STM32WBA52CEU7, STM32WBA52CEU7TR, STM32WBA52CGU6, STM32WBA52CGU6TR, STM32WBA52CGU6U, STM32WBA52CGU7, STM32WBA52CGU7TR, STM32WBA52KEU6, STM32WBA52KEU6TR, STM32WBA52KGU6, STM32WBA52KGU6TR, STM32WBA54CEU6, STM32WBA54CEU6TR, STM32WBA54CEU7, STM32WBA54CEU7TR, STM32WBA54CGU6, STM32WBA54CGU6TR, STM32WBA54CGU7, STM32WBA54CGU7TR, STM32WBA54KEU6, STM32WBA54KEU6TR, STM32WBA54KEU7, STM32WBA54KEU7TR, STM32WBA54KGU6, STM32WBA54KGU6TR, STM32WBA54KGU7, STM32WBA54KGU7TR, STM32WBA55CEU6, STM32WBA55CEU6TR, STM32WBA55CEU7, STM32WBA55CEU7TR, STM32WBA55CGU6, STM32WBA55CGU6TR, STM32WBA55CGU6U, STM32WBA55CGU7, STM32WBA55CGU7TR, STM32WBA55G-DK1, STM32WBA55HEF6, STM32WBA55HEF7, STM32WBA55HGF6, STM32WBA55HGF7, STM32WBA55UEI6, STM32WBA55UEI6TR, STM32WBA55UEI7, STM32WBA55UEI7TR, STM32WBA55UGI6, STM32WBA55UGI6TR, STM32WBA55UGI7, STM32WBA55UGI7TR, STM32WL5MOCH6, STM32WL5MOCH6TR]
2023-12-31 01:45:22,362 [INFO] DbMcus:218 - Found 3930 MCUs, 3930 are supported
2023-12-31 01:45:22,362 [INFO] ApiDb:423 - Load user favorites file C:\Users\aleja/.stm32cubeide/favorites.mcus.txt: 1 item(s)
2023-12-31 01:45:22,362 [INFO] ApiDb:427 - User favorites MCUs=[STM32F042F4P6]
2023-12-31 01:45:22,362 [INFO] DbMcus:224 - Set 1 / 1 favorites MCUs
2023-12-31 01:45:22,537 [INFO] ApiDb:448 - Save user favorites file C:\Users\aleja/.stm32cubeide/favorites.boards.txt: 0 item(s)
2023-12-31 01:45:22,537 [INFO] ApiDb:452 - User favorites Boards=[]
2023-12-31 01:45:22,538 [INFO] ApiDb:581 - Connected to CubeFinder SQLite database (C:\Users\aleja\.stmcufinder\plugins\mcufinder\mcu\cube-finder-db.db)
2023-12-31 01:45:22,584 [INFO] ApiDb:668 - CubeFinder database Data Model version=2.1
2023-12-31 01:45:22,584 [INFO] ApiDb:669 - CubeFinder database Configuration version=3.0.39
2023-12-31 01:45:22,584 [INFO] ApiDb:670 - CubeFinder database generation date=2023-12-08 (1702028721)
2023-12-31 01:45:22,584 [INFO] ApiDb:671 - CubeFinder database FW Pack versions=[FP-ATR-ASTRA1_V2.0.0, FP-SNS-FLIGHT1_V5.0.1, FP-SNS-FLIGHT1_V5.0.2, FP-SNS-MOTENV1_V4.3.1, FP-SNS-MOTENV1_V4.3.2, FP-SNS-MOTENVWB1_V1.3.1, FP-SNS-SMARTAG2_V1.2.0, STM32Cube_FW_C0_V1.1.0, STM32Cube_FW_F4_V1.28.0, STM32Cube_FW_F7_V1.17.0, STM32Cube_FW_G0_V1.6.1, STM32Cube_FW_G4_V1.5.1, STM32Cube_FW_H5_V0.5.1, STM32Cube_FW_H5_V1.1.1, STM32Cube_FW_H5_V1.2.0RC2, STM32Cube_FW_H7_V1.11.0, STM32Cube_FW_L0_V1.12.2, STM32Cube_FW_L5_V1.5.0, STM32Cube_FW_U5_V1.3.0RC4, STM32Cube_FW_U5_V1.4.0, STM32Cube_FW_WBA_V1.0.0RC1, STM32Cube_FW_WBA_V1.1.0RC1, STM32Cube_FW_WBA_V1.2.0, STM32Cube_FW_WBA_V1.2.0RC2, STM32Cube_FW_WB_V1.15.0RC1, STM32Cube_FW_WB_V1.16.0, STM32Cube_FW_WB_V1.16.0RC2, STM32Cube_FW_WB_V1.18.0, STM32Cube_FW_WL_V1.3.0, X-CUBE-ALGOBUILD_V1.3.0, X-CUBE-ALS_V1.0.1, X-CUBE-AZRTOS-F4_V1.1.0, X-CUBE-AZRTOS-F7_V1.1.0, X-CUBE-AZRTOS-G0_V1.1.0, X-CUBE-AZRTOS-G4_V2.0.0, X-CUBE-AZRTOS-H7_V3.1.0, X-CUBE-AZRTOS-L4_V1.0.0, X-CUBE-AZRTOS-L4_V2.0.0, X-CUBE-AZRTOS-L5_V1.1.0, X-CUBE-AZRTOS-WB_V2.0.0, X-CUBE-AZRTOS-WL_V2.0.0, X-CUBE-BLE1_V7.0.0, X-CUBE-BLE2_V3.3.0, X-CUBE-BLEMGR_V3.0.0, X-CUBE-EEPRMA1_V4.1.0, X-CUBE-EEPRMA1_V4.2.0, X-CUBE-FREERTOS_V1.1.0, X-CUBE-GNSS1_V6.0.0, X-CUBE-MEMS1_V10.0.0, X-CUBE-MEMS1_V9.1.0, X-CUBE-MEMS1_V9.4.0, X-CUBE-MEMS1_V9.6.0, X-CUBE-NFC4_V3.0.0, X-CUBE-NFC7_V1.0.1, X-CUBE-SFXS2LP1_V4.0.0, X-CUBE-SUBG2_V5.0.0, X-CUBE-TOF1_V3.4.0]
2023-12-31 01:45:22,627 [INFO] DbBoardsSqlite:226 - include board P-NUCLEO-WB55-NUCLEO as a kit item of type 'Nucleo-64'
2023-12-31 01:45:22,627 [INFO] DbBoardsSqlite:226 - include board P-NUCLEO-WB55-USBDONGLE as a kit item of type 'Nucleo USB Dongle'
2023-12-31 01:45:22,628 [INFO] DbBoardsSqlite:226 - include board STEVAL-IDP005V1 as a kit item of type 'Evaluation Board'
2023-12-31 01:45:22,628 [INFO] DbBoardsSqlite:226 - include board STEVAL-IDP005V2 as a kit item of type 'Evaluation Board'
2023-12-31 01:45:22,666 [INFO] ApiDb:240 - Found 371 in-development CPN: [B-G473E-ZEST1S, B-WB1M-WPAN1, B-WL5M-SUBG1, NUCLEO-C031C6, NUCLEO-H503RB, NUCLEO-H563ZI, NUCLEO-U545RE-Q, NUCLEO-U5A5ZJ-Q, NUCLEO-WBA52CG, NUCLEO-WBA55CG, STEVAL-MKBOXPRO, STEVAL-PROTEUS1, STEVAL-STWINBX1, STM320518-EVAL, STM32C0116-DK, STM32C011D6Y3TR, STM32C011D6Y6TR, STM32C011F4P3, STM32C011F4P6, STM32C011F4U3, STM32C011F4U6TR, STM32C011F6P3, STM32C011F6P6, STM32C011F6U3, STM32C011F6U6TR, STM32C011J4M3, STM32C011J4M6, STM32C011J6M3, STM32C011J6M6, STM32C0316-DK, STM32C031C4T3, STM32C031C4T6, STM32C031C4U3, STM32C031C4U6, STM32C031C6T3, STM32C031C6T6, STM32C031C6U3, STM32C031C6U6, STM32C031F4P3, STM32C031F4P6, STM32C031F6P3, STM32C031F6P6, STM32C031G4U3, STM32C031G4U6, STM32C031G6U3, STM32C031G6U6, STM32C031K4T3, STM32C031K4T6, STM32C031K4U3, STM32C031K4U6, STM32C031K6T3, STM32C031K6T6, STM32C031K6U3, STM32C031K6U6, STM32G071K8TXN, STM32G071K8UXN, STM32G081GBU6N, STM32G081KBT6N, STM32G081KBUXN, STM32G0B1CCT6N, STM32G0B1KCT6, STM32G0B1NEY6TR, STM32G0B1RCT6N, STM32G0C1CCT6, STM32G0C1CCT6N, STM32G0C1CCU6N, STM32G0C1CET6N, STM32G0C1CEU6N, STM32G0C1KCT6, STM32G0C1NEY6TR, STM32G0C1RCI6N, STM32G0C1RCT6N, STM32G0C1REI6N, STM32G0C1RET6N, STM32G0C1VCI6, STM32G0C1VEI6, STM32G471CCT6, STM32G471CCU6, STM32G471CET3, STM32G471CET6, STM32G471CEU3, STM32G471CEU6, STM32G471MCT6, STM32G471MET3, STM32G471MET6, STM32G471MEY6TR, STM32G471QCT6, STM32G471QET3, STM32G471RCT6, STM32G471RET3, STM32G471RET6, STM32G471VCH6, STM32G471VCI6, STM32G471VCT6, STM32G471VEH3, STM32G471VEH6, STM32G471VEI3, STM32G471VEI6, STM32G471VET3, STM32G471VET6, STM32G474CCT6, STM32H503CBT6, STM32H503CBU6, STM32H503EBY6TR, STM32H503KBU6, STM32H503RBT6, STM32H562AGI6, STM32H562AII6, STM32H562IGK6, STM32H562IGT6, STM32H562IIK6, STM32H562IIT6, STM32H562RGT6, STM32H562RGV6, STM32H562RIT6, STM32H562RIV6, STM32H562VGT6, STM32H562VIT6, STM32H562ZGT6, STM32H562ZIT6, STM32H563AGI6, STM32H563AII3Q, STM32H563AII6, STM32H563IGK6, STM32H563IGT6, STM32H563IIK3Q, STM32H563IIK6, STM32H563IIT3Q, STM32H563IIT6, STM32H563MIY3QTR, STM32H563RGT6, STM32H563RGV6, STM32H563RIT6, STM32H563RIV6, STM32H563VGT6, STM32H563VIT3Q, STM32H563VIT6, STM32H563ZGT6, STM32H563ZIT3Q, STM32H563ZIT6, STM32H573AII3Q, STM32H573AII6, STM32H573I-DK, STM32H573IIK3Q, STM32H573IIK6, STM32H573IIT3Q, STM32H573IIT6, STM32H573MIY3QTR, STM32H573RIT6, STM32H573RIV6, STM32H573VIT3Q, STM32H573VIT6, STM32H573ZIT3Q, STM32H573ZIT6, STM32L4R5QGI6STR, STM32MP131AAE3, STM32MP131AAF3, STM32MP131AAG3, STM32MP131CAE3, STM32MP131CAF3, STM32MP131CAG3, STM32MP131DAE7, STM32MP131DAF7, STM32MP131DAG7, STM32MP131FAE7, STM32MP131FAF7, STM32MP131FAG7, STM32MP133AAE3, STM32MP133AAF3, STM32MP133AAG3, STM32MP133CAE3, STM32MP133CAF3, STM32MP133CAG3, STM32MP133DAE7, STM32MP133DAF7, STM32MP133DAG7, STM32MP133FAE7, STM32MP133FAF7, STM32MP133FAG7, STM32MP135AAE3, STM32MP135AAF3, STM32MP135AAG3, STM32MP135CAE3, STM32MP135CAF3, STM32MP135CAG3, STM32MP135DAE7, STM32MP135DAF7, STM32MP135DAG7, STM32MP135F-DK, STM32MP135FAE7, STM32MP135FAF7, STM32MP135FAF7T, STM32MP135FAF7U, STM32MP135FAG7, STM32U535CBT6, STM32U535CBT6Q, STM32U535CBU6, STM32U535CBU6Q, STM32U535CCT6, STM32U535CCT6Q, STM32U535CCU6, STM32U535CCU6Q, STM32U535CET6, STM32U535CET6Q, STM32U535CEU6, STM32U535CEU6Q, STM32U535JEY6QTR, STM32U535NCY6QTR, STM32U535NEY6QTR, STM32U535RBI6, STM32U535RBI6Q, STM32U535RBT6, STM32U535RBT6Q, STM32U535RCI6, STM32U535RCI6Q, STM32U535RCT6, STM32U535RCT6Q, STM32U535REI6, STM32U535REI6Q, STM32U535RET6, STM32U535RET6Q, STM32U535VCI6, STM32U535VCI6Q, STM32U535VCT6, STM32U535VCT6Q, STM32U535VEI6, STM32U535VEI6Q, STM32U535VET6, STM32U535VET6Q, STM32U545CET6, STM32U545CET6Q, STM32U545CEU6, STM32U545CEU6Q, STM32U545JEY6QTR, STM32U545NEY6QTR, STM32U545REI6, STM32U545REI6Q, STM32U545RET6, STM32U545RET6Q, STM32U545VEI6, STM32U545VEI6Q, STM32U545VET6, STM32U545VET6Q, STM32U595AIH6, STM32U595AIH6Q, STM32U595AJH6, STM32U595AJH6Q, STM32U595QII6, STM32U595QII6Q, STM32U595QJI6, STM32U595QJI6Q, STM32U595RIT6, STM32U595RIT6Q, STM32U595RJT6, STM32U595RJT6Q, STM32U595VIT6, STM32U595VIT6Q, STM32U595VJT6, STM32U595VJT6Q, STM32U595ZIT6, STM32U595ZIT6Q, STM32U595ZIY6QTR, STM32U595ZJT6, STM32U595ZJT6Q, STM32U595ZJY6QTR, STM32U599BJY6QTR, STM32U599NIH6Q, STM32U599NJH6Q, STM32U599VIT6Q, STM32U599VJT6, STM32U599VJT6Q, STM32U599ZIT6Q, STM32U599ZIY6QTR, STM32U599ZJT6Q, STM32U599ZJY6QTR, STM32U5A5AJH6, STM32U5A5AJH6Q, STM32U5A5QJI6, STM32U5A5QJI6Q, STM32U5A5RJT6, STM32U5A5RJT6Q, STM32U5A5VJT6, STM32U5A5VJT6Q, STM32U5A5ZJT6, STM32U5A5ZJT6Q, STM32U5A5ZJY6QTR, STM32U5A9BJY6QTR, STM32U5A9J-DK, STM32U5A9NJH6Q, STM32U5A9VJT6Q, STM32U5A9ZJT6Q, STM32U5A9ZJY6QTR, STM32U5F7VIT6, STM32U5F7VIT6Q, STM32U5F7VJT6, STM32U5F7VJT6Q, STM32U5F9BJY6QTR, STM32U5F9NJH6Q, STM32U5F9VIT6Q, STM32U5F9VJT6Q, STM32U5F9ZIJ6QTR, STM32U5F9ZIT6Q, STM32U5F9ZJJ6QTR, STM32U5F9ZJT6Q, STM32U5G7VJT6, STM32U5G7VJT6Q, STM32U5G9BJY6QTR, STM32U5G9J-DK1, STM32U5G9J-DK2, STM32U5G9NJH6Q, STM32U5G9VJT6Q, STM32U5G9ZJJ6QTR, STM32U5G9ZJT6Q, STM32WB1MMCH6, STM32WBA50KEU6, STM32WBA50KEU6TR, STM32WBA50KGU6, STM32WBA50KGU6TR, STM32WBA52CEU6, STM32WBA52CEU6TR, STM32WBA52CEU7, STM32WBA52CEU7TR, STM32WBA52CGU6, STM32WBA52CGU6TR, STM32WBA52CGU6U, STM32WBA52CGU7, STM32WBA52CGU7TR, STM32WBA52KEU6, STM32WBA52KEU6TR, STM32WBA52KGU6, STM32WBA52KGU6TR, STM32WBA54CEU6, STM32WBA54CEU6TR, STM32WBA54CEU7, STM32WBA54CEU7TR, STM32WBA54CGU6, STM32WBA54CGU6TR, STM32WBA54CGU7, STM32WBA54CGU7TR, STM32WBA54KEU6, STM32WBA54KEU6TR, STM32WBA54KEU7, STM32WBA54KEU7TR, STM32WBA54KGU6, STM32WBA54KGU6TR, STM32WBA54KGU7, STM32WBA54KGU7TR, STM32WBA55CEU6, STM32WBA55CEU6TR, STM32WBA55CEU7, STM32WBA55CEU7TR, STM32WBA55CGU6, STM32WBA55CGU6TR, STM32WBA55CGU6U, STM32WBA55CGU7, STM32WBA55CGU7TR, STM32WBA55G-DK1, STM32WBA55HEF6, STM32WBA55HEF7, STM32WBA55HGF6, STM32WBA55HGF7, STM32WBA55UEI6, STM32WBA55UEI6TR, STM32WBA55UEI7, STM32WBA55UEI7TR, STM32WBA55UGI6, STM32WBA55UGI6TR, STM32WBA55UGI7, STM32WBA55UGI7TR, STM32WL5MOCH6, STM32WL5MOCH6TR]
2023-12-31 01:45:22,762 [INFO] BoardInfo:889 - No configuration file found for board P-NUCLEO-WB55
2023-12-31 01:45:22,762 [INFO] DbBoards:161 - Kit is not supported: P-NUCLEO-WB55
2023-12-31 01:45:22,766 [INFO] BoardInfo:889 - No configuration file found for board STEVAL-BFA001V1B
2023-12-31 01:45:22,766 [INFO] DbBoards:161 - Kit is not supported: STEVAL-BFA001V1B
2023-12-31 01:45:22,767 [INFO] BoardInfo:889 - No configuration file found for board STEVAL-BFA001V2B
2023-12-31 01:45:22,767 [INFO] DbBoards:161 - Kit is not supported: STEVAL-BFA001V2B
2023-12-31 01:45:22,867 [INFO] DbBoards:168 - Found 193 boards, 190 are supported
2023-12-31 01:45:22,867 [INFO] DbBoards:169 - Found 193 boards, 3 of them is supported for  Bsp
2023-12-31 01:45:22,868 [INFO] ApiDb:423 - Load user favorites file C:\Users\aleja/.stm32cubeide/favorites.boards.txt: 0 item(s)
2023-12-31 01:45:22,869 [INFO] ApiDb:427 - User favorites Boards=[]
2023-12-31 01:45:22,869 [INFO] DbBoards:198 - Set 0 / 0 favorites Boards
2023-12-31 01:45:22,883 [INFO] LoadUrlFilesThread:185 - End of LoadServerUrlFiles without Thread
2023-12-31 01:45:22,883 [INFO] TargetSelectorAdapter:259 - Refresh data is successful
2023-12-31 01:45:22,887 [INFO] ApiDb:668 - CubeFinder database Data Model version=2.1
2023-12-31 01:45:22,887 [INFO] ApiDb:669 - CubeFinder database Configuration version=3.0.39
2023-12-31 01:45:22,887 [INFO] ApiDb:670 - CubeFinder database generation date=2023-12-08 (1702028721)
2023-12-31 01:45:22,887 [INFO] ApiDb:671 - CubeFinder database FW Pack versions=[FP-ATR-ASTRA1_V2.0.0, FP-SNS-FLIGHT1_V5.0.1, FP-SNS-FLIGHT1_V5.0.2, FP-SNS-MOTENV1_V4.3.1, FP-SNS-MOTENV1_V4.3.2, FP-SNS-MOTENVWB1_V1.3.1, FP-SNS-SMARTAG2_V1.2.0, STM32Cube_FW_C0_V1.1.0, STM32Cube_FW_F4_V1.28.0, STM32Cube_FW_F7_V1.17.0, STM32Cube_FW_G0_V1.6.1, STM32Cube_FW_G4_V1.5.1, STM32Cube_FW_H5_V0.5.1, STM32Cube_FW_H5_V1.1.1, STM32Cube_FW_H5_V1.2.0RC2, STM32Cube_FW_H7_V1.11.0, STM32Cube_FW_L0_V1.12.2, STM32Cube_FW_L5_V1.5.0, STM32Cube_FW_U5_V1.3.0RC4, STM32Cube_FW_U5_V1.4.0, STM32Cube_FW_WBA_V1.0.0RC1, STM32Cube_FW_WBA_V1.1.0RC1, STM32Cube_FW_WBA_V1.2.0, STM32Cube_FW_WBA_V1.2.0RC2, STM32Cube_FW_WB_V1.15.0RC1, STM32Cube_FW_WB_V1.16.0, STM32Cube_FW_WB_V1.16.0RC2, STM32Cube_FW_WB_V1.18.0, STM32Cube_FW_WL_V1.3.0, X-CUBE-ALGOBUILD_V1.3.0, X-CUBE-ALS_V1.0.1, X-CUBE-AZRTOS-F4_V1.1.0, X-CUBE-AZRTOS-F7_V1.1.0, X-CUBE-AZRTOS-G0_V1.1.0, X-CUBE-AZRTOS-G4_V2.0.0, X-CUBE-AZRTOS-H7_V3.1.0, X-CUBE-AZRTOS-L4_V1.0.0, X-CUBE-AZRTOS-L4_V2.0.0, X-CUBE-AZRTOS-L5_V1.1.0, X-CUBE-AZRTOS-WB_V2.0.0, X-CUBE-AZRTOS-WL_V2.0.0, X-CUBE-BLE1_V7.0.0, X-CUBE-BLE2_V3.3.0, X-CUBE-BLEMGR_V3.0.0, X-CUBE-EEPRMA1_V4.1.0, X-CUBE-EEPRMA1_V4.2.0, X-CUBE-FREERTOS_V1.1.0, X-CUBE-GNSS1_V6.0.0, X-CUBE-MEMS1_V10.0.0, X-CUBE-MEMS1_V9.1.0, X-CUBE-MEMS1_V9.4.0, X-CUBE-MEMS1_V9.6.0, X-CUBE-NFC4_V3.0.0, X-CUBE-NFC7_V1.0.1, X-CUBE-SFXS2LP1_V4.0.0, X-CUBE-SUBG2_V5.0.0, X-CUBE-TOF1_V3.4.0]
2023-12-31 01:45:23,650 [ERROR] DbExamplesSqlite:437 - Missing JSON key: board_cpn
2023-12-31 01:45:23,650 [ERROR] DbExamplesSqlite:437 - Missing JSON key: board_cpn
2023-12-31 01:45:23,650 [ERROR] DbExamplesSqlite:437 - Missing JSON key: board_cpn
2023-12-31 01:45:23,651 [ERROR] DbExamplesSqlite:437 - Missing JSON key: board_cpn
2023-12-31 01:45:23,684 [INFO] DbExamplesSqlite:395 - Ignored 55 examples not supported by CubeIDE
2023-12-31 01:45:23,684 [INFO] DbExamplesSqlite:396 - Found 7560 examples active
2023-12-31 01:45:23,685 [INFO] DbExamplesSqlite:397 - Found 844 examples obsolete
2023-12-31 01:45:23,685 [INFO] DbExamplesSqlite:398 - Found 0 examples under development
2023-12-31 01:45:23,685 [INFO] DbExamplesSqlite:399 - Found 8 examples not building
2023-12-31 01:45:23,686 [INFO] DbExamples:125 - Found 7513 examples
2023-12-31 01:45:23,696 [INFO] DbExamples:222 - Found 95 boards with related examples
2023-12-31 01:45:23,697 [INFO] DbExamples:235 - Found 80 MCUs with related examples
2023-12-31 01:45:23,716 [INFO] ApiDb:423 - Load user favorites file C:\Users\aleja/.stm32cubeide/favorites.examples.txt: 0 item(s)
2023-12-31 01:45:23,716 [INFO] ApiDb:427 - User favorites Examples=[]
2023-12-31 01:45:23,719 [INFO] DbExamples:250 - Set 0 / 0 favorites Examples
2023-12-31 01:45:23,949 [INFO] McuFinderGlobals:76 - Set McuFinderConnectedMode to true
2023-12-31 01:45:23,962 [INFO] MultiScanPanel:200 - Auto-refresh data requested => check proxy status ongoing
2023-12-31 01:45:23,966 [INFO] FinderPluginLoader:95 - Searching for filters in installed packs
2023-12-31 01:45:25,032 [INFO] LoadUrlFilesThread:185 - End of LoadServerUrlFiles without Thread
2023-12-31 01:45:25,047 [INFO] DetailPanel:341 - Set advertising image to C:/Users/aleja/STM32Cube/Repository/\en.prom-stm32wl3-mcu-finder.jpg
2023-12-31 01:45:45,761 [INFO] MainUpdater:2873 - connection check result : 10
2023-12-31 01:45:45,761 [INFO] MainUpdater:2873 - connection check result : 10
2023-12-31 01:45:45,791 [INFO] MicroXplorer:468 - Change Database Path : 
2023-12-31 01:45:45,791 [INFO] MicroXplorer:498 - Change Database Version : DB.6.0.100
2023-12-31 01:45:45,826 [ERROR] ProjectManagerView:394 - 
java.lang.NullPointerException: Cannot invoke "javax.swing.JTextField.getText()" because the return value of "java.util.List.get(int)" is null
	at com.st.microxplorer.plugins.projectmanager.gui.ProjectChoiceTab$10.caretUpdate(ProjectChoiceTab.java:2493) ~[filemanager.jar:?]
	at javax.swing.text.JTextComponent.fireCaretUpdate(JTextComponent.java:412) ~[?:?]
	at javax.swing.text.JTextComponent$MutableCaretEvent.fire(JTextComponent.java:4491) ~[?:?]
	at javax.swing.text.JTextComponent$MutableCaretEvent.stateChanged(JTextComponent.java:4513) ~[?:?]
	at javax.swing.text.DefaultCaret.fireStateChanged(DefaultCaret.java:842) ~[?:?]
	at javax.swing.text.DefaultCaret.changeCaretPosition(DefaultCaret.java:1313) ~[?:?]
	at javax.swing.text.DefaultCaret.handleSetDot(DefaultCaret.java:1212) ~[?:?]
	at javax.swing.text.DefaultCaret.setDot(DefaultCaret.java:1193) ~[?:?]
	at javax.swing.text.DefaultCaret$Handler.insertUpdate(DefaultCaret.java:1789) ~[?:?]
	at javax.swing.text.AbstractDocument.fireInsertUpdate(AbstractDocument.java:226) ~[?:?]
	at javax.swing.text.AbstractDocument.handleInsertString(AbstractDocument.java:780) ~[?:?]
	at javax.swing.text.AbstractDocument.insertString(AbstractDocument.java:739) ~[?:?]
	at javax.swing.text.PlainDocument.insertString(PlainDocument.java:131) ~[?:?]
	at javax.swing.text.AbstractDocument.replace(AbstractDocument.java:698) ~[?:?]
	at javax.swing.text.JTextComponent.setText(JTextComponent.java:1729) ~[?:?]
	at com.st.microxplorer.plugins.projectmanager.gui.ProjectChoiceTab.createHeapStackFields(ProjectChoiceTab.java:933) ~[filemanager.jar:?]
	at com.st.microxplorer.plugins.projectmanager.gui.ProjectChoiceTab.buildLinkSettingsPanel(ProjectChoiceTab.java:3426) ~[filemanager.jar:?]
	at com.st.microxplorer.plugins.projectmanager.gui.ProjectChoiceTab.defineWindowsFields(ProjectChoiceTab.java:1813) ~[filemanager.jar:?]
	at com.st.microxplorer.plugins.projectmanager.gui.ProjectChoiceTab.updateSettings(ProjectChoiceTab.java:533) ~[filemanager.jar:?]
	at com.st.microxplorer.plugins.projectmanager.gui.ProjectSettingsPanel.UpdateDialog(ProjectSettingsPanel.java:244) ~[filemanager.jar:?]
	at com.st.microxplorer.plugins.projectmanager.ProjectManagerView.propertyChange(ProjectManagerView.java:391) ~[filemanager.jar:?]
	at java.beans.PropertyChangeSupport.fire(PropertyChangeSupport.java:343) ~[?:?]
	at java.beans.PropertyChangeSupport.firePropertyChange(PropertyChangeSupport.java:335) ~[?:?]
	at java.beans.PropertyChangeSupport.firePropertyChange(PropertyChangeSupport.java:268) ~[?:?]
	at com.st.microxplorer.util.MXPropertyChangeSupport.firePropertyChange(MXPropertyChangeSupport.java:54) ~[STM32CubeMX.jar:?]
	at com.st.microxplorer.mxsystem.MxSystem.closeConfig(MxSystem.java:900) ~[STM32CubeMX.jar:?]
	at com.st.microxplorer.maingui.MainPanel.closeConfig(MainPanel.java:776) ~[STM32CubeMX.jar:?]
	at com.st.microxplorer.plugins.filemanager.engine.OpenFileManager.loadConfigurationFile(OpenFileManager.java:245) ~[filemanager.jar:?]
	at com.st.microxplorer.plugins.filemanager.engine.MainFileManager.userLoadConfig(MainFileManager.java:290) ~[filemanager.jar:?]
	at com.st.microxplorer.plugins.filemanager.FileManagerView.getSpecificTask(FileManagerView.java:247) ~[filemanager.jar:?]
	at com.st.stm32cube.common.mx.editor.CubeMxEditor.getMxTabbedPaneInstance(CubeMxEditor.java:1184) ~[com.st.stm32cube.common.mx_6.10.0.202311202037/:?]
	at com.st.stm32cube.common.mx.editor.CubeMxEditor$12$1.createSwingComponent(CubeMxEditor.java:1065) ~[com.st.stm32cube.common.mx_6.10.0.202311202037/:?]
	at com.st.stm32cube.common.mx.oss.core.awtswtbridge.EmbeddedSwingComposite.doComponentCreation(EmbeddedSwingComposite.java:492) ~[com.st.stm32cube.common.mx.oss_6.10.0.202311202037/:?]
	at com.st.stm32cube.common.mx.oss.core.awtswtbridge.EmbeddedSwingComposite$4.run(EmbeddedSwingComposite.java:291) ~[com.st.stm32cube.common.mx.oss_6.10.0.202311202037/:?]
	at com.st.stm32cube.common.mx.oss.core.awtswtbridge.AwtEnvironment$2.run(AwtEnvironment.java:166) ~[com.st.stm32cube.common.mx.oss_6.10.0.202311202037/:?]
	at java.awt.event.InvocationEvent.dispatch(InvocationEvent.java:318) ~[?:?]
	at java.awt.EventQueue.dispatchEventImpl(EventQueue.java:773) ~[?:?]
	at java.awt.EventQueue$4.run(EventQueue.java:720) ~[?:?]
	at java.awt.EventQueue$4.run(EventQueue.java:714) ~[?:?]
	at java.security.AccessController.doPrivileged(AccessController.java:399) ~[?:?]
	at java.security.ProtectionDomain$JavaSecurityAccessImpl.doIntersectionPrivilege(ProtectionDomain.java:86) ~[?:?]
	at java.awt.EventQueue.dispatchEvent(EventQueue.java:742) ~[?:?]
	at java.awt.EventDispatchThread.pumpOneEventForFilters(EventDispatchThread.java:203) ~[?:?]
	at java.awt.EventDispatchThread.pumpEventsForFilter(EventDispatchThread.java:124) ~[?:?]
	at java.awt.EventDispatchThread.pumpEventsForHierarchy(EventDispatchThread.java:113) ~[?:?]
	at java.awt.EventDispatchThread.pumpEvents(EventDispatchThread.java:109) ~[?:?]
	at java.awt.EventDispatchThread.pumpEvents(EventDispatchThread.java:101) ~[?:?]
	at java.awt.EventDispatchThread.run(EventDispatchThread.java:90) ~[?:?]
2023-12-31 01:45:45,827 [WARN] ThirdParty:871 - waiting for thirdparty lock release [close project]
2023-12-31 01:45:45,827 [INFO] ThirdParty:873 - entering critical section [close project]
2023-12-31 01:45:45,828 [INFO] ThirdParty:883 - exiting critical section [close project]
2023-12-31 01:45:45,830 [INFO] PinOutPanel:1499 - setPackage(No Configuration,No Configuration)
2023-12-31 01:45:45,839 [INFO] UtilMem:75 - Begin LoadConfig() Used Memory: 397100048 Bytes (730857472)
2023-12-31 01:45:45,840 [INFO] MicroXplorer:468 - Change Database Path : 
2023-12-31 01:45:45,840 [INFO] MicroXplorer:498 - Change Database Version : DB.6.0.100
2023-12-31 01:45:45,840 [INFO] OpenFileManager:312 - Change cursor
2023-12-31 01:45:45,861 [INFO] Mcu:2016 - Initializing MCU STM32F042F4Px STM32F042F4Px STM32F042F4P6
2023-12-31 01:45:46,669 [INFO] Context:659 - Trying to add GPIOservice into a context  which must be forbidden
2023-12-31 01:45:46,817 [INFO] ImportTextPane:194 - (OptionalMessage_ERROR) Unable to find key (Mcu.ThirdPartyNb) in loaded IOC file
2023-12-31 01:45:46,817 [INFO] ImportTextPane:194 - (OptionalMessage_ERROR) Unable to find key (Mcu.PinsNb) in loaded IOC file
2023-12-31 01:45:46,817 [INFO] ImportTextPane:194 - (OptionalMessage_ERROR) Unable to find key (Mcu.IPNb) in loaded IOC file
2023-12-31 01:45:46,871 [INFO] RtosManager:555 - Registered RTOS mode: class=CMSIS, group=RTOS, mode=CMSIS_V1, owner=FREERTOS
2023-12-31 01:45:46,871 [INFO] RtosManager:555 - Registered RTOS mode: class=CMSIS, group=RTOS2, mode=CMSIS_V2, owner=FREERTOS
2023-12-31 01:45:46,871 [INFO] RtosManager:555 - Registered RTOS mode: class=RTOS, group=Core, mode=CMSIS_V1, owner=FREERTOS
2023-12-31 01:45:46,871 [INFO] RtosManager:555 - Registered RTOS mode: class=RTOS, group=Core, mode=CMSIS_V2, owner=FREERTOS
2023-12-31 01:45:46,871 [WARN] ModelIntegratedComponent:184 - Missing modes for component STMicroelectronics:FreeRTOS:0.0.1:STMicroelectronics:RTOS:FreeRTOS:Core:::10.2.0:
2023-12-31 01:45:46,877 [WARN] ModelIntegratedComponent:63 - No mode defined for component null
2023-12-31 01:45:46,878 [WARN] ModelIntegratedComponent:63 - No mode defined for component null
2023-12-31 01:45:46,878 [WARN] ModelIntegratedComponent:63 - No mode defined for component null
2023-12-31 01:45:46,878 [WARN] ModelIntegratedComponent:63 - No mode defined for component null
2023-12-31 01:45:46,878 [WARN] ModelIntegratedComponent:63 - No mode defined for component null
2023-12-31 01:45:46,878 [WARN] ModelIntegratedComponent:63 - No mode defined for component null
2023-12-31 01:45:46,878 [WARN] ModelIntegratedComponent:63 - No mode defined for component null
2023-12-31 01:45:46,878 [WARN] ModelIntegratedComponent:63 - No mode defined for component null
2023-12-31 01:45:46,878 [WARN] ModelIntegratedComponent:63 - No mode defined for component null
2023-12-31 01:45:46,878 [WARN] ModelIntegratedComponent:63 - No mode defined for component null
2023-12-31 01:45:46,878 [WARN] ModelIntegratedComponent:63 - No mode defined for component null
2023-12-31 01:45:46,878 [WARN] ModelIntegratedComponent:63 - No mode defined for component null
2023-12-31 01:45:46,878 [WARN] ModelIntegratedComponent:63 - No mode defined for component null
2023-12-31 01:45:46,878 [WARN] ModelIntegratedComponent:63 - No mode defined for component null
2023-12-31 01:45:46,878 [WARN] ModelIntegratedComponent:63 - No mode defined for component null
2023-12-31 01:45:46,878 [WARN] ModelIntegratedComponent:63 - No mode defined for component null
2023-12-31 01:45:46,878 [WARN] ModelIntegratedComponent:63 - No mode defined for component null
2023-12-31 01:45:46,878 [WARN] ModelIntegratedComponent:63 - No mode defined for component null
2023-12-31 01:45:46,878 [WARN] ModelIntegratedComponent:63 - No mode defined for component null
2023-12-31 01:45:46,878 [WARN] ModelIntegratedComponent:63 - No mode defined for component null
2023-12-31 01:45:46,878 [WARN] ModelIntegratedComponent:63 - No mode defined for component null
2023-12-31 01:45:46,878 [WARN] ModelIntegratedComponent:63 - No mode defined for component null
2023-12-31 01:45:46,878 [WARN] ModelIntegratedComponent:63 - No mode defined for component null
2023-12-31 01:45:46,878 [WARN] ModelIntegratedComponent:63 - No mode defined for component null
2023-12-31 01:45:46,879 [WARN] ModelIntegratedComponent:63 - No mode defined for component null
2023-12-31 01:45:46,879 [WARN] ModelIntegratedComponent:63 - No mode defined for component null
2023-12-31 01:45:46,879 [WARN] ModelIntegratedComponent:63 - No mode defined for component null
2023-12-31 01:45:46,879 [WARN] ModelIntegratedComponent:63 - No mode defined for component null
2023-12-31 01:45:46,879 [WARN] ModelIntegratedComponent:63 - No mode defined for component null
2023-12-31 01:45:46,879 [WARN] ModelIntegratedComponent:63 - No mode defined for component null
2023-12-31 01:45:46,879 [WARN] ModelIntegratedComponent:63 - No mode defined for component null
2023-12-31 01:45:46,879 [WARN] ModelIntegratedComponent:63 - No mode defined for component null
2023-12-31 01:45:46,879 [WARN] ModelIntegratedComponent:63 - No mode defined for component null
2023-12-31 01:45:46,940 [INFO] ThirdPartyModel:298 - Start build external matchings
2023-12-31 01:45:47,095 [INFO] ThirdPartyModel:316 - End build external matchings
2023-12-31 01:45:47,288 [INFO] UtilMem:75 - End LoadConfig() Used Memory: 377610688 Bytes (730857472)
2023-12-31 01:45:47,337 [INFO] MicroXplorer:468 - Change Database Path : 
2023-12-31 01:45:47,339 [INFO] MicroXplorer:498 - Change Database Version : DB.6.0.100
2023-12-31 01:45:47,339 [WARN] ThirdParty:833 - waiting for thirdparty lock release [change project]
2023-12-31 01:45:47,339 [INFO] ThirdParty:835 - entering critical section [change project]
2023-12-31 01:45:47,339 [INFO] ThirdParty:1030 - CMSIS Pack Vendor :STMicroelectronics X-CUBE-ISPU 1.1.0
2023-12-31 01:45:47,339 [INFO] ThirdParty:1030 - CMSIS Pack Vendor :STMicroelectronics USBPD 4.1
2023-12-31 01:45:47,339 [INFO] ThirdParty:1030 - CMSIS Pack Vendor :STMicroelectronics X-CUBE-GNSS1 6.0.0
2023-12-31 01:45:47,339 [INFO] ThirdParty:1030 - CMSIS Pack Vendor :STMicroelectronics USB_HOST 2.0.0
2023-12-31 01:45:47,339 [INFO] ThirdParty:1030 - CMSIS Pack Vendor :STMicroelectronics X-CUBE-AZRTOS-F4 1.1.0
2023-12-31 01:45:47,339 [INFO] ThirdParty:1030 - CMSIS Pack Vendor :STMicroelectronics LIBJPEG 8.0.0
2023-12-31 01:45:47,339 [INFO] ThirdParty:1030 - CMSIS Pack Vendor :wolfSSL I-CUBE-wolfSSL 5.6.4
2023-12-31 01:45:47,339 [INFO] ThirdParty:1030 - CMSIS Pack Vendor :STMicroelectronics X-CUBE-SMBUS 2.1.0
2023-12-31 01:45:47,339 [INFO] ThirdParty:1030 - CMSIS Pack Vendor :STMicroelectronics USB_DEVICE 3.0.0
2023-12-31 01:45:47,339 [INFO] ThirdParty:1030 - CMSIS Pack Vendor :STMicroelectronics X-CUBE-AZRTOS-WB 2.0.0
2023-12-31 01:45:47,339 [INFO] ThirdParty:1030 - CMSIS Pack Vendor :STMicroelectronics X-CUBE-TOUCHGFX 4.23.0
2023-12-31 01:45:47,339 [INFO] ThirdParty:1030 - CMSIS Pack Vendor :STMicroelectronics X-CUBE-AZRTOS-F7 1.1.0
2023-12-31 01:45:47,339 [INFO] ThirdParty:1030 - CMSIS Pack Vendor :STMicroelectronics X-CUBE-AZRTOS-L5 2.0.0
2023-12-31 01:45:47,339 [INFO] ThirdParty:1030 - CMSIS Pack Vendor :STMicroelectronics USB_DEVICE 2.0.0
2023-12-31 01:45:47,339 [INFO] ThirdParty:1030 - CMSIS Pack Vendor :STMicroelectronics X-CUBE-EEPRMA1 4.2.0
2023-12-31 01:45:47,339 [INFO] ThirdParty:1030 - CMSIS Pack Vendor :ITTIA_DB I-CUBE-ITTIADB 8.8.0
2023-12-31 01:45:47,339 [INFO] ThirdParty:1030 - CMSIS Pack Vendor :STMicroelectronics FP-SNS-MOTENV1 4.3.2
2023-12-31 01:45:47,339 [INFO] ThirdParty:1030 - CMSIS Pack Vendor :STMicroelectronics X-CUBE-ALGOBUILD 1.3.0
2023-12-31 01:45:47,339 [INFO] ThirdParty:1030 - CMSIS Pack Vendor :STMicroelectronics FreeRTOS 0.0.1
2023-12-31 01:45:47,339 [INFO] ThirdParty:1030 - CMSIS Pack Vendor :STMicroelectronics X-CUBE-AZRTOS-G0 1.1.0
2023-12-31 01:45:47,339 [INFO] ThirdParty:1030 - CMSIS Pack Vendor :STMicroelectronics X-CUBE-NFC4 3.0.0
2023-12-31 01:45:47,339 [INFO] ThirdParty:1030 - CMSIS Pack Vendor :STMicroelectronics X-CUBE-SUBG2 5.0.0
2023-12-31 01:45:47,339 [INFO] ThirdParty:1030 - CMSIS Pack Vendor :STMicroelectronics STM32_WPAN 1.0.0
2023-12-31 01:45:47,339 [INFO] ThirdParty:1030 - CMSIS Pack Vendor :STMicroelectronics lwIP 2.0.3
2023-12-31 01:45:47,339 [INFO] ThirdParty:1030 - CMSIS Pack Vendor :STMicroelectronics FP-SNS-FLIGHT1 5.0.2
2023-12-31 01:45:47,339 [INFO] ThirdParty:1030 - CMSIS Pack Vendor :STMicroelectronics USB_HOST 1.0.0
2023-12-31 01:45:47,339 [INFO] ThirdParty:1030 - CMSIS Pack Vendor :STMicroelectronics X-CUBE-AZRTOS-G4 2.0.0
2023-12-31 01:45:47,339 [INFO] ThirdParty:1030 - CMSIS Pack Vendor :STMicroelectronics PDM2PCM 3.1.0
2023-12-31 01:45:47,339 [INFO] ThirdParty:1030 - CMSIS Pack Vendor :STMicroelectronics X-CUBE-AZRTOS-H7 3.1.0
2023-12-31 01:45:47,339 [INFO] ThirdParty:1030 - CMSIS Pack Vendor :Infineon AIROC-Wi-Fi-Bluetooth-STM32 1.5.1
2023-12-31 01:45:47,339 [INFO] ThirdParty:1030 - CMSIS Pack Vendor :STMicroelectronics X-CUBE-BLEMGR 3.0.0
2023-12-31 01:45:47,339 [INFO] ThirdParty:1030 - CMSIS Pack Vendor :STMicroelectronics PDM2PCM 3.3.0
2023-12-31 01:45:47,339 [INFO] ThirdParty:1030 - CMSIS Pack Vendor :STMicroelectronics X-CUBE-DISPLAY 3.0.0
2023-12-31 01:45:47,339 [INFO] ThirdParty:1030 - CMSIS Pack Vendor :STMicroelectronics FP-SNS-MOTENVWB1 1.3.1
2023-12-31 01:45:47,339 [INFO] ThirdParty:1030 - CMSIS Pack Vendor :STMicroelectronics X-CUBE-BLE1 7.0.0
2023-12-31 01:45:47,339 [INFO] ThirdParty:1030 - CMSIS Pack Vendor :STMicroelectronics FP-ATR-SIGFOX1 3.2.0
2023-12-31 01:45:47,340 [INFO] ThirdParty:1030 - CMSIS Pack Vendor :STMicroelectronics X-CUBE-ISPU 2.0.0
2023-12-31 01:45:47,340 [INFO] ThirdParty:1030 - CMSIS Pack Vendor :STMicroelectronics HAL Drivers 0.0.0
2023-12-31 01:45:47,340 [INFO] ThirdParty:1030 - CMSIS Pack Vendor :STMicroelectronics MBEDTLS 2.16.2
2023-12-31 01:45:47,340 [INFO] ThirdParty:1030 - CMSIS Pack Vendor :emotas I-CUBE-CANOPEN 1.3.0
2023-12-31 01:45:47,340 [INFO] ThirdParty:1030 - CMSIS Pack Vendor :STMicroelectronics X-CUBE-MEMS1 10.0.0
2023-12-31 01:45:47,340 [INFO] ThirdParty:1030 - CMSIS Pack Vendor :STMicroelectronics X-CUBE-FREERTOS 1.1.0
2023-12-31 01:45:47,340 [INFO] ThirdParty:1030 - CMSIS Pack Vendor :STMicroelectronics X-CUBE-NFC7 1.0.1
2023-12-31 01:45:47,340 [INFO] ThirdParty:1030 - CMSIS Pack Vendor :STMicroelectronics MBEDTLS 2.14.1
2023-12-31 01:45:47,340 [INFO] ThirdParty:1030 - CMSIS Pack Vendor :STMicroelectronics X-CUBE-TOUCHGFX 4.22.1
2023-12-31 01:45:47,340 [INFO] ThirdParty:1030 - CMSIS Pack Vendor :STMicroelectronics X-CUBE-NFC6 3.0.0
2023-12-31 01:45:47,340 [INFO] ThirdParty:1030 - CMSIS Pack Vendor :portGmbH I-Cube-SoM-uGOAL 1.1.0
2023-12-31 01:45:47,340 [INFO] ThirdParty:1030 - CMSIS Pack Vendor :STMicroelectronics X-CUBE-ALS 1.0.1
2023-12-31 01:45:47,340 [INFO] ThirdParty:1030 - CMSIS Pack Vendor :STMicroelectronics ThreadX 1.0.0
2023-12-31 01:45:47,340 [INFO] ThirdParty:1030 - CMSIS Pack Vendor :STMicroelectronics FP-SNS-SMARTAG2 1.2.0
2023-12-31 01:45:47,340 [INFO] ThirdParty:1030 - CMSIS Pack Vendor :STMicroelectronics X-CUBE-AZRTOS-WL 2.0.0
2023-12-31 01:45:47,340 [INFO] ThirdParty:1030 - CMSIS Pack Vendor :STMicroelectronics USB_DEVICE 1.0.0
2023-12-31 01:45:47,340 [INFO] ThirdParty:1030 - CMSIS Pack Vendor :STMicroelectronics X-CUBE-AI 8.1.0
2023-12-31 01:45:47,340 [INFO] ThirdParty:1030 - CMSIS Pack Vendor :STMicroelectronics X-CUBE-AZRTOS-L4 2.0.0
2023-12-31 01:45:47,340 [INFO] ThirdParty:1030 - CMSIS Pack Vendor :STMicroelectronics ThreadX 0.0.2
2023-12-31 01:45:47,340 [INFO] ThirdParty:1030 - CMSIS Pack Vendor :WES I-CUBE-Cesium 1.3.0
2023-12-31 01:45:47,340 [INFO] ThirdParty:1030 - CMSIS Pack Vendor :STMicroelectronics FP-ATR-ASTRA1 2.0.0
2023-12-31 01:45:47,340 [INFO] ThirdParty:1030 - CMSIS Pack Vendor :STMicroelectronics lwIP 2.1.2
2023-12-31 01:45:47,340 [INFO] ThirdParty:1030 - CMSIS Pack Vendor :STMicroelectronics X-CUBE-SFXS2LP1 4.0.0
2023-12-31 01:45:47,340 [INFO] ThirdParty:1030 - CMSIS Pack Vendor :STMicroelectronics X-CUBE-BLE2 3.3.0
2023-12-31 01:45:47,340 [INFO] ThirdParty:1030 - CMSIS Pack Vendor :STMicroelectronics X-CUBE-TOF1 3.4.0
2023-12-31 01:45:47,341 [INFO] ThirdParty:1030 - CMSIS Pack Vendor :STMicroelectronics X-CUBE-AZRTOS-H7 3.2.0
2023-12-31 01:45:47,341 [INFO] ThirdParty:1030 - CMSIS Pack Vendor :STMicroelectronics PDM2PCM 3.2.0
2023-12-31 01:45:47,341 [INFO] ThirdParty:841 - exiting critical section [change project]
2023-12-31 01:45:47,418 [INFO] PinOutPanel:1499 - setPackage(No Configuration,No Configuration)
2023-12-31 01:45:47,419 [INFO] PinOutPanel:1499 - setPackage(STM32F042F4Px,TSSOP20)
2023-12-31 01:45:47,969 [INFO] UtilMem:75 - Before build in PCC Used Memory: 495878104 Bytes (730857472)
2023-12-31 01:45:48,129 [INFO] UtilMem:75 - After build in PCC Used Memory: 538869720 Bytes (730857472)
2023-12-31 01:45:48,143 [INFO] IPUIPlugin:80 - create IPUIPlugin
2023-12-31 01:45:48,143 [INFO] IPUIPlugin:80 - create IPUIPlugin
2023-12-31 01:45:48,143 [INFO] IPUIPlugin:80 - create IPUIPlugin
2023-12-31 01:45:48,143 [INFO] IPUIPlugin:80 - create IPUIPlugin
2023-12-31 01:45:48,143 [INFO] IPUIPlugin:80 - create IPUIPlugin
2023-12-31 01:45:48,143 [INFO] IPUIPlugin:80 - create IPUIPlugin
2023-12-31 01:45:48,144 [INFO] IPUIPlugin:80 - create IPUIPlugin
2023-12-31 01:45:48,144 [INFO] IPUIPlugin:80 - create IPUIPlugin
2023-12-31 01:45:48,144 [INFO] IPUIPlugin:80 - create IPUIPlugin
2023-12-31 01:45:48,144 [INFO] IPUIPlugin:80 - create IPUIPlugin
2023-12-31 01:45:48,144 [INFO] IPUIPlugin:80 - create IPUIPlugin
2023-12-31 01:45:48,145 [INFO] IPUIPlugin:80 - create IPUIPlugin
2023-12-31 01:45:48,145 [INFO] IPUIPlugin:80 - create IPUIPlugin
2023-12-31 01:45:48,145 [INFO] IPUIPlugin:80 - create IPUIPlugin
2023-12-31 01:45:48,145 [INFO] IPUIPlugin:80 - create IPUIPlugin
2023-12-31 01:45:48,145 [INFO] IPUIPlugin:80 - create IPUIPlugin
2023-12-31 01:45:48,145 [INFO] IPUIPlugin:80 - create IPUIPlugin
2023-12-31 01:45:48,146 [INFO] IPUIPlugin:80 - create IPUIPlugin
2023-12-31 01:45:48,146 [INFO] IPUIPlugin:80 - create IPUIPlugin
2023-12-31 01:45:48,146 [INFO] IPUIPlugin:80 - create IPUIPlugin
2023-12-31 01:45:48,146 [INFO] IPUIPlugin:80 - create IPUIPlugin
2023-12-31 01:45:48,146 [INFO] IPUIPlugin:80 - create IPUIPlugin
2023-12-31 01:45:48,146 [INFO] IPUIPlugin:80 - create IPUIPlugin
2023-12-31 01:45:48,147 [INFO] IPUIPlugin:80 - create IPUIPlugin
2023-12-31 01:45:48,147 [INFO] IPUIPlugin:80 - create IPUIPlugin
2023-12-31 01:45:48,147 [INFO] IPUIPlugin:80 - create IPUIPlugin
2023-12-31 01:45:48,147 [INFO] IPUIPlugin:80 - create IPUIPlugin
2023-12-31 01:45:48,147 [INFO] IPUIPlugin:80 - create IPUIPlugin
2023-12-31 01:45:48,147 [INFO] IPUIPlugin:80 - create IPUIPlugin
2023-12-31 01:45:48,147 [INFO] IPUIPlugin:80 - create IPUIPlugin
2023-12-31 01:45:48,176 [INFO] CADModel:165 - CPN selected for project levelSTM32F042F4P6
2023-12-31 01:45:48,176 [INFO] CADModel:114 - Register for checkConnection events
2023-12-31 01:45:48,238 [INFO] OpenFileManager:343 - Restore cursor
2023-12-31 01:45:48,585 [INFO] UtilMem:75 - End SaveConfig() Used Memory: 595492824 Bytes (730857472)
2023-12-31 01:45:48,641 [INFO] UtilMem:75 - End SaveConfig() Used Memory: 264158176 Bytes (730857472)
2023-12-31 01:45:49,107 [INFO] BlockDiagram:2759 - set Specific Code input for plugin: NVIC
2023-12-31 01:45:49,108 [INFO] BlockDiagram:2759 - set Specific Code input for plugin: RCC
2023-12-31 01:45:49,110 [INFO] CodeGenerator:807 - code generatio: config db path: C:\ST\STM32CubeIDE_1.13.2\STM32CubeIDE\plugins\com.st.stm32cube.common.mx_6.10.0.202311202037\\db\
2023-12-31 01:45:49,335 [INFO] CodeEngine:255 - oldGeneratedFile, C:\Users\aleja\OneDrive\Escritorio\gettingStartedSTM\timerLed\MXTmpFiles\license.tmp_save
2023-12-31 01:45:49,779 [INFO] CodeEngine:279 - Generated code: C:\Users\aleja\OneDrive\Escritorio\gettingStartedSTM\timerLed\MXTmpFiles\license.tmp
2023-12-31 01:45:49,804 [INFO] CodeEngine:255 - oldGeneratedFile, C:\Users\aleja\OneDrive\Escritorio\gettingStartedSTM\timerLed\Core\Src\stm32f0xx_it.c_save
2023-12-31 01:45:50,021 [INFO] CodeEngine:279 - Generated code: C:\Users\aleja\OneDrive\Escritorio\gettingStartedSTM\timerLed\Core\Src\stm32f0xx_it.c
2023-12-31 01:45:50,031 [INFO] CodeEngine:255 - oldGeneratedFile, C:\Users\aleja\OneDrive\Escritorio\gettingStartedSTM\timerLed\Core\Inc\stm32f0xx_it.h_save
2023-12-31 01:45:50,120 [INFO] CodeEngine:279 - Generated code: C:\Users\aleja\OneDrive\Escritorio\gettingStartedSTM\timerLed\Core\Inc\stm32f0xx_it.h
2023-12-31 01:45:50,302 [INFO] CodeEngine:255 - oldGeneratedFile, C:\Users\aleja\OneDrive\Escritorio\gettingStartedSTM\timerLed\Core\Src\stm32f0xx_hal_msp.c_save
2023-12-31 01:45:50,472 [INFO] CodeEngine:279 - Generated code: C:\Users\aleja\OneDrive\Escritorio\gettingStartedSTM\timerLed\Core\Src\stm32f0xx_hal_msp.c
2023-12-31 01:45:50,487 [INFO] CodeEngine:255 - oldGeneratedFile, C:\Users\aleja\OneDrive\Escritorio\gettingStartedSTM\timerLed\MXTmpFiles\system.tmp_save
2023-12-31 01:45:50,565 [INFO] CodeEngine:279 - Generated code: C:\Users\aleja\OneDrive\Escritorio\gettingStartedSTM\timerLed\MXTmpFiles\system.tmp
2023-12-31 01:45:50,581 [INFO] CodeEngine:311 - oldGeneratedFile, C:\Users\aleja\OneDrive\Escritorio\gettingStartedSTM\timerLed\Core\Inc\stm32f0xx_hal_conf.h_save
2023-12-31 01:45:50,719 [INFO] CodeEngine:335 - Generated code: C:\Users\aleja\OneDrive\Escritorio\gettingStartedSTM\timerLed\Core\Inc\stm32f0xx_hal_conf.h
2023-12-31 01:45:50,781 [INFO] CodeEngine:255 - oldGeneratedFile, C:\Users\aleja\OneDrive\Escritorio\gettingStartedSTM\timerLed\Core\Inc\main.h_save
2023-12-31 01:45:50,917 [INFO] CodeEngine:279 - Generated code: C:\Users\aleja\OneDrive\Escritorio\gettingStartedSTM\timerLed\Core\Inc\main.h
2023-12-31 01:45:50,935 [INFO] CodeEngine:255 - oldGeneratedFile, C:\Users\aleja\OneDrive\Escritorio\gettingStartedSTM\timerLed\Core\Src\main.c_save
2023-12-31 01:45:51,127 [INFO] CodeEngine:279 - Generated code: C:\Users\aleja\OneDrive\Escritorio\gettingStartedSTM\timerLed\Core\Src\main.c
2023-12-31 01:45:51,732 [INFO] ProjectBuilder:3076 - Time for Copy HAL[1] : 145mS.
2023-12-31 01:45:51,740 [INFO] ProjectBuilder:4485 - Project Generator version: 4.2.0-B44
2023-12-31 01:45:52,051 [INFO] ConfigFileManager:1495 - The Die is : DIE445
2023-12-31 01:45:52,069 [INFO] ApiDbMcu:508 - Load IP Config File for FATFS
2023-12-31 01:45:52,087 [INFO] ApiDbMcu:508 - Load IP Config File for FREERTOS
2023-12-31 01:45:52,113 [INFO] ApiDbMcu:508 - Load IP Config File for TOUCHSENSING
2023-12-31 01:45:52,153 [INFO] ApiDbMcu:508 - Load IP Config File for USB_DEVICE
2023-12-31 01:45:53,191 [INFO] LogOutputStream:77 - [STDOUT_REDIRECT] 
2023-12-31 01:45:56,610 [INFO] ProjectBuilder:4747 - Time for Generating toolchain IDE Files: 4869mS.
2023-12-31 01:45:56,611 [INFO] ProjectBuilder:2947 - Time for Copy CMSIS : 1mS.
2023-12-31 01:45:56,614 [INFO] ProjectBuilder:2947 - Time for Copy CMSIS : 0mS.
2023-12-31 01:45:57,550 [INFO] McuFinderGlobals:76 - Set McuFinderConnectedMode to true
2023-12-31 01:45:57,555 [INFO] ApiDb:448 - Save user favorites file C:\Users\aleja/.stm32cubeide/favorites.mcus.txt: 1 item(s)
2023-12-31 01:45:57,555 [INFO] ApiDb:452 - User favorites MCUs=[STM32F042F4P6]
2023-12-31 01:46:39,741 [INFO] NvicIntPanel:101 - NVIC parent = com.st.microxplorer.plugins.ip.nvic.MultiNvicIntPanel[,0,0,450x117,layout=javax.swing.BoxLayout,alignmentX=0.0,alignmentY=0.0,border=,flags=9,maximumSize=,minimumSize=,preferredSize=]
2023-12-31 01:46:58,472 [INFO] MainUpdater:2873 - connection check result : 10
2023-12-31 01:46:58,472 [INFO] MainUpdater:2873 - connection check result : 10
2023-12-31 01:46:58,487 [INFO] MicroXplorer:468 - Change Database Path : 
2023-12-31 01:46:58,487 [INFO] MicroXplorer:498 - Change Database Version : DB.6.0.100
2023-12-31 01:46:58,498 [ERROR] ProjectManagerView:394 - 
java.lang.NullPointerException: Cannot invoke "javax.swing.JTextField.getText()" because the return value of "java.util.List.get(int)" is null
	at com.st.microxplorer.plugins.projectmanager.gui.ProjectChoiceTab$10.caretUpdate(ProjectChoiceTab.java:2493) ~[filemanager.jar:?]
	at javax.swing.text.JTextComponent.fireCaretUpdate(JTextComponent.java:412) ~[?:?]
	at javax.swing.text.JTextComponent$MutableCaretEvent.fire(JTextComponent.java:4491) ~[?:?]
	at javax.swing.text.JTextComponent$MutableCaretEvent.stateChanged(JTextComponent.java:4513) ~[?:?]
	at javax.swing.text.DefaultCaret.fireStateChanged(DefaultCaret.java:842) ~[?:?]
	at javax.swing.text.DefaultCaret.changeCaretPosition(DefaultCaret.java:1313) ~[?:?]
	at javax.swing.text.DefaultCaret.handleSetDot(DefaultCaret.java:1212) ~[?:?]
	at javax.swing.text.DefaultCaret.setDot(DefaultCaret.java:1193) ~[?:?]
	at javax.swing.text.DefaultCaret$Handler.insertUpdate(DefaultCaret.java:1789) ~[?:?]
	at javax.swing.text.AbstractDocument.fireInsertUpdate(AbstractDocument.java:226) ~[?:?]
	at javax.swing.text.AbstractDocument.handleInsertString(AbstractDocument.java:780) ~[?:?]
	at javax.swing.text.AbstractDocument.insertString(AbstractDocument.java:739) ~[?:?]
	at javax.swing.text.PlainDocument.insertString(PlainDocument.java:131) ~[?:?]
	at javax.swing.text.AbstractDocument.replace(AbstractDocument.java:698) ~[?:?]
	at javax.swing.text.JTextComponent.setText(JTextComponent.java:1729) ~[?:?]
	at com.st.microxplorer.plugins.projectmanager.gui.ProjectChoiceTab.createHeapStackFields(ProjectChoiceTab.java:933) ~[filemanager.jar:?]
	at com.st.microxplorer.plugins.projectmanager.gui.ProjectChoiceTab.buildLinkSettingsPanel(ProjectChoiceTab.java:3426) ~[filemanager.jar:?]
	at com.st.microxplorer.plugins.projectmanager.gui.ProjectChoiceTab.defineWindowsFields(ProjectChoiceTab.java:1813) ~[filemanager.jar:?]
	at com.st.microxplorer.plugins.projectmanager.gui.ProjectChoiceTab.updateSettings(ProjectChoiceTab.java:533) ~[filemanager.jar:?]
	at com.st.microxplorer.plugins.projectmanager.gui.ProjectSettingsPanel.UpdateDialog(ProjectSettingsPanel.java:244) ~[filemanager.jar:?]
	at com.st.microxplorer.plugins.projectmanager.ProjectManagerView.propertyChange(ProjectManagerView.java:391) ~[filemanager.jar:?]
	at java.beans.PropertyChangeSupport.fire(PropertyChangeSupport.java:343) ~[?:?]
	at java.beans.PropertyChangeSupport.firePropertyChange(PropertyChangeSupport.java:335) ~[?:?]
	at java.beans.PropertyChangeSupport.firePropertyChange(PropertyChangeSupport.java:268) ~[?:?]
	at com.st.microxplorer.util.MXPropertyChangeSupport.firePropertyChange(MXPropertyChangeSupport.java:54) ~[STM32CubeMX.jar:?]
	at com.st.microxplorer.mxsystem.MxSystem.closeConfig(MxSystem.java:900) ~[STM32CubeMX.jar:?]
	at com.st.microxplorer.maingui.MainPanel.closeConfig(MainPanel.java:776) ~[STM32CubeMX.jar:?]
	at com.st.microxplorer.plugins.filemanager.engine.OpenFileManager.loadConfigurationFile(OpenFileManager.java:245) ~[filemanager.jar:?]
	at com.st.microxplorer.plugins.filemanager.engine.MainFileManager.userLoadConfig(MainFileManager.java:290) ~[filemanager.jar:?]
	at com.st.microxplorer.plugins.filemanager.FileManagerView.getSpecificTask(FileManagerView.java:247) ~[filemanager.jar:?]
	at com.st.stm32cube.common.mx.editor.CubeMxEditor.getMxTabbedPaneInstance(CubeMxEditor.java:1184) ~[com.st.stm32cube.common.mx_6.10.0.202311202037/:?]
	at com.st.stm32cube.common.mx.editor.CubeMxEditor$12$1.createSwingComponent(CubeMxEditor.java:1065) ~[com.st.stm32cube.common.mx_6.10.0.202311202037/:?]
	at com.st.stm32cube.common.mx.oss.core.awtswtbridge.EmbeddedSwingComposite.doComponentCreation(EmbeddedSwingComposite.java:492) ~[com.st.stm32cube.common.mx.oss_6.10.0.202311202037/:?]
	at com.st.stm32cube.common.mx.oss.core.awtswtbridge.EmbeddedSwingComposite$4.run(EmbeddedSwingComposite.java:291) ~[com.st.stm32cube.common.mx.oss_6.10.0.202311202037/:?]
	at com.st.stm32cube.common.mx.oss.core.awtswtbridge.AwtEnvironment$2.run(AwtEnvironment.java:166) ~[com.st.stm32cube.common.mx.oss_6.10.0.202311202037/:?]
	at java.awt.event.InvocationEvent.dispatch(InvocationEvent.java:318) ~[?:?]
	at java.awt.EventQueue.dispatchEventImpl(EventQueue.java:773) ~[?:?]
	at java.awt.EventQueue$4.run(EventQueue.java:720) ~[?:?]
	at java.awt.EventQueue$4.run(EventQueue.java:714) ~[?:?]
	at java.security.AccessController.doPrivileged(AccessController.java:399) ~[?:?]
	at java.security.ProtectionDomain$JavaSecurityAccessImpl.doIntersectionPrivilege(ProtectionDomain.java:86) ~[?:?]
	at java.awt.EventQueue.dispatchEvent(EventQueue.java:742) ~[?:?]
	at java.awt.EventDispatchThread.pumpOneEventForFilters(EventDispatchThread.java:203) ~[?:?]
	at java.awt.EventDispatchThread.pumpEventsForFilter(EventDispatchThread.java:124) ~[?:?]
	at java.awt.EventDispatchThread.pumpEventsForHierarchy(EventDispatchThread.java:113) ~[?:?]
	at java.awt.EventDispatchThread.pumpEvents(EventDispatchThread.java:109) ~[?:?]
	at java.awt.EventDispatchThread.pumpEvents(EventDispatchThread.java:101) ~[?:?]
	at java.awt.EventDispatchThread.run(EventDispatchThread.java:90) ~[?:?]
2023-12-31 01:46:58,499 [WARN] ThirdParty:871 - waiting for thirdparty lock release [close project]
2023-12-31 01:46:58,499 [INFO] ThirdParty:873 - entering critical section [close project]
2023-12-31 01:46:58,499 [INFO] ThirdParty:883 - exiting critical section [close project]
2023-12-31 01:46:58,500 [INFO] PinOutPanel:1499 - setPackage(No Configuration,No Configuration)
2023-12-31 01:46:58,502 [INFO] UtilMem:75 - Begin LoadConfig() Used Memory: 521760656 Bytes (783286272)
2023-12-31 01:46:58,523 [INFO] MicroXplorer:468 - Change Database Path : C:/Users/aleja/.stm32cubemx/databases/DB.6.0.92/db/
2023-12-31 01:46:58,523 [INFO] MicroXplorer:498 - Change Database Version : DB.6.0.92
2023-12-31 01:47:00,120 [INFO] MicroXplorer:468 - Change Database Path : 
2023-12-31 01:47:00,121 [INFO] MicroXplorer:498 - Change Database Version : DB.6.0.100
2023-12-31 01:47:00,121 [INFO] OpenFileManager:312 - Change cursor
2023-12-31 01:47:00,142 [INFO] RulesReader:64 - Compatibility file has been processed (297 Rules)
2023-12-31 01:47:00,144 [INFO] Mcu:2016 - Initializing MCU STM32F042F4Px STM32F042F4Px STM32F042F4P6
2023-12-31 01:47:00,565 [INFO] Context:659 - Trying to add GPIOservice into a context  which must be forbidden
2023-12-31 01:47:00,702 [INFO] RtosManager:555 - Registered RTOS mode: class=CMSIS, group=RTOS, mode=CMSIS_V1, owner=FREERTOS
2023-12-31 01:47:00,702 [INFO] RtosManager:555 - Registered RTOS mode: class=CMSIS, group=RTOS2, mode=CMSIS_V2, owner=FREERTOS
2023-12-31 01:47:00,702 [INFO] RtosManager:555 - Registered RTOS mode: class=RTOS, group=Core, mode=CMSIS_V1, owner=FREERTOS
2023-12-31 01:47:00,702 [INFO] RtosManager:555 - Registered RTOS mode: class=RTOS, group=Core, mode=CMSIS_V2, owner=FREERTOS
2023-12-31 01:47:00,702 [WARN] ModelIntegratedComponent:184 - Missing modes for component STMicroelectronics:FreeRTOS:0.0.1:STMicroelectronics:RTOS:FreeRTOS:Core:::10.2.0:
2023-12-31 01:47:00,706 [WARN] ModelIntegratedComponent:63 - No mode defined for component null
2023-12-31 01:47:00,706 [WARN] ModelIntegratedComponent:63 - No mode defined for component null
2023-12-31 01:47:00,706 [WARN] ModelIntegratedComponent:63 - No mode defined for component null
2023-12-31 01:47:00,706 [WARN] ModelIntegratedComponent:63 - No mode defined for component null
2023-12-31 01:47:00,706 [WARN] ModelIntegratedComponent:63 - No mode defined for component null
2023-12-31 01:47:00,706 [WARN] ModelIntegratedComponent:63 - No mode defined for component null
2023-12-31 01:47:00,706 [WARN] ModelIntegratedComponent:63 - No mode defined for component null
2023-12-31 01:47:00,706 [WARN] ModelIntegratedComponent:63 - No mode defined for component null
2023-12-31 01:47:00,706 [WARN] ModelIntegratedComponent:63 - No mode defined for component null
2023-12-31 01:47:00,706 [WARN] ModelIntegratedComponent:63 - No mode defined for component null
2023-12-31 01:47:00,706 [WARN] ModelIntegratedComponent:63 - No mode defined for component null
2023-12-31 01:47:00,706 [WARN] ModelIntegratedComponent:63 - No mode defined for component null
2023-12-31 01:47:00,706 [WARN] ModelIntegratedComponent:63 - No mode defined for component null
2023-12-31 01:47:00,706 [WARN] ModelIntegratedComponent:63 - No mode defined for component null
2023-12-31 01:47:00,706 [WARN] ModelIntegratedComponent:63 - No mode defined for component null
2023-12-31 01:47:00,706 [WARN] ModelIntegratedComponent:63 - No mode defined for component null
2023-12-31 01:47:00,706 [WARN] ModelIntegratedComponent:63 - No mode defined for component null
2023-12-31 01:47:00,706 [WARN] ModelIntegratedComponent:63 - No mode defined for component null
2023-12-31 01:47:00,706 [WARN] ModelIntegratedComponent:63 - No mode defined for component null
2023-12-31 01:47:00,706 [WARN] ModelIntegratedComponent:63 - No mode defined for component null
2023-12-31 01:47:00,706 [WARN] ModelIntegratedComponent:63 - No mode defined for component null
2023-12-31 01:47:00,706 [WARN] ModelIntegratedComponent:63 - No mode defined for component null
2023-12-31 01:47:00,706 [WARN] ModelIntegratedComponent:63 - No mode defined for component null
2023-12-31 01:47:00,706 [WARN] ModelIntegratedComponent:63 - No mode defined for component null
2023-12-31 01:47:00,706 [WARN] ModelIntegratedComponent:63 - No mode defined for component null
2023-12-31 01:47:00,706 [WARN] ModelIntegratedComponent:63 - No mode defined for component null
2023-12-31 01:47:00,706 [WARN] ModelIntegratedComponent:63 - No mode defined for component null
2023-12-31 01:47:00,706 [WARN] ModelIntegratedComponent:63 - No mode defined for component null
2023-12-31 01:47:00,706 [WARN] ModelIntegratedComponent:63 - No mode defined for component null
2023-12-31 01:47:00,706 [WARN] ModelIntegratedComponent:63 - No mode defined for component null
2023-12-31 01:47:00,706 [WARN] ModelIntegratedComponent:63 - No mode defined for component null
2023-12-31 01:47:00,706 [WARN] ModelIntegratedComponent:63 - No mode defined for component null
2023-12-31 01:47:00,706 [WARN] ModelIntegratedComponent:63 - No mode defined for component null
2023-12-31 01:47:00,749 [INFO] ThirdPartyModel:298 - Start build external matchings
2023-12-31 01:47:00,895 [INFO] ThirdPartyModel:316 - End build external matchings
2023-12-31 01:47:00,900 [INFO] ImportTextPane:194 - (OptionalMessage_ERROR) IP (DMA) : Parameter (Instance) has Id (ADC) currently not set
2023-12-31 01:47:00,900 [INFO] ImportTextPane:194 - (OptionalMessage_ERROR) IP (DMA) : Parameter (Direction) has Id (ADC) currently not set
2023-12-31 01:47:00,900 [INFO] ImportTextPane:194 - (OptionalMessage_ERROR) IP (DMA) : Parameter (PeriphInc) has Id (ADC) currently not set
2023-12-31 01:47:00,900 [INFO] ImportTextPane:194 - (OptionalMessage_ERROR) IP (DMA) : Parameter (MemInc) has Id (ADC) currently not set
2023-12-31 01:47:00,900 [INFO] ImportTextPane:194 - (OptionalMessage_ERROR) IP (DMA) : Parameter (PeriphDataAlignment) has Id (ADC) currently not set
2023-12-31 01:47:00,900 [INFO] ImportTextPane:194 - (OptionalMessage_ERROR) IP (DMA) : Parameter (MemDataAlignment) has Id (ADC) currently not set
2023-12-31 01:47:00,900 [INFO] ImportTextPane:194 - (OptionalMessage_ERROR) IP (DMA) : Parameter (Mode) has Id (ADC) currently not set
2023-12-31 01:47:00,900 [INFO] ImportTextPane:194 - (OptionalMessage_ERROR) IP (DMA) : Parameter (Priority) has Id (ADC) currently not set
2023-12-31 01:47:00,901 [INFO] ImportTextPane:194 - (OptionalMessage_ERROR) IP (RCC) : Invalid parameter (FamilyName)
2023-12-31 01:47:00,901 [INFO] ImportTextPane:194 - (OptionalMessage_ERROR) IP (RCC) : Invalid parameter (HSICECFreq_Value)
2023-12-31 01:47:01,050 [INFO] UtilMem:75 - End LoadConfig() Used Memory: 475476496 Bytes (783286272)
2023-12-31 01:47:01,104 [INFO] MicroXplorer:468 - Change Database Path : 
2023-12-31 01:47:01,104 [INFO] MicroXplorer:498 - Change Database Version : DB.6.0.100
2023-12-31 01:47:01,104 [WARN] ThirdParty:833 - waiting for thirdparty lock release [change project]
2023-12-31 01:47:01,104 [INFO] ThirdParty:835 - entering critical section [change project]
2023-12-31 01:47:01,104 [INFO] ThirdParty:1030 - CMSIS Pack Vendor :STMicroelectronics X-CUBE-ISPU 1.1.0
2023-12-31 01:47:01,104 [INFO] ThirdParty:1030 - CMSIS Pack Vendor :STMicroelectronics USBPD 4.1
2023-12-31 01:47:01,104 [INFO] ThirdParty:1030 - CMSIS Pack Vendor :STMicroelectronics X-CUBE-GNSS1 6.0.0
2023-12-31 01:47:01,104 [INFO] ThirdParty:1030 - CMSIS Pack Vendor :STMicroelectronics USB_HOST 2.0.0
2023-12-31 01:47:01,104 [INFO] ThirdParty:1030 - CMSIS Pack Vendor :STMicroelectronics X-CUBE-AZRTOS-F4 1.1.0
2023-12-31 01:47:01,104 [INFO] ThirdParty:1030 - CMSIS Pack Vendor :STMicroelectronics LIBJPEG 8.0.0
2023-12-31 01:47:01,105 [INFO] ThirdParty:1030 - CMSIS Pack Vendor :wolfSSL I-CUBE-wolfSSL 5.6.4
2023-12-31 01:47:01,105 [INFO] ThirdParty:1030 - CMSIS Pack Vendor :STMicroelectronics X-CUBE-SMBUS 2.1.0
2023-12-31 01:47:01,105 [INFO] ThirdParty:1030 - CMSIS Pack Vendor :STMicroelectronics USB_DEVICE 3.0.0
2023-12-31 01:47:01,105 [INFO] ThirdParty:1030 - CMSIS Pack Vendor :STMicroelectronics X-CUBE-AZRTOS-WB 2.0.0
2023-12-31 01:47:01,105 [INFO] ThirdParty:1030 - CMSIS Pack Vendor :STMicroelectronics X-CUBE-TOUCHGFX 4.23.0
2023-12-31 01:47:01,105 [INFO] ThirdParty:1030 - CMSIS Pack Vendor :STMicroelectronics X-CUBE-AZRTOS-F7 1.1.0
2023-12-31 01:47:01,105 [INFO] ThirdParty:1030 - CMSIS Pack Vendor :STMicroelectronics X-CUBE-AZRTOS-L5 2.0.0
2023-12-31 01:47:01,105 [INFO] ThirdParty:1030 - CMSIS Pack Vendor :STMicroelectronics USB_DEVICE 2.0.0
2023-12-31 01:47:01,105 [INFO] ThirdParty:1030 - CMSIS Pack Vendor :STMicroelectronics X-CUBE-EEPRMA1 4.2.0
2023-12-31 01:47:01,105 [INFO] ThirdParty:1030 - CMSIS Pack Vendor :ITTIA_DB I-CUBE-ITTIADB 8.8.0
2023-12-31 01:47:01,105 [INFO] ThirdParty:1030 - CMSIS Pack Vendor :STMicroelectronics FP-SNS-MOTENV1 4.3.2
2023-12-31 01:47:01,105 [INFO] ThirdParty:1030 - CMSIS Pack Vendor :STMicroelectronics X-CUBE-ALGOBUILD 1.3.0
2023-12-31 01:47:01,105 [INFO] ThirdParty:1030 - CMSIS Pack Vendor :STMicroelectronics FreeRTOS 0.0.1
2023-12-31 01:47:01,105 [INFO] ThirdParty:1030 - CMSIS Pack Vendor :STMicroelectronics X-CUBE-AZRTOS-G0 1.1.0
2023-12-31 01:47:01,105 [INFO] ThirdParty:1030 - CMSIS Pack Vendor :STMicroelectronics X-CUBE-NFC4 3.0.0
2023-12-31 01:47:01,105 [INFO] ThirdParty:1030 - CMSIS Pack Vendor :STMicroelectronics X-CUBE-SUBG2 5.0.0
2023-12-31 01:47:01,105 [INFO] ThirdParty:1030 - CMSIS Pack Vendor :STMicroelectronics STM32_WPAN 1.0.0
2023-12-31 01:47:01,105 [INFO] ThirdParty:1030 - CMSIS Pack Vendor :STMicroelectronics lwIP 2.0.3
2023-12-31 01:47:01,105 [INFO] ThirdParty:1030 - CMSIS Pack Vendor :STMicroelectronics FP-SNS-FLIGHT1 5.0.2
2023-12-31 01:47:01,105 [INFO] ThirdParty:1030 - CMSIS Pack Vendor :STMicroelectronics USB_HOST 1.0.0
2023-12-31 01:47:01,105 [INFO] ThirdParty:1030 - CMSIS Pack Vendor :STMicroelectronics X-CUBE-AZRTOS-G4 2.0.0
2023-12-31 01:47:01,105 [INFO] ThirdParty:1030 - CMSIS Pack Vendor :STMicroelectronics PDM2PCM 3.1.0
2023-12-31 01:47:01,105 [INFO] ThirdParty:1030 - CMSIS Pack Vendor :STMicroelectronics X-CUBE-AZRTOS-H7 3.1.0
2023-12-31 01:47:01,105 [INFO] ThirdParty:1030 - CMSIS Pack Vendor :Infineon AIROC-Wi-Fi-Bluetooth-STM32 1.5.1
2023-12-31 01:47:01,105 [INFO] ThirdParty:1030 - CMSIS Pack Vendor :STMicroelectronics X-CUBE-BLEMGR 3.0.0
2023-12-31 01:47:01,105 [INFO] ThirdParty:1030 - CMSIS Pack Vendor :STMicroelectronics PDM2PCM 3.3.0
2023-12-31 01:47:01,105 [INFO] ThirdParty:1030 - CMSIS Pack Vendor :STMicroelectronics X-CUBE-DISPLAY 3.0.0
2023-12-31 01:47:01,105 [INFO] ThirdParty:1030 - CMSIS Pack Vendor :STMicroelectronics FP-SNS-MOTENVWB1 1.3.1
2023-12-31 01:47:01,105 [INFO] ThirdParty:1030 - CMSIS Pack Vendor :STMicroelectronics X-CUBE-BLE1 7.0.0
2023-12-31 01:47:01,105 [INFO] ThirdParty:1030 - CMSIS Pack Vendor :STMicroelectronics FP-ATR-SIGFOX1 3.2.0
2023-12-31 01:47:01,105 [INFO] ThirdParty:1030 - CMSIS Pack Vendor :STMicroelectronics X-CUBE-ISPU 2.0.0
2023-12-31 01:47:01,105 [INFO] ThirdParty:1030 - CMSIS Pack Vendor :STMicroelectronics HAL Drivers 0.0.0
2023-12-31 01:47:01,105 [INFO] ThirdParty:1030 - CMSIS Pack Vendor :STMicroelectronics MBEDTLS 2.16.2
2023-12-31 01:47:01,105 [INFO] ThirdParty:1030 - CMSIS Pack Vendor :emotas I-CUBE-CANOPEN 1.3.0
2023-12-31 01:47:01,105 [INFO] ThirdParty:1030 - CMSIS Pack Vendor :STMicroelectronics X-CUBE-MEMS1 10.0.0
2023-12-31 01:47:01,105 [INFO] ThirdParty:1030 - CMSIS Pack Vendor :STMicroelectronics X-CUBE-FREERTOS 1.1.0
2023-12-31 01:47:01,105 [INFO] ThirdParty:1030 - CMSIS Pack Vendor :STMicroelectronics X-CUBE-NFC7 1.0.1
2023-12-31 01:47:01,105 [INFO] ThirdParty:1030 - CMSIS Pack Vendor :STMicroelectronics MBEDTLS 2.14.1
2023-12-31 01:47:01,105 [INFO] ThirdParty:1030 - CMSIS Pack Vendor :STMicroelectronics X-CUBE-TOUCHGFX 4.22.1
2023-12-31 01:47:01,105 [INFO] ThirdParty:1030 - CMSIS Pack Vendor :STMicroelectronics X-CUBE-NFC6 3.0.0
2023-12-31 01:47:01,105 [INFO] ThirdParty:1030 - CMSIS Pack Vendor :portGmbH I-Cube-SoM-uGOAL 1.1.0
2023-12-31 01:47:01,105 [INFO] ThirdParty:1030 - CMSIS Pack Vendor :STMicroelectronics X-CUBE-ALS 1.0.1
2023-12-31 01:47:01,105 [INFO] ThirdParty:1030 - CMSIS Pack Vendor :STMicroelectronics ThreadX 1.0.0
2023-12-31 01:47:01,105 [INFO] ThirdParty:1030 - CMSIS Pack Vendor :STMicroelectronics FP-SNS-SMARTAG2 1.2.0
2023-12-31 01:47:01,105 [INFO] ThirdParty:1030 - CMSIS Pack Vendor :STMicroelectronics X-CUBE-AZRTOS-WL 2.0.0
2023-12-31 01:47:01,105 [INFO] ThirdParty:1030 - CMSIS Pack Vendor :STMicroelectronics USB_DEVICE 1.0.0
2023-12-31 01:47:01,105 [INFO] ThirdParty:1030 - CMSIS Pack Vendor :STMicroelectronics X-CUBE-AI 8.1.0
2023-12-31 01:47:01,105 [INFO] ThirdParty:1030 - CMSIS Pack Vendor :STMicroelectronics X-CUBE-AZRTOS-L4 2.0.0
2023-12-31 01:47:01,105 [INFO] ThirdParty:1030 - CMSIS Pack Vendor :STMicroelectronics ThreadX 0.0.2
2023-12-31 01:47:01,105 [INFO] ThirdParty:1030 - CMSIS Pack Vendor :WES I-CUBE-Cesium 1.3.0
2023-12-31 01:47:01,105 [INFO] ThirdParty:1030 - CMSIS Pack Vendor :STMicroelectronics FP-ATR-ASTRA1 2.0.0
2023-12-31 01:47:01,105 [INFO] ThirdParty:1030 - CMSIS Pack Vendor :STMicroelectronics lwIP 2.1.2
2023-12-31 01:47:01,105 [INFO] ThirdParty:1030 - CMSIS Pack Vendor :STMicroelectronics X-CUBE-SFXS2LP1 4.0.0
2023-12-31 01:47:01,105 [INFO] ThirdParty:1030 - CMSIS Pack Vendor :STMicroelectronics X-CUBE-BLE2 3.3.0
2023-12-31 01:47:01,105 [INFO] ThirdParty:1030 - CMSIS Pack Vendor :STMicroelectronics X-CUBE-TOF1 3.4.0
2023-12-31 01:47:01,105 [INFO] ThirdParty:1030 - CMSIS Pack Vendor :STMicroelectronics X-CUBE-AZRTOS-H7 3.2.0
2023-12-31 01:47:01,105 [INFO] ThirdParty:1030 - CMSIS Pack Vendor :STMicroelectronics PDM2PCM 3.2.0
2023-12-31 01:47:01,105 [INFO] ThirdParty:841 - exiting critical section [change project]
2023-12-31 01:47:01,151 [INFO] PinOutPanel:1499 - setPackage(No Configuration,No Configuration)
2023-12-31 01:47:01,152 [INFO] PinOutPanel:1499 - setPackage(STM32F042F4Px,TSSOP20)
2023-12-31 01:47:01,668 [INFO] UtilMem:75 - Before build in PCC Used Memory: 268227752 Bytes (783286272)
2023-12-31 01:47:01,801 [INFO] UtilMem:75 - After build in PCC Used Memory: 291821488 Bytes (783286272)
2023-12-31 01:47:01,812 [INFO] IPUIPlugin:80 - create IPUIPlugin
2023-12-31 01:47:01,812 [INFO] IPUIPlugin:80 - create IPUIPlugin
2023-12-31 01:47:01,812 [INFO] IPUIPlugin:80 - create IPUIPlugin
2023-12-31 01:47:01,812 [INFO] IPUIPlugin:80 - create IPUIPlugin
2023-12-31 01:47:01,813 [INFO] IPUIPlugin:80 - create IPUIPlugin
2023-12-31 01:47:01,813 [INFO] IPUIPlugin:80 - create IPUIPlugin
2023-12-31 01:47:01,813 [INFO] IPUIPlugin:80 - create IPUIPlugin
2023-12-31 01:47:01,813 [INFO] IPUIPlugin:80 - create IPUIPlugin
2023-12-31 01:47:01,813 [INFO] IPUIPlugin:80 - create IPUIPlugin
2023-12-31 01:47:01,813 [INFO] IPUIPlugin:80 - create IPUIPlugin
2023-12-31 01:47:01,813 [INFO] IPUIPlugin:80 - create IPUIPlugin
2023-12-31 01:47:01,813 [INFO] IPUIPlugin:80 - create IPUIPlugin
2023-12-31 01:47:01,813 [INFO] IPUIPlugin:80 - create IPUIPlugin
2023-12-31 01:47:01,813 [INFO] IPUIPlugin:80 - create IPUIPlugin
2023-12-31 01:47:01,813 [INFO] IPUIPlugin:80 - create IPUIPlugin
2023-12-31 01:47:01,813 [INFO] IPUIPlugin:80 - create IPUIPlugin
2023-12-31 01:47:01,814 [INFO] IPUIPlugin:80 - create IPUIPlugin
2023-12-31 01:47:01,814 [INFO] IPUIPlugin:80 - create IPUIPlugin
2023-12-31 01:47:01,814 [INFO] IPUIPlugin:80 - create IPUIPlugin
2023-12-31 01:47:01,814 [INFO] IPUIPlugin:80 - create IPUIPlugin
2023-12-31 01:47:01,814 [INFO] IPUIPlugin:80 - create IPUIPlugin
2023-12-31 01:47:01,814 [INFO] IPUIPlugin:80 - create IPUIPlugin
2023-12-31 01:47:01,814 [INFO] IPUIPlugin:80 - create IPUIPlugin
2023-12-31 01:47:01,814 [INFO] IPUIPlugin:80 - create IPUIPlugin
2023-12-31 01:47:01,814 [INFO] IPUIPlugin:80 - create IPUIPlugin
2023-12-31 01:47:01,814 [INFO] IPUIPlugin:80 - create IPUIPlugin
2023-12-31 01:47:01,814 [INFO] IPUIPlugin:80 - create IPUIPlugin
2023-12-31 01:47:01,815 [INFO] IPUIPlugin:80 - create IPUIPlugin
2023-12-31 01:47:01,815 [INFO] IPUIPlugin:80 - create IPUIPlugin
2023-12-31 01:47:01,815 [INFO] IPUIPlugin:80 - create IPUIPlugin
2023-12-31 01:47:01,816 [INFO] Can:71 - Can Add PropertyChangeListener com.st.microxplorer.plugins.ip.can.Can@7cbd691b
2023-12-31 01:47:01,839 [INFO] CADModel:165 - CPN selected for project levelSTM32F042F4P6
2023-12-31 01:47:01,839 [INFO] CADModel:114 - Register for checkConnection events
2023-12-31 01:47:01,906 [INFO] OpenFileManager:343 - Restore cursor
2023-12-31 01:47:01,910 [INFO] ApiDb:581 - Connected to CubeFinder SQLite database (C:\Users\aleja\.stmcufinder\plugins\mcufinder\mcu\cube-finder-db.db)
2023-12-31 01:47:05,911 [INFO] NvicIntPanel:101 - NVIC parent = com.st.microxplorer.plugins.ip.nvic.MultiNvicIntPanel[,0,0,0x0,invalid,layout=javax.swing.BoxLayout,alignmentX=0.0,alignmentY=0.0,border=,flags=9,maximumSize=,minimumSize=,preferredSize=]
2023-12-31 01:47:40,435 [INFO] UtilMem:75 - End SaveConfig() Used Memory: 499820992 Bytes (783286272)
2023-12-31 01:47:40,533 [INFO] UtilMem:75 - End SaveConfig() Used Memory: 509227104 Bytes (783286272)
2023-12-31 01:47:41,395 [INFO] UtilMem:75 - End SaveConfig() Used Memory: 572313520 Bytes (783286272)
2023-12-31 01:47:41,633 [INFO] BlockDiagram:2759 - set Specific Code input for plugin: ADC
2023-12-31 01:47:41,633 [INFO] BlockDiagram:2759 - set Specific Code input for plugin: NVIC
2023-12-31 01:47:41,633 [INFO] BlockDiagram:2759 - set Specific Code input for plugin: DMA
2023-12-31 01:47:41,633 [INFO] BlockDiagram:2759 - set Specific Code input for plugin: TIM1_8F0
2023-12-31 01:47:41,633 [INFO] BlockDiagram:2759 - set Specific Code input for plugin: SYS
2023-12-31 01:47:41,633 [INFO] BlockDiagram:2759 - set Specific Code input for plugin: GPIO
2023-12-31 01:47:41,633 [INFO] BlockDiagram:2759 - set Specific Code input for plugin: CAN
2023-12-31 01:47:41,633 [INFO] BlockDiagram:2759 - set Specific Code input for plugin: RCC
2023-12-31 01:47:41,634 [INFO] CodeGenerator:807 - code generatio: config db path: C:\ST\STM32CubeIDE_1.13.2\STM32CubeIDE\plugins\com.st.stm32cube.common.mx_6.10.0.202311202037\\db\
2023-12-31 01:47:41,749 [INFO] CodeEngine:255 - oldGeneratedFile, C:\Users\aleja\Downloads\front-node-04\MXTmpFiles\license.tmp_save
2023-12-31 01:47:41,845 [INFO] CodeEngine:279 - Generated code: C:\Users\aleja\Downloads\front-node-04\MXTmpFiles\license.tmp
2023-12-31 01:47:41,909 [INFO] CodeEngine:255 - oldGeneratedFile, C:\Users\aleja\Downloads\front-node-04\MXTmpFiles\gpio.tmp_save
2023-12-31 01:47:42,021 [INFO] CodeEngine:279 - Generated code: C:\Users\aleja\Downloads\front-node-04\MXTmpFiles\gpio.tmp
2023-12-31 01:47:42,227 [INFO] CodeEngine:255 - oldGeneratedFile, C:\Users\aleja\Downloads\front-node-04\MXTmpFiles\dma.tmp_save
2023-12-31 01:47:42,325 [INFO] CodeEngine:279 - Generated code: C:\Users\aleja\Downloads\front-node-04\MXTmpFiles\dma.tmp
2023-12-31 01:47:42,334 [INFO] CodeEngine:255 - oldGeneratedFile, C:\Users\aleja\Downloads\front-node-04\MXTmpFiles\dma_GV.tmp_save
2023-12-31 01:47:42,385 [INFO] CodeEngine:279 - Generated code: C:\Users\aleja\Downloads\front-node-04\MXTmpFiles\dma_GV.tmp
2023-12-31 01:47:42,408 [INFO] CodeEngine:255 - oldGeneratedFile, C:\Users\aleja\Downloads\front-node-04\Core\Src\stm32f0xx_it.c_save
2023-12-31 01:47:42,532 [INFO] CodeEngine:279 - Generated code: C:\Users\aleja\Downloads\front-node-04\Core\Src\stm32f0xx_it.c
2023-12-31 01:47:42,538 [INFO] CodeEngine:255 - oldGeneratedFile, C:\Users\aleja\Downloads\front-node-04\Core\Inc\stm32f0xx_it.h_save
2023-12-31 01:47:42,609 [INFO] CodeEngine:279 - Generated code: C:\Users\aleja\Downloads\front-node-04\Core\Inc\stm32f0xx_it.h
2023-12-31 01:47:42,630 [INFO] CodeEngine:255 - oldGeneratedFile, C:\Users\aleja\Downloads\front-node-04\Core\Src\stm32f0xx_hal_msp.c_save
2023-12-31 01:47:42,751 [INFO] CodeEngine:279 - Generated code: C:\Users\aleja\Downloads\front-node-04\Core\Src\stm32f0xx_hal_msp.c
2023-12-31 01:47:42,755 [INFO] CodeEngine:255 - oldGeneratedFile, C:\Users\aleja\Downloads\front-node-04\MXTmpFiles\system.tmp_save
2023-12-31 01:47:42,808 [INFO] CodeEngine:279 - Generated code: C:\Users\aleja\Downloads\front-node-04\MXTmpFiles\system.tmp
2023-12-31 01:47:42,835 [INFO] CodeEngine:311 - oldGeneratedFile, C:\Users\aleja\Downloads\front-node-04\Core\Inc\stm32f0xx_hal_conf.h_save
2023-12-31 01:47:43,037 [INFO] CodeEngine:335 - Generated code: C:\Users\aleja\Downloads\front-node-04\Core\Inc\stm32f0xx_hal_conf.h
2023-12-31 01:47:43,063 [WARN] IPConfigManager:3440 - IP not found : TIM
2023-12-31 01:47:43,064 [WARN] CodeGenerator:3939 - IP not found : null
2023-12-31 01:47:43,092 [INFO] CodeEngine:255 - oldGeneratedFile, C:\Users\aleja\Downloads\front-node-04\Core\Inc\main.h_save
2023-12-31 01:47:43,175 [INFO] CodeEngine:279 - Generated code: C:\Users\aleja\Downloads\front-node-04\Core\Inc\main.h
2023-12-31 01:47:43,195 [INFO] CodeEngine:255 - oldGeneratedFile, C:\Users\aleja\Downloads\front-node-04\Core\Src\main.c_save
2023-12-31 01:47:43,321 [INFO] CodeEngine:279 - Generated code: C:\Users\aleja\Downloads\front-node-04\Core\Src\main.c
2023-12-31 01:47:43,762 [INFO] ProjectBuilder:3076 - Time for Copy HAL[1] : 114mS.
2023-12-31 01:47:43,764 [INFO] ProjectBuilder:4485 - Project Generator version: 4.2.0-B44
2023-12-31 01:47:43,957 [INFO] ConfigFileManager:1495 - The Die is : DIE445
2023-12-31 01:47:43,959 [INFO] ApiDbMcu:508 - Load IP Config File for FATFS
2023-12-31 01:47:43,963 [INFO] ApiDbMcu:508 - Load IP Config File for FREERTOS
2023-12-31 01:47:43,970 [INFO] ApiDbMcu:508 - Load IP Config File for TOUCHSENSING
2023-12-31 01:47:43,974 [INFO] ApiDbMcu:508 - Load IP Config File for USB_DEVICE
2023-12-31 01:47:46,085 [INFO] ProjectBuilder:4747 - Time for Generating toolchain IDE Files: 2321mS.
2023-12-31 01:47:46,086 [INFO] ProjectBuilder:2947 - Time for Copy CMSIS : 1mS.
2023-12-31 01:47:46,088 [INFO] ProjectBuilder:2947 - Time for Copy CMSIS : 0mS.
2023-12-31 01:47:46,693 [INFO] MainUpdater:2873 - connection check result : 10
2023-12-31 01:47:46,694 [INFO] MainUpdater:2873 - connection check result : 10
2023-12-31 01:47:46,710 [INFO] MicroXplorer:468 - Change Database Path : 
2023-12-31 01:47:46,710 [INFO] MicroXplorer:498 - Change Database Version : DB.6.0.100
2023-12-31 01:47:46,721 [ERROR] ProjectManagerView:394 - 
java.lang.NullPointerException: Cannot invoke "javax.swing.JTextField.getText()" because the return value of "java.util.List.get(int)" is null
	at com.st.microxplorer.plugins.projectmanager.gui.ProjectChoiceTab$10.caretUpdate(ProjectChoiceTab.java:2493) ~[filemanager.jar:?]
	at javax.swing.text.JTextComponent.fireCaretUpdate(JTextComponent.java:412) ~[?:?]
	at javax.swing.text.JTextComponent$MutableCaretEvent.fire(JTextComponent.java:4491) ~[?:?]
	at javax.swing.text.JTextComponent$MutableCaretEvent.stateChanged(JTextComponent.java:4513) ~[?:?]
	at javax.swing.text.DefaultCaret.fireStateChanged(DefaultCaret.java:842) ~[?:?]
	at javax.swing.text.DefaultCaret.changeCaretPosition(DefaultCaret.java:1313) ~[?:?]
	at javax.swing.text.DefaultCaret.handleSetDot(DefaultCaret.java:1212) ~[?:?]
	at javax.swing.text.DefaultCaret.setDot(DefaultCaret.java:1193) ~[?:?]
	at javax.swing.text.DefaultCaret$Handler.insertUpdate(DefaultCaret.java:1789) ~[?:?]
	at javax.swing.text.AbstractDocument.fireInsertUpdate(AbstractDocument.java:226) ~[?:?]
	at javax.swing.text.AbstractDocument.handleInsertString(AbstractDocument.java:780) ~[?:?]
	at javax.swing.text.AbstractDocument.insertString(AbstractDocument.java:739) ~[?:?]
	at javax.swing.text.PlainDocument.insertString(PlainDocument.java:131) ~[?:?]
	at javax.swing.text.AbstractDocument.replace(AbstractDocument.java:698) ~[?:?]
	at javax.swing.text.JTextComponent.setText(JTextComponent.java:1729) ~[?:?]
	at com.st.microxplorer.plugins.projectmanager.gui.ProjectChoiceTab.createHeapStackFields(ProjectChoiceTab.java:933) ~[filemanager.jar:?]
	at com.st.microxplorer.plugins.projectmanager.gui.ProjectChoiceTab.buildLinkSettingsPanel(ProjectChoiceTab.java:3426) ~[filemanager.jar:?]
	at com.st.microxplorer.plugins.projectmanager.gui.ProjectChoiceTab.defineWindowsFields(ProjectChoiceTab.java:1813) ~[filemanager.jar:?]
	at com.st.microxplorer.plugins.projectmanager.gui.ProjectChoiceTab.updateSettings(ProjectChoiceTab.java:533) ~[filemanager.jar:?]
	at com.st.microxplorer.plugins.projectmanager.gui.ProjectSettingsPanel.UpdateDialog(ProjectSettingsPanel.java:244) ~[filemanager.jar:?]
	at com.st.microxplorer.plugins.projectmanager.ProjectManagerView.propertyChange(ProjectManagerView.java:391) ~[filemanager.jar:?]
	at java.beans.PropertyChangeSupport.fire(PropertyChangeSupport.java:343) ~[?:?]
	at java.beans.PropertyChangeSupport.firePropertyChange(PropertyChangeSupport.java:335) ~[?:?]
	at java.beans.PropertyChangeSupport.firePropertyChange(PropertyChangeSupport.java:268) ~[?:?]
	at com.st.microxplorer.util.MXPropertyChangeSupport.firePropertyChange(MXPropertyChangeSupport.java:54) ~[STM32CubeMX.jar:?]
	at com.st.microxplorer.mxsystem.MxSystem.closeConfig(MxSystem.java:900) ~[STM32CubeMX.jar:?]
	at com.st.microxplorer.maingui.MainPanel.closeConfig(MainPanel.java:776) ~[STM32CubeMX.jar:?]
	at com.st.microxplorer.plugins.filemanager.engine.OpenFileManager.loadConfigurationFile(OpenFileManager.java:245) ~[filemanager.jar:?]
	at com.st.microxplorer.plugins.filemanager.engine.MainFileManager.userLoadConfig(MainFileManager.java:290) ~[filemanager.jar:?]
	at com.st.microxplorer.plugins.filemanager.FileManagerView.getSpecificTask(FileManagerView.java:247) ~[filemanager.jar:?]
	at com.st.stm32cube.common.mx.editor.CubeMxEditor.getMxTabbedPaneInstance(CubeMxEditor.java:1184) ~[com.st.stm32cube.common.mx_6.10.0.202311202037/:?]
	at com.st.stm32cube.common.mx.editor.CubeMxEditor$12$1.createSwingComponent(CubeMxEditor.java:1065) ~[com.st.stm32cube.common.mx_6.10.0.202311202037/:?]
	at com.st.stm32cube.common.mx.oss.core.awtswtbridge.EmbeddedSwingComposite.doComponentCreation(EmbeddedSwingComposite.java:492) ~[com.st.stm32cube.common.mx.oss_6.10.0.202311202037/:?]
	at com.st.stm32cube.common.mx.oss.core.awtswtbridge.EmbeddedSwingComposite$4.run(EmbeddedSwingComposite.java:291) ~[com.st.stm32cube.common.mx.oss_6.10.0.202311202037/:?]
	at com.st.stm32cube.common.mx.oss.core.awtswtbridge.AwtEnvironment$2.run(AwtEnvironment.java:166) ~[com.st.stm32cube.common.mx.oss_6.10.0.202311202037/:?]
	at java.awt.event.InvocationEvent.dispatch(InvocationEvent.java:318) ~[?:?]
	at java.awt.EventQueue.dispatchEventImpl(EventQueue.java:773) ~[?:?]
	at java.awt.EventQueue$4.run(EventQueue.java:720) ~[?:?]
	at java.awt.EventQueue$4.run(EventQueue.java:714) ~[?:?]
	at java.security.AccessController.doPrivileged(AccessController.java:399) ~[?:?]
	at java.security.ProtectionDomain$JavaSecurityAccessImpl.doIntersectionPrivilege(ProtectionDomain.java:86) ~[?:?]
	at java.awt.EventQueue.dispatchEvent(EventQueue.java:742) ~[?:?]
	at java.awt.EventDispatchThread.pumpOneEventForFilters(EventDispatchThread.java:203) ~[?:?]
	at java.awt.EventDispatchThread.pumpEventsForFilter(EventDispatchThread.java:124) ~[?:?]
	at java.awt.EventDispatchThread.pumpEventsForHierarchy(EventDispatchThread.java:113) ~[?:?]
	at java.awt.EventDispatchThread.pumpEvents(EventDispatchThread.java:109) ~[?:?]
	at java.awt.EventDispatchThread.pumpEvents(EventDispatchThread.java:101) ~[?:?]
	at java.awt.EventDispatchThread.run(EventDispatchThread.java:90) ~[?:?]
2023-12-31 01:47:46,722 [WARN] ThirdParty:871 - waiting for thirdparty lock release [close project]
2023-12-31 01:47:46,722 [INFO] ThirdParty:873 - entering critical section [close project]
2023-12-31 01:47:46,722 [INFO] ThirdParty:883 - exiting critical section [close project]
2023-12-31 01:47:46,723 [INFO] PinOutPanel:1499 - setPackage(No Configuration,No Configuration)
2023-12-31 01:47:46,725 [INFO] UtilMem:75 - Begin LoadConfig() Used Memory: 478187992 Bytes (899678208)
2023-12-31 01:47:46,726 [INFO] MicroXplorer:468 - Change Database Path : 
2023-12-31 01:47:46,726 [INFO] MicroXplorer:498 - Change Database Version : DB.6.0.100
2023-12-31 01:47:46,726 [INFO] OpenFileManager:312 - Change cursor
2023-12-31 01:47:46,735 [INFO] RulesReader:64 - Compatibility file has been processed (297 Rules)
2023-12-31 01:47:46,738 [INFO] Mcu:2016 - Initializing MCU STM32F042F4Px STM32F042F4Px STM32F042F4P6
2023-12-31 01:47:47,185 [INFO] Context:659 - Trying to add GPIOservice into a context  which must be forbidden
2023-12-31 01:47:47,361 [INFO] RtosManager:555 - Registered RTOS mode: class=CMSIS, group=RTOS, mode=CMSIS_V1, owner=FREERTOS
2023-12-31 01:47:47,361 [INFO] RtosManager:555 - Registered RTOS mode: class=CMSIS, group=RTOS2, mode=CMSIS_V2, owner=FREERTOS
2023-12-31 01:47:47,361 [INFO] RtosManager:555 - Registered RTOS mode: class=RTOS, group=Core, mode=CMSIS_V1, owner=FREERTOS
2023-12-31 01:47:47,361 [INFO] RtosManager:555 - Registered RTOS mode: class=RTOS, group=Core, mode=CMSIS_V2, owner=FREERTOS
2023-12-31 01:47:47,361 [WARN] ModelIntegratedComponent:184 - Missing modes for component STMicroelectronics:FreeRTOS:0.0.1:STMicroelectronics:RTOS:FreeRTOS:Core:::10.2.0:
2023-12-31 01:47:47,367 [WARN] ModelIntegratedComponent:63 - No mode defined for component null
2023-12-31 01:47:47,367 [WARN] ModelIntegratedComponent:63 - No mode defined for component null
2023-12-31 01:47:47,367 [WARN] ModelIntegratedComponent:63 - No mode defined for component null
2023-12-31 01:47:47,367 [WARN] ModelIntegratedComponent:63 - No mode defined for component null
2023-12-31 01:47:47,367 [WARN] ModelIntegratedComponent:63 - No mode defined for component null
2023-12-31 01:47:47,367 [WARN] ModelIntegratedComponent:63 - No mode defined for component null
2023-12-31 01:47:47,367 [WARN] ModelIntegratedComponent:63 - No mode defined for component null
2023-12-31 01:47:47,367 [WARN] ModelIntegratedComponent:63 - No mode defined for component null
2023-12-31 01:47:47,367 [WARN] ModelIntegratedComponent:63 - No mode defined for component null
2023-12-31 01:47:47,367 [WARN] ModelIntegratedComponent:63 - No mode defined for component null
2023-12-31 01:47:47,367 [WARN] ModelIntegratedComponent:63 - No mode defined for component null
2023-12-31 01:47:47,367 [WARN] ModelIntegratedComponent:63 - No mode defined for component null
2023-12-31 01:47:47,368 [WARN] ModelIntegratedComponent:63 - No mode defined for component null
2023-12-31 01:47:47,368 [WARN] ModelIntegratedComponent:63 - No mode defined for component null
2023-12-31 01:47:47,368 [WARN] ModelIntegratedComponent:63 - No mode defined for component null
2023-12-31 01:47:47,368 [WARN] ModelIntegratedComponent:63 - No mode defined for component null
2023-12-31 01:47:47,368 [WARN] ModelIntegratedComponent:63 - No mode defined for component null
2023-12-31 01:47:47,368 [WARN] ModelIntegratedComponent:63 - No mode defined for component null
2023-12-31 01:47:47,368 [WARN] ModelIntegratedComponent:63 - No mode defined for component null
2023-12-31 01:47:47,368 [WARN] ModelIntegratedComponent:63 - No mode defined for component null
2023-12-31 01:47:47,368 [WARN] ModelIntegratedComponent:63 - No mode defined for component null
2023-12-31 01:47:47,368 [WARN] ModelIntegratedComponent:63 - No mode defined for component null
2023-12-31 01:47:47,368 [WARN] ModelIntegratedComponent:63 - No mode defined for component null
2023-12-31 01:47:47,368 [WARN] ModelIntegratedComponent:63 - No mode defined for component null
2023-12-31 01:47:47,368 [WARN] ModelIntegratedComponent:63 - No mode defined for component null
2023-12-31 01:47:47,368 [WARN] ModelIntegratedComponent:63 - No mode defined for component null
2023-12-31 01:47:47,368 [WARN] ModelIntegratedComponent:63 - No mode defined for component null
2023-12-31 01:47:47,368 [WARN] ModelIntegratedComponent:63 - No mode defined for component null
2023-12-31 01:47:47,368 [WARN] ModelIntegratedComponent:63 - No mode defined for component null
2023-12-31 01:47:47,368 [WARN] ModelIntegratedComponent:63 - No mode defined for component null
2023-12-31 01:47:47,368 [WARN] ModelIntegratedComponent:63 - No mode defined for component null
2023-12-31 01:47:47,368 [WARN] ModelIntegratedComponent:63 - No mode defined for component null
2023-12-31 01:47:47,368 [WARN] ModelIntegratedComponent:63 - No mode defined for component null
2023-12-31 01:47:47,429 [INFO] ThirdPartyModel:298 - Start build external matchings
2023-12-31 01:47:47,627 [INFO] ThirdPartyModel:316 - End build external matchings
2023-12-31 01:47:47,798 [INFO] UtilMem:75 - End LoadConfig() Used Memory: 545009328 Bytes (899678208)
2023-12-31 01:47:47,899 [INFO] MicroXplorer:468 - Change Database Path : 
2023-12-31 01:47:47,900 [INFO] MicroXplorer:498 - Change Database Version : DB.6.0.100
2023-12-31 01:47:47,900 [WARN] ThirdParty:833 - waiting for thirdparty lock release [change project]
2023-12-31 01:47:47,900 [INFO] ThirdParty:835 - entering critical section [change project]
2023-12-31 01:47:47,900 [INFO] ThirdParty:1030 - CMSIS Pack Vendor :STMicroelectronics X-CUBE-ISPU 1.1.0
2023-12-31 01:47:47,900 [INFO] ThirdParty:1030 - CMSIS Pack Vendor :STMicroelectronics USBPD 4.1
2023-12-31 01:47:47,900 [INFO] ThirdParty:1030 - CMSIS Pack Vendor :STMicroelectronics X-CUBE-GNSS1 6.0.0
2023-12-31 01:47:47,900 [INFO] ThirdParty:1030 - CMSIS Pack Vendor :STMicroelectronics USB_HOST 2.0.0
2023-12-31 01:47:47,900 [INFO] ThirdParty:1030 - CMSIS Pack Vendor :STMicroelectronics X-CUBE-AZRTOS-F4 1.1.0
2023-12-31 01:47:47,900 [INFO] ThirdParty:1030 - CMSIS Pack Vendor :STMicroelectronics LIBJPEG 8.0.0
2023-12-31 01:47:47,900 [INFO] ThirdParty:1030 - CMSIS Pack Vendor :wolfSSL I-CUBE-wolfSSL 5.6.4
2023-12-31 01:47:47,900 [INFO] ThirdParty:1030 - CMSIS Pack Vendor :STMicroelectronics X-CUBE-SMBUS 2.1.0
2023-12-31 01:47:47,900 [INFO] ThirdParty:1030 - CMSIS Pack Vendor :STMicroelectronics USB_DEVICE 3.0.0
2023-12-31 01:47:47,900 [INFO] ThirdParty:1030 - CMSIS Pack Vendor :STMicroelectronics X-CUBE-AZRTOS-WB 2.0.0
2023-12-31 01:47:47,900 [INFO] ThirdParty:1030 - CMSIS Pack Vendor :STMicroelectronics X-CUBE-TOUCHGFX 4.23.0
2023-12-31 01:47:47,900 [INFO] ThirdParty:1030 - CMSIS Pack Vendor :STMicroelectronics X-CUBE-AZRTOS-F7 1.1.0
2023-12-31 01:47:47,900 [INFO] ThirdParty:1030 - CMSIS Pack Vendor :STMicroelectronics X-CUBE-AZRTOS-L5 2.0.0
2023-12-31 01:47:47,900 [INFO] ThirdParty:1030 - CMSIS Pack Vendor :STMicroelectronics USB_DEVICE 2.0.0
2023-12-31 01:47:47,900 [INFO] ThirdParty:1030 - CMSIS Pack Vendor :STMicroelectronics X-CUBE-EEPRMA1 4.2.0
2023-12-31 01:47:47,900 [INFO] ThirdParty:1030 - CMSIS Pack Vendor :ITTIA_DB I-CUBE-ITTIADB 8.8.0
2023-12-31 01:47:47,900 [INFO] ThirdParty:1030 - CMSIS Pack Vendor :STMicroelectronics FP-SNS-MOTENV1 4.3.2
2023-12-31 01:47:47,900 [INFO] ThirdParty:1030 - CMSIS Pack Vendor :STMicroelectronics X-CUBE-ALGOBUILD 1.3.0
2023-12-31 01:47:47,900 [INFO] ThirdParty:1030 - CMSIS Pack Vendor :STMicroelectronics FreeRTOS 0.0.1
2023-12-31 01:47:47,900 [INFO] ThirdParty:1030 - CMSIS Pack Vendor :STMicroelectronics X-CUBE-AZRTOS-G0 1.1.0
2023-12-31 01:47:47,900 [INFO] ThirdParty:1030 - CMSIS Pack Vendor :STMicroelectronics X-CUBE-NFC4 3.0.0
2023-12-31 01:47:47,900 [INFO] ThirdParty:1030 - CMSIS Pack Vendor :STMicroelectronics X-CUBE-SUBG2 5.0.0
2023-12-31 01:47:47,900 [INFO] ThirdParty:1030 - CMSIS Pack Vendor :STMicroelectronics STM32_WPAN 1.0.0
2023-12-31 01:47:47,900 [INFO] ThirdParty:1030 - CMSIS Pack Vendor :STMicroelectronics lwIP 2.0.3
2023-12-31 01:47:47,900 [INFO] ThirdParty:1030 - CMSIS Pack Vendor :STMicroelectronics FP-SNS-FLIGHT1 5.0.2
2023-12-31 01:47:47,900 [INFO] ThirdParty:1030 - CMSIS Pack Vendor :STMicroelectronics USB_HOST 1.0.0
2023-12-31 01:47:47,900 [INFO] ThirdParty:1030 - CMSIS Pack Vendor :STMicroelectronics X-CUBE-AZRTOS-G4 2.0.0
2023-12-31 01:47:47,900 [INFO] ThirdParty:1030 - CMSIS Pack Vendor :STMicroelectronics PDM2PCM 3.1.0
2023-12-31 01:47:47,900 [INFO] ThirdParty:1030 - CMSIS Pack Vendor :STMicroelectronics X-CUBE-AZRTOS-H7 3.1.0
2023-12-31 01:47:47,900 [INFO] ThirdParty:1030 - CMSIS Pack Vendor :Infineon AIROC-Wi-Fi-Bluetooth-STM32 1.5.1
2023-12-31 01:47:47,900 [INFO] ThirdParty:1030 - CMSIS Pack Vendor :STMicroelectronics X-CUBE-BLEMGR 3.0.0
2023-12-31 01:47:47,900 [INFO] ThirdParty:1030 - CMSIS Pack Vendor :STMicroelectronics PDM2PCM 3.3.0
2023-12-31 01:47:47,900 [INFO] ThirdParty:1030 - CMSIS Pack Vendor :STMicroelectronics X-CUBE-DISPLAY 3.0.0
2023-12-31 01:47:47,900 [INFO] ThirdParty:1030 - CMSIS Pack Vendor :STMicroelectronics FP-SNS-MOTENVWB1 1.3.1
2023-12-31 01:47:47,900 [INFO] ThirdParty:1030 - CMSIS Pack Vendor :STMicroelectronics X-CUBE-BLE1 7.0.0
2023-12-31 01:47:47,900 [INFO] ThirdParty:1030 - CMSIS Pack Vendor :STMicroelectronics FP-ATR-SIGFOX1 3.2.0
2023-12-31 01:47:47,900 [INFO] ThirdParty:1030 - CMSIS Pack Vendor :STMicroelectronics X-CUBE-ISPU 2.0.0
2023-12-31 01:47:47,900 [INFO] ThirdParty:1030 - CMSIS Pack Vendor :STMicroelectronics HAL Drivers 0.0.0
2023-12-31 01:47:47,900 [INFO] ThirdParty:1030 - CMSIS Pack Vendor :STMicroelectronics MBEDTLS 2.16.2
2023-12-31 01:47:47,900 [INFO] ThirdParty:1030 - CMSIS Pack Vendor :emotas I-CUBE-CANOPEN 1.3.0
2023-12-31 01:47:47,900 [INFO] ThirdParty:1030 - CMSIS Pack Vendor :STMicroelectronics X-CUBE-MEMS1 10.0.0
2023-12-31 01:47:47,900 [INFO] ThirdParty:1030 - CMSIS Pack Vendor :STMicroelectronics X-CUBE-FREERTOS 1.1.0
2023-12-31 01:47:47,900 [INFO] ThirdParty:1030 - CMSIS Pack Vendor :STMicroelectronics X-CUBE-NFC7 1.0.1
2023-12-31 01:47:47,900 [INFO] ThirdParty:1030 - CMSIS Pack Vendor :STMicroelectronics MBEDTLS 2.14.1
2023-12-31 01:47:47,900 [INFO] ThirdParty:1030 - CMSIS Pack Vendor :STMicroelectronics X-CUBE-TOUCHGFX 4.22.1
2023-12-31 01:47:47,900 [INFO] ThirdParty:1030 - CMSIS Pack Vendor :STMicroelectronics X-CUBE-NFC6 3.0.0
2023-12-31 01:47:47,900 [INFO] ThirdParty:1030 - CMSIS Pack Vendor :portGmbH I-Cube-SoM-uGOAL 1.1.0
2023-12-31 01:47:47,900 [INFO] ThirdParty:1030 - CMSIS Pack Vendor :STMicroelectronics X-CUBE-ALS 1.0.1
2023-12-31 01:47:47,900 [INFO] ThirdParty:1030 - CMSIS Pack Vendor :STMicroelectronics ThreadX 1.0.0
2023-12-31 01:47:47,900 [INFO] ThirdParty:1030 - CMSIS Pack Vendor :STMicroelectronics FP-SNS-SMARTAG2 1.2.0
2023-12-31 01:47:47,900 [INFO] ThirdParty:1030 - CMSIS Pack Vendor :STMicroelectronics X-CUBE-AZRTOS-WL 2.0.0
2023-12-31 01:47:47,900 [INFO] ThirdParty:1030 - CMSIS Pack Vendor :STMicroelectronics USB_DEVICE 1.0.0
2023-12-31 01:47:47,900 [INFO] ThirdParty:1030 - CMSIS Pack Vendor :STMicroelectronics X-CUBE-AI 8.1.0
2023-12-31 01:47:47,900 [INFO] ThirdParty:1030 - CMSIS Pack Vendor :STMicroelectronics X-CUBE-AZRTOS-L4 2.0.0
2023-12-31 01:47:47,900 [INFO] ThirdParty:1030 - CMSIS Pack Vendor :STMicroelectronics ThreadX 0.0.2
2023-12-31 01:47:47,900 [INFO] ThirdParty:1030 - CMSIS Pack Vendor :WES I-CUBE-Cesium 1.3.0
2023-12-31 01:47:47,900 [INFO] ThirdParty:1030 - CMSIS Pack Vendor :STMicroelectronics FP-ATR-ASTRA1 2.0.0
2023-12-31 01:47:47,900 [INFO] ThirdParty:1030 - CMSIS Pack Vendor :STMicroelectronics lwIP 2.1.2
2023-12-31 01:47:47,900 [INFO] ThirdParty:1030 - CMSIS Pack Vendor :STMicroelectronics X-CUBE-SFXS2LP1 4.0.0
2023-12-31 01:47:47,900 [INFO] ThirdParty:1030 - CMSIS Pack Vendor :STMicroelectronics X-CUBE-BLE2 3.3.0
2023-12-31 01:47:47,900 [INFO] ThirdParty:1030 - CMSIS Pack Vendor :STMicroelectronics X-CUBE-TOF1 3.4.0
2023-12-31 01:47:47,900 [INFO] ThirdParty:1030 - CMSIS Pack Vendor :STMicroelectronics X-CUBE-AZRTOS-H7 3.2.0
2023-12-31 01:47:47,900 [INFO] ThirdParty:1030 - CMSIS Pack Vendor :STMicroelectronics PDM2PCM 3.2.0
2023-12-31 01:47:47,901 [INFO] ThirdParty:841 - exiting critical section [change project]
2023-12-31 01:47:47,963 [INFO] PinOutPanel:1499 - setPackage(No Configuration,No Configuration)
2023-12-31 01:47:47,963 [INFO] PinOutPanel:1499 - setPackage(STM32F042F4Px,TSSOP20)
2023-12-31 01:47:48,557 [INFO] UtilMem:75 - Before build in PCC Used Memory: 328895888 Bytes (907018240)
2023-12-31 01:47:48,663 [INFO] UtilMem:75 - After build in PCC Used Memory: 372409744 Bytes (907018240)
2023-12-31 01:47:48,671 [INFO] IPUIPlugin:80 - create IPUIPlugin
2023-12-31 01:47:48,671 [INFO] IPUIPlugin:80 - create IPUIPlugin
2023-12-31 01:47:48,671 [INFO] IPUIPlugin:80 - create IPUIPlugin
2023-12-31 01:47:48,671 [INFO] IPUIPlugin:80 - create IPUIPlugin
2023-12-31 01:47:48,671 [INFO] IPUIPlugin:80 - create IPUIPlugin
2023-12-31 01:47:48,671 [INFO] IPUIPlugin:80 - create IPUIPlugin
2023-12-31 01:47:48,671 [INFO] IPUIPlugin:80 - create IPUIPlugin
2023-12-31 01:47:48,671 [INFO] IPUIPlugin:80 - create IPUIPlugin
2023-12-31 01:47:48,671 [INFO] IPUIPlugin:80 - create IPUIPlugin
2023-12-31 01:47:48,671 [INFO] IPUIPlugin:80 - create IPUIPlugin
2023-12-31 01:47:48,671 [INFO] IPUIPlugin:80 - create IPUIPlugin
2023-12-31 01:47:48,672 [INFO] IPUIPlugin:80 - create IPUIPlugin
2023-12-31 01:47:48,672 [INFO] IPUIPlugin:80 - create IPUIPlugin
2023-12-31 01:47:48,672 [INFO] IPUIPlugin:80 - create IPUIPlugin
2023-12-31 01:47:48,672 [INFO] IPUIPlugin:80 - create IPUIPlugin
2023-12-31 01:47:48,672 [INFO] IPUIPlugin:80 - create IPUIPlugin
2023-12-31 01:47:48,672 [INFO] IPUIPlugin:80 - create IPUIPlugin
2023-12-31 01:47:48,672 [INFO] IPUIPlugin:80 - create IPUIPlugin
2023-12-31 01:47:48,672 [INFO] IPUIPlugin:80 - create IPUIPlugin
2023-12-31 01:47:48,672 [INFO] IPUIPlugin:80 - create IPUIPlugin
2023-12-31 01:47:48,673 [INFO] IPUIPlugin:80 - create IPUIPlugin
2023-12-31 01:47:48,673 [INFO] IPUIPlugin:80 - create IPUIPlugin
2023-12-31 01:47:48,673 [INFO] IPUIPlugin:80 - create IPUIPlugin
2023-12-31 01:47:48,674 [INFO] IPUIPlugin:80 - create IPUIPlugin
2023-12-31 01:47:48,674 [INFO] IPUIPlugin:80 - create IPUIPlugin
2023-12-31 01:47:48,674 [INFO] IPUIPlugin:80 - create IPUIPlugin
2023-12-31 01:47:48,675 [INFO] IPUIPlugin:80 - create IPUIPlugin
2023-12-31 01:47:48,675 [INFO] IPUIPlugin:80 - create IPUIPlugin
2023-12-31 01:47:48,675 [INFO] IPUIPlugin:80 - create IPUIPlugin
2023-12-31 01:47:48,675 [INFO] IPUIPlugin:80 - create IPUIPlugin
2023-12-31 01:47:48,687 [INFO] CADModel:165 - CPN selected for project levelSTM32F042F4P6
2023-12-31 01:47:48,687 [INFO] CADModel:114 - Register for checkConnection events
2023-12-31 01:47:48,765 [INFO] OpenFileManager:343 - Restore cursor
2023-12-31 01:48:10,549 [INFO] NvicIntPanel:101 - NVIC parent = com.st.microxplorer.plugins.ip.nvic.MultiNvicIntPanel[,0,0,450x117,layout=javax.swing.BoxLayout,alignmentX=0.0,alignmentY=0.0,border=,flags=9,maximumSize=,minimumSize=,preferredSize=]
2023-12-31 01:48:58,243 [INFO] NvicIntPanel:101 - NVIC parent = com.st.microxplorer.plugins.ip.nvic.MultiNvicIntPanel[,0,0,450x117,layout=javax.swing.BoxLayout,alignmentX=0.0,alignmentY=0.0,border=,flags=9,maximumSize=,minimumSize=,preferredSize=]
2023-12-31 01:49:15,930 [INFO] NvicIntPanel:101 - NVIC parent = com.st.microxplorer.plugins.ip.nvic.MultiNvicIntPanel[,0,0,0x0,invalid,layout=javax.swing.BoxLayout,alignmentX=0.0,alignmentY=0.0,border=,flags=9,maximumSize=,minimumSize=,preferredSize=]
2023-12-31 01:49:56,829 [INFO] NvicIntPanel:101 - NVIC parent = com.st.microxplorer.plugins.ip.nvic.MultiNvicIntPanel[,0,0,0x0,invalid,layout=javax.swing.BoxLayout,alignmentX=0.0,alignmentY=0.0,border=,flags=9,maximumSize=,minimumSize=,preferredSize=]
2023-12-31 01:50:00,690 [INFO] NvicIntPanel:101 - NVIC parent = com.st.microxplorer.plugins.ip.nvic.MultiNvicIntPanel[,0,0,0x0,invalid,layout=javax.swing.BoxLayout,alignmentX=0.0,alignmentY=0.0,border=,flags=9,maximumSize=,minimumSize=,preferredSize=]
2023-12-31 01:50:19,461 [INFO] UtilMem:75 - End SaveConfig() Used Memory: 717323608 Bytes (937426944)
2023-12-31 01:50:20,275 [INFO] UtilMem:75 - End SaveConfig() Used Memory: 778211368 Bytes (937426944)
2023-12-31 01:50:20,458 [INFO] BlockDiagram:2759 - set Specific Code input for plugin: NVIC
2023-12-31 01:50:20,459 [INFO] BlockDiagram:2759 - set Specific Code input for plugin: TIM1_8F0
2023-12-31 01:50:20,459 [INFO] BlockDiagram:2759 - set Specific Code input for plugin: SYS
2023-12-31 01:50:20,459 [INFO] BlockDiagram:2759 - set Specific Code input for plugin: GPIO
2023-12-31 01:50:20,459 [INFO] BlockDiagram:2759 - set Specific Code input for plugin: RCC
2023-12-31 01:50:20,460 [INFO] CodeGenerator:807 - code generatio: config db path: C:\ST\STM32CubeIDE_1.13.2\STM32CubeIDE\plugins\com.st.stm32cube.common.mx_6.10.0.202311202037\\db\
2023-12-31 01:50:20,614 [INFO] CodeEngine:255 - oldGeneratedFile, C:\Users\aleja\OneDrive\Escritorio\gettingStartedSTM\timerLed\MXTmpFiles\license.tmp_save
2023-12-31 01:50:20,704 [INFO] CodeEngine:279 - Generated code: C:\Users\aleja\OneDrive\Escritorio\gettingStartedSTM\timerLed\MXTmpFiles\license.tmp
2023-12-31 01:50:20,725 [INFO] CodeEngine:255 - oldGeneratedFile, C:\Users\aleja\OneDrive\Escritorio\gettingStartedSTM\timerLed\MXTmpFiles\gpio.tmp_save
2023-12-31 01:50:20,838 [INFO] CodeEngine:279 - Generated code: C:\Users\aleja\OneDrive\Escritorio\gettingStartedSTM\timerLed\MXTmpFiles\gpio.tmp
2023-12-31 01:50:20,890 [INFO] CodeEngine:255 - oldGeneratedFile, C:\Users\aleja\OneDrive\Escritorio\gettingStartedSTM\timerLed\Core\Src\stm32f0xx_it.c_save
2023-12-31 01:50:21,049 [INFO] CodeEngine:279 - Generated code: C:\Users\aleja\OneDrive\Escritorio\gettingStartedSTM\timerLed\Core\Src\stm32f0xx_it.c
2023-12-31 01:50:21,060 [INFO] CodeEngine:255 - oldGeneratedFile, C:\Users\aleja\OneDrive\Escritorio\gettingStartedSTM\timerLed\Core\Inc\stm32f0xx_it.h_save
2023-12-31 01:50:21,142 [INFO] CodeEngine:279 - Generated code: C:\Users\aleja\OneDrive\Escritorio\gettingStartedSTM\timerLed\Core\Inc\stm32f0xx_it.h
2023-12-31 01:50:21,180 [INFO] CodeEngine:255 - oldGeneratedFile, C:\Users\aleja\OneDrive\Escritorio\gettingStartedSTM\timerLed\Core\Src\stm32f0xx_hal_msp.c_save
2023-12-31 01:50:21,316 [INFO] CodeEngine:279 - Generated code: C:\Users\aleja\OneDrive\Escritorio\gettingStartedSTM\timerLed\Core\Src\stm32f0xx_hal_msp.c
2023-12-31 01:50:21,325 [INFO] CodeEngine:255 - oldGeneratedFile, C:\Users\aleja\OneDrive\Escritorio\gettingStartedSTM\timerLed\MXTmpFiles\system.tmp_save
2023-12-31 01:50:21,392 [INFO] CodeEngine:279 - Generated code: C:\Users\aleja\OneDrive\Escritorio\gettingStartedSTM\timerLed\MXTmpFiles\system.tmp
2023-12-31 01:50:21,418 [INFO] CodeEngine:311 - oldGeneratedFile, C:\Users\aleja\OneDrive\Escritorio\gettingStartedSTM\timerLed\Core\Inc\stm32f0xx_hal_conf.h_save
2023-12-31 01:50:21,540 [INFO] CodeEngine:335 - Generated code: C:\Users\aleja\OneDrive\Escritorio\gettingStartedSTM\timerLed\Core\Inc\stm32f0xx_hal_conf.h
2023-12-31 01:50:21,595 [WARN] IPConfigManager:3440 - IP not found : TIM
2023-12-31 01:50:21,596 [WARN] CodeGenerator:3939 - IP not found : null
2023-12-31 01:50:21,627 [INFO] CodeEngine:255 - oldGeneratedFile, C:\Users\aleja\OneDrive\Escritorio\gettingStartedSTM\timerLed\Core\Inc\main.h_save
2023-12-31 01:50:21,750 [INFO] CodeEngine:279 - Generated code: C:\Users\aleja\OneDrive\Escritorio\gettingStartedSTM\timerLed\Core\Inc\main.h
2023-12-31 01:50:21,776 [INFO] CodeEngine:255 - oldGeneratedFile, C:\Users\aleja\OneDrive\Escritorio\gettingStartedSTM\timerLed\Core\Src\main.c_save
2023-12-31 01:50:21,903 [INFO] CodeEngine:279 - Generated code: C:\Users\aleja\OneDrive\Escritorio\gettingStartedSTM\timerLed\Core\Src\main.c
2023-12-31 01:50:22,300 [INFO] ProjectBuilder:3076 - Time for Copy HAL[1] : 163mS.
2023-12-31 01:50:22,303 [INFO] ProjectBuilder:4485 - Project Generator version: 4.2.0-B44
2023-12-31 01:50:22,434 [INFO] ConfigFileManager:1495 - The Die is : DIE445
2023-12-31 01:50:22,437 [INFO] ApiDbMcu:508 - Load IP Config File for FATFS
2023-12-31 01:50:22,440 [INFO] ApiDbMcu:508 - Load IP Config File for FREERTOS
2023-12-31 01:50:22,451 [INFO] ApiDbMcu:508 - Load IP Config File for TOUCHSENSING
2023-12-31 01:50:22,455 [INFO] ApiDbMcu:508 - Load IP Config File for USB_DEVICE
2023-12-31 01:50:23,656 [INFO] ProjectBuilder:4747 - Time for Generating toolchain IDE Files: 1353mS.
2023-12-31 01:50:23,657 [INFO] ProjectBuilder:2947 - Time for Copy CMSIS : 1mS.
2023-12-31 01:50:23,661 [INFO] ProjectBuilder:2947 - Time for Copy CMSIS : 0mS.
2023-12-31 01:50:27,943 [INFO] MainUpdater:2873 - connection check result : 10
2023-12-31 01:50:27,943 [INFO] MainUpdater:2873 - connection check result : 10
2023-12-31 01:50:27,956 [INFO] MicroXplorer:468 - Change Database Path : 
2023-12-31 01:50:27,957 [INFO] MicroXplorer:498 - Change Database Version : DB.6.0.100
2023-12-31 01:50:27,961 [ERROR] ProjectManagerView:394 - 
java.lang.NullPointerException: Cannot invoke "javax.swing.JTextField.getText()" because the return value of "java.util.List.get(int)" is null
	at com.st.microxplorer.plugins.projectmanager.gui.ProjectChoiceTab$10.caretUpdate(ProjectChoiceTab.java:2493) ~[filemanager.jar:?]
	at javax.swing.text.JTextComponent.fireCaretUpdate(JTextComponent.java:412) ~[?:?]
	at javax.swing.text.JTextComponent$MutableCaretEvent.fire(JTextComponent.java:4491) ~[?:?]
	at javax.swing.text.JTextComponent$MutableCaretEvent.stateChanged(JTextComponent.java:4513) ~[?:?]
	at javax.swing.text.DefaultCaret.fireStateChanged(DefaultCaret.java:842) ~[?:?]
	at javax.swing.text.DefaultCaret.changeCaretPosition(DefaultCaret.java:1313) ~[?:?]
	at javax.swing.text.DefaultCaret.handleSetDot(DefaultCaret.java:1212) ~[?:?]
	at javax.swing.text.DefaultCaret.setDot(DefaultCaret.java:1193) ~[?:?]
	at javax.swing.text.DefaultCaret$Handler.insertUpdate(DefaultCaret.java:1789) ~[?:?]
	at javax.swing.text.AbstractDocument.fireInsertUpdate(AbstractDocument.java:226) ~[?:?]
	at javax.swing.text.AbstractDocument.handleInsertString(AbstractDocument.java:780) ~[?:?]
	at javax.swing.text.AbstractDocument.insertString(AbstractDocument.java:739) ~[?:?]
	at javax.swing.text.PlainDocument.insertString(PlainDocument.java:131) ~[?:?]
	at javax.swing.text.AbstractDocument.replace(AbstractDocument.java:698) ~[?:?]
	at javax.swing.text.JTextComponent.setText(JTextComponent.java:1729) ~[?:?]
	at com.st.microxplorer.plugins.projectmanager.gui.ProjectChoiceTab.createHeapStackFields(ProjectChoiceTab.java:933) ~[filemanager.jar:?]
	at com.st.microxplorer.plugins.projectmanager.gui.ProjectChoiceTab.buildLinkSettingsPanel(ProjectChoiceTab.java:3426) ~[filemanager.jar:?]
	at com.st.microxplorer.plugins.projectmanager.gui.ProjectChoiceTab.defineWindowsFields(ProjectChoiceTab.java:1813) ~[filemanager.jar:?]
	at com.st.microxplorer.plugins.projectmanager.gui.ProjectChoiceTab.updateSettings(ProjectChoiceTab.java:533) ~[filemanager.jar:?]
	at com.st.microxplorer.plugins.projectmanager.gui.ProjectSettingsPanel.UpdateDialog(ProjectSettingsPanel.java:244) ~[filemanager.jar:?]
	at com.st.microxplorer.plugins.projectmanager.ProjectManagerView.propertyChange(ProjectManagerView.java:391) ~[filemanager.jar:?]
	at java.beans.PropertyChangeSupport.fire(PropertyChangeSupport.java:343) ~[?:?]
	at java.beans.PropertyChangeSupport.firePropertyChange(PropertyChangeSupport.java:335) ~[?:?]
	at java.beans.PropertyChangeSupport.firePropertyChange(PropertyChangeSupport.java:268) ~[?:?]
	at com.st.microxplorer.util.MXPropertyChangeSupport.firePropertyChange(MXPropertyChangeSupport.java:54) ~[STM32CubeMX.jar:?]
	at com.st.microxplorer.mxsystem.MxSystem.closeConfig(MxSystem.java:900) ~[STM32CubeMX.jar:?]
	at com.st.microxplorer.maingui.MainPanel.closeConfig(MainPanel.java:776) ~[STM32CubeMX.jar:?]
	at com.st.microxplorer.plugins.filemanager.engine.OpenFileManager.loadConfigurationFile(OpenFileManager.java:245) ~[filemanager.jar:?]
	at com.st.microxplorer.plugins.filemanager.engine.MainFileManager.userLoadConfig(MainFileManager.java:290) ~[filemanager.jar:?]
	at com.st.microxplorer.plugins.filemanager.FileManagerView.getSpecificTask(FileManagerView.java:247) ~[filemanager.jar:?]
	at com.st.stm32cube.common.mx.editor.CubeMxEditor.getMxTabbedPaneInstance(CubeMxEditor.java:1184) ~[com.st.stm32cube.common.mx_6.10.0.202311202037/:?]
	at com.st.stm32cube.common.mx.editor.CubeMxEditor$12$1.createSwingComponent(CubeMxEditor.java:1065) ~[com.st.stm32cube.common.mx_6.10.0.202311202037/:?]
	at com.st.stm32cube.common.mx.oss.core.awtswtbridge.EmbeddedSwingComposite.doComponentCreation(EmbeddedSwingComposite.java:492) ~[com.st.stm32cube.common.mx.oss_6.10.0.202311202037/:?]
	at com.st.stm32cube.common.mx.oss.core.awtswtbridge.EmbeddedSwingComposite$4.run(EmbeddedSwingComposite.java:291) ~[com.st.stm32cube.common.mx.oss_6.10.0.202311202037/:?]
	at com.st.stm32cube.common.mx.oss.core.awtswtbridge.AwtEnvironment$2.run(AwtEnvironment.java:166) ~[com.st.stm32cube.common.mx.oss_6.10.0.202311202037/:?]
	at java.awt.event.InvocationEvent.dispatch(InvocationEvent.java:318) ~[?:?]
	at java.awt.EventQueue.dispatchEventImpl(EventQueue.java:773) ~[?:?]
	at java.awt.EventQueue$4.run(EventQueue.java:720) ~[?:?]
	at java.awt.EventQueue$4.run(EventQueue.java:714) ~[?:?]
	at java.security.AccessController.doPrivileged(AccessController.java:399) ~[?:?]
	at java.security.ProtectionDomain$JavaSecurityAccessImpl.doIntersectionPrivilege(ProtectionDomain.java:86) ~[?:?]
	at java.awt.EventQueue.dispatchEvent(EventQueue.java:742) ~[?:?]
	at java.awt.EventDispatchThread.pumpOneEventForFilters(EventDispatchThread.java:203) ~[?:?]
	at java.awt.EventDispatchThread.pumpEventsForFilter(EventDispatchThread.java:124) ~[?:?]
	at java.awt.EventDispatchThread.pumpEventsForHierarchy(EventDispatchThread.java:113) ~[?:?]
	at java.awt.EventDispatchThread.pumpEvents(EventDispatchThread.java:109) ~[?:?]
	at java.awt.EventDispatchThread.pumpEvents(EventDispatchThread.java:101) ~[?:?]
	at java.awt.EventDispatchThread.run(EventDispatchThread.java:90) ~[?:?]
2023-12-31 01:50:27,962 [WARN] ThirdParty:871 - waiting for thirdparty lock release [close project]
2023-12-31 01:50:27,962 [INFO] ThirdParty:873 - entering critical section [close project]
2023-12-31 01:50:27,962 [INFO] ThirdParty:883 - exiting critical section [close project]
2023-12-31 01:50:27,963 [INFO] PinOutPanel:1499 - setPackage(No Configuration,No Configuration)
2023-12-31 01:50:27,964 [INFO] UtilMem:75 - Begin LoadConfig() Used Memory: 323987824 Bytes (1013972992)
2023-12-31 01:50:27,964 [INFO] MicroXplorer:468 - Change Database Path : 
2023-12-31 01:50:27,964 [INFO] MicroXplorer:498 - Change Database Version : DB.6.0.100
2023-12-31 01:50:27,964 [INFO] OpenFileManager:312 - Change cursor
2023-12-31 01:50:27,971 [INFO] RulesReader:64 - Compatibility file has been processed (297 Rules)
2023-12-31 01:50:27,973 [INFO] Mcu:2016 - Initializing MCU STM32F042F4Px STM32F042F4Px STM32F042F4P6
2023-12-31 01:50:28,513 [INFO] Context:659 - Trying to add GPIOservice into a context  which must be forbidden
2023-12-31 01:50:28,613 [INFO] RtosManager:555 - Registered RTOS mode: class=CMSIS, group=RTOS, mode=CMSIS_V1, owner=FREERTOS
2023-12-31 01:50:28,613 [INFO] RtosManager:555 - Registered RTOS mode: class=CMSIS, group=RTOS2, mode=CMSIS_V2, owner=FREERTOS
2023-12-31 01:50:28,613 [INFO] RtosManager:555 - Registered RTOS mode: class=RTOS, group=Core, mode=CMSIS_V1, owner=FREERTOS
2023-12-31 01:50:28,613 [INFO] RtosManager:555 - Registered RTOS mode: class=RTOS, group=Core, mode=CMSIS_V2, owner=FREERTOS
2023-12-31 01:50:28,613 [WARN] ModelIntegratedComponent:184 - Missing modes for component STMicroelectronics:FreeRTOS:0.0.1:STMicroelectronics:RTOS:FreeRTOS:Core:::10.2.0:
2023-12-31 01:50:28,616 [WARN] ModelIntegratedComponent:63 - No mode defined for component null
2023-12-31 01:50:28,616 [WARN] ModelIntegratedComponent:63 - No mode defined for component null
2023-12-31 01:50:28,616 [WARN] ModelIntegratedComponent:63 - No mode defined for component null
2023-12-31 01:50:28,616 [WARN] ModelIntegratedComponent:63 - No mode defined for component null
2023-12-31 01:50:28,616 [WARN] ModelIntegratedComponent:63 - No mode defined for component null
2023-12-31 01:50:28,616 [WARN] ModelIntegratedComponent:63 - No mode defined for component null
2023-12-31 01:50:28,616 [WARN] ModelIntegratedComponent:63 - No mode defined for component null
2023-12-31 01:50:28,616 [WARN] ModelIntegratedComponent:63 - No mode defined for component null
2023-12-31 01:50:28,616 [WARN] ModelIntegratedComponent:63 - No mode defined for component null
2023-12-31 01:50:28,616 [WARN] ModelIntegratedComponent:63 - No mode defined for component null
2023-12-31 01:50:28,616 [WARN] ModelIntegratedComponent:63 - No mode defined for component null
2023-12-31 01:50:28,616 [WARN] ModelIntegratedComponent:63 - No mode defined for component null
2023-12-31 01:50:28,616 [WARN] ModelIntegratedComponent:63 - No mode defined for component null
2023-12-31 01:50:28,616 [WARN] ModelIntegratedComponent:63 - No mode defined for component null
2023-12-31 01:50:28,616 [WARN] ModelIntegratedComponent:63 - No mode defined for component null
2023-12-31 01:50:28,616 [WARN] ModelIntegratedComponent:63 - No mode defined for component null
2023-12-31 01:50:28,616 [WARN] ModelIntegratedComponent:63 - No mode defined for component null
2023-12-31 01:50:28,616 [WARN] ModelIntegratedComponent:63 - No mode defined for component null
2023-12-31 01:50:28,616 [WARN] ModelIntegratedComponent:63 - No mode defined for component null
2023-12-31 01:50:28,616 [WARN] ModelIntegratedComponent:63 - No mode defined for component null
2023-12-31 01:50:28,616 [WARN] ModelIntegratedComponent:63 - No mode defined for component null
2023-12-31 01:50:28,616 [WARN] ModelIntegratedComponent:63 - No mode defined for component null
2023-12-31 01:50:28,616 [WARN] ModelIntegratedComponent:63 - No mode defined for component null
2023-12-31 01:50:28,616 [WARN] ModelIntegratedComponent:63 - No mode defined for component null
2023-12-31 01:50:28,616 [WARN] ModelIntegratedComponent:63 - No mode defined for component null
2023-12-31 01:50:28,616 [WARN] ModelIntegratedComponent:63 - No mode defined for component null
2023-12-31 01:50:28,616 [WARN] ModelIntegratedComponent:63 - No mode defined for component null
2023-12-31 01:50:28,617 [WARN] ModelIntegratedComponent:63 - No mode defined for component null
2023-12-31 01:50:28,617 [WARN] ModelIntegratedComponent:63 - No mode defined for component null
2023-12-31 01:50:28,617 [WARN] ModelIntegratedComponent:63 - No mode defined for component null
2023-12-31 01:50:28,617 [WARN] ModelIntegratedComponent:63 - No mode defined for component null
2023-12-31 01:50:28,617 [WARN] ModelIntegratedComponent:63 - No mode defined for component null
2023-12-31 01:50:28,617 [WARN] ModelIntegratedComponent:63 - No mode defined for component null
2023-12-31 01:50:28,663 [INFO] ThirdPartyModel:298 - Start build external matchings
2023-12-31 01:50:28,809 [INFO] ThirdPartyModel:316 - End build external matchings
2023-12-31 01:50:28,813 [INFO] ImportTextPane:194 - (OptionalMessage_ERROR) IP (DMA) : Parameter (Instance) has Id (ADC) currently not set
2023-12-31 01:50:28,813 [INFO] ImportTextPane:194 - (OptionalMessage_ERROR) IP (DMA) : Parameter (Direction) has Id (ADC) currently not set
2023-12-31 01:50:28,813 [INFO] ImportTextPane:194 - (OptionalMessage_ERROR) IP (DMA) : Parameter (PeriphInc) has Id (ADC) currently not set
2023-12-31 01:50:28,813 [INFO] ImportTextPane:194 - (OptionalMessage_ERROR) IP (DMA) : Parameter (MemInc) has Id (ADC) currently not set
2023-12-31 01:50:28,813 [INFO] ImportTextPane:194 - (OptionalMessage_ERROR) IP (DMA) : Parameter (PeriphDataAlignment) has Id (ADC) currently not set
2023-12-31 01:50:28,813 [INFO] ImportTextPane:194 - (OptionalMessage_ERROR) IP (DMA) : Parameter (MemDataAlignment) has Id (ADC) currently not set
2023-12-31 01:50:28,813 [INFO] ImportTextPane:194 - (OptionalMessage_ERROR) IP (DMA) : Parameter (Mode) has Id (ADC) currently not set
2023-12-31 01:50:28,813 [INFO] ImportTextPane:194 - (OptionalMessage_ERROR) IP (DMA) : Parameter (Priority) has Id (ADC) currently not set
2023-12-31 01:50:28,814 [INFO] ImportTextPane:194 - (OptionalMessage_ERROR) IP (RCC) : Invalid parameter (FamilyName)
2023-12-31 01:50:28,814 [INFO] ImportTextPane:194 - (OptionalMessage_ERROR) IP (RCC) : Invalid parameter (HSICECFreq_Value)
2023-12-31 01:50:28,951 [INFO] UtilMem:75 - End LoadConfig() Used Memory: 576866432 Bytes (1013972992)
2023-12-31 01:50:29,020 [INFO] MicroXplorer:468 - Change Database Path : 
2023-12-31 01:50:29,020 [INFO] MicroXplorer:498 - Change Database Version : DB.6.0.100
2023-12-31 01:50:29,020 [WARN] ThirdParty:833 - waiting for thirdparty lock release [change project]
2023-12-31 01:50:29,020 [INFO] ThirdParty:835 - entering critical section [change project]
2023-12-31 01:50:29,020 [INFO] ThirdParty:1030 - CMSIS Pack Vendor :STMicroelectronics X-CUBE-ISPU 1.1.0
2023-12-31 01:50:29,020 [INFO] ThirdParty:1030 - CMSIS Pack Vendor :STMicroelectronics USBPD 4.1
2023-12-31 01:50:29,020 [INFO] ThirdParty:1030 - CMSIS Pack Vendor :STMicroelectronics X-CUBE-GNSS1 6.0.0
2023-12-31 01:50:29,020 [INFO] ThirdParty:1030 - CMSIS Pack Vendor :STMicroelectronics USB_HOST 2.0.0
2023-12-31 01:50:29,020 [INFO] ThirdParty:1030 - CMSIS Pack Vendor :STMicroelectronics X-CUBE-AZRTOS-F4 1.1.0
2023-12-31 01:50:29,020 [INFO] ThirdParty:1030 - CMSIS Pack Vendor :STMicroelectronics LIBJPEG 8.0.0
2023-12-31 01:50:29,020 [INFO] ThirdParty:1030 - CMSIS Pack Vendor :wolfSSL I-CUBE-wolfSSL 5.6.4
2023-12-31 01:50:29,021 [INFO] ThirdParty:1030 - CMSIS Pack Vendor :STMicroelectronics X-CUBE-SMBUS 2.1.0
2023-12-31 01:50:29,021 [INFO] ThirdParty:1030 - CMSIS Pack Vendor :STMicroelectronics USB_DEVICE 3.0.0
2023-12-31 01:50:29,021 [INFO] ThirdParty:1030 - CMSIS Pack Vendor :STMicroelectronics X-CUBE-AZRTOS-WB 2.0.0
2023-12-31 01:50:29,021 [INFO] ThirdParty:1030 - CMSIS Pack Vendor :STMicroelectronics X-CUBE-TOUCHGFX 4.23.0
2023-12-31 01:50:29,021 [INFO] ThirdParty:1030 - CMSIS Pack Vendor :STMicroelectronics X-CUBE-AZRTOS-F7 1.1.0
2023-12-31 01:50:29,021 [INFO] ThirdParty:1030 - CMSIS Pack Vendor :STMicroelectronics X-CUBE-AZRTOS-L5 2.0.0
2023-12-31 01:50:29,021 [INFO] ThirdParty:1030 - CMSIS Pack Vendor :STMicroelectronics USB_DEVICE 2.0.0
2023-12-31 01:50:29,021 [INFO] ThirdParty:1030 - CMSIS Pack Vendor :STMicroelectronics X-CUBE-EEPRMA1 4.2.0
2023-12-31 01:50:29,021 [INFO] ThirdParty:1030 - CMSIS Pack Vendor :ITTIA_DB I-CUBE-ITTIADB 8.8.0
2023-12-31 01:50:29,021 [INFO] ThirdParty:1030 - CMSIS Pack Vendor :STMicroelectronics FP-SNS-MOTENV1 4.3.2
2023-12-31 01:50:29,021 [INFO] ThirdParty:1030 - CMSIS Pack Vendor :STMicroelectronics X-CUBE-ALGOBUILD 1.3.0
2023-12-31 01:50:29,021 [INFO] ThirdParty:1030 - CMSIS Pack Vendor :STMicroelectronics FreeRTOS 0.0.1
2023-12-31 01:50:29,021 [INFO] ThirdParty:1030 - CMSIS Pack Vendor :STMicroelectronics X-CUBE-AZRTOS-G0 1.1.0
2023-12-31 01:50:29,021 [INFO] ThirdParty:1030 - CMSIS Pack Vendor :STMicroelectronics X-CUBE-NFC4 3.0.0
2023-12-31 01:50:29,021 [INFO] ThirdParty:1030 - CMSIS Pack Vendor :STMicroelectronics X-CUBE-SUBG2 5.0.0
2023-12-31 01:50:29,021 [INFO] ThirdParty:1030 - CMSIS Pack Vendor :STMicroelectronics STM32_WPAN 1.0.0
2023-12-31 01:50:29,021 [INFO] ThirdParty:1030 - CMSIS Pack Vendor :STMicroelectronics lwIP 2.0.3
2023-12-31 01:50:29,021 [INFO] ThirdParty:1030 - CMSIS Pack Vendor :STMicroelectronics FP-SNS-FLIGHT1 5.0.2
2023-12-31 01:50:29,021 [INFO] ThirdParty:1030 - CMSIS Pack Vendor :STMicroelectronics USB_HOST 1.0.0
2023-12-31 01:50:29,021 [INFO] ThirdParty:1030 - CMSIS Pack Vendor :STMicroelectronics X-CUBE-AZRTOS-G4 2.0.0
2023-12-31 01:50:29,021 [INFO] ThirdParty:1030 - CMSIS Pack Vendor :STMicroelectronics PDM2PCM 3.1.0
2023-12-31 01:50:29,021 [INFO] ThirdParty:1030 - CMSIS Pack Vendor :STMicroelectronics X-CUBE-AZRTOS-H7 3.1.0
2023-12-31 01:50:29,021 [INFO] ThirdParty:1030 - CMSIS Pack Vendor :Infineon AIROC-Wi-Fi-Bluetooth-STM32 1.5.1
2023-12-31 01:50:29,021 [INFO] ThirdParty:1030 - CMSIS Pack Vendor :STMicroelectronics X-CUBE-BLEMGR 3.0.0
2023-12-31 01:50:29,021 [INFO] ThirdParty:1030 - CMSIS Pack Vendor :STMicroelectronics PDM2PCM 3.3.0
2023-12-31 01:50:29,021 [INFO] ThirdParty:1030 - CMSIS Pack Vendor :STMicroelectronics X-CUBE-DISPLAY 3.0.0
2023-12-31 01:50:29,021 [INFO] ThirdParty:1030 - CMSIS Pack Vendor :STMicroelectronics FP-SNS-MOTENVWB1 1.3.1
2023-12-31 01:50:29,021 [INFO] ThirdParty:1030 - CMSIS Pack Vendor :STMicroelectronics X-CUBE-BLE1 7.0.0
2023-12-31 01:50:29,021 [INFO] ThirdParty:1030 - CMSIS Pack Vendor :STMicroelectronics FP-ATR-SIGFOX1 3.2.0
2023-12-31 01:50:29,021 [INFO] ThirdParty:1030 - CMSIS Pack Vendor :STMicroelectronics X-CUBE-ISPU 2.0.0
2023-12-31 01:50:29,021 [INFO] ThirdParty:1030 - CMSIS Pack Vendor :STMicroelectronics HAL Drivers 0.0.0
2023-12-31 01:50:29,021 [INFO] ThirdParty:1030 - CMSIS Pack Vendor :STMicroelectronics MBEDTLS 2.16.2
2023-12-31 01:50:29,021 [INFO] ThirdParty:1030 - CMSIS Pack Vendor :emotas I-CUBE-CANOPEN 1.3.0
2023-12-31 01:50:29,021 [INFO] ThirdParty:1030 - CMSIS Pack Vendor :STMicroelectronics X-CUBE-MEMS1 10.0.0
2023-12-31 01:50:29,021 [INFO] ThirdParty:1030 - CMSIS Pack Vendor :STMicroelectronics X-CUBE-FREERTOS 1.1.0
2023-12-31 01:50:29,021 [INFO] ThirdParty:1030 - CMSIS Pack Vendor :STMicroelectronics X-CUBE-NFC7 1.0.1
2023-12-31 01:50:29,021 [INFO] ThirdParty:1030 - CMSIS Pack Vendor :STMicroelectronics MBEDTLS 2.14.1
2023-12-31 01:50:29,021 [INFO] ThirdParty:1030 - CMSIS Pack Vendor :STMicroelectronics X-CUBE-TOUCHGFX 4.22.1
2023-12-31 01:50:29,021 [INFO] ThirdParty:1030 - CMSIS Pack Vendor :STMicroelectronics X-CUBE-NFC6 3.0.0
2023-12-31 01:50:29,021 [INFO] ThirdParty:1030 - CMSIS Pack Vendor :portGmbH I-Cube-SoM-uGOAL 1.1.0
2023-12-31 01:50:29,021 [INFO] ThirdParty:1030 - CMSIS Pack Vendor :STMicroelectronics X-CUBE-ALS 1.0.1
2023-12-31 01:50:29,021 [INFO] ThirdParty:1030 - CMSIS Pack Vendor :STMicroelectronics ThreadX 1.0.0
2023-12-31 01:50:29,021 [INFO] ThirdParty:1030 - CMSIS Pack Vendor :STMicroelectronics FP-SNS-SMARTAG2 1.2.0
2023-12-31 01:50:29,021 [INFO] ThirdParty:1030 - CMSIS Pack Vendor :STMicroelectronics X-CUBE-AZRTOS-WL 2.0.0
2023-12-31 01:50:29,021 [INFO] ThirdParty:1030 - CMSIS Pack Vendor :STMicroelectronics USB_DEVICE 1.0.0
2023-12-31 01:50:29,021 [INFO] ThirdParty:1030 - CMSIS Pack Vendor :STMicroelectronics X-CUBE-AI 8.1.0
2023-12-31 01:50:29,021 [INFO] ThirdParty:1030 - CMSIS Pack Vendor :STMicroelectronics X-CUBE-AZRTOS-L4 2.0.0
2023-12-31 01:50:29,021 [INFO] ThirdParty:1030 - CMSIS Pack Vendor :STMicroelectronics ThreadX 0.0.2
2023-12-31 01:50:29,021 [INFO] ThirdParty:1030 - CMSIS Pack Vendor :WES I-CUBE-Cesium 1.3.0
2023-12-31 01:50:29,021 [INFO] ThirdParty:1030 - CMSIS Pack Vendor :STMicroelectronics FP-ATR-ASTRA1 2.0.0
2023-12-31 01:50:29,021 [INFO] ThirdParty:1030 - CMSIS Pack Vendor :STMicroelectronics lwIP 2.1.2
2023-12-31 01:50:29,021 [INFO] ThirdParty:1030 - CMSIS Pack Vendor :STMicroelectronics X-CUBE-SFXS2LP1 4.0.0
2023-12-31 01:50:29,021 [INFO] ThirdParty:1030 - CMSIS Pack Vendor :STMicroelectronics X-CUBE-BLE2 3.3.0
2023-12-31 01:50:29,021 [INFO] ThirdParty:1030 - CMSIS Pack Vendor :STMicroelectronics X-CUBE-TOF1 3.4.0
2023-12-31 01:50:29,021 [INFO] ThirdParty:1030 - CMSIS Pack Vendor :STMicroelectronics X-CUBE-AZRTOS-H7 3.2.0
2023-12-31 01:50:29,021 [INFO] ThirdParty:1030 - CMSIS Pack Vendor :STMicroelectronics PDM2PCM 3.2.0
2023-12-31 01:50:29,022 [INFO] ThirdParty:841 - exiting critical section [change project]
2023-12-31 01:50:29,064 [INFO] PinOutPanel:1499 - setPackage(No Configuration,No Configuration)
2023-12-31 01:50:29,065 [INFO] PinOutPanel:1499 - setPackage(STM32F042F4Px,TSSOP20)
2023-12-31 01:50:29,641 [INFO] UtilMem:75 - Before build in PCC Used Memory: 376858784 Bytes (1013972992)
2023-12-31 01:50:29,750 [INFO] UtilMem:75 - After build in PCC Used Memory: 419850400 Bytes (1013972992)
2023-12-31 01:50:29,760 [INFO] IPUIPlugin:80 - create IPUIPlugin
2023-12-31 01:50:29,760 [INFO] IPUIPlugin:80 - create IPUIPlugin
2023-12-31 01:50:29,761 [INFO] IPUIPlugin:80 - create IPUIPlugin
2023-12-31 01:50:29,761 [INFO] IPUIPlugin:80 - create IPUIPlugin
2023-12-31 01:50:29,761 [INFO] IPUIPlugin:80 - create IPUIPlugin
2023-12-31 01:50:29,761 [INFO] IPUIPlugin:80 - create IPUIPlugin
2023-12-31 01:50:29,761 [INFO] IPUIPlugin:80 - create IPUIPlugin
2023-12-31 01:50:29,761 [INFO] IPUIPlugin:80 - create IPUIPlugin
2023-12-31 01:50:29,761 [INFO] IPUIPlugin:80 - create IPUIPlugin
2023-12-31 01:50:29,761 [INFO] IPUIPlugin:80 - create IPUIPlugin
2023-12-31 01:50:29,761 [INFO] IPUIPlugin:80 - create IPUIPlugin
2023-12-31 01:50:29,761 [INFO] IPUIPlugin:80 - create IPUIPlugin
2023-12-31 01:50:29,761 [INFO] IPUIPlugin:80 - create IPUIPlugin
2023-12-31 01:50:29,761 [INFO] IPUIPlugin:80 - create IPUIPlugin
2023-12-31 01:50:29,761 [INFO] IPUIPlugin:80 - create IPUIPlugin
2023-12-31 01:50:29,761 [INFO] IPUIPlugin:80 - create IPUIPlugin
2023-12-31 01:50:29,761 [INFO] IPUIPlugin:80 - create IPUIPlugin
2023-12-31 01:50:29,761 [INFO] IPUIPlugin:80 - create IPUIPlugin
2023-12-31 01:50:29,761 [INFO] IPUIPlugin:80 - create IPUIPlugin
2023-12-31 01:50:29,762 [INFO] IPUIPlugin:80 - create IPUIPlugin
2023-12-31 01:50:29,762 [INFO] IPUIPlugin:80 - create IPUIPlugin
2023-12-31 01:50:29,762 [INFO] IPUIPlugin:80 - create IPUIPlugin
2023-12-31 01:50:29,762 [INFO] IPUIPlugin:80 - create IPUIPlugin
2023-12-31 01:50:29,762 [INFO] IPUIPlugin:80 - create IPUIPlugin
2023-12-31 01:50:29,762 [INFO] IPUIPlugin:80 - create IPUIPlugin
2023-12-31 01:50:29,762 [INFO] IPUIPlugin:80 - create IPUIPlugin
2023-12-31 01:50:29,762 [INFO] IPUIPlugin:80 - create IPUIPlugin
2023-12-31 01:50:29,762 [INFO] IPUIPlugin:80 - create IPUIPlugin
2023-12-31 01:50:29,762 [INFO] IPUIPlugin:80 - create IPUIPlugin
2023-12-31 01:50:29,763 [INFO] IPUIPlugin:80 - create IPUIPlugin
2023-12-31 01:50:29,767 [INFO] Can:71 - Can Add PropertyChangeListener com.st.microxplorer.plugins.ip.can.Can@7877b69d
2023-12-31 01:50:29,791 [INFO] CADModel:165 - CPN selected for project levelSTM32F042F4P6
2023-12-31 01:50:29,791 [INFO] CADModel:114 - Register for checkConnection events
2023-12-31 01:50:29,862 [INFO] OpenFileManager:343 - Restore cursor
2023-12-31 01:50:33,753 [INFO] NvicIntPanel:101 - NVIC parent = com.st.microxplorer.plugins.ip.nvic.MultiNvicIntPanel[,0,0,0x0,invalid,layout=javax.swing.BoxLayout,alignmentX=0.0,alignmentY=0.0,border=,flags=9,maximumSize=,minimumSize=,preferredSize=]
2023-12-31 01:50:45,776 [INFO] MainUpdater:2873 - connection check result : 10
2023-12-31 01:50:45,776 [INFO] MainUpdater:2873 - connection check result : 10
2023-12-31 01:50:45,794 [INFO] MicroXplorer:468 - Change Database Path : 
2023-12-31 01:50:45,794 [INFO] MicroXplorer:498 - Change Database Version : DB.6.0.100
2023-12-31 01:50:45,800 [ERROR] ProjectManagerView:394 - 
java.lang.NullPointerException: Cannot invoke "javax.swing.JTextField.getText()" because the return value of "java.util.List.get(int)" is null
	at com.st.microxplorer.plugins.projectmanager.gui.ProjectChoiceTab$10.caretUpdate(ProjectChoiceTab.java:2493) ~[filemanager.jar:?]
	at javax.swing.text.JTextComponent.fireCaretUpdate(JTextComponent.java:412) ~[?:?]
	at javax.swing.text.JTextComponent$MutableCaretEvent.fire(JTextComponent.java:4491) ~[?:?]
	at javax.swing.text.JTextComponent$MutableCaretEvent.stateChanged(JTextComponent.java:4513) ~[?:?]
	at javax.swing.text.DefaultCaret.fireStateChanged(DefaultCaret.java:842) ~[?:?]
	at javax.swing.text.DefaultCaret.changeCaretPosition(DefaultCaret.java:1313) ~[?:?]
	at javax.swing.text.DefaultCaret.handleSetDot(DefaultCaret.java:1212) ~[?:?]
	at javax.swing.text.DefaultCaret.setDot(DefaultCaret.java:1193) ~[?:?]
	at javax.swing.text.DefaultCaret$Handler.insertUpdate(DefaultCaret.java:1789) ~[?:?]
	at javax.swing.text.AbstractDocument.fireInsertUpdate(AbstractDocument.java:226) ~[?:?]
	at javax.swing.text.AbstractDocument.handleInsertString(AbstractDocument.java:780) ~[?:?]
	at javax.swing.text.AbstractDocument.insertString(AbstractDocument.java:739) ~[?:?]
	at javax.swing.text.PlainDocument.insertString(PlainDocument.java:131) ~[?:?]
	at javax.swing.text.AbstractDocument.replace(AbstractDocument.java:698) ~[?:?]
	at javax.swing.text.JTextComponent.setText(JTextComponent.java:1729) ~[?:?]
	at com.st.microxplorer.plugins.projectmanager.gui.ProjectChoiceTab.createHeapStackFields(ProjectChoiceTab.java:933) ~[filemanager.jar:?]
	at com.st.microxplorer.plugins.projectmanager.gui.ProjectChoiceTab.buildLinkSettingsPanel(ProjectChoiceTab.java:3426) ~[filemanager.jar:?]
	at com.st.microxplorer.plugins.projectmanager.gui.ProjectChoiceTab.defineWindowsFields(ProjectChoiceTab.java:1813) ~[filemanager.jar:?]
	at com.st.microxplorer.plugins.projectmanager.gui.ProjectChoiceTab.updateSettings(ProjectChoiceTab.java:533) ~[filemanager.jar:?]
	at com.st.microxplorer.plugins.projectmanager.gui.ProjectSettingsPanel.UpdateDialog(ProjectSettingsPanel.java:244) ~[filemanager.jar:?]
	at com.st.microxplorer.plugins.projectmanager.ProjectManagerView.propertyChange(ProjectManagerView.java:391) ~[filemanager.jar:?]
	at java.beans.PropertyChangeSupport.fire(PropertyChangeSupport.java:343) ~[?:?]
	at java.beans.PropertyChangeSupport.firePropertyChange(PropertyChangeSupport.java:335) ~[?:?]
	at java.beans.PropertyChangeSupport.firePropertyChange(PropertyChangeSupport.java:268) ~[?:?]
	at com.st.microxplorer.util.MXPropertyChangeSupport.firePropertyChange(MXPropertyChangeSupport.java:54) ~[STM32CubeMX.jar:?]
	at com.st.microxplorer.mxsystem.MxSystem.closeConfig(MxSystem.java:900) ~[STM32CubeMX.jar:?]
	at com.st.microxplorer.maingui.MainPanel.closeConfig(MainPanel.java:776) ~[STM32CubeMX.jar:?]
	at com.st.microxplorer.plugins.filemanager.engine.OpenFileManager.loadConfigurationFile(OpenFileManager.java:245) ~[filemanager.jar:?]
	at com.st.microxplorer.plugins.filemanager.engine.MainFileManager.userLoadConfig(MainFileManager.java:290) ~[filemanager.jar:?]
	at com.st.microxplorer.plugins.filemanager.FileManagerView.getSpecificTask(FileManagerView.java:247) ~[filemanager.jar:?]
	at com.st.stm32cube.common.mx.editor.CubeMxEditor.getMxTabbedPaneInstance(CubeMxEditor.java:1184) ~[com.st.stm32cube.common.mx_6.10.0.202311202037/:?]
	at com.st.stm32cube.common.mx.editor.CubeMxEditor$12$1.createSwingComponent(CubeMxEditor.java:1065) ~[com.st.stm32cube.common.mx_6.10.0.202311202037/:?]
	at com.st.stm32cube.common.mx.oss.core.awtswtbridge.EmbeddedSwingComposite.doComponentCreation(EmbeddedSwingComposite.java:492) ~[com.st.stm32cube.common.mx.oss_6.10.0.202311202037/:?]
	at com.st.stm32cube.common.mx.oss.core.awtswtbridge.EmbeddedSwingComposite$4.run(EmbeddedSwingComposite.java:291) ~[com.st.stm32cube.common.mx.oss_6.10.0.202311202037/:?]
	at com.st.stm32cube.common.mx.oss.core.awtswtbridge.AwtEnvironment$2.run(AwtEnvironment.java:166) ~[com.st.stm32cube.common.mx.oss_6.10.0.202311202037/:?]
	at java.awt.event.InvocationEvent.dispatch(InvocationEvent.java:318) ~[?:?]
	at java.awt.EventQueue.dispatchEventImpl(EventQueue.java:773) ~[?:?]
	at java.awt.EventQueue$4.run(EventQueue.java:720) ~[?:?]
	at java.awt.EventQueue$4.run(EventQueue.java:714) ~[?:?]
	at java.security.AccessController.doPrivileged(AccessController.java:399) ~[?:?]
	at java.security.ProtectionDomain$JavaSecurityAccessImpl.doIntersectionPrivilege(ProtectionDomain.java:86) ~[?:?]
	at java.awt.EventQueue.dispatchEvent(EventQueue.java:742) ~[?:?]
	at java.awt.EventDispatchThread.pumpOneEventForFilters(EventDispatchThread.java:203) ~[?:?]
	at java.awt.EventDispatchThread.pumpEventsForFilter(EventDispatchThread.java:124) ~[?:?]
	at java.awt.EventDispatchThread.pumpEventsForHierarchy(EventDispatchThread.java:113) ~[?:?]
	at java.awt.EventDispatchThread.pumpEvents(EventDispatchThread.java:109) ~[?:?]
	at java.awt.EventDispatchThread.pumpEvents(EventDispatchThread.java:101) ~[?:?]
	at java.awt.EventDispatchThread.run(EventDispatchThread.java:90) ~[?:?]
2023-12-31 01:50:45,800 [WARN] ThirdParty:871 - waiting for thirdparty lock release [close project]
2023-12-31 01:50:45,800 [INFO] ThirdParty:873 - entering critical section [close project]
2023-12-31 01:50:45,800 [INFO] ThirdParty:883 - exiting critical section [close project]
2023-12-31 01:50:45,801 [INFO] PinOutPanel:1499 - setPackage(No Configuration,No Configuration)
2023-12-31 01:50:45,803 [INFO] UtilMem:75 - Begin LoadConfig() Used Memory: 581853344 Bytes (1013972992)
2023-12-31 01:50:45,804 [INFO] MicroXplorer:468 - Change Database Path : 
2023-12-31 01:50:45,804 [INFO] MicroXplorer:498 - Change Database Version : DB.6.0.100
2023-12-31 01:50:45,804 [INFO] OpenFileManager:312 - Change cursor
2023-12-31 01:50:45,808 [INFO] Mcu:2016 - Initializing MCU STM32F042F4Px STM32F042F4Px STM32F042F4P6
2023-12-31 01:50:46,265 [INFO] Context:659 - Trying to add GPIOservice into a context  which must be forbidden
2023-12-31 01:50:46,362 [INFO] RtosManager:555 - Registered RTOS mode: class=CMSIS, group=RTOS, mode=CMSIS_V1, owner=FREERTOS
2023-12-31 01:50:46,362 [INFO] RtosManager:555 - Registered RTOS mode: class=CMSIS, group=RTOS2, mode=CMSIS_V2, owner=FREERTOS
2023-12-31 01:50:46,362 [INFO] RtosManager:555 - Registered RTOS mode: class=RTOS, group=Core, mode=CMSIS_V1, owner=FREERTOS
2023-12-31 01:50:46,362 [INFO] RtosManager:555 - Registered RTOS mode: class=RTOS, group=Core, mode=CMSIS_V2, owner=FREERTOS
2023-12-31 01:50:46,362 [WARN] ModelIntegratedComponent:184 - Missing modes for component STMicroelectronics:FreeRTOS:0.0.1:STMicroelectronics:RTOS:FreeRTOS:Core:::10.2.0:
2023-12-31 01:50:46,366 [WARN] ModelIntegratedComponent:63 - No mode defined for component null
2023-12-31 01:50:46,366 [WARN] ModelIntegratedComponent:63 - No mode defined for component null
2023-12-31 01:50:46,366 [WARN] ModelIntegratedComponent:63 - No mode defined for component null
2023-12-31 01:50:46,366 [WARN] ModelIntegratedComponent:63 - No mode defined for component null
2023-12-31 01:50:46,366 [WARN] ModelIntegratedComponent:63 - No mode defined for component null
2023-12-31 01:50:46,366 [WARN] ModelIntegratedComponent:63 - No mode defined for component null
2023-12-31 01:50:46,366 [WARN] ModelIntegratedComponent:63 - No mode defined for component null
2023-12-31 01:50:46,366 [WARN] ModelIntegratedComponent:63 - No mode defined for component null
2023-12-31 01:50:46,366 [WARN] ModelIntegratedComponent:63 - No mode defined for component null
2023-12-31 01:50:46,366 [WARN] ModelIntegratedComponent:63 - No mode defined for component null
2023-12-31 01:50:46,366 [WARN] ModelIntegratedComponent:63 - No mode defined for component null
2023-12-31 01:50:46,366 [WARN] ModelIntegratedComponent:63 - No mode defined for component null
2023-12-31 01:50:46,366 [WARN] ModelIntegratedComponent:63 - No mode defined for component null
2023-12-31 01:50:46,366 [WARN] ModelIntegratedComponent:63 - No mode defined for component null
2023-12-31 01:50:46,366 [WARN] ModelIntegratedComponent:63 - No mode defined for component null
2023-12-31 01:50:46,366 [WARN] ModelIntegratedComponent:63 - No mode defined for component null
2023-12-31 01:50:46,366 [WARN] ModelIntegratedComponent:63 - No mode defined for component null
2023-12-31 01:50:46,366 [WARN] ModelIntegratedComponent:63 - No mode defined for component null
2023-12-31 01:50:46,366 [WARN] ModelIntegratedComponent:63 - No mode defined for component null
2023-12-31 01:50:46,366 [WARN] ModelIntegratedComponent:63 - No mode defined for component null
2023-12-31 01:50:46,366 [WARN] ModelIntegratedComponent:63 - No mode defined for component null
2023-12-31 01:50:46,366 [WARN] ModelIntegratedComponent:63 - No mode defined for component null
2023-12-31 01:50:46,366 [WARN] ModelIntegratedComponent:63 - No mode defined for component null
2023-12-31 01:50:46,366 [WARN] ModelIntegratedComponent:63 - No mode defined for component null
2023-12-31 01:50:46,366 [WARN] ModelIntegratedComponent:63 - No mode defined for component null
2023-12-31 01:50:46,366 [WARN] ModelIntegratedComponent:63 - No mode defined for component null
2023-12-31 01:50:46,366 [WARN] ModelIntegratedComponent:63 - No mode defined for component null
2023-12-31 01:50:46,366 [WARN] ModelIntegratedComponent:63 - No mode defined for component null
2023-12-31 01:50:46,366 [WARN] ModelIntegratedComponent:63 - No mode defined for component null
2023-12-31 01:50:46,366 [WARN] ModelIntegratedComponent:63 - No mode defined for component null
2023-12-31 01:50:46,366 [WARN] ModelIntegratedComponent:63 - No mode defined for component null
2023-12-31 01:50:46,366 [WARN] ModelIntegratedComponent:63 - No mode defined for component null
2023-12-31 01:50:46,366 [WARN] ModelIntegratedComponent:63 - No mode defined for component null
2023-12-31 01:50:46,414 [INFO] ThirdPartyModel:298 - Start build external matchings
2023-12-31 01:50:46,571 [INFO] ThirdPartyModel:316 - End build external matchings
2023-12-31 01:50:46,575 [INFO] ImportTextPane:194 - (OptionalMessage_ERROR) IP (RCC) : Invalid parameter (FamilyName)
2023-12-31 01:50:46,575 [INFO] ImportTextPane:194 - (OptionalMessage_ERROR) IP (RCC) : Invalid parameter (HSICECFreq_Value)
2023-12-31 01:50:46,785 [INFO] UtilMem:75 - End LoadConfig() Used Memory: 340903960 Bytes (1013972992)
2023-12-31 01:50:46,876 [INFO] MicroXplorer:468 - Change Database Path : 
2023-12-31 01:50:46,876 [INFO] MicroXplorer:498 - Change Database Version : DB.6.0.100
2023-12-31 01:50:46,876 [WARN] ThirdParty:833 - waiting for thirdparty lock release [change project]
2023-12-31 01:50:46,876 [INFO] ThirdParty:835 - entering critical section [change project]
2023-12-31 01:50:46,876 [INFO] ThirdParty:1030 - CMSIS Pack Vendor :STMicroelectronics X-CUBE-ISPU 1.1.0
2023-12-31 01:50:46,876 [INFO] ThirdParty:1030 - CMSIS Pack Vendor :STMicroelectronics USBPD 4.1
2023-12-31 01:50:46,876 [INFO] ThirdParty:1030 - CMSIS Pack Vendor :STMicroelectronics X-CUBE-GNSS1 6.0.0
2023-12-31 01:50:46,876 [INFO] ThirdParty:1030 - CMSIS Pack Vendor :STMicroelectronics USB_HOST 2.0.0
2023-12-31 01:50:46,877 [INFO] ThirdParty:1030 - CMSIS Pack Vendor :STMicroelectronics X-CUBE-AZRTOS-F4 1.1.0
2023-12-31 01:50:46,877 [INFO] ThirdParty:1030 - CMSIS Pack Vendor :STMicroelectronics LIBJPEG 8.0.0
2023-12-31 01:50:46,877 [INFO] ThirdParty:1030 - CMSIS Pack Vendor :wolfSSL I-CUBE-wolfSSL 5.6.4
2023-12-31 01:50:46,877 [INFO] ThirdParty:1030 - CMSIS Pack Vendor :STMicroelectronics X-CUBE-SMBUS 2.1.0
2023-12-31 01:50:46,877 [INFO] ThirdParty:1030 - CMSIS Pack Vendor :STMicroelectronics USB_DEVICE 3.0.0
2023-12-31 01:50:46,877 [INFO] ThirdParty:1030 - CMSIS Pack Vendor :STMicroelectronics X-CUBE-AZRTOS-WB 2.0.0
2023-12-31 01:50:46,877 [INFO] ThirdParty:1030 - CMSIS Pack Vendor :STMicroelectronics X-CUBE-TOUCHGFX 4.23.0
2023-12-31 01:50:46,877 [INFO] ThirdParty:1030 - CMSIS Pack Vendor :STMicroelectronics X-CUBE-AZRTOS-F7 1.1.0
2023-12-31 01:50:46,877 [INFO] ThirdParty:1030 - CMSIS Pack Vendor :STMicroelectronics X-CUBE-AZRTOS-L5 2.0.0
2023-12-31 01:50:46,877 [INFO] ThirdParty:1030 - CMSIS Pack Vendor :STMicroelectronics USB_DEVICE 2.0.0
2023-12-31 01:50:46,877 [INFO] ThirdParty:1030 - CMSIS Pack Vendor :STMicroelectronics X-CUBE-EEPRMA1 4.2.0
2023-12-31 01:50:46,877 [INFO] ThirdParty:1030 - CMSIS Pack Vendor :ITTIA_DB I-CUBE-ITTIADB 8.8.0
2023-12-31 01:50:46,877 [INFO] ThirdParty:1030 - CMSIS Pack Vendor :STMicroelectronics FP-SNS-MOTENV1 4.3.2
2023-12-31 01:50:46,877 [INFO] ThirdParty:1030 - CMSIS Pack Vendor :STMicroelectronics X-CUBE-ALGOBUILD 1.3.0
2023-12-31 01:50:46,877 [INFO] ThirdParty:1030 - CMSIS Pack Vendor :STMicroelectronics FreeRTOS 0.0.1
2023-12-31 01:50:46,877 [INFO] ThirdParty:1030 - CMSIS Pack Vendor :STMicroelectronics X-CUBE-AZRTOS-G0 1.1.0
2023-12-31 01:50:46,877 [INFO] ThirdParty:1030 - CMSIS Pack Vendor :STMicroelectronics X-CUBE-NFC4 3.0.0
2023-12-31 01:50:46,877 [INFO] ThirdParty:1030 - CMSIS Pack Vendor :STMicroelectronics X-CUBE-SUBG2 5.0.0
2023-12-31 01:50:46,877 [INFO] ThirdParty:1030 - CMSIS Pack Vendor :STMicroelectronics STM32_WPAN 1.0.0
2023-12-31 01:50:46,877 [INFO] ThirdParty:1030 - CMSIS Pack Vendor :STMicroelectronics lwIP 2.0.3
2023-12-31 01:50:46,877 [INFO] ThirdParty:1030 - CMSIS Pack Vendor :STMicroelectronics FP-SNS-FLIGHT1 5.0.2
2023-12-31 01:50:46,877 [INFO] ThirdParty:1030 - CMSIS Pack Vendor :STMicroelectronics USB_HOST 1.0.0
2023-12-31 01:50:46,877 [INFO] ThirdParty:1030 - CMSIS Pack Vendor :STMicroelectronics X-CUBE-AZRTOS-G4 2.0.0
2023-12-31 01:50:46,877 [INFO] ThirdParty:1030 - CMSIS Pack Vendor :STMicroelectronics PDM2PCM 3.1.0
2023-12-31 01:50:46,877 [INFO] ThirdParty:1030 - CMSIS Pack Vendor :STMicroelectronics X-CUBE-AZRTOS-H7 3.1.0
2023-12-31 01:50:46,877 [INFO] ThirdParty:1030 - CMSIS Pack Vendor :Infineon AIROC-Wi-Fi-Bluetooth-STM32 1.5.1
2023-12-31 01:50:46,877 [INFO] ThirdParty:1030 - CMSIS Pack Vendor :STMicroelectronics X-CUBE-BLEMGR 3.0.0
2023-12-31 01:50:46,877 [INFO] ThirdParty:1030 - CMSIS Pack Vendor :STMicroelectronics PDM2PCM 3.3.0
2023-12-31 01:50:46,877 [INFO] ThirdParty:1030 - CMSIS Pack Vendor :STMicroelectronics X-CUBE-DISPLAY 3.0.0
2023-12-31 01:50:46,877 [INFO] ThirdParty:1030 - CMSIS Pack Vendor :STMicroelectronics FP-SNS-MOTENVWB1 1.3.1
2023-12-31 01:50:46,877 [INFO] ThirdParty:1030 - CMSIS Pack Vendor :STMicroelectronics X-CUBE-BLE1 7.0.0
2023-12-31 01:50:46,877 [INFO] ThirdParty:1030 - CMSIS Pack Vendor :STMicroelectronics FP-ATR-SIGFOX1 3.2.0
2023-12-31 01:50:46,877 [INFO] ThirdParty:1030 - CMSIS Pack Vendor :STMicroelectronics X-CUBE-ISPU 2.0.0
2023-12-31 01:50:46,877 [INFO] ThirdParty:1030 - CMSIS Pack Vendor :STMicroelectronics HAL Drivers 0.0.0
2023-12-31 01:50:46,877 [INFO] ThirdParty:1030 - CMSIS Pack Vendor :STMicroelectronics MBEDTLS 2.16.2
2023-12-31 01:50:46,877 [INFO] ThirdParty:1030 - CMSIS Pack Vendor :emotas I-CUBE-CANOPEN 1.3.0
2023-12-31 01:50:46,877 [INFO] ThirdParty:1030 - CMSIS Pack Vendor :STMicroelectronics X-CUBE-MEMS1 10.0.0
2023-12-31 01:50:46,877 [INFO] ThirdParty:1030 - CMSIS Pack Vendor :STMicroelectronics X-CUBE-FREERTOS 1.1.0
2023-12-31 01:50:46,877 [INFO] ThirdParty:1030 - CMSIS Pack Vendor :STMicroelectronics X-CUBE-NFC7 1.0.1
2023-12-31 01:50:46,877 [INFO] ThirdParty:1030 - CMSIS Pack Vendor :STMicroelectronics MBEDTLS 2.14.1
2023-12-31 01:50:46,877 [INFO] ThirdParty:1030 - CMSIS Pack Vendor :STMicroelectronics X-CUBE-TOUCHGFX 4.22.1
2023-12-31 01:50:46,877 [INFO] ThirdParty:1030 - CMSIS Pack Vendor :STMicroelectronics X-CUBE-NFC6 3.0.0
2023-12-31 01:50:46,877 [INFO] ThirdParty:1030 - CMSIS Pack Vendor :portGmbH I-Cube-SoM-uGOAL 1.1.0
2023-12-31 01:50:46,877 [INFO] ThirdParty:1030 - CMSIS Pack Vendor :STMicroelectronics X-CUBE-ALS 1.0.1
2023-12-31 01:50:46,877 [INFO] ThirdParty:1030 - CMSIS Pack Vendor :STMicroelectronics ThreadX 1.0.0
2023-12-31 01:50:46,877 [INFO] ThirdParty:1030 - CMSIS Pack Vendor :STMicroelectronics FP-SNS-SMARTAG2 1.2.0
2023-12-31 01:50:46,877 [INFO] ThirdParty:1030 - CMSIS Pack Vendor :STMicroelectronics X-CUBE-AZRTOS-WL 2.0.0
2023-12-31 01:50:46,877 [INFO] ThirdParty:1030 - CMSIS Pack Vendor :STMicroelectronics USB_DEVICE 1.0.0
2023-12-31 01:50:46,877 [INFO] ThirdParty:1030 - CMSIS Pack Vendor :STMicroelectronics X-CUBE-AI 8.1.0
2023-12-31 01:50:46,877 [INFO] ThirdParty:1030 - CMSIS Pack Vendor :STMicroelectronics X-CUBE-AZRTOS-L4 2.0.0
2023-12-31 01:50:46,877 [INFO] ThirdParty:1030 - CMSIS Pack Vendor :STMicroelectronics ThreadX 0.0.2
2023-12-31 01:50:46,877 [INFO] ThirdParty:1030 - CMSIS Pack Vendor :WES I-CUBE-Cesium 1.3.0
2023-12-31 01:50:46,877 [INFO] ThirdParty:1030 - CMSIS Pack Vendor :STMicroelectronics FP-ATR-ASTRA1 2.0.0
2023-12-31 01:50:46,877 [INFO] ThirdParty:1030 - CMSIS Pack Vendor :STMicroelectronics lwIP 2.1.2
2023-12-31 01:50:46,877 [INFO] ThirdParty:1030 - CMSIS Pack Vendor :STMicroelectronics X-CUBE-SFXS2LP1 4.0.0
2023-12-31 01:50:46,877 [INFO] ThirdParty:1030 - CMSIS Pack Vendor :STMicroelectronics X-CUBE-BLE2 3.3.0
2023-12-31 01:50:46,877 [INFO] ThirdParty:1030 - CMSIS Pack Vendor :STMicroelectronics X-CUBE-TOF1 3.4.0
2023-12-31 01:50:46,877 [INFO] ThirdParty:1030 - CMSIS Pack Vendor :STMicroelectronics X-CUBE-AZRTOS-H7 3.2.0
2023-12-31 01:50:46,877 [INFO] ThirdParty:1030 - CMSIS Pack Vendor :STMicroelectronics PDM2PCM 3.2.0
2023-12-31 01:50:46,877 [INFO] ThirdParty:841 - exiting critical section [change project]
2023-12-31 01:50:46,921 [INFO] PinOutPanel:1499 - setPackage(No Configuration,No Configuration)
2023-12-31 01:50:46,922 [INFO] PinOutPanel:1499 - setPackage(STM32F042F4Px,TSSOP20)
2023-12-31 01:50:47,391 [INFO] UtilMem:75 - Before build in PCC Used Memory: 456862424 Bytes (1013972992)
2023-12-31 01:50:47,488 [INFO] UtilMem:75 - After build in PCC Used Memory: 500380376 Bytes (1013972992)
2023-12-31 01:50:47,499 [INFO] IPUIPlugin:80 - create IPUIPlugin
2023-12-31 01:50:47,499 [INFO] IPUIPlugin:80 - create IPUIPlugin
2023-12-31 01:50:47,500 [INFO] IPUIPlugin:80 - create IPUIPlugin
2023-12-31 01:50:47,500 [INFO] IPUIPlugin:80 - create IPUIPlugin
2023-12-31 01:50:47,500 [INFO] IPUIPlugin:80 - create IPUIPlugin
2023-12-31 01:50:47,500 [INFO] IPUIPlugin:80 - create IPUIPlugin
2023-12-31 01:50:47,500 [INFO] IPUIPlugin:80 - create IPUIPlugin
2023-12-31 01:50:47,500 [INFO] IPUIPlugin:80 - create IPUIPlugin
2023-12-31 01:50:47,500 [INFO] IPUIPlugin:80 - create IPUIPlugin
2023-12-31 01:50:47,500 [INFO] IPUIPlugin:80 - create IPUIPlugin
2023-12-31 01:50:47,500 [INFO] IPUIPlugin:80 - create IPUIPlugin
2023-12-31 01:50:47,500 [INFO] IPUIPlugin:80 - create IPUIPlugin
2023-12-31 01:50:47,500 [INFO] IPUIPlugin:80 - create IPUIPlugin
2023-12-31 01:50:47,500 [INFO] IPUIPlugin:80 - create IPUIPlugin
2023-12-31 01:50:47,500 [INFO] IPUIPlugin:80 - create IPUIPlugin
2023-12-31 01:50:47,500 [INFO] IPUIPlugin:80 - create IPUIPlugin
2023-12-31 01:50:47,501 [INFO] IPUIPlugin:80 - create IPUIPlugin
2023-12-31 01:50:47,501 [INFO] IPUIPlugin:80 - create IPUIPlugin
2023-12-31 01:50:47,501 [INFO] IPUIPlugin:80 - create IPUIPlugin
2023-12-31 01:50:47,502 [INFO] IPUIPlugin:80 - create IPUIPlugin
2023-12-31 01:50:47,502 [INFO] IPUIPlugin:80 - create IPUIPlugin
2023-12-31 01:50:47,502 [INFO] IPUIPlugin:80 - create IPUIPlugin
2023-12-31 01:50:47,502 [INFO] IPUIPlugin:80 - create IPUIPlugin
2023-12-31 01:50:47,502 [INFO] IPUIPlugin:80 - create IPUIPlugin
2023-12-31 01:50:47,503 [INFO] IPUIPlugin:80 - create IPUIPlugin
2023-12-31 01:50:47,503 [INFO] IPUIPlugin:80 - create IPUIPlugin
2023-12-31 01:50:47,503 [INFO] IPUIPlugin:80 - create IPUIPlugin
2023-12-31 01:50:47,503 [INFO] IPUIPlugin:80 - create IPUIPlugin
2023-12-31 01:50:47,503 [INFO] IPUIPlugin:80 - create IPUIPlugin
2023-12-31 01:50:47,503 [INFO] IPUIPlugin:80 - create IPUIPlugin
2023-12-31 01:50:47,527 [INFO] CADModel:165 - CPN selected for project levelSTM32F042F4P6
2023-12-31 01:50:47,527 [INFO] CADModel:114 - Register for checkConnection events
2023-12-31 01:50:47,602 [INFO] OpenFileManager:343 - Restore cursor
2023-12-31 01:50:51,064 [INFO] NvicIntPanel:101 - NVIC parent = com.st.microxplorer.plugins.ip.nvic.MultiNvicIntPanel[,0,0,0x0,invalid,layout=javax.swing.BoxLayout,alignmentX=0.0,alignmentY=0.0,border=,flags=9,maximumSize=,minimumSize=,preferredSize=]
2023-12-31 02:13:00,015 [INFO] MainUpdater:2873 - connection check result : 10
2023-12-31 02:13:00,016 [INFO] MainUpdater:2873 - connection check result : 10
2023-12-31 02:13:00,038 [INFO] MicroXplorer:468 - Change Database Path : 
2023-12-31 02:13:00,038 [INFO] MicroXplorer:498 - Change Database Version : DB.6.0.100
2023-12-31 02:13:00,045 [ERROR] ProjectManagerView:394 - 
java.lang.NullPointerException: Cannot invoke "javax.swing.JTextField.getText()" because the return value of "java.util.List.get(int)" is null
	at com.st.microxplorer.plugins.projectmanager.gui.ProjectChoiceTab$10.caretUpdate(ProjectChoiceTab.java:2493) ~[filemanager.jar:?]
	at javax.swing.text.JTextComponent.fireCaretUpdate(JTextComponent.java:412) ~[?:?]
	at javax.swing.text.JTextComponent$MutableCaretEvent.fire(JTextComponent.java:4491) ~[?:?]
	at javax.swing.text.JTextComponent$MutableCaretEvent.stateChanged(JTextComponent.java:4513) ~[?:?]
	at javax.swing.text.DefaultCaret.fireStateChanged(DefaultCaret.java:842) ~[?:?]
	at javax.swing.text.DefaultCaret.changeCaretPosition(DefaultCaret.java:1313) ~[?:?]
	at javax.swing.text.DefaultCaret.handleSetDot(DefaultCaret.java:1212) ~[?:?]
	at javax.swing.text.DefaultCaret.setDot(DefaultCaret.java:1193) ~[?:?]
	at javax.swing.text.DefaultCaret$Handler.insertUpdate(DefaultCaret.java:1789) ~[?:?]
	at javax.swing.text.AbstractDocument.fireInsertUpdate(AbstractDocument.java:226) ~[?:?]
	at javax.swing.text.AbstractDocument.handleInsertString(AbstractDocument.java:780) ~[?:?]
	at javax.swing.text.AbstractDocument.insertString(AbstractDocument.java:739) ~[?:?]
	at javax.swing.text.PlainDocument.insertString(PlainDocument.java:131) ~[?:?]
	at javax.swing.text.AbstractDocument.replace(AbstractDocument.java:698) ~[?:?]
	at javax.swing.text.JTextComponent.setText(JTextComponent.java:1729) ~[?:?]
	at com.st.microxplorer.plugins.projectmanager.gui.ProjectChoiceTab.createHeapStackFields(ProjectChoiceTab.java:933) ~[filemanager.jar:?]
	at com.st.microxplorer.plugins.projectmanager.gui.ProjectChoiceTab.buildLinkSettingsPanel(ProjectChoiceTab.java:3426) ~[filemanager.jar:?]
	at com.st.microxplorer.plugins.projectmanager.gui.ProjectChoiceTab.defineWindowsFields(ProjectChoiceTab.java:1813) ~[filemanager.jar:?]
	at com.st.microxplorer.plugins.projectmanager.gui.ProjectChoiceTab.updateSettings(ProjectChoiceTab.java:533) ~[filemanager.jar:?]
	at com.st.microxplorer.plugins.projectmanager.gui.ProjectSettingsPanel.UpdateDialog(ProjectSettingsPanel.java:244) ~[filemanager.jar:?]
	at com.st.microxplorer.plugins.projectmanager.ProjectManagerView.propertyChange(ProjectManagerView.java:391) ~[filemanager.jar:?]
	at java.beans.PropertyChangeSupport.fire(PropertyChangeSupport.java:343) ~[?:?]
	at java.beans.PropertyChangeSupport.firePropertyChange(PropertyChangeSupport.java:335) ~[?:?]
	at java.beans.PropertyChangeSupport.firePropertyChange(PropertyChangeSupport.java:268) ~[?:?]
	at com.st.microxplorer.util.MXPropertyChangeSupport.firePropertyChange(MXPropertyChangeSupport.java:54) ~[STM32CubeMX.jar:?]
	at com.st.microxplorer.mxsystem.MxSystem.closeConfig(MxSystem.java:900) ~[STM32CubeMX.jar:?]
	at com.st.microxplorer.maingui.MainPanel.closeConfig(MainPanel.java:776) ~[STM32CubeMX.jar:?]
	at com.st.microxplorer.plugins.filemanager.engine.OpenFileManager.loadConfigurationFile(OpenFileManager.java:245) ~[filemanager.jar:?]
	at com.st.microxplorer.plugins.filemanager.engine.MainFileManager.userLoadConfig(MainFileManager.java:290) ~[filemanager.jar:?]
	at com.st.microxplorer.plugins.filemanager.FileManagerView.getSpecificTask(FileManagerView.java:247) ~[filemanager.jar:?]
	at com.st.stm32cube.common.mx.editor.CubeMxEditor.getMxTabbedPaneInstance(CubeMxEditor.java:1184) ~[com.st.stm32cube.common.mx_6.10.0.202311202037/:?]
	at com.st.stm32cube.common.mx.editor.CubeMxEditor$12$1.createSwingComponent(CubeMxEditor.java:1065) ~[com.st.stm32cube.common.mx_6.10.0.202311202037/:?]
	at com.st.stm32cube.common.mx.oss.core.awtswtbridge.EmbeddedSwingComposite.doComponentCreation(EmbeddedSwingComposite.java:492) ~[com.st.stm32cube.common.mx.oss_6.10.0.202311202037/:?]
	at com.st.stm32cube.common.mx.oss.core.awtswtbridge.EmbeddedSwingComposite$4.run(EmbeddedSwingComposite.java:291) ~[com.st.stm32cube.common.mx.oss_6.10.0.202311202037/:?]
	at com.st.stm32cube.common.mx.oss.core.awtswtbridge.AwtEnvironment$2.run(AwtEnvironment.java:166) ~[com.st.stm32cube.common.mx.oss_6.10.0.202311202037/:?]
	at java.awt.event.InvocationEvent.dispatch(InvocationEvent.java:318) ~[?:?]
	at java.awt.EventQueue.dispatchEventImpl(EventQueue.java:773) ~[?:?]
	at java.awt.EventQueue$4.run(EventQueue.java:720) ~[?:?]
	at java.awt.EventQueue$4.run(EventQueue.java:714) ~[?:?]
	at java.security.AccessController.doPrivileged(AccessController.java:399) ~[?:?]
	at java.security.ProtectionDomain$JavaSecurityAccessImpl.doIntersectionPrivilege(ProtectionDomain.java:86) ~[?:?]
	at java.awt.EventQueue.dispatchEvent(EventQueue.java:742) ~[?:?]
	at java.awt.EventDispatchThread.pumpOneEventForFilters(EventDispatchThread.java:203) ~[?:?]
	at java.awt.EventDispatchThread.pumpEventsForFilter(EventDispatchThread.java:124) ~[?:?]
	at java.awt.EventDispatchThread.pumpEventsForHierarchy(EventDispatchThread.java:113) ~[?:?]
	at java.awt.EventDispatchThread.pumpEvents(EventDispatchThread.java:109) ~[?:?]
	at java.awt.EventDispatchThread.pumpEvents(EventDispatchThread.java:101) ~[?:?]
	at java.awt.EventDispatchThread.run(EventDispatchThread.java:90) ~[?:?]
2023-12-31 02:13:00,045 [WARN] ThirdParty:871 - waiting for thirdparty lock release [close project]
2023-12-31 02:13:00,045 [INFO] ThirdParty:873 - entering critical section [close project]
2023-12-31 02:13:00,045 [INFO] ThirdParty:883 - exiting critical section [close project]
2023-12-31 02:13:00,046 [INFO] PinOutPanel:1499 - setPackage(No Configuration,No Configuration)
2023-12-31 02:13:00,048 [INFO] UtilMem:75 - Begin LoadConfig() Used Memory: 671305392 Bytes (1013972992)
2023-12-31 02:13:00,049 [INFO] MicroXplorer:468 - Change Database Path : 
2023-12-31 02:13:00,049 [INFO] MicroXplorer:498 - Change Database Version : DB.6.0.100
2023-12-31 02:13:00,049 [INFO] OpenFileManager:312 - Change cursor
2023-12-31 02:13:00,058 [INFO] Mcu:2016 - Initializing MCU STM32F042F4Px STM32F042F4Px STM32F042F4P6
2023-12-31 02:13:00,647 [INFO] Context:659 - Trying to add GPIOservice into a context  which must be forbidden
2023-12-31 02:13:00,829 [INFO] RtosManager:555 - Registered RTOS mode: class=CMSIS, group=RTOS, mode=CMSIS_V1, owner=FREERTOS
2023-12-31 02:13:00,829 [INFO] RtosManager:555 - Registered RTOS mode: class=CMSIS, group=RTOS2, mode=CMSIS_V2, owner=FREERTOS
2023-12-31 02:13:00,829 [INFO] RtosManager:555 - Registered RTOS mode: class=RTOS, group=Core, mode=CMSIS_V1, owner=FREERTOS
2023-12-31 02:13:00,829 [INFO] RtosManager:555 - Registered RTOS mode: class=RTOS, group=Core, mode=CMSIS_V2, owner=FREERTOS
2023-12-31 02:13:00,829 [WARN] ModelIntegratedComponent:184 - Missing modes for component STMicroelectronics:FreeRTOS:0.0.1:STMicroelectronics:RTOS:FreeRTOS:Core:::10.2.0:
2023-12-31 02:13:00,834 [WARN] ModelIntegratedComponent:63 - No mode defined for component null
2023-12-31 02:13:00,835 [WARN] ModelIntegratedComponent:63 - No mode defined for component null
2023-12-31 02:13:00,835 [WARN] ModelIntegratedComponent:63 - No mode defined for component null
2023-12-31 02:13:00,835 [WARN] ModelIntegratedComponent:63 - No mode defined for component null
2023-12-31 02:13:00,835 [WARN] ModelIntegratedComponent:63 - No mode defined for component null
2023-12-31 02:13:00,835 [WARN] ModelIntegratedComponent:63 - No mode defined for component null
2023-12-31 02:13:00,835 [WARN] ModelIntegratedComponent:63 - No mode defined for component null
2023-12-31 02:13:00,835 [WARN] ModelIntegratedComponent:63 - No mode defined for component null
2023-12-31 02:13:00,835 [WARN] ModelIntegratedComponent:63 - No mode defined for component null
2023-12-31 02:13:00,835 [WARN] ModelIntegratedComponent:63 - No mode defined for component null
2023-12-31 02:13:00,835 [WARN] ModelIntegratedComponent:63 - No mode defined for component null
2023-12-31 02:13:00,835 [WARN] ModelIntegratedComponent:63 - No mode defined for component null
2023-12-31 02:13:00,835 [WARN] ModelIntegratedComponent:63 - No mode defined for component null
2023-12-31 02:13:00,835 [WARN] ModelIntegratedComponent:63 - No mode defined for component null
2023-12-31 02:13:00,835 [WARN] ModelIntegratedComponent:63 - No mode defined for component null
2023-12-31 02:13:00,835 [WARN] ModelIntegratedComponent:63 - No mode defined for component null
2023-12-31 02:13:00,835 [WARN] ModelIntegratedComponent:63 - No mode defined for component null
2023-12-31 02:13:00,835 [WARN] ModelIntegratedComponent:63 - No mode defined for component null
2023-12-31 02:13:00,835 [WARN] ModelIntegratedComponent:63 - No mode defined for component null
2023-12-31 02:13:00,835 [WARN] ModelIntegratedComponent:63 - No mode defined for component null
2023-12-31 02:13:00,835 [WARN] ModelIntegratedComponent:63 - No mode defined for component null
2023-12-31 02:13:00,835 [WARN] ModelIntegratedComponent:63 - No mode defined for component null
2023-12-31 02:13:00,835 [WARN] ModelIntegratedComponent:63 - No mode defined for component null
2023-12-31 02:13:00,835 [WARN] ModelIntegratedComponent:63 - No mode defined for component null
2023-12-31 02:13:00,835 [WARN] ModelIntegratedComponent:63 - No mode defined for component null
2023-12-31 02:13:00,835 [WARN] ModelIntegratedComponent:63 - No mode defined for component null
2023-12-31 02:13:00,835 [WARN] ModelIntegratedComponent:63 - No mode defined for component null
2023-12-31 02:13:00,835 [WARN] ModelIntegratedComponent:63 - No mode defined for component null
2023-12-31 02:13:00,835 [WARN] ModelIntegratedComponent:63 - No mode defined for component null
2023-12-31 02:13:00,835 [WARN] ModelIntegratedComponent:63 - No mode defined for component null
2023-12-31 02:13:00,835 [WARN] ModelIntegratedComponent:63 - No mode defined for component null
2023-12-31 02:13:00,835 [WARN] ModelIntegratedComponent:63 - No mode defined for component null
2023-12-31 02:13:00,835 [WARN] ModelIntegratedComponent:63 - No mode defined for component null
2023-12-31 02:13:00,890 [INFO] ThirdPartyModel:298 - Start build external matchings
2023-12-31 02:13:01,050 [INFO] ThirdPartyModel:316 - End build external matchings
2023-12-31 02:13:01,054 [INFO] ImportTextPane:194 - (OptionalMessage_ERROR) IP (RCC) : Invalid parameter (FamilyName)
2023-12-31 02:13:01,054 [INFO] ImportTextPane:194 - (OptionalMessage_ERROR) IP (RCC) : Invalid parameter (HSICECFreq_Value)
2023-12-31 02:13:01,213 [INFO] UtilMem:75 - End LoadConfig() Used Memory: 709056384 Bytes (1013972992)
2023-12-31 02:13:01,283 [INFO] MicroXplorer:468 - Change Database Path : 
2023-12-31 02:13:01,283 [INFO] MicroXplorer:498 - Change Database Version : DB.6.0.100
2023-12-31 02:13:01,283 [WARN] ThirdParty:833 - waiting for thirdparty lock release [change project]
2023-12-31 02:13:01,283 [INFO] ThirdParty:835 - entering critical section [change project]
2023-12-31 02:13:01,283 [INFO] ThirdParty:1030 - CMSIS Pack Vendor :STMicroelectronics X-CUBE-ISPU 1.1.0
2023-12-31 02:13:01,283 [INFO] ThirdParty:1030 - CMSIS Pack Vendor :STMicroelectronics USBPD 4.1
2023-12-31 02:13:01,283 [INFO] ThirdParty:1030 - CMSIS Pack Vendor :STMicroelectronics X-CUBE-GNSS1 6.0.0
2023-12-31 02:13:01,283 [INFO] ThirdParty:1030 - CMSIS Pack Vendor :STMicroelectronics USB_HOST 2.0.0
2023-12-31 02:13:01,283 [INFO] ThirdParty:1030 - CMSIS Pack Vendor :STMicroelectronics X-CUBE-AZRTOS-F4 1.1.0
2023-12-31 02:13:01,283 [INFO] ThirdParty:1030 - CMSIS Pack Vendor :STMicroelectronics LIBJPEG 8.0.0
2023-12-31 02:13:01,283 [INFO] ThirdParty:1030 - CMSIS Pack Vendor :wolfSSL I-CUBE-wolfSSL 5.6.4
2023-12-31 02:13:01,283 [INFO] ThirdParty:1030 - CMSIS Pack Vendor :STMicroelectronics X-CUBE-SMBUS 2.1.0
2023-12-31 02:13:01,283 [INFO] ThirdParty:1030 - CMSIS Pack Vendor :STMicroelectronics USB_DEVICE 3.0.0
2023-12-31 02:13:01,283 [INFO] ThirdParty:1030 - CMSIS Pack Vendor :STMicroelectronics X-CUBE-AZRTOS-WB 2.0.0
2023-12-31 02:13:01,283 [INFO] ThirdParty:1030 - CMSIS Pack Vendor :STMicroelectronics X-CUBE-TOUCHGFX 4.23.0
2023-12-31 02:13:01,283 [INFO] ThirdParty:1030 - CMSIS Pack Vendor :STMicroelectronics X-CUBE-AZRTOS-F7 1.1.0
2023-12-31 02:13:01,283 [INFO] ThirdParty:1030 - CMSIS Pack Vendor :STMicroelectronics X-CUBE-AZRTOS-L5 2.0.0
2023-12-31 02:13:01,283 [INFO] ThirdParty:1030 - CMSIS Pack Vendor :STMicroelectronics USB_DEVICE 2.0.0
2023-12-31 02:13:01,283 [INFO] ThirdParty:1030 - CMSIS Pack Vendor :STMicroelectronics X-CUBE-EEPRMA1 4.2.0
2023-12-31 02:13:01,283 [INFO] ThirdParty:1030 - CMSIS Pack Vendor :ITTIA_DB I-CUBE-ITTIADB 8.8.0
2023-12-31 02:13:01,283 [INFO] ThirdParty:1030 - CMSIS Pack Vendor :STMicroelectronics FP-SNS-MOTENV1 4.3.2
2023-12-31 02:13:01,283 [INFO] ThirdParty:1030 - CMSIS Pack Vendor :STMicroelectronics X-CUBE-ALGOBUILD 1.3.0
2023-12-31 02:13:01,283 [INFO] ThirdParty:1030 - CMSIS Pack Vendor :STMicroelectronics FreeRTOS 0.0.1
2023-12-31 02:13:01,283 [INFO] ThirdParty:1030 - CMSIS Pack Vendor :STMicroelectronics X-CUBE-AZRTOS-G0 1.1.0
2023-12-31 02:13:01,283 [INFO] ThirdParty:1030 - CMSIS Pack Vendor :STMicroelectronics X-CUBE-NFC4 3.0.0
2023-12-31 02:13:01,284 [INFO] ThirdParty:1030 - CMSIS Pack Vendor :STMicroelectronics X-CUBE-SUBG2 5.0.0
2023-12-31 02:13:01,284 [INFO] ThirdParty:1030 - CMSIS Pack Vendor :STMicroelectronics STM32_WPAN 1.0.0
2023-12-31 02:13:01,284 [INFO] ThirdParty:1030 - CMSIS Pack Vendor :STMicroelectronics lwIP 2.0.3
2023-12-31 02:13:01,284 [INFO] ThirdParty:1030 - CMSIS Pack Vendor :STMicroelectronics FP-SNS-FLIGHT1 5.0.2
2023-12-31 02:13:01,284 [INFO] ThirdParty:1030 - CMSIS Pack Vendor :STMicroelectronics USB_HOST 1.0.0
2023-12-31 02:13:01,284 [INFO] ThirdParty:1030 - CMSIS Pack Vendor :STMicroelectronics X-CUBE-AZRTOS-G4 2.0.0
2023-12-31 02:13:01,284 [INFO] ThirdParty:1030 - CMSIS Pack Vendor :STMicroelectronics PDM2PCM 3.1.0
2023-12-31 02:13:01,284 [INFO] ThirdParty:1030 - CMSIS Pack Vendor :STMicroelectronics X-CUBE-AZRTOS-H7 3.1.0
2023-12-31 02:13:01,284 [INFO] ThirdParty:1030 - CMSIS Pack Vendor :Infineon AIROC-Wi-Fi-Bluetooth-STM32 1.5.1
2023-12-31 02:13:01,284 [INFO] ThirdParty:1030 - CMSIS Pack Vendor :STMicroelectronics X-CUBE-BLEMGR 3.0.0
2023-12-31 02:13:01,284 [INFO] ThirdParty:1030 - CMSIS Pack Vendor :STMicroelectronics PDM2PCM 3.3.0
2023-12-31 02:13:01,284 [INFO] ThirdParty:1030 - CMSIS Pack Vendor :STMicroelectronics X-CUBE-DISPLAY 3.0.0
2023-12-31 02:13:01,284 [INFO] ThirdParty:1030 - CMSIS Pack Vendor :STMicroelectronics FP-SNS-MOTENVWB1 1.3.1
2023-12-31 02:13:01,284 [INFO] ThirdParty:1030 - CMSIS Pack Vendor :STMicroelectronics X-CUBE-BLE1 7.0.0
2023-12-31 02:13:01,284 [INFO] ThirdParty:1030 - CMSIS Pack Vendor :STMicroelectronics FP-ATR-SIGFOX1 3.2.0
2023-12-31 02:13:01,284 [INFO] ThirdParty:1030 - CMSIS Pack Vendor :STMicroelectronics X-CUBE-ISPU 2.0.0
2023-12-31 02:13:01,284 [INFO] ThirdParty:1030 - CMSIS Pack Vendor :STMicroelectronics HAL Drivers 0.0.0
2023-12-31 02:13:01,284 [INFO] ThirdParty:1030 - CMSIS Pack Vendor :STMicroelectronics MBEDTLS 2.16.2
2023-12-31 02:13:01,284 [INFO] ThirdParty:1030 - CMSIS Pack Vendor :emotas I-CUBE-CANOPEN 1.3.0
2023-12-31 02:13:01,284 [INFO] ThirdParty:1030 - CMSIS Pack Vendor :STMicroelectronics X-CUBE-MEMS1 10.0.0
2023-12-31 02:13:01,284 [INFO] ThirdParty:1030 - CMSIS Pack Vendor :STMicroelectronics X-CUBE-FREERTOS 1.1.0
2023-12-31 02:13:01,284 [INFO] ThirdParty:1030 - CMSIS Pack Vendor :STMicroelectronics X-CUBE-NFC7 1.0.1
2023-12-31 02:13:01,284 [INFO] ThirdParty:1030 - CMSIS Pack Vendor :STMicroelectronics MBEDTLS 2.14.1
2023-12-31 02:13:01,284 [INFO] ThirdParty:1030 - CMSIS Pack Vendor :STMicroelectronics X-CUBE-TOUCHGFX 4.22.1
2023-12-31 02:13:01,284 [INFO] ThirdParty:1030 - CMSIS Pack Vendor :STMicroelectronics X-CUBE-NFC6 3.0.0
2023-12-31 02:13:01,284 [INFO] ThirdParty:1030 - CMSIS Pack Vendor :portGmbH I-Cube-SoM-uGOAL 1.1.0
2023-12-31 02:13:01,284 [INFO] ThirdParty:1030 - CMSIS Pack Vendor :STMicroelectronics X-CUBE-ALS 1.0.1
2023-12-31 02:13:01,284 [INFO] ThirdParty:1030 - CMSIS Pack Vendor :STMicroelectronics ThreadX 1.0.0
2023-12-31 02:13:01,284 [INFO] ThirdParty:1030 - CMSIS Pack Vendor :STMicroelectronics FP-SNS-SMARTAG2 1.2.0
2023-12-31 02:13:01,284 [INFO] ThirdParty:1030 - CMSIS Pack Vendor :STMicroelectronics X-CUBE-AZRTOS-WL 2.0.0
2023-12-31 02:13:01,284 [INFO] ThirdParty:1030 - CMSIS Pack Vendor :STMicroelectronics USB_DEVICE 1.0.0
2023-12-31 02:13:01,284 [INFO] ThirdParty:1030 - CMSIS Pack Vendor :STMicroelectronics X-CUBE-AI 8.1.0
2023-12-31 02:13:01,284 [INFO] ThirdParty:1030 - CMSIS Pack Vendor :STMicroelectronics X-CUBE-AZRTOS-L4 2.0.0
2023-12-31 02:13:01,284 [INFO] ThirdParty:1030 - CMSIS Pack Vendor :STMicroelectronics ThreadX 0.0.2
2023-12-31 02:13:01,284 [INFO] ThirdParty:1030 - CMSIS Pack Vendor :WES I-CUBE-Cesium 1.3.0
2023-12-31 02:13:01,284 [INFO] ThirdParty:1030 - CMSIS Pack Vendor :STMicroelectronics FP-ATR-ASTRA1 2.0.0
2023-12-31 02:13:01,284 [INFO] ThirdParty:1030 - CMSIS Pack Vendor :STMicroelectronics lwIP 2.1.2
2023-12-31 02:13:01,284 [INFO] ThirdParty:1030 - CMSIS Pack Vendor :STMicroelectronics X-CUBE-SFXS2LP1 4.0.0
2023-12-31 02:13:01,284 [INFO] ThirdParty:1030 - CMSIS Pack Vendor :STMicroelectronics X-CUBE-BLE2 3.3.0
2023-12-31 02:13:01,284 [INFO] ThirdParty:1030 - CMSIS Pack Vendor :STMicroelectronics X-CUBE-TOF1 3.4.0
2023-12-31 02:13:01,284 [INFO] ThirdParty:1030 - CMSIS Pack Vendor :STMicroelectronics X-CUBE-AZRTOS-H7 3.2.0
2023-12-31 02:13:01,284 [INFO] ThirdParty:1030 - CMSIS Pack Vendor :STMicroelectronics PDM2PCM 3.2.0
2023-12-31 02:13:01,284 [INFO] ThirdParty:841 - exiting critical section [change project]
2023-12-31 02:13:01,353 [INFO] PinOutPanel:1499 - setPackage(No Configuration,No Configuration)
2023-12-31 02:13:01,354 [INFO] PinOutPanel:1499 - setPackage(STM32F042F4Px,TSSOP20)
2023-12-31 02:13:02,012 [INFO] UtilMem:75 - Before build in PCC Used Memory: 346883552 Bytes (1013972992)
2023-12-31 02:13:02,153 [INFO] UtilMem:75 - After build in PCC Used Memory: 389875184 Bytes (1013972992)
2023-12-31 02:13:02,164 [INFO] IPUIPlugin:80 - create IPUIPlugin
2023-12-31 02:13:02,164 [INFO] IPUIPlugin:80 - create IPUIPlugin
2023-12-31 02:13:02,164 [INFO] IPUIPlugin:80 - create IPUIPlugin
2023-12-31 02:13:02,164 [INFO] IPUIPlugin:80 - create IPUIPlugin
2023-12-31 02:13:02,164 [INFO] IPUIPlugin:80 - create IPUIPlugin
2023-12-31 02:13:02,164 [INFO] IPUIPlugin:80 - create IPUIPlugin
2023-12-31 02:13:02,164 [INFO] IPUIPlugin:80 - create IPUIPlugin
2023-12-31 02:13:02,164 [INFO] IPUIPlugin:80 - create IPUIPlugin
2023-12-31 02:13:02,164 [INFO] IPUIPlugin:80 - create IPUIPlugin
2023-12-31 02:13:02,164 [INFO] IPUIPlugin:80 - create IPUIPlugin
2023-12-31 02:13:02,164 [INFO] IPUIPlugin:80 - create IPUIPlugin
2023-12-31 02:13:02,164 [INFO] IPUIPlugin:80 - create IPUIPlugin
2023-12-31 02:13:02,164 [INFO] IPUIPlugin:80 - create IPUIPlugin
2023-12-31 02:13:02,165 [INFO] IPUIPlugin:80 - create IPUIPlugin
2023-12-31 02:13:02,165 [INFO] IPUIPlugin:80 - create IPUIPlugin
2023-12-31 02:13:02,165 [INFO] IPUIPlugin:80 - create IPUIPlugin
2023-12-31 02:13:02,165 [INFO] IPUIPlugin:80 - create IPUIPlugin
2023-12-31 02:13:02,165 [INFO] IPUIPlugin:80 - create IPUIPlugin
2023-12-31 02:13:02,165 [INFO] IPUIPlugin:80 - create IPUIPlugin
2023-12-31 02:13:02,166 [INFO] IPUIPlugin:80 - create IPUIPlugin
2023-12-31 02:13:02,166 [INFO] IPUIPlugin:80 - create IPUIPlugin
2023-12-31 02:13:02,166 [INFO] IPUIPlugin:80 - create IPUIPlugin
2023-12-31 02:13:02,166 [INFO] IPUIPlugin:80 - create IPUIPlugin
2023-12-31 02:13:02,166 [INFO] IPUIPlugin:80 - create IPUIPlugin
2023-12-31 02:13:02,167 [INFO] IPUIPlugin:80 - create IPUIPlugin
2023-12-31 02:13:02,167 [INFO] IPUIPlugin:80 - create IPUIPlugin
2023-12-31 02:13:02,167 [INFO] IPUIPlugin:80 - create IPUIPlugin
2023-12-31 02:13:02,167 [INFO] IPUIPlugin:80 - create IPUIPlugin
2023-12-31 02:13:02,167 [INFO] IPUIPlugin:80 - create IPUIPlugin
2023-12-31 02:13:02,168 [INFO] IPUIPlugin:80 - create IPUIPlugin
2023-12-31 02:13:02,194 [INFO] CADModel:165 - CPN selected for project levelSTM32F042F4P6
2023-12-31 02:13:02,194 [INFO] CADModel:114 - Register for checkConnection events
2023-12-31 02:13:02,279 [INFO] OpenFileManager:343 - Restore cursor
2023-12-31 02:20:29,015 [INFO] MainUpdater:2873 - connection check result : 10
2023-12-31 02:20:29,015 [INFO] MainUpdater:2873 - connection check result : 10
2023-12-31 02:20:29,024 [INFO] MicroXplorer:468 - Change Database Path : 
2023-12-31 02:20:29,024 [INFO] MicroXplorer:498 - Change Database Version : DB.6.0.100
2023-12-31 02:20:29,031 [ERROR] ProjectManagerView:394 - 
java.lang.NullPointerException: Cannot invoke "javax.swing.JTextField.getText()" because the return value of "java.util.List.get(int)" is null
	at com.st.microxplorer.plugins.projectmanager.gui.ProjectChoiceTab$10.caretUpdate(ProjectChoiceTab.java:2493) ~[filemanager.jar:?]
	at javax.swing.text.JTextComponent.fireCaretUpdate(JTextComponent.java:412) ~[?:?]
	at javax.swing.text.JTextComponent$MutableCaretEvent.fire(JTextComponent.java:4491) ~[?:?]
	at javax.swing.text.JTextComponent$MutableCaretEvent.stateChanged(JTextComponent.java:4513) ~[?:?]
	at javax.swing.text.DefaultCaret.fireStateChanged(DefaultCaret.java:842) ~[?:?]
	at javax.swing.text.DefaultCaret.changeCaretPosition(DefaultCaret.java:1313) ~[?:?]
	at javax.swing.text.DefaultCaret.handleSetDot(DefaultCaret.java:1212) ~[?:?]
	at javax.swing.text.DefaultCaret.setDot(DefaultCaret.java:1193) ~[?:?]
	at javax.swing.text.DefaultCaret$Handler.insertUpdate(DefaultCaret.java:1789) ~[?:?]
	at javax.swing.text.AbstractDocument.fireInsertUpdate(AbstractDocument.java:226) ~[?:?]
	at javax.swing.text.AbstractDocument.handleInsertString(AbstractDocument.java:780) ~[?:?]
	at javax.swing.text.AbstractDocument.insertString(AbstractDocument.java:739) ~[?:?]
	at javax.swing.text.PlainDocument.insertString(PlainDocument.java:131) ~[?:?]
	at javax.swing.text.AbstractDocument.replace(AbstractDocument.java:698) ~[?:?]
	at javax.swing.text.JTextComponent.setText(JTextComponent.java:1729) ~[?:?]
	at com.st.microxplorer.plugins.projectmanager.gui.ProjectChoiceTab.createHeapStackFields(ProjectChoiceTab.java:933) ~[filemanager.jar:?]
	at com.st.microxplorer.plugins.projectmanager.gui.ProjectChoiceTab.buildLinkSettingsPanel(ProjectChoiceTab.java:3426) ~[filemanager.jar:?]
	at com.st.microxplorer.plugins.projectmanager.gui.ProjectChoiceTab.defineWindowsFields(ProjectChoiceTab.java:1813) ~[filemanager.jar:?]
	at com.st.microxplorer.plugins.projectmanager.gui.ProjectChoiceTab.updateSettings(ProjectChoiceTab.java:533) ~[filemanager.jar:?]
	at com.st.microxplorer.plugins.projectmanager.gui.ProjectSettingsPanel.UpdateDialog(ProjectSettingsPanel.java:244) ~[filemanager.jar:?]
	at com.st.microxplorer.plugins.projectmanager.ProjectManagerView.propertyChange(ProjectManagerView.java:391) ~[filemanager.jar:?]
	at java.beans.PropertyChangeSupport.fire(PropertyChangeSupport.java:343) ~[?:?]
	at java.beans.PropertyChangeSupport.firePropertyChange(PropertyChangeSupport.java:335) ~[?:?]
	at java.beans.PropertyChangeSupport.firePropertyChange(PropertyChangeSupport.java:268) ~[?:?]
	at com.st.microxplorer.util.MXPropertyChangeSupport.firePropertyChange(MXPropertyChangeSupport.java:54) ~[STM32CubeMX.jar:?]
	at com.st.microxplorer.mxsystem.MxSystem.closeConfig(MxSystem.java:900) ~[STM32CubeMX.jar:?]
	at com.st.microxplorer.maingui.MainPanel.closeConfig(MainPanel.java:776) ~[STM32CubeMX.jar:?]
	at com.st.microxplorer.plugins.filemanager.engine.OpenFileManager.loadConfigurationFile(OpenFileManager.java:245) ~[filemanager.jar:?]
	at com.st.microxplorer.plugins.filemanager.engine.MainFileManager.userLoadConfig(MainFileManager.java:290) ~[filemanager.jar:?]
	at com.st.microxplorer.plugins.filemanager.FileManagerView.getSpecificTask(FileManagerView.java:247) ~[filemanager.jar:?]
	at com.st.stm32cube.common.mx.editor.CubeMxEditor.getMxTabbedPaneInstance(CubeMxEditor.java:1184) ~[com.st.stm32cube.common.mx_6.10.0.202311202037/:?]
	at com.st.stm32cube.common.mx.editor.CubeMxEditor$12$1.createSwingComponent(CubeMxEditor.java:1065) ~[com.st.stm32cube.common.mx_6.10.0.202311202037/:?]
	at com.st.stm32cube.common.mx.oss.core.awtswtbridge.EmbeddedSwingComposite.doComponentCreation(EmbeddedSwingComposite.java:492) ~[com.st.stm32cube.common.mx.oss_6.10.0.202311202037/:?]
	at com.st.stm32cube.common.mx.oss.core.awtswtbridge.EmbeddedSwingComposite$4.run(EmbeddedSwingComposite.java:291) ~[com.st.stm32cube.common.mx.oss_6.10.0.202311202037/:?]
	at com.st.stm32cube.common.mx.oss.core.awtswtbridge.AwtEnvironment$2.run(AwtEnvironment.java:166) ~[com.st.stm32cube.common.mx.oss_6.10.0.202311202037/:?]
	at java.awt.event.InvocationEvent.dispatch(InvocationEvent.java:318) ~[?:?]
	at java.awt.EventQueue.dispatchEventImpl(EventQueue.java:773) ~[?:?]
	at java.awt.EventQueue$4.run(EventQueue.java:720) ~[?:?]
	at java.awt.EventQueue$4.run(EventQueue.java:714) ~[?:?]
	at java.security.AccessController.doPrivileged(AccessController.java:399) ~[?:?]
	at java.security.ProtectionDomain$JavaSecurityAccessImpl.doIntersectionPrivilege(ProtectionDomain.java:86) ~[?:?]
	at java.awt.EventQueue.dispatchEvent(EventQueue.java:742) ~[?:?]
	at java.awt.EventDispatchThread.pumpOneEventForFilters(EventDispatchThread.java:203) ~[?:?]
	at java.awt.EventDispatchThread.pumpEventsForFilter(EventDispatchThread.java:124) ~[?:?]
	at java.awt.EventDispatchThread.pumpEventsForHierarchy(EventDispatchThread.java:113) ~[?:?]
	at java.awt.EventDispatchThread.pumpEvents(EventDispatchThread.java:109) ~[?:?]
	at java.awt.EventDispatchThread.pumpEvents(EventDispatchThread.java:101) ~[?:?]
	at java.awt.EventDispatchThread.run(EventDispatchThread.java:90) ~[?:?]
2023-12-31 02:20:29,031 [WARN] ThirdParty:871 - waiting for thirdparty lock release [close project]
2023-12-31 02:20:29,031 [INFO] ThirdParty:873 - entering critical section [close project]
2023-12-31 02:20:29,032 [INFO] ThirdParty:883 - exiting critical section [close project]
2023-12-31 02:20:29,032 [INFO] PinOutPanel:1499 - setPackage(No Configuration,No Configuration)
2023-12-31 02:20:29,033 [INFO] UtilMem:75 - Begin LoadConfig() Used Memory: 870645216 Bytes (1013972992)
2023-12-31 02:20:29,033 [INFO] MicroXplorer:468 - Change Database Path : 
2023-12-31 02:20:29,033 [INFO] MicroXplorer:498 - Change Database Version : DB.6.0.100
2023-12-31 02:20:29,033 [INFO] OpenFileManager:312 - Change cursor
2023-12-31 02:20:29,038 [INFO] Mcu:2016 - Initializing MCU STM32F042F4Px STM32F042F4Px STM32F042F4P6
2023-12-31 02:20:29,574 [INFO] Context:659 - Trying to add GPIOservice into a context  which must be forbidden
2023-12-31 02:20:29,664 [INFO] RtosManager:555 - Registered RTOS mode: class=CMSIS, group=RTOS, mode=CMSIS_V1, owner=FREERTOS
2023-12-31 02:20:29,664 [INFO] RtosManager:555 - Registered RTOS mode: class=CMSIS, group=RTOS2, mode=CMSIS_V2, owner=FREERTOS
2023-12-31 02:20:29,664 [INFO] RtosManager:555 - Registered RTOS mode: class=RTOS, group=Core, mode=CMSIS_V1, owner=FREERTOS
2023-12-31 02:20:29,664 [INFO] RtosManager:555 - Registered RTOS mode: class=RTOS, group=Core, mode=CMSIS_V2, owner=FREERTOS
2023-12-31 02:20:29,664 [WARN] ModelIntegratedComponent:184 - Missing modes for component STMicroelectronics:FreeRTOS:0.0.1:STMicroelectronics:RTOS:FreeRTOS:Core:::10.2.0:
2023-12-31 02:20:29,668 [WARN] ModelIntegratedComponent:63 - No mode defined for component null
2023-12-31 02:20:29,668 [WARN] ModelIntegratedComponent:63 - No mode defined for component null
2023-12-31 02:20:29,668 [WARN] ModelIntegratedComponent:63 - No mode defined for component null
2023-12-31 02:20:29,668 [WARN] ModelIntegratedComponent:63 - No mode defined for component null
2023-12-31 02:20:29,668 [WARN] ModelIntegratedComponent:63 - No mode defined for component null
2023-12-31 02:20:29,668 [WARN] ModelIntegratedComponent:63 - No mode defined for component null
2023-12-31 02:20:29,669 [WARN] ModelIntegratedComponent:63 - No mode defined for component null
2023-12-31 02:20:29,669 [WARN] ModelIntegratedComponent:63 - No mode defined for component null
2023-12-31 02:20:29,669 [WARN] ModelIntegratedComponent:63 - No mode defined for component null
2023-12-31 02:20:29,669 [WARN] ModelIntegratedComponent:63 - No mode defined for component null
2023-12-31 02:20:29,669 [WARN] ModelIntegratedComponent:63 - No mode defined for component null
2023-12-31 02:20:29,669 [WARN] ModelIntegratedComponent:63 - No mode defined for component null
2023-12-31 02:20:29,669 [WARN] ModelIntegratedComponent:63 - No mode defined for component null
2023-12-31 02:20:29,669 [WARN] ModelIntegratedComponent:63 - No mode defined for component null
2023-12-31 02:20:29,669 [WARN] ModelIntegratedComponent:63 - No mode defined for component null
2023-12-31 02:20:29,669 [WARN] ModelIntegratedComponent:63 - No mode defined for component null
2023-12-31 02:20:29,669 [WARN] ModelIntegratedComponent:63 - No mode defined for component null
2023-12-31 02:20:29,669 [WARN] ModelIntegratedComponent:63 - No mode defined for component null
2023-12-31 02:20:29,669 [WARN] ModelIntegratedComponent:63 - No mode defined for component null
2023-12-31 02:20:29,669 [WARN] ModelIntegratedComponent:63 - No mode defined for component null
2023-12-31 02:20:29,669 [WARN] ModelIntegratedComponent:63 - No mode defined for component null
2023-12-31 02:20:29,669 [WARN] ModelIntegratedComponent:63 - No mode defined for component null
2023-12-31 02:20:29,669 [WARN] ModelIntegratedComponent:63 - No mode defined for component null
2023-12-31 02:20:29,669 [WARN] ModelIntegratedComponent:63 - No mode defined for component null
2023-12-31 02:20:29,669 [WARN] ModelIntegratedComponent:63 - No mode defined for component null
2023-12-31 02:20:29,669 [WARN] ModelIntegratedComponent:63 - No mode defined for component null
2023-12-31 02:20:29,669 [WARN] ModelIntegratedComponent:63 - No mode defined for component null
2023-12-31 02:20:29,669 [WARN] ModelIntegratedComponent:63 - No mode defined for component null
2023-12-31 02:20:29,669 [WARN] ModelIntegratedComponent:63 - No mode defined for component null
2023-12-31 02:20:29,669 [WARN] ModelIntegratedComponent:63 - No mode defined for component null
2023-12-31 02:20:29,669 [WARN] ModelIntegratedComponent:63 - No mode defined for component null
2023-12-31 02:20:29,669 [WARN] ModelIntegratedComponent:63 - No mode defined for component null
2023-12-31 02:20:29,669 [WARN] ModelIntegratedComponent:63 - No mode defined for component null
2023-12-31 02:20:29,727 [INFO] ThirdPartyModel:298 - Start build external matchings
2023-12-31 02:20:29,906 [INFO] ThirdPartyModel:316 - End build external matchings
2023-12-31 02:20:29,910 [INFO] ImportTextPane:194 - (OptionalMessage_ERROR) IP (DMA) : Parameter (Instance) has Id (ADC) currently not set
2023-12-31 02:20:29,911 [INFO] ImportTextPane:194 - (OptionalMessage_ERROR) IP (DMA) : Parameter (Direction) has Id (ADC) currently not set
2023-12-31 02:20:29,911 [INFO] ImportTextPane:194 - (OptionalMessage_ERROR) IP (DMA) : Parameter (PeriphInc) has Id (ADC) currently not set
2023-12-31 02:20:29,911 [INFO] ImportTextPane:194 - (OptionalMessage_ERROR) IP (DMA) : Parameter (MemInc) has Id (ADC) currently not set
2023-12-31 02:20:29,911 [INFO] ImportTextPane:194 - (OptionalMessage_ERROR) IP (DMA) : Parameter (PeriphDataAlignment) has Id (ADC) currently not set
2023-12-31 02:20:29,911 [INFO] ImportTextPane:194 - (OptionalMessage_ERROR) IP (DMA) : Parameter (MemDataAlignment) has Id (ADC) currently not set
2023-12-31 02:20:29,911 [INFO] ImportTextPane:194 - (OptionalMessage_ERROR) IP (DMA) : Parameter (Mode) has Id (ADC) currently not set
2023-12-31 02:20:29,911 [INFO] ImportTextPane:194 - (OptionalMessage_ERROR) IP (DMA) : Parameter (Priority) has Id (ADC) currently not set
2023-12-31 02:20:30,172 [INFO] UtilMem:75 - End LoadConfig() Used Memory: 365309072 Bytes (1013972992)
2023-12-31 02:20:30,268 [INFO] MicroXplorer:468 - Change Database Path : 
2023-12-31 02:20:30,268 [INFO] MicroXplorer:498 - Change Database Version : DB.6.0.100
2023-12-31 02:20:30,269 [WARN] ThirdParty:833 - waiting for thirdparty lock release [change project]
2023-12-31 02:20:30,269 [INFO] ThirdParty:835 - entering critical section [change project]
2023-12-31 02:20:30,269 [INFO] ThirdParty:1030 - CMSIS Pack Vendor :STMicroelectronics X-CUBE-ISPU 1.1.0
2023-12-31 02:20:30,269 [INFO] ThirdParty:1030 - CMSIS Pack Vendor :STMicroelectronics USBPD 4.1
2023-12-31 02:20:30,269 [INFO] ThirdParty:1030 - CMSIS Pack Vendor :STMicroelectronics X-CUBE-GNSS1 6.0.0
2023-12-31 02:20:30,269 [INFO] ThirdParty:1030 - CMSIS Pack Vendor :STMicroelectronics USB_HOST 2.0.0
2023-12-31 02:20:30,269 [INFO] ThirdParty:1030 - CMSIS Pack Vendor :STMicroelectronics X-CUBE-AZRTOS-F4 1.1.0
2023-12-31 02:20:30,269 [INFO] ThirdParty:1030 - CMSIS Pack Vendor :STMicroelectronics LIBJPEG 8.0.0
2023-12-31 02:20:30,269 [INFO] ThirdParty:1030 - CMSIS Pack Vendor :wolfSSL I-CUBE-wolfSSL 5.6.4
2023-12-31 02:20:30,269 [INFO] ThirdParty:1030 - CMSIS Pack Vendor :STMicroelectronics X-CUBE-SMBUS 2.1.0
2023-12-31 02:20:30,269 [INFO] ThirdParty:1030 - CMSIS Pack Vendor :STMicroelectronics USB_DEVICE 3.0.0
2023-12-31 02:20:30,269 [INFO] ThirdParty:1030 - CMSIS Pack Vendor :STMicroelectronics X-CUBE-AZRTOS-WB 2.0.0
2023-12-31 02:20:30,269 [INFO] ThirdParty:1030 - CMSIS Pack Vendor :STMicroelectronics X-CUBE-TOUCHGFX 4.23.0
2023-12-31 02:20:30,269 [INFO] ThirdParty:1030 - CMSIS Pack Vendor :STMicroelectronics X-CUBE-AZRTOS-F7 1.1.0
2023-12-31 02:20:30,269 [INFO] ThirdParty:1030 - CMSIS Pack Vendor :STMicroelectronics X-CUBE-AZRTOS-L5 2.0.0
2023-12-31 02:20:30,269 [INFO] ThirdParty:1030 - CMSIS Pack Vendor :STMicroelectronics USB_DEVICE 2.0.0
2023-12-31 02:20:30,269 [INFO] ThirdParty:1030 - CMSIS Pack Vendor :STMicroelectronics X-CUBE-EEPRMA1 4.2.0
2023-12-31 02:20:30,269 [INFO] ThirdParty:1030 - CMSIS Pack Vendor :ITTIA_DB I-CUBE-ITTIADB 8.8.0
2023-12-31 02:20:30,269 [INFO] ThirdParty:1030 - CMSIS Pack Vendor :STMicroelectronics FP-SNS-MOTENV1 4.3.2
2023-12-31 02:20:30,269 [INFO] ThirdParty:1030 - CMSIS Pack Vendor :STMicroelectronics X-CUBE-ALGOBUILD 1.3.0
2023-12-31 02:20:30,269 [INFO] ThirdParty:1030 - CMSIS Pack Vendor :STMicroelectronics FreeRTOS 0.0.1
2023-12-31 02:20:30,269 [INFO] ThirdParty:1030 - CMSIS Pack Vendor :STMicroelectronics X-CUBE-AZRTOS-G0 1.1.0
2023-12-31 02:20:30,269 [INFO] ThirdParty:1030 - CMSIS Pack Vendor :STMicroelectronics X-CUBE-NFC4 3.0.0
2023-12-31 02:20:30,269 [INFO] ThirdParty:1030 - CMSIS Pack Vendor :STMicroelectronics X-CUBE-SUBG2 5.0.0
2023-12-31 02:20:30,269 [INFO] ThirdParty:1030 - CMSIS Pack Vendor :STMicroelectronics STM32_WPAN 1.0.0
2023-12-31 02:20:30,269 [INFO] ThirdParty:1030 - CMSIS Pack Vendor :STMicroelectronics lwIP 2.0.3
2023-12-31 02:20:30,269 [INFO] ThirdParty:1030 - CMSIS Pack Vendor :STMicroelectronics FP-SNS-FLIGHT1 5.0.2
2023-12-31 02:20:30,269 [INFO] ThirdParty:1030 - CMSIS Pack Vendor :STMicroelectronics USB_HOST 1.0.0
2023-12-31 02:20:30,269 [INFO] ThirdParty:1030 - CMSIS Pack Vendor :STMicroelectronics X-CUBE-AZRTOS-G4 2.0.0
2023-12-31 02:20:30,269 [INFO] ThirdParty:1030 - CMSIS Pack Vendor :STMicroelectronics PDM2PCM 3.1.0
2023-12-31 02:20:30,269 [INFO] ThirdParty:1030 - CMSIS Pack Vendor :STMicroelectronics X-CUBE-AZRTOS-H7 3.1.0
2023-12-31 02:20:30,270 [INFO] ThirdParty:1030 - CMSIS Pack Vendor :Infineon AIROC-Wi-Fi-Bluetooth-STM32 1.5.1
2023-12-31 02:20:30,270 [INFO] ThirdParty:1030 - CMSIS Pack Vendor :STMicroelectronics X-CUBE-BLEMGR 3.0.0
2023-12-31 02:20:30,270 [INFO] ThirdParty:1030 - CMSIS Pack Vendor :STMicroelectronics PDM2PCM 3.3.0
2023-12-31 02:20:30,270 [INFO] ThirdParty:1030 - CMSIS Pack Vendor :STMicroelectronics X-CUBE-DISPLAY 3.0.0
2023-12-31 02:20:30,270 [INFO] ThirdParty:1030 - CMSIS Pack Vendor :STMicroelectronics FP-SNS-MOTENVWB1 1.3.1
2023-12-31 02:20:30,270 [INFO] ThirdParty:1030 - CMSIS Pack Vendor :STMicroelectronics X-CUBE-BLE1 7.0.0
2023-12-31 02:20:30,270 [INFO] ThirdParty:1030 - CMSIS Pack Vendor :STMicroelectronics FP-ATR-SIGFOX1 3.2.0
2023-12-31 02:20:30,270 [INFO] ThirdParty:1030 - CMSIS Pack Vendor :STMicroelectronics X-CUBE-ISPU 2.0.0
2023-12-31 02:20:30,270 [INFO] ThirdParty:1030 - CMSIS Pack Vendor :STMicroelectronics HAL Drivers 0.0.0
2023-12-31 02:20:30,270 [INFO] ThirdParty:1030 - CMSIS Pack Vendor :STMicroelectronics MBEDTLS 2.16.2
2023-12-31 02:20:30,270 [INFO] ThirdParty:1030 - CMSIS Pack Vendor :emotas I-CUBE-CANOPEN 1.3.0
2023-12-31 02:20:30,270 [INFO] ThirdParty:1030 - CMSIS Pack Vendor :STMicroelectronics X-CUBE-MEMS1 10.0.0
2023-12-31 02:20:30,270 [INFO] ThirdParty:1030 - CMSIS Pack Vendor :STMicroelectronics X-CUBE-FREERTOS 1.1.0
2023-12-31 02:20:30,270 [INFO] ThirdParty:1030 - CMSIS Pack Vendor :STMicroelectronics X-CUBE-NFC7 1.0.1
2023-12-31 02:20:30,270 [INFO] ThirdParty:1030 - CMSIS Pack Vendor :STMicroelectronics MBEDTLS 2.14.1
2023-12-31 02:20:30,270 [INFO] ThirdParty:1030 - CMSIS Pack Vendor :STMicroelectronics X-CUBE-TOUCHGFX 4.22.1
2023-12-31 02:20:30,270 [INFO] ThirdParty:1030 - CMSIS Pack Vendor :STMicroelectronics X-CUBE-NFC6 3.0.0
2023-12-31 02:20:30,270 [INFO] ThirdParty:1030 - CMSIS Pack Vendor :portGmbH I-Cube-SoM-uGOAL 1.1.0
2023-12-31 02:20:30,270 [INFO] ThirdParty:1030 - CMSIS Pack Vendor :STMicroelectronics X-CUBE-ALS 1.0.1
2023-12-31 02:20:30,270 [INFO] ThirdParty:1030 - CMSIS Pack Vendor :STMicroelectronics ThreadX 1.0.0
2023-12-31 02:20:30,270 [INFO] ThirdParty:1030 - CMSIS Pack Vendor :STMicroelectronics FP-SNS-SMARTAG2 1.2.0
2023-12-31 02:20:30,270 [INFO] ThirdParty:1030 - CMSIS Pack Vendor :STMicroelectronics X-CUBE-AZRTOS-WL 2.0.0
2023-12-31 02:20:30,271 [INFO] ThirdParty:1030 - CMSIS Pack Vendor :STMicroelectronics USB_DEVICE 1.0.0
2023-12-31 02:20:30,271 [INFO] ThirdParty:1030 - CMSIS Pack Vendor :STMicroelectronics X-CUBE-AI 8.1.0
2023-12-31 02:20:30,271 [INFO] ThirdParty:1030 - CMSIS Pack Vendor :STMicroelectronics X-CUBE-AZRTOS-L4 2.0.0
2023-12-31 02:20:30,271 [INFO] ThirdParty:1030 - CMSIS Pack Vendor :STMicroelectronics ThreadX 0.0.2
2023-12-31 02:20:30,271 [INFO] ThirdParty:1030 - CMSIS Pack Vendor :WES I-CUBE-Cesium 1.3.0
2023-12-31 02:20:30,271 [INFO] ThirdParty:1030 - CMSIS Pack Vendor :STMicroelectronics FP-ATR-ASTRA1 2.0.0
2023-12-31 02:20:30,271 [INFO] ThirdParty:1030 - CMSIS Pack Vendor :STMicroelectronics lwIP 2.1.2
2023-12-31 02:20:30,271 [INFO] ThirdParty:1030 - CMSIS Pack Vendor :STMicroelectronics X-CUBE-SFXS2LP1 4.0.0
2023-12-31 02:20:30,271 [INFO] ThirdParty:1030 - CMSIS Pack Vendor :STMicroelectronics X-CUBE-BLE2 3.3.0
2023-12-31 02:20:30,271 [INFO] ThirdParty:1030 - CMSIS Pack Vendor :STMicroelectronics X-CUBE-TOF1 3.4.0
2023-12-31 02:20:30,271 [INFO] ThirdParty:1030 - CMSIS Pack Vendor :STMicroelectronics X-CUBE-AZRTOS-H7 3.2.0
2023-12-31 02:20:30,272 [INFO] ThirdParty:1030 - CMSIS Pack Vendor :STMicroelectronics PDM2PCM 3.2.0
2023-12-31 02:20:30,272 [INFO] ThirdParty:841 - exiting critical section [change project]
2023-12-31 02:20:30,317 [INFO] PinOutPanel:1499 - setPackage(No Configuration,No Configuration)
2023-12-31 02:20:30,318 [INFO] PinOutPanel:1499 - setPackage(STM32F042F4Px,TSSOP20)
2023-12-31 02:20:30,812 [INFO] UtilMem:75 - Before build in PCC Used Memory: 465972368 Bytes (1013972992)
2023-12-31 02:20:30,946 [INFO] UtilMem:75 - After build in PCC Used Memory: 508963984 Bytes (1013972992)
2023-12-31 02:20:30,960 [INFO] IPUIPlugin:80 - create IPUIPlugin
2023-12-31 02:20:30,960 [INFO] IPUIPlugin:80 - create IPUIPlugin
2023-12-31 02:20:30,960 [INFO] IPUIPlugin:80 - create IPUIPlugin
2023-12-31 02:20:30,960 [INFO] IPUIPlugin:80 - create IPUIPlugin
2023-12-31 02:20:30,960 [INFO] IPUIPlugin:80 - create IPUIPlugin
2023-12-31 02:20:30,960 [INFO] IPUIPlugin:80 - create IPUIPlugin
2023-12-31 02:20:30,960 [INFO] IPUIPlugin:80 - create IPUIPlugin
2023-12-31 02:20:30,960 [INFO] IPUIPlugin:80 - create IPUIPlugin
2023-12-31 02:20:30,960 [INFO] IPUIPlugin:80 - create IPUIPlugin
2023-12-31 02:20:30,960 [INFO] IPUIPlugin:80 - create IPUIPlugin
2023-12-31 02:20:30,961 [INFO] IPUIPlugin:80 - create IPUIPlugin
2023-12-31 02:20:30,961 [INFO] IPUIPlugin:80 - create IPUIPlugin
2023-12-31 02:20:30,961 [INFO] IPUIPlugin:80 - create IPUIPlugin
2023-12-31 02:20:30,961 [INFO] IPUIPlugin:80 - create IPUIPlugin
2023-12-31 02:20:30,962 [INFO] IPUIPlugin:80 - create IPUIPlugin
2023-12-31 02:20:30,962 [INFO] IPUIPlugin:80 - create IPUIPlugin
2023-12-31 02:20:30,962 [INFO] IPUIPlugin:80 - create IPUIPlugin
2023-12-31 02:20:30,962 [INFO] IPUIPlugin:80 - create IPUIPlugin
2023-12-31 02:20:30,962 [INFO] IPUIPlugin:80 - create IPUIPlugin
2023-12-31 02:20:30,962 [INFO] IPUIPlugin:80 - create IPUIPlugin
2023-12-31 02:20:30,962 [INFO] IPUIPlugin:80 - create IPUIPlugin
2023-12-31 02:20:30,962 [INFO] IPUIPlugin:80 - create IPUIPlugin
2023-12-31 02:20:30,962 [INFO] IPUIPlugin:80 - create IPUIPlugin
2023-12-31 02:20:30,962 [INFO] IPUIPlugin:80 - create IPUIPlugin
2023-12-31 02:20:30,963 [INFO] IPUIPlugin:80 - create IPUIPlugin
2023-12-31 02:20:30,963 [INFO] IPUIPlugin:80 - create IPUIPlugin
2023-12-31 02:20:30,963 [INFO] IPUIPlugin:80 - create IPUIPlugin
2023-12-31 02:20:30,963 [INFO] IPUIPlugin:80 - create IPUIPlugin
2023-12-31 02:20:30,963 [INFO] IPUIPlugin:80 - create IPUIPlugin
2023-12-31 02:20:30,963 [INFO] IPUIPlugin:80 - create IPUIPlugin
2023-12-31 02:20:30,967 [INFO] Can:71 - Can Add PropertyChangeListener com.st.microxplorer.plugins.ip.can.Can@4e407276
2023-12-31 02:20:30,991 [INFO] CADModel:165 - CPN selected for project levelSTM32F042F4P6
2023-12-31 02:20:30,991 [INFO] CADModel:114 - Register for checkConnection events
2023-12-31 02:20:31,098 [INFO] OpenFileManager:343 - Restore cursor
2023-12-31 02:22:36,092 [INFO] Gpio:277 - dependency for GPIO [ADC, CAN, SYS]
2023-12-31 02:22:42,153 [INFO] Gpio:277 - dependency for GPIO [ADC, CAN, SYS]
2023-12-31 02:22:42,182 [INFO] NvicIntPanel:101 - NVIC parent = com.st.microxplorer.plugins.ip.nvic.MultiNvicIntPanel[,0,0,0x0,invalid,layout=javax.swing.BoxLayout,alignmentX=0.0,alignmentY=0.0,border=,flags=9,maximumSize=,minimumSize=,preferredSize=]
2023-12-31 02:22:45,238 [INFO] NvicIntPanel:101 - NVIC parent = com.st.microxplorer.plugins.ip.nvic.MultiNvicIntPanel[,0,0,0x0,invalid,layout=javax.swing.BoxLayout,alignmentX=0.0,alignmentY=0.0,border=,flags=9,maximumSize=,minimumSize=,preferredSize=]
2023-12-31 02:23:12,543 [INFO] NvicIntPanel:101 - NVIC parent = com.st.microxplorer.plugins.ip.nvic.MultiNvicIntPanel[,0,0,0x0,invalid,layout=javax.swing.BoxLayout,alignmentX=0.0,alignmentY=0.0,border=,flags=9,maximumSize=,minimumSize=,preferredSize=]
2023-12-31 02:23:14,441 [INFO] NvicIntPanel:101 - NVIC parent = com.st.microxplorer.plugins.ip.nvic.MultiNvicIntPanel[,0,0,0x0,invalid,layout=javax.swing.BoxLayout,alignmentX=0.0,alignmentY=0.0,border=,flags=9,maximumSize=,minimumSize=,preferredSize=]
2023-12-31 02:23:31,253 [INFO] NvicIntPanel:101 - NVIC parent = com.st.microxplorer.plugins.ip.nvic.MultiNvicIntPanel[,0,0,0x0,invalid,layout=javax.swing.BoxLayout,alignmentX=0.0,alignmentY=0.0,border=,flags=9,maximumSize=,minimumSize=,preferredSize=]
2023-12-31 02:23:37,097 [INFO] UtilMem:75 - End SaveConfig() Used Memory: 473538808 Bytes (1013972992)
2023-12-31 02:23:37,714 [INFO] UtilMem:75 - End SaveConfig() Used Memory: 347577136 Bytes (1013972992)
2023-12-31 02:23:37,892 [INFO] BlockDiagram:2759 - set Specific Code input for plugin: ADC
2023-12-31 02:23:37,892 [INFO] BlockDiagram:2759 - set Specific Code input for plugin: NVIC
2023-12-31 02:23:37,892 [INFO] BlockDiagram:2759 - set Specific Code input for plugin: DMA
2023-12-31 02:23:37,892 [INFO] BlockDiagram:2759 - set Specific Code input for plugin: TIM1_8F0
2023-12-31 02:23:37,892 [INFO] BlockDiagram:2759 - set Specific Code input for plugin: SYS
2023-12-31 02:23:37,892 [INFO] BlockDiagram:2759 - set Specific Code input for plugin: GPIO
2023-12-31 02:23:37,892 [INFO] BlockDiagram:2759 - set Specific Code input for plugin: CAN
2023-12-31 02:23:37,892 [INFO] BlockDiagram:2759 - set Specific Code input for plugin: RCC
2023-12-31 02:23:37,894 [INFO] CodeGenerator:807 - code generatio: config db path: C:\ST\STM32CubeIDE_1.13.2\STM32CubeIDE\plugins\com.st.stm32cube.common.mx_6.10.0.202311202037\\db\
2023-12-31 02:23:38,052 [INFO] CodeEngine:255 - oldGeneratedFile, C:\Users\aleja\OneDrive\Escritorio\gettingStartedSTM\newNode_v0\MXTmpFiles\license.tmp_save
2023-12-31 02:23:38,151 [INFO] CodeEngine:279 - Generated code: C:\Users\aleja\OneDrive\Escritorio\gettingStartedSTM\newNode_v0\MXTmpFiles\license.tmp
2023-12-31 02:23:38,195 [INFO] CodeEngine:255 - oldGeneratedFile, C:\Users\aleja\OneDrive\Escritorio\gettingStartedSTM\newNode_v0\MXTmpFiles\gpio.tmp_save
2023-12-31 02:23:38,314 [INFO] CodeEngine:279 - Generated code: C:\Users\aleja\OneDrive\Escritorio\gettingStartedSTM\newNode_v0\MXTmpFiles\gpio.tmp
2023-12-31 02:23:38,439 [INFO] CodeEngine:255 - oldGeneratedFile, C:\Users\aleja\OneDrive\Escritorio\gettingStartedSTM\newNode_v0\MXTmpFiles\dma.tmp_save
2023-12-31 02:23:38,556 [INFO] CodeEngine:279 - Generated code: C:\Users\aleja\OneDrive\Escritorio\gettingStartedSTM\newNode_v0\MXTmpFiles\dma.tmp
2023-12-31 02:23:38,563 [INFO] CodeEngine:255 - oldGeneratedFile, C:\Users\aleja\OneDrive\Escritorio\gettingStartedSTM\newNode_v0\MXTmpFiles\dma_GV.tmp_save
2023-12-31 02:23:38,624 [INFO] CodeEngine:279 - Generated code: C:\Users\aleja\OneDrive\Escritorio\gettingStartedSTM\newNode_v0\MXTmpFiles\dma_GV.tmp
2023-12-31 02:23:38,653 [INFO] CodeEngine:255 - oldGeneratedFile, C:\Users\aleja\OneDrive\Escritorio\gettingStartedSTM\newNode_v0\Core\Src\stm32f0xx_it.c_save
2023-12-31 02:23:38,844 [INFO] CodeEngine:279 - Generated code: C:\Users\aleja\OneDrive\Escritorio\gettingStartedSTM\newNode_v0\Core\Src\stm32f0xx_it.c
2023-12-31 02:23:38,854 [INFO] CodeEngine:255 - oldGeneratedFile, C:\Users\aleja\OneDrive\Escritorio\gettingStartedSTM\newNode_v0\Core\Inc\stm32f0xx_it.h_save
2023-12-31 02:23:38,938 [INFO] CodeEngine:279 - Generated code: C:\Users\aleja\OneDrive\Escritorio\gettingStartedSTM\newNode_v0\Core\Inc\stm32f0xx_it.h
2023-12-31 02:23:38,964 [INFO] CodeEngine:255 - oldGeneratedFile, C:\Users\aleja\OneDrive\Escritorio\gettingStartedSTM\newNode_v0\Core\Src\stm32f0xx_hal_msp.c_save
2023-12-31 02:23:39,101 [INFO] CodeEngine:279 - Generated code: C:\Users\aleja\OneDrive\Escritorio\gettingStartedSTM\newNode_v0\Core\Src\stm32f0xx_hal_msp.c
2023-12-31 02:23:39,106 [INFO] CodeEngine:255 - oldGeneratedFile, C:\Users\aleja\OneDrive\Escritorio\gettingStartedSTM\newNode_v0\MXTmpFiles\system.tmp_save
2023-12-31 02:23:39,178 [INFO] CodeEngine:279 - Generated code: C:\Users\aleja\OneDrive\Escritorio\gettingStartedSTM\newNode_v0\MXTmpFiles\system.tmp
2023-12-31 02:23:39,218 [INFO] CodeEngine:311 - oldGeneratedFile, C:\Users\aleja\OneDrive\Escritorio\gettingStartedSTM\newNode_v0\Core\Inc\stm32f0xx_hal_conf.h_save
2023-12-31 02:23:39,354 [INFO] CodeEngine:335 - Generated code: C:\Users\aleja\OneDrive\Escritorio\gettingStartedSTM\newNode_v0\Core\Inc\stm32f0xx_hal_conf.h
2023-12-31 02:23:39,404 [WARN] IPConfigManager:3440 - IP not found : TIM
2023-12-31 02:23:39,404 [WARN] CodeGenerator:3939 - IP not found : null
2023-12-31 02:23:39,433 [INFO] CodeEngine:255 - oldGeneratedFile, C:\Users\aleja\OneDrive\Escritorio\gettingStartedSTM\newNode_v0\Core\Inc\main.h_save
2023-12-31 02:23:39,601 [INFO] CodeEngine:279 - Generated code: C:\Users\aleja\OneDrive\Escritorio\gettingStartedSTM\newNode_v0\Core\Inc\main.h
2023-12-31 02:23:39,623 [INFO] CodeEngine:255 - oldGeneratedFile, C:\Users\aleja\OneDrive\Escritorio\gettingStartedSTM\newNode_v0\Core\Src\main.c_save
2023-12-31 02:23:39,739 [INFO] CodeEngine:279 - Generated code: C:\Users\aleja\OneDrive\Escritorio\gettingStartedSTM\newNode_v0\Core\Src\main.c
2023-12-31 02:23:40,275 [INFO] ProjectBuilder:3076 - Time for Copy HAL[1] : 153mS.
2023-12-31 02:23:40,277 [INFO] ProjectBuilder:4485 - Project Generator version: 4.2.0-B44
2023-12-31 02:23:40,411 [INFO] ConfigFileManager:1495 - The Die is : DIE445
2023-12-31 02:23:40,412 [INFO] ApiDbMcu:508 - Load IP Config File for FATFS
2023-12-31 02:23:40,415 [INFO] ApiDbMcu:508 - Load IP Config File for FREERTOS
2023-12-31 02:23:40,423 [INFO] ApiDbMcu:508 - Load IP Config File for TOUCHSENSING
2023-12-31 02:23:40,425 [INFO] ApiDbMcu:508 - Load IP Config File for USB_DEVICE
2023-12-31 02:23:41,566 [INFO] ProjectBuilder:4747 - Time for Generating toolchain IDE Files: 1289mS.
2023-12-31 02:23:41,567 [INFO] ProjectBuilder:2947 - Time for Copy CMSIS : 1mS.
2023-12-31 02:23:41,569 [INFO] ProjectBuilder:2947 - Time for Copy CMSIS : 0mS.
2023-12-31 02:24:11,697 [ERROR] LogOutputStream:75 - [STDERR_REDIRECT] 
2023-12-31 02:24:11,698 [ERROR] LogOutputStream:75 - [STDERR_REDIRECT] 
2023-12-31 13:20:08,921 [INFO] Activator:176 - 


2023-12-31 13:20:08,925 [INFO] Activator:177 - !SESSION log4j initialized
2023-12-31 13:20:17,886 [INFO] LogOutputStream:77 - [STDOUT_REDIRECT] 
2023-12-31 13:20:19,138 [INFO] ApplicationProperties:184 - Using Application install path: C:\ST\STM32CubeIDE_1.13.2\STM32CubeIDE\plugins\com.st.stm32cube.common.mx_6.10.0.202311202037
2023-12-31 13:20:19,168 [INFO] DbMcusXml:78 - Set database path to: C:\ST\STM32CubeIDE_1.13.2\STM32CubeIDE\plugins\com.st.stm32cube.common.mx_6.10.0.202311202037\\db\/mcu/
2023-12-31 13:20:19,169 [INFO] ApiDb:274 - Set plugin database path to: C:\ST\STM32CubeIDE_1.13.2\STM32CubeIDE\plugins\com.st.stm32cube.common.mx_6.10.0.202311202037\\db\/plugins/boardmanager/
2023-12-31 13:20:19,169 [WARN] ApiDb:259 - Overriding images path with different value:  => C:\ST\STM32CubeIDE_1.13.2\STM32CubeIDE\plugins\com.st.stm32cube.common.mx_6.10.0.202311202037\\db\/plugins/mcufinder/images/
2023-12-31 13:20:19,183 [INFO] ApiDb:250 - Set database path to: C:\Users\aleja\.stmcufinder\plugins\mcufinder//mcu/
2023-12-31 13:20:19,185 [INFO] DbMcusAds:125 - Set database path to: C:\Users\aleja\.stmcufinder\plugins\mcufinder//mcu/
2023-12-31 13:20:19,188 [INFO] CrossReferenceDbSqlite:203 - Set database path to: C:\Users\aleja\.stmcufinder\plugins\mcufinder//mcu/cs/
2023-12-31 13:20:19,369 [INFO] RulesReader:64 - Compatibility file has been processed (297 Rules)
2023-12-31 13:20:19,504 [INFO] DbMcusXml:78 - Set database path to: C:\ST\STM32CubeIDE_1.13.2\STM32CubeIDE\plugins\com.st.stm32cube.common.mx_6.10.0.202311202037\\db\/mcu/
2023-12-31 13:20:19,504 [INFO] ApiDb:274 - Set plugin database path to: C:\ST\STM32CubeIDE_1.13.2\STM32CubeIDE\plugins\com.st.stm32cube.common.mx_6.10.0.202311202037\\db\/plugins/boardmanager/
2023-12-31 13:20:19,504 [INFO] ApiDb:261 - Set plugin images path to: C:\ST\STM32CubeIDE_1.13.2\STM32CubeIDE\plugins\com.st.stm32cube.common.mx_6.10.0.202311202037\\db\/plugins/mcufinder/images/
2023-12-31 13:20:19,505 [WARN] DbFile:41 - Overriding database path with different value: C:\Users\aleja\.stmcufinder\plugins\mcufinder/ => C:\Users\aleja\.stmcufinder\plugins\mcufinder
2023-12-31 13:20:19,505 [INFO] ApiDb:250 - Set database path to: C:\Users\aleja\.stmcufinder\plugins\mcufinder//mcu/
2023-12-31 13:20:19,505 [WARN] DbFile:41 - Overriding database path with different value: C:\Users\aleja\.stmcufinder\plugins\mcufinder/ => C:\Users\aleja\.stmcufinder\plugins\mcufinder
2023-12-31 13:20:19,505 [INFO] DbMcusAds:125 - Set database path to: C:\Users\aleja\.stmcufinder\plugins\mcufinder//mcu/
2023-12-31 13:20:19,505 [WARN] DbFile:41 - Overriding database path with different value: C:\Users\aleja\.stmcufinder\plugins\mcufinder/ => C:\Users\aleja\.stmcufinder\plugins\mcufinder
2023-12-31 13:20:19,505 [WARN] DbFile:41 - Overriding database path with different value: C:\Users\aleja\.stmcufinder\plugins\mcufinder/ => C:\Users\aleja\.stmcufinder\plugins\mcufinder
2023-12-31 13:20:19,506 [INFO] CrossReferenceDbSqlite:203 - Set database path to: C:\Users\aleja\.stmcufinder\plugins\mcufinder//mcu/cs/
2023-12-31 13:20:19,604 [INFO] MainPanel:264 - HeapMemory: 268435456
2023-12-31 13:20:19,702 [INFO] DbMcusXml:78 - Set database path to: C:\ST\STM32CubeIDE_1.13.2\STM32CubeIDE\plugins\com.st.stm32cube.common.mx_6.10.0.202311202037\\db\/mcu/
2023-12-31 13:20:19,702 [INFO] ApiDb:274 - Set plugin database path to: C:\ST\STM32CubeIDE_1.13.2\STM32CubeIDE\plugins\com.st.stm32cube.common.mx_6.10.0.202311202037\\db\/plugins/boardmanager/
2023-12-31 13:20:19,702 [INFO] ApiDb:261 - Set plugin images path to: C:\ST\STM32CubeIDE_1.13.2\STM32CubeIDE\plugins\com.st.stm32cube.common.mx_6.10.0.202311202037\\db\/plugins/mcufinder/images/
2023-12-31 13:20:19,703 [WARN] DbFile:41 - Overriding database path with different value: C:\Users\aleja\.stmcufinder\plugins\mcufinder/ => C:\Users\aleja\.stmcufinder\plugins\mcufinder
2023-12-31 13:20:19,703 [INFO] ApiDb:250 - Set database path to: C:\Users\aleja\.stmcufinder\plugins\mcufinder//mcu/
2023-12-31 13:20:19,703 [WARN] DbFile:41 - Overriding database path with different value: C:\Users\aleja\.stmcufinder\plugins\mcufinder/ => C:\Users\aleja\.stmcufinder\plugins\mcufinder
2023-12-31 13:20:19,703 [INFO] DbMcusAds:125 - Set database path to: C:\Users\aleja\.stmcufinder\plugins\mcufinder//mcu/
2023-12-31 13:20:19,703 [WARN] DbFile:41 - Overriding database path with different value: C:\Users\aleja\.stmcufinder\plugins\mcufinder/ => C:\Users\aleja\.stmcufinder\plugins\mcufinder
2023-12-31 13:20:19,703 [WARN] DbFile:41 - Overriding database path with different value: C:\Users\aleja\.stmcufinder\plugins\mcufinder/ => C:\Users\aleja\.stmcufinder\plugins\mcufinder
2023-12-31 13:20:19,703 [INFO] CrossReferenceDbSqlite:203 - Set database path to: C:\Users\aleja\.stmcufinder\plugins\mcufinder//mcu/cs/
2023-12-31 13:20:19,723 [INFO] ApplicationProperties:184 - Using Application install path: C:\ST\STM32CubeIDE_1.13.2\STM32CubeIDE\plugins\com.st.stm32cube.common.mx_6.10.0.202311202037
2023-12-31 13:20:19,726 [INFO] PluginManage:196 - Search for loadable plugins [exclusion list=, ]
2023-12-31 13:20:19,727 [INFO] PluginManage:310 - Check plugin analytics
2023-12-31 13:20:20,001 [INFO] AnalyticsPlugin:253 - Accepted Software Licenses: 
2023-12-31 13:20:20,002 [INFO] AnalyticsPlugin:255 - Accepted CMSIS Pack Licenses: 
2023-12-31 13:20:20,002 [INFO] AnalyticsPlugin:257 - Accepted Firmware Licenses: 
2023-12-31 13:20:20,006 [INFO] PluginManage:359 - Loaded plugin analytics (category:tool,tabindex:-1)
2023-12-31 13:20:20,006 [INFO] PluginManage:310 - Check plugin cadmodel
2023-12-31 13:20:20,028 [INFO] CADModel:105 - Init CAD model plugin
2023-12-31 13:20:20,029 [INFO] PluginManage:359 - Loaded plugin cadmodel (category:power,tabindex:5)
2023-12-31 13:20:20,029 [INFO] PluginManage:310 - Check plugin clock
2023-12-31 13:20:20,061 [INFO] PluginManage:359 - Loaded plugin clock (category:base,tabindex:2)
2023-12-31 13:20:20,061 [INFO] PluginManage:310 - Check plugin ddr
2023-12-31 13:20:20,065 [INFO] PluginManage:359 - Loaded plugin ddr (category:tool,tabindex:6)
2023-12-31 13:20:20,065 [INFO] PluginManage:310 - Check plugin filemanager
2023-12-31 13:20:20,267 [INFO] PluginManage:359 - Loaded plugin filemanager (category:base,tabindex:10)
2023-12-31 13:20:20,267 [INFO] PluginManage:310 - Check plugin ipmanager
2023-12-31 13:20:20,277 [INFO] PluginManage:359 - Loaded plugin ipmanager (category:base,tabindex:5)
2023-12-31 13:20:20,278 [INFO] PluginManage:310 - Check plugin lpbam
2023-12-31 13:20:20,294 [INFO] PluginManage:359 - Loaded plugin lpbam (category:base,tabindex:0)
2023-12-31 13:20:20,294 [INFO] PluginManage:310 - Check plugin memorymap
2023-12-31 13:20:20,316 [INFO] PluginManage:359 - Loaded plugin memorymap (category:base,tabindex:4)
2023-12-31 13:20:20,316 [INFO] PluginManage:310 - Check plugin pinoutandconfiguration
2023-12-31 13:20:20,332 [INFO] PluginManage:359 - Loaded plugin pinoutandconfiguration (category:base,tabindex:1)
2023-12-31 13:20:20,332 [INFO] PluginManage:310 - Check plugin pinoutconfig
2023-12-31 13:20:20,427 [WARN] SupportedApi:132 - Cannot load RTOS API schema: s4s-elt-must-match.1: The content of 'definitions' must match (annotation?, (simpleType | complexType)?, (unique | key | keyref)*)). A problem was found starting at: attribute.
2023-12-31 13:20:20,539 [INFO] PluginManage:359 - Loaded plugin pinoutconfig (category:base,tabindex:0)
2023-12-31 13:20:20,539 [INFO] PluginManage:310 - Check plugin power
2023-12-31 13:20:20,560 [INFO] PluginManage:359 - Loaded plugin power (category:power,tabindex:4)
2023-12-31 13:20:20,560 [INFO] PluginManage:310 - Check plugin projectmanager
2023-12-31 13:20:20,576 [INFO] PluginManage:359 - Loaded plugin projectmanager (category:projectmanager,tabindex:3)
2023-12-31 13:20:20,576 [INFO] PluginManage:310 - Check plugin thirdparty
2023-12-31 13:20:20,843 [INFO] PluginManage:359 - Loaded plugin thirdparty (category:base,tabindex:-1)
2023-12-31 13:20:20,844 [INFO] PluginManage:310 - Check plugin tools
2023-12-31 13:20:20,844 [WARN] IntegrityCheckThread:84 - waiting for thirdparty lock release [integrity check]
2023-12-31 13:20:20,844 [INFO] IntegrityCheckThread:86 - entering critical section [integrity check]
2023-12-31 13:20:20,844 [INFO] ThirdPartyUpdaterWithRetryManager:70 - Updater plugin not ready yet. [1/15]
2023-12-31 13:20:20,872 [INFO] PluginManage:359 - Loaded plugin tools (category:base,tabindex:7)
2023-12-31 13:20:20,872 [INFO] PluginManage:310 - Check plugin tutovideos
2023-12-31 13:20:21,069 [INFO] PluginManage:359 - Loaded plugin tutovideos (category:base,tabindex:-1)
2023-12-31 13:20:21,070 [INFO] PluginManage:310 - Check plugin updater
2023-12-31 13:20:21,082 [INFO] PluginManage:359 - Loaded plugin updater (category:base,tabindex:12)
2023-12-31 13:20:21,082 [INFO] PluginManage:310 - Check plugin userauth
2023-12-31 13:20:21,087 [INFO] UserAuth:114 - Init User Auth plugin
2023-12-31 13:20:21,087 [INFO] PluginManage:359 - Loaded plugin userauth (category:base,tabindex:14)
2023-12-31 13:20:21,087 [INFO] PluginManage:283 - PluginManage : Loaded plugins [17]
2023-12-31 13:20:21,269 [INFO] PinOutPanel:1499 - setPackage(No Configuration,No Configuration)
2023-12-31 13:20:21,324 [INFO] CADModel:165 - CPN selected for project level
2023-12-31 13:20:21,324 [INFO] CADModel:114 - Register for checkConnection events
2023-12-31 13:20:21,344 [INFO] IPUIPlugin:80 - create IPUIPlugin
2023-12-31 13:20:21,344 [INFO] PluginManager:220 - loadIPPluginJar : add adc
2023-12-31 13:20:21,369 [INFO] IPUIPlugin:80 - create IPUIPlugin
2023-12-31 13:20:21,369 [INFO] PluginManager:220 - loadIPPluginJar : add aes
2023-12-31 13:20:21,399 [INFO] IPUIPlugin:80 - create IPUIPlugin
2023-12-31 13:20:21,399 [INFO] PluginManager:220 - loadIPPluginJar : add can
2023-12-31 13:20:21,416 [INFO] IPUIPlugin:80 - create IPUIPlugin
2023-12-31 13:20:21,416 [INFO] PluginManager:220 - loadIPPluginJar : add comp
2023-12-31 13:20:21,440 [INFO] IPUIPlugin:80 - create IPUIPlugin
2023-12-31 13:20:21,440 [INFO] PluginManager:220 - loadIPPluginJar : add cryp
2023-12-31 13:20:21,465 [INFO] IPUIPlugin:80 - create IPUIPlugin
2023-12-31 13:20:21,465 [INFO] PluginManager:220 - loadIPPluginJar : add dfsdm
2023-12-31 13:20:21,478 [INFO] IPUIPlugin:80 - create IPUIPlugin
2023-12-31 13:20:21,478 [INFO] PluginManager:220 - loadIPPluginJar : add dma
2023-12-31 13:20:21,510 [INFO] IPUIPlugin:80 - create IPUIPlugin
2023-12-31 13:20:21,510 [INFO] PluginManager:220 - loadIPPluginJar : add dma3
2023-12-31 13:20:21,528 [INFO] IPUIPlugin:80 - create IPUIPlugin
2023-12-31 13:20:21,528 [INFO] PluginManager:220 - loadIPPluginJar : add fatfs
2023-12-31 13:20:21,566 [INFO] IPUIPlugin:80 - create IPUIPlugin
2023-12-31 13:20:21,566 [INFO] PluginManager:220 - loadIPPluginJar : add fmc
2023-12-31 13:20:21,580 [INFO] IPUIPlugin:80 - create IPUIPlugin
2023-12-31 13:20:21,580 [INFO] PluginManager:220 - loadIPPluginJar : add freertos
2023-12-31 13:20:21,597 [INFO] IPUIPlugin:80 - create IPUIPlugin
2023-12-31 13:20:21,597 [INFO] PluginManager:220 - loadIPPluginJar : add genericplugin
2023-12-31 13:20:21,676 [INFO] IPUIPlugin:80 - create IPUIPlugin
2023-12-31 13:20:21,677 [INFO] PluginManager:220 - loadIPPluginJar : add gfxmmu
2023-12-31 13:20:21,789 [INFO] IPUIPlugin:80 - create IPUIPlugin
2023-12-31 13:20:21,789 [INFO] PluginManager:220 - loadIPPluginJar : add gic
2023-12-31 13:20:21,801 [INFO] IPUIPlugin:80 - create IPUIPlugin
2023-12-31 13:20:21,801 [INFO] PluginManager:220 - loadIPPluginJar : add gpio
2023-12-31 13:20:21,864 [INFO] IPUIPlugin:80 - create IPUIPlugin
2023-12-31 13:20:21,864 [INFO] PluginManager:220 - loadIPPluginJar : add gtzc
2023-12-31 13:20:21,889 [INFO] IPUIPlugin:80 - create IPUIPlugin
2023-12-31 13:20:21,889 [INFO] PluginManager:220 - loadIPPluginJar : add hash
2023-12-31 13:20:21,923 [INFO] IPUIPlugin:80 - create IPUIPlugin
2023-12-31 13:20:21,923 [INFO] PluginManager:220 - loadIPPluginJar : add i2c
2023-12-31 13:20:21,949 [INFO] IPUIPlugin:80 - create IPUIPlugin
2023-12-31 13:20:21,949 [INFO] PluginManager:220 - loadIPPluginJar : add i2s
2023-12-31 13:20:21,976 [INFO] IPUIPlugin:80 - create IPUIPlugin
2023-12-31 13:20:21,976 [INFO] PluginManager:220 - loadIPPluginJar : add i3c
2023-12-31 13:20:22,046 [INFO] IPUIPlugin:80 - create IPUIPlugin
2023-12-31 13:20:22,046 [INFO] PluginManager:220 - loadIPPluginJar : add ipddr
2023-12-31 13:20:22,118 [INFO] IPUIPlugin:80 - create IPUIPlugin
2023-12-31 13:20:22,119 [INFO] PluginManager:220 - loadIPPluginJar : add linkedlist
2023-12-31 13:20:22,151 [INFO] IPUIPlugin:80 - create IPUIPlugin
2023-12-31 13:20:22,151 [INFO] PluginManager:220 - loadIPPluginJar : add lorawan
2023-12-31 13:20:22,181 [INFO] IPUIPlugin:80 - create IPUIPlugin
2023-12-31 13:20:22,181 [INFO] PluginManager:220 - loadIPPluginJar : add ltdc
2023-12-31 13:20:22,195 [INFO] IPUIPlugin:80 - create IPUIPlugin
2023-12-31 13:20:22,195 [INFO] PluginManager:220 - loadIPPluginJar : add mdma
2023-12-31 13:20:22,208 [INFO] IPUIPlugin:80 - create IPUIPlugin
2023-12-31 13:20:22,208 [INFO] PluginManager:220 - loadIPPluginJar : add nvic
2023-12-31 13:20:22,236 [INFO] IPUIPlugin:80 - create IPUIPlugin
2023-12-31 13:20:22,236 [INFO] PluginManager:220 - loadIPPluginJar : add opamp
2023-12-31 13:20:22,283 [INFO] IPUIPlugin:80 - create IPUIPlugin
2023-12-31 13:20:22,284 [INFO] PluginManager:220 - loadIPPluginJar : add openamp
2023-12-31 13:20:22,317 [INFO] IPUIPlugin:80 - create IPUIPlugin
2023-12-31 13:20:22,317 [INFO] PluginManager:220 - loadIPPluginJar : add pdm2pcm
2023-12-31 13:20:22,329 [INFO] IPUIPlugin:80 - create IPUIPlugin
2023-12-31 13:20:22,330 [INFO] PluginManager:220 - loadIPPluginJar : add plateformsettings
2023-12-31 13:20:22,346 [INFO] IPUIPlugin:80 - create IPUIPlugin
2023-12-31 13:20:22,346 [INFO] PluginManager:220 - loadIPPluginJar : add quadspi
2023-12-31 13:20:22,358 [INFO] IPUIPlugin:80 - create IPUIPlugin
2023-12-31 13:20:22,358 [INFO] PluginManager:220 - loadIPPluginJar : add resmgrutility
2023-12-31 13:20:22,395 [INFO] IPUIPlugin:80 - create IPUIPlugin
2023-12-31 13:20:22,396 [INFO] PluginManager:220 - loadIPPluginJar : add sai
2023-12-31 13:20:22,422 [INFO] IPUIPlugin:80 - create IPUIPlugin
2023-12-31 13:20:22,422 [INFO] PluginManager:220 - loadIPPluginJar : add spi
2023-12-31 13:20:22,475 [INFO] IPUIPlugin:80 - create IPUIPlugin
2023-12-31 13:20:22,476 [INFO] PluginManager:220 - loadIPPluginJar : add stm32_wpan
2023-12-31 13:20:22,492 [INFO] IPUIPlugin:80 - create IPUIPlugin
2023-12-31 13:20:22,493 [INFO] PluginManager:220 - loadIPPluginJar : add tim
2023-12-31 13:20:22,532 [INFO] IPUIPlugin:80 - create IPUIPlugin
2023-12-31 13:20:22,532 [INFO] PluginManager:220 - loadIPPluginJar : add touchsensing
2023-12-31 13:20:22,549 [INFO] IPUIPlugin:80 - create IPUIPlugin
2023-12-31 13:20:22,549 [INFO] PluginManager:220 - loadIPPluginJar : add tracer_emb
2023-12-31 13:20:22,566 [INFO] IPUIPlugin:80 - create IPUIPlugin
2023-12-31 13:20:22,566 [INFO] PluginManager:220 - loadIPPluginJar : add ts
2023-12-31 13:20:22,583 [INFO] IPUIPlugin:80 - create IPUIPlugin
2023-12-31 13:20:22,583 [INFO] PluginManager:220 - loadIPPluginJar : add tsc
2023-12-31 13:20:22,599 [INFO] IPUIPlugin:80 - create IPUIPlugin
2023-12-31 13:20:22,599 [INFO] PluginManager:220 - loadIPPluginJar : add ucpd
2023-12-31 13:20:22,633 [INFO] IPUIPlugin:80 - create IPUIPlugin
2023-12-31 13:20:22,633 [INFO] PluginManager:220 - loadIPPluginJar : add usart
2023-12-31 13:20:22,663 [INFO] IPUIPlugin:80 - create IPUIPlugin
2023-12-31 13:20:22,663 [INFO] PluginManager:220 - loadIPPluginJar : add usbx
2023-12-31 13:20:22,782 [INFO] CADModel:165 - CPN selected for project level
2023-12-31 13:20:22,783 [INFO] CADModel:114 - Register for checkConnection events
2023-12-31 13:20:22,783 [FATAL] Updater:308 - Updater called before beeing initialized
2023-12-31 13:20:22,783 [ERROR] CADModel:125 - Updater not yet initialized, retry later 
2023-12-31 13:20:22,890 [INFO] CADModel:165 - CPN selected for project level
2023-12-31 13:20:22,890 [INFO] CADModel:114 - Register for checkConnection events
2023-12-31 13:20:22,890 [FATAL] Updater:308 - Updater called before beeing initialized
2023-12-31 13:20:22,891 [ERROR] CADModel:125 - Updater not yet initialized, retry later 
2023-12-31 13:20:22,893 [FATAL] Updater:308 - Updater called before beeing initialized
2023-12-31 13:20:22,989 [FATAL] Updater:308 - Updater called before beeing initialized
2023-12-31 13:20:22,997 [INFO] DbMcusAds:53 - JSON generation date=Wed Nov 29 11:52:27 CET 2023 (1701255147349)
2023-12-31 13:20:22,998 [FATAL] Updater:308 - Updater called before beeing initialized
2023-12-31 13:20:23,061 [WARN] DetailPanel:346 - Failed to get advertising image, set to default
2023-12-31 13:20:23,129 [FATAL] Updater:308 - Updater called before beeing initialized
2023-12-31 13:20:23,131 [FATAL] Updater:308 - Updater called before beeing initialized
2023-12-31 13:20:23,131 [FATAL] Updater:308 - Updater called before beeing initialized
2023-12-31 13:20:23,132 [WARN] DetailPanel:346 - Failed to get advertising image, set to default
2023-12-31 13:20:23,132 [FATAL] Updater:308 - Updater called before beeing initialized
2023-12-31 13:20:23,184 [ERROR] Updater:1120 - MainUpdater not yet initialized. External WinMGr cannot be set.
2023-12-31 13:20:23,191 [INFO] Updater:1056 - Updater Version found : 6.10.0
2023-12-31 13:20:23,206 [INFO] ApplicationProperties:184 - Using Application install path: C:\ST\STM32CubeIDE_1.13.2\STM32CubeIDE\plugins\com.st.stm32cube.common.mx_6.10.0.202311202037
2023-12-31 13:20:23,844 [INFO] ThirdPartyUpdaterWithRetryManager:70 - Updater plugin not ready yet. [2/15]
2023-12-31 13:20:24,777 [ERROR] LogOutputStream:75 - [STDERR_REDIRECT] Dec 31, 2023 1:20:24 PM java.util.prefs.WindowsPreferences <init>
2023-12-31 13:20:24,778 [ERROR] LogOutputStream:75 - [STDERR_REDIRECT] WARNING: Could not open/create prefs root node Software\JavaSoft\Prefs at root 0xffffffff80000002. Windows RegCreateKeyEx(...) returned error code 5.
2023-12-31 13:20:24,778 [ERROR] LogOutputStream:75 - [STDERR_REDIRECT] 
2023-12-31 13:20:25,047 [INFO] MainUpdater:2873 - connection check result : 10
2023-12-31 13:20:25,047 [INFO] MainUpdater:3567 - Updater definition file requires update
2023-12-31 13:20:25,048 [INFO] MainUpdater:290 - Updater Check For Update Now.
2023-12-31 13:20:25,048 [INFO] MicroXplorer:498 - Change Database Version : DB.6.0.100
2023-12-31 13:20:25,062 [INFO] McuFinderGlobals:63 - Set McuFinder mode to 2 (CubeIDE integrated)
2023-12-31 13:20:25,072 [INFO] UserAuth:404 - Internet connection configuration mode: 1
2023-12-31 13:20:25,092 [INFO] JxBrowserEngine:152 - Initiate JxBrowser Engine with user profile folder
2023-12-31 13:20:25,153 [INFO] ServerAccessManage:473 - Download File updaters.zip
2023-12-31 13:20:25,224 [INFO] FileExtend:240 - Unzip File : updaters.zip
2023-12-31 13:20:25,224 [INFO] FileExtend:255 - Standard Zip Deflate
2023-12-31 13:20:25,696 [INFO] ServerAccessManage:473 - Download File PacksControlFlags.xml
2023-12-31 13:20:25,832 [INFO] ServerAccessManage:473 - Download File cubemx.pidx
2023-12-31 13:20:25,948 [INFO] LoadServerUpdatesThread:375 - End of LoadServerUpdate Thread
2023-12-31 13:20:26,106 [INFO] CheckServerUpdateThread:120 - End of CheckServer Thread
2023-12-31 13:20:27,053 [WARN] PackLoader:240 - Cannot read IP mode file for STMicroelectronics.X-CUBE-SMBUS.2.1.0
2023-12-31 13:20:27,071 [WARN] PackLoader:240 - Cannot read IP mode file for STMicroelectronics.X-CUBE-TOUCHGFX.4.23.0
2023-12-31 13:20:27,120 [WARN] PackLoader:240 - Cannot read IP mode file for STMicroelectronics.X-CUBE-AZRTOS-F7.1.1.0
2023-12-31 13:20:27,137 [WARN] PackLoader:240 - Cannot read IP mode file for STMicroelectronics.FP-SNS-MOTENV1.4.3.2
2023-12-31 13:20:27,151 [WARN] PackLoader:240 - Cannot read IP mode file for STMicroelectronics.FP-SNS-FLIGHT1.5.0.2
2023-12-31 13:20:27,170 [WARN] PackLoader:240 - Cannot read IP mode file for STMicroelectronics.X-CUBE-DISPLAY.3.0.0
2023-12-31 13:20:27,190 [WARN] PackLoader:240 - Cannot read IP mode file for STMicroelectronics.X-CUBE-BLE1.7.0.0
2023-12-31 13:20:27,202 [WARN] PackLoader:240 - Cannot read IP mode file for emotas.I-CUBE-CANOPEN.1.3.0
2023-12-31 13:20:27,214 [WARN] PackLoader:240 - Cannot read IP mode file for STMicroelectronics.X-CUBE-TOUCHGFX.4.22.1
2023-12-31 13:20:27,227 [WARN] PackLoader:240 - Cannot read IP mode file for STMicroelectronics.FP-SNS-SMARTAG2.1.2.0
2023-12-31 13:20:27,247 [INFO] LogOutputStream:77 - [STDOUT_REDIRECT] 1 : Invalid condition id : UX_CORESTACK_Condition cause : null
2023-12-31 13:20:27,248 [INFO] LogOutputStream:77 - [STDOUT_REDIRECT] 1 : Invalid condition id : UX_CORESTACK_Condition cause : null
2023-12-31 13:20:27,249 [INFO] LogOutputStream:77 - [STDOUT_REDIRECT] 1 : Invalid condition id : UX_CORESTACK_Condition cause : null
2023-12-31 13:20:27,249 [INFO] LogOutputStream:77 - [STDOUT_REDIRECT] 1 : Invalid condition id : UX_CORESTACK_Condition cause : null
2023-12-31 13:20:27,250 [INFO] LogOutputStream:77 - [STDOUT_REDIRECT] 1 : Invalid condition id : UX_CORESTACK_Condition cause : null
2023-12-31 13:20:27,253 [WARN] PackLoader:240 - Cannot read IP mode file for STMicroelectronics.X-CUBE-AZRTOS-WL.2.0.0
2023-12-31 13:20:27,274 [WARN] PackLoader:240 - Cannot read IP mode file for WES.I-CUBE-Cesium.1.3.0
2023-12-31 13:20:27,291 [WARN] PackLoader:240 - Cannot read IP mode file for STMicroelectronics.X-CUBE-BLE2.3.3.0
2023-12-31 13:20:27,307 [WARN] PackLoader:240 - Cannot read IP mode file for STMicroelectronics.X-CUBE-ALGOBUILD.1.3.0
2023-12-31 13:20:27,338 [WARN] PackLoader:240 - Cannot read IP mode file for STMicroelectronics.X-CUBE-AZRTOS-G0.1.1.0
2023-12-31 13:20:27,356 [WARN] PackLoader:240 - Cannot read IP mode file for STMicroelectronics.X-CUBE-NFC4.3.0.0
2023-12-31 13:20:27,376 [WARN] PackLoader:240 - Cannot read IP mode file for STMicroelectronics.X-CUBE-BLEMGR.3.0.0
2023-12-31 13:20:27,390 [WARN] PackLoader:240 - Cannot read IP mode file for STMicroelectronics.FP-ATR-SIGFOX1.3.2.0
2023-12-31 13:20:27,405 [WARN] PackLoader:240 - Cannot read IP mode file for STMicroelectronics.X-CUBE-GNSS1.6.0.0
2023-12-31 13:20:27,442 [WARN] PackLoader:240 - Cannot read IP mode file for STMicroelectronics.X-CUBE-AZRTOS-F4.1.1.0
2023-12-31 13:20:27,462 [WARN] PackLoader:240 - Cannot read IP mode file for wolfSSL.I-CUBE-wolfSSL.5.6.4
2023-12-31 13:20:27,494 [WARN] PackLoader:240 - Cannot read IP mode file for STMicroelectronics.X-CUBE-AZRTOS-L5.2.0.0
2023-12-31 13:20:27,511 [WARN] PackLoader:240 - Cannot read IP mode file for STMicroelectronics.X-CUBE-EEPRMA1.4.2.0
2023-12-31 13:20:27,525 [WARN] PackLoader:240 - Cannot read IP mode file for ITTIA_DB.I-CUBE-ITTIADB.8.8.0
2023-12-31 13:20:27,555 [WARN] ConditionMgr:438 - getConditionDescription Invalid condition id : UX DEVICE CLASS RTOS Condition cause : null
2023-12-31 13:20:27,555 [WARN] ConditionMgr:438 - getConditionDescription Invalid condition id : UX DEVICE CLASS RTOS Condition cause : null
2023-12-31 13:20:27,558 [WARN] PackLoader:240 - Cannot read IP mode file for STMicroelectronics.X-CUBE-AZRTOS-H7.3.1.0
2023-12-31 13:20:27,559 [WARN] ConditionMgr:1039 - genDependencies : Invalid condition id : UX DEVICE CLASS RTOS Condition cause : null
2023-12-31 13:20:27,560 [WARN] ConditionMgr:1039 - genDependencies : Invalid condition id : UX DEVICE CLASS RTOS Condition cause : null
2023-12-31 13:20:27,560 [WARN] ConditionMgr:1039 - genDependencies : Invalid condition id : UX DEVICE CLASS RTOS Condition cause : null
2023-12-31 13:20:27,561 [WARN] ConditionMgr:1039 - genDependencies : Invalid condition id : UX DEVICE CLASS RTOS Condition cause : null
2023-12-31 13:20:27,561 [WARN] ConditionMgr:1039 - genDependencies : Invalid condition id : UX DEVICE CLASS RTOS Condition cause : null
2023-12-31 13:20:27,576 [WARN] PackLoader:240 - Cannot read IP mode file for STMicroelectronics.X-CUBE-NFC7.1.0.1
2023-12-31 13:20:27,593 [WARN] PackLoader:240 - Cannot read IP mode file for STMicroelectronics.X-CUBE-NFC6.3.0.0
2023-12-31 13:20:27,609 [WARN] PackLoader:240 - Cannot read IP mode file for STMicroelectronics.X-CUBE-AI.8.1.0
2023-12-31 13:20:27,645 [WARN] ConditionMgr:438 - getConditionDescription Invalid condition id : LAN8742 Phy interface Condition cause : null
2023-12-31 13:20:27,646 [WARN] PackLoader:240 - Cannot read IP mode file for STMicroelectronics.X-CUBE-AZRTOS-L4.2.0.0
2023-12-31 13:20:27,648 [WARN] ConditionMgr:1039 - genDependencies : Invalid condition id : LAN8742 Phy interface Condition cause : null
2023-12-31 13:20:27,648 [WARN] ConditionMgr:1039 - genDependencies : Invalid condition id : LAN8742 Phy interface Condition cause : null
2023-12-31 13:20:27,648 [WARN] ConditionMgr:1039 - genDependencies : Invalid condition id : LAN8742 Phy interface Condition cause : null
2023-12-31 13:20:27,663 [WARN] PackLoader:240 - Cannot read IP mode file for STMicroelectronics.X-CUBE-SFXS2LP1.4.0.0
2023-12-31 13:20:27,678 [WARN] PackLoader:240 - Cannot read IP mode file for STMicroelectronics.X-CUBE-ISPU.1.1.0
2023-12-31 13:20:27,705 [WARN] ConditionMgr:438 - getConditionDescription Invalid condition id : UX DEVICE CLASS RTOS Condition cause : null
2023-12-31 13:20:27,706 [WARN] ConditionMgr:438 - getConditionDescription Invalid condition id : UX DEVICE CLASS RTOS Condition cause : null
2023-12-31 13:20:27,708 [WARN] PackLoader:240 - Cannot read IP mode file for STMicroelectronics.X-CUBE-AZRTOS-WB.2.0.0
2023-12-31 13:20:27,709 [WARN] ConditionMgr:1039 - genDependencies : Invalid condition id : UX DEVICE CLASS RTOS Condition cause : null
2023-12-31 13:20:27,709 [WARN] ConditionMgr:1039 - genDependencies : Invalid condition id : UX DEVICE CLASS RTOS Condition cause : null
2023-12-31 13:20:27,710 [WARN] ConditionMgr:1039 - genDependencies : Invalid condition id : UX DEVICE CLASS RTOS Condition cause : null
2023-12-31 13:20:27,710 [WARN] ConditionMgr:1039 - genDependencies : Invalid condition id : UX DEVICE CLASS RTOS Condition cause : null
2023-12-31 13:20:27,710 [WARN] ConditionMgr:1039 - genDependencies : Invalid condition id : UX DEVICE CLASS RTOS Condition cause : null
2023-12-31 13:20:27,732 [WARN] PackLoader:240 - Cannot read IP mode file for STMicroelectronics.X-CUBE-SUBG2.5.0.0
2023-12-31 13:20:27,765 [WARN] PackLoader:240 - Cannot read IP mode file for STMicroelectronics.X-CUBE-AZRTOS-G4.2.0.0
2023-12-31 13:20:27,794 [WARN] PackLoader:240 - Cannot read IP mode file for Infineon.AIROC-Wi-Fi-Bluetooth-STM32.1.5.1
2023-12-31 13:20:27,810 [WARN] PackLoader:240 - Cannot read IP mode file for STMicroelectronics.FP-SNS-MOTENVWB1.1.3.1
2023-12-31 13:20:27,823 [WARN] PackLoader:240 - Cannot read IP mode file for STMicroelectronics.X-CUBE-ISPU.2.0.0
2023-12-31 13:20:27,920 [WARN] PackLoader:240 - Cannot read IP mode file for STMicroelectronics.X-CUBE-MEMS1.10.0.0
2023-12-31 13:20:28,056 [WARN] PackLoader:240 - Cannot read IP mode file for STMicroelectronics.X-CUBE-FREERTOS.1.1.0
2023-12-31 13:20:28,070 [WARN] PackLoader:240 - Cannot read IP mode file for portGmbH.I-Cube-SoM-uGOAL.1.1.0
2023-12-31 13:20:28,085 [WARN] PackLoader:240 - Cannot read IP mode file for STMicroelectronics.X-CUBE-ALS.1.0.1
2023-12-31 13:20:28,101 [WARN] PackLoader:240 - Cannot read IP mode file for STMicroelectronics.FP-ATR-ASTRA1.2.0.0
2023-12-31 13:20:28,123 [WARN] PackLoader:240 - Cannot read IP mode file for STMicroelectronics.X-CUBE-TOF1.3.4.0
2023-12-31 13:20:28,166 [WARN] PackLoader:240 - Cannot read IP mode file for STMicroelectronics.X-CUBE-AZRTOS-H7.3.2.0
2023-12-31 13:20:28,169 [INFO] ThirdParty:978 - Integrity check success = true
2023-12-31 13:20:28,169 [INFO] IntegrityCheckThread:100 - exiting critical section [integrity check]
2023-12-31 13:20:28,169 [INFO] IntegrityCheckThread:103 - End integrity checks thread
2023-12-31 13:20:28,566 [INFO] WebApp:161 - Instantiating new browser for Auth
2023-12-31 13:20:29,305 [INFO] WebApp:780 - Register for checkConnection events
2023-12-31 13:20:29,305 [INFO] WebApp:414 - Apply proxy settings
2023-12-31 13:20:29,306 [INFO] WebApp:499 - Chromium requires no authentication
2023-12-31 13:20:29,314 [INFO] WebApp:442 - Direct internet connection detected
2023-12-31 13:20:29,466 [INFO] WebApp:192 - Starting web application
2023-12-31 13:20:29,466 [INFO] WebApp:544 - Web application path used C:\ST\STM32CubeIDE_1.13.2\STM32CubeIDE\plugins\com.st.stm32cube.common.mx_6.10.0.202311202037\db\plugins\mcufinder\reactClient1\index.html
2023-12-31 13:20:50,562 [ERROR] LogOutputStream:75 - [STDERR_REDIRECT] SLF4J: Failed to load class "org.slf4j.impl.StaticLoggerBinder".
2023-12-31 13:20:50,563 [ERROR] LogOutputStream:75 - [STDERR_REDIRECT] SLF4J: Defaulting to no-operation (NOP) logger implementation
2023-12-31 13:20:50,564 [ERROR] LogOutputStream:75 - [STDERR_REDIRECT] SLF4J: See http://www.slf4j.org/codes.html#StaticLoggerBinder for further details.
2023-12-31 13:28:32,582 [INFO] McuFinderGlobals:63 - Set McuFinder mode to 2 (CubeIDE integrated)
2023-12-31 13:28:32,607 [INFO] MainUpdater:2873 - connection check result : 10
2023-12-31 13:28:33,236 [INFO] ApiDb:581 - Connected to CubeFinder SQLite database (C:\Users\aleja\.stmcufinder\plugins\mcufinder\mcu\cube-finder-db.db)
2023-12-31 13:28:33,317 [INFO] ApiDb:668 - CubeFinder database Data Model version=2.1
2023-12-31 13:28:33,317 [INFO] ApiDb:669 - CubeFinder database Configuration version=3.0.39
2023-12-31 13:28:33,317 [INFO] ApiDb:670 - CubeFinder database generation date=2023-12-08 (1702028721)
2023-12-31 13:28:33,317 [INFO] ApiDb:671 - CubeFinder database FW Pack versions=[FP-ATR-ASTRA1_V2.0.0, FP-SNS-FLIGHT1_V5.0.1, FP-SNS-FLIGHT1_V5.0.2, FP-SNS-MOTENV1_V4.3.1, FP-SNS-MOTENV1_V4.3.2, FP-SNS-MOTENVWB1_V1.3.1, FP-SNS-SMARTAG2_V1.2.0, STM32Cube_FW_C0_V1.1.0, STM32Cube_FW_F4_V1.28.0, STM32Cube_FW_F7_V1.17.0, STM32Cube_FW_G0_V1.6.1, STM32Cube_FW_G4_V1.5.1, STM32Cube_FW_H5_V0.5.1, STM32Cube_FW_H5_V1.1.1, STM32Cube_FW_H5_V1.2.0RC2, STM32Cube_FW_H7_V1.11.0, STM32Cube_FW_L0_V1.12.2, STM32Cube_FW_L5_V1.5.0, STM32Cube_FW_U5_V1.3.0RC4, STM32Cube_FW_U5_V1.4.0, STM32Cube_FW_WBA_V1.0.0RC1, STM32Cube_FW_WBA_V1.1.0RC1, STM32Cube_FW_WBA_V1.2.0, STM32Cube_FW_WBA_V1.2.0RC2, STM32Cube_FW_WB_V1.15.0RC1, STM32Cube_FW_WB_V1.16.0, STM32Cube_FW_WB_V1.16.0RC2, STM32Cube_FW_WB_V1.18.0, STM32Cube_FW_WL_V1.3.0, X-CUBE-ALGOBUILD_V1.3.0, X-CUBE-ALS_V1.0.1, X-CUBE-AZRTOS-F4_V1.1.0, X-CUBE-AZRTOS-F7_V1.1.0, X-CUBE-AZRTOS-G0_V1.1.0, X-CUBE-AZRTOS-G4_V2.0.0, X-CUBE-AZRTOS-H7_V3.1.0, X-CUBE-AZRTOS-L4_V1.0.0, X-CUBE-AZRTOS-L4_V2.0.0, X-CUBE-AZRTOS-L5_V1.1.0, X-CUBE-AZRTOS-WB_V2.0.0, X-CUBE-AZRTOS-WL_V2.0.0, X-CUBE-BLE1_V7.0.0, X-CUBE-BLE2_V3.3.0, X-CUBE-BLEMGR_V3.0.0, X-CUBE-EEPRMA1_V4.1.0, X-CUBE-EEPRMA1_V4.2.0, X-CUBE-FREERTOS_V1.1.0, X-CUBE-GNSS1_V6.0.0, X-CUBE-MEMS1_V10.0.0, X-CUBE-MEMS1_V9.1.0, X-CUBE-MEMS1_V9.4.0, X-CUBE-MEMS1_V9.6.0, X-CUBE-NFC4_V3.0.0, X-CUBE-NFC7_V1.0.1, X-CUBE-SFXS2LP1_V4.0.0, X-CUBE-SUBG2_V5.0.0, X-CUBE-TOF1_V3.4.0]
2023-12-31 13:28:33,480 [INFO] DbBoardsSqlite:226 - include board P-NUCLEO-WB55-NUCLEO as a kit item of type 'Nucleo-64'
2023-12-31 13:28:33,480 [INFO] DbBoardsSqlite:226 - include board P-NUCLEO-WB55-USBDONGLE as a kit item of type 'Nucleo USB Dongle'
2023-12-31 13:28:33,481 [INFO] DbBoardsSqlite:226 - include board STEVAL-IDP005V1 as a kit item of type 'Evaluation Board'
2023-12-31 13:28:33,482 [INFO] DbBoardsSqlite:226 - include board STEVAL-IDP005V2 as a kit item of type 'Evaluation Board'
2023-12-31 13:28:33,713 [INFO] ApiDb:240 - Found 371 in-development CPN: [B-G473E-ZEST1S, B-WB1M-WPAN1, B-WL5M-SUBG1, NUCLEO-C031C6, NUCLEO-H503RB, NUCLEO-H563ZI, NUCLEO-U545RE-Q, NUCLEO-U5A5ZJ-Q, NUCLEO-WBA52CG, NUCLEO-WBA55CG, STEVAL-MKBOXPRO, STEVAL-PROTEUS1, STEVAL-STWINBX1, STM320518-EVAL, STM32C0116-DK, STM32C011D6Y3TR, STM32C011D6Y6TR, STM32C011F4P3, STM32C011F4P6, STM32C011F4U3, STM32C011F4U6TR, STM32C011F6P3, STM32C011F6P6, STM32C011F6U3, STM32C011F6U6TR, STM32C011J4M3, STM32C011J4M6, STM32C011J6M3, STM32C011J6M6, STM32C0316-DK, STM32C031C4T3, STM32C031C4T6, STM32C031C4U3, STM32C031C4U6, STM32C031C6T3, STM32C031C6T6, STM32C031C6U3, STM32C031C6U6, STM32C031F4P3, STM32C031F4P6, STM32C031F6P3, STM32C031F6P6, STM32C031G4U3, STM32C031G4U6, STM32C031G6U3, STM32C031G6U6, STM32C031K4T3, STM32C031K4T6, STM32C031K4U3, STM32C031K4U6, STM32C031K6T3, STM32C031K6T6, STM32C031K6U3, STM32C031K6U6, STM32G071K8TXN, STM32G071K8UXN, STM32G081GBU6N, STM32G081KBT6N, STM32G081KBUXN, STM32G0B1CCT6N, STM32G0B1KCT6, STM32G0B1NEY6TR, STM32G0B1RCT6N, STM32G0C1CCT6, STM32G0C1CCT6N, STM32G0C1CCU6N, STM32G0C1CET6N, STM32G0C1CEU6N, STM32G0C1KCT6, STM32G0C1NEY6TR, STM32G0C1RCI6N, STM32G0C1RCT6N, STM32G0C1REI6N, STM32G0C1RET6N, STM32G0C1VCI6, STM32G0C1VEI6, STM32G471CCT6, STM32G471CCU6, STM32G471CET3, STM32G471CET6, STM32G471CEU3, STM32G471CEU6, STM32G471MCT6, STM32G471MET3, STM32G471MET6, STM32G471MEY6TR, STM32G471QCT6, STM32G471QET3, STM32G471RCT6, STM32G471RET3, STM32G471RET6, STM32G471VCH6, STM32G471VCI6, STM32G471VCT6, STM32G471VEH3, STM32G471VEH6, STM32G471VEI3, STM32G471VEI6, STM32G471VET3, STM32G471VET6, STM32G474CCT6, STM32H503CBT6, STM32H503CBU6, STM32H503EBY6TR, STM32H503KBU6, STM32H503RBT6, STM32H562AGI6, STM32H562AII6, STM32H562IGK6, STM32H562IGT6, STM32H562IIK6, STM32H562IIT6, STM32H562RGT6, STM32H562RGV6, STM32H562RIT6, STM32H562RIV6, STM32H562VGT6, STM32H562VIT6, STM32H562ZGT6, STM32H562ZIT6, STM32H563AGI6, STM32H563AII3Q, STM32H563AII6, STM32H563IGK6, STM32H563IGT6, STM32H563IIK3Q, STM32H563IIK6, STM32H563IIT3Q, STM32H563IIT6, STM32H563MIY3QTR, STM32H563RGT6, STM32H563RGV6, STM32H563RIT6, STM32H563RIV6, STM32H563VGT6, STM32H563VIT3Q, STM32H563VIT6, STM32H563ZGT6, STM32H563ZIT3Q, STM32H563ZIT6, STM32H573AII3Q, STM32H573AII6, STM32H573I-DK, STM32H573IIK3Q, STM32H573IIK6, STM32H573IIT3Q, STM32H573IIT6, STM32H573MIY3QTR, STM32H573RIT6, STM32H573RIV6, STM32H573VIT3Q, STM32H573VIT6, STM32H573ZIT3Q, STM32H573ZIT6, STM32L4R5QGI6STR, STM32MP131AAE3, STM32MP131AAF3, STM32MP131AAG3, STM32MP131CAE3, STM32MP131CAF3, STM32MP131CAG3, STM32MP131DAE7, STM32MP131DAF7, STM32MP131DAG7, STM32MP131FAE7, STM32MP131FAF7, STM32MP131FAG7, STM32MP133AAE3, STM32MP133AAF3, STM32MP133AAG3, STM32MP133CAE3, STM32MP133CAF3, STM32MP133CAG3, STM32MP133DAE7, STM32MP133DAF7, STM32MP133DAG7, STM32MP133FAE7, STM32MP133FAF7, STM32MP133FAG7, STM32MP135AAE3, STM32MP135AAF3, STM32MP135AAG3, STM32MP135CAE3, STM32MP135CAF3, STM32MP135CAG3, STM32MP135DAE7, STM32MP135DAF7, STM32MP135DAG7, STM32MP135F-DK, STM32MP135FAE7, STM32MP135FAF7, STM32MP135FAF7T, STM32MP135FAF7U, STM32MP135FAG7, STM32U535CBT6, STM32U535CBT6Q, STM32U535CBU6, STM32U535CBU6Q, STM32U535CCT6, STM32U535CCT6Q, STM32U535CCU6, STM32U535CCU6Q, STM32U535CET6, STM32U535CET6Q, STM32U535CEU6, STM32U535CEU6Q, STM32U535JEY6QTR, STM32U535NCY6QTR, STM32U535NEY6QTR, STM32U535RBI6, STM32U535RBI6Q, STM32U535RBT6, STM32U535RBT6Q, STM32U535RCI6, STM32U535RCI6Q, STM32U535RCT6, STM32U535RCT6Q, STM32U535REI6, STM32U535REI6Q, STM32U535RET6, STM32U535RET6Q, STM32U535VCI6, STM32U535VCI6Q, STM32U535VCT6, STM32U535VCT6Q, STM32U535VEI6, STM32U535VEI6Q, STM32U535VET6, STM32U535VET6Q, STM32U545CET6, STM32U545CET6Q, STM32U545CEU6, STM32U545CEU6Q, STM32U545JEY6QTR, STM32U545NEY6QTR, STM32U545REI6, STM32U545REI6Q, STM32U545RET6, STM32U545RET6Q, STM32U545VEI6, STM32U545VEI6Q, STM32U545VET6, STM32U545VET6Q, STM32U595AIH6, STM32U595AIH6Q, STM32U595AJH6, STM32U595AJH6Q, STM32U595QII6, STM32U595QII6Q, STM32U595QJI6, STM32U595QJI6Q, STM32U595RIT6, STM32U595RIT6Q, STM32U595RJT6, STM32U595RJT6Q, STM32U595VIT6, STM32U595VIT6Q, STM32U595VJT6, STM32U595VJT6Q, STM32U595ZIT6, STM32U595ZIT6Q, STM32U595ZIY6QTR, STM32U595ZJT6, STM32U595ZJT6Q, STM32U595ZJY6QTR, STM32U599BJY6QTR, STM32U599NIH6Q, STM32U599NJH6Q, STM32U599VIT6Q, STM32U599VJT6, STM32U599VJT6Q, STM32U599ZIT6Q, STM32U599ZIY6QTR, STM32U599ZJT6Q, STM32U599ZJY6QTR, STM32U5A5AJH6, STM32U5A5AJH6Q, STM32U5A5QJI6, STM32U5A5QJI6Q, STM32U5A5RJT6, STM32U5A5RJT6Q, STM32U5A5VJT6, STM32U5A5VJT6Q, STM32U5A5ZJT6, STM32U5A5ZJT6Q, STM32U5A5ZJY6QTR, STM32U5A9BJY6QTR, STM32U5A9J-DK, STM32U5A9NJH6Q, STM32U5A9VJT6Q, STM32U5A9ZJT6Q, STM32U5A9ZJY6QTR, STM32U5F7VIT6, STM32U5F7VIT6Q, STM32U5F7VJT6, STM32U5F7VJT6Q, STM32U5F9BJY6QTR, STM32U5F9NJH6Q, STM32U5F9VIT6Q, STM32U5F9VJT6Q, STM32U5F9ZIJ6QTR, STM32U5F9ZIT6Q, STM32U5F9ZJJ6QTR, STM32U5F9ZJT6Q, STM32U5G7VJT6, STM32U5G7VJT6Q, STM32U5G9BJY6QTR, STM32U5G9J-DK1, STM32U5G9J-DK2, STM32U5G9NJH6Q, STM32U5G9VJT6Q, STM32U5G9ZJJ6QTR, STM32U5G9ZJT6Q, STM32WB1MMCH6, STM32WBA50KEU6, STM32WBA50KEU6TR, STM32WBA50KGU6, STM32WBA50KGU6TR, STM32WBA52CEU6, STM32WBA52CEU6TR, STM32WBA52CEU7, STM32WBA52CEU7TR, STM32WBA52CGU6, STM32WBA52CGU6TR, STM32WBA52CGU6U, STM32WBA52CGU7, STM32WBA52CGU7TR, STM32WBA52KEU6, STM32WBA52KEU6TR, STM32WBA52KGU6, STM32WBA52KGU6TR, STM32WBA54CEU6, STM32WBA54CEU6TR, STM32WBA54CEU7, STM32WBA54CEU7TR, STM32WBA54CGU6, STM32WBA54CGU6TR, STM32WBA54CGU7, STM32WBA54CGU7TR, STM32WBA54KEU6, STM32WBA54KEU6TR, STM32WBA54KEU7, STM32WBA54KEU7TR, STM32WBA54KGU6, STM32WBA54KGU6TR, STM32WBA54KGU7, STM32WBA54KGU7TR, STM32WBA55CEU6, STM32WBA55CEU6TR, STM32WBA55CEU7, STM32WBA55CEU7TR, STM32WBA55CGU6, STM32WBA55CGU6TR, STM32WBA55CGU6U, STM32WBA55CGU7, STM32WBA55CGU7TR, STM32WBA55G-DK1, STM32WBA55HEF6, STM32WBA55HEF7, STM32WBA55HGF6, STM32WBA55HGF7, STM32WBA55UEI6, STM32WBA55UEI6TR, STM32WBA55UEI7, STM32WBA55UEI7TR, STM32WBA55UGI6, STM32WBA55UGI6TR, STM32WBA55UGI7, STM32WBA55UGI7TR, STM32WL5MOCH6, STM32WL5MOCH6TR]
2023-12-31 13:28:33,819 [INFO] BoardInfo:889 - No configuration file found for board P-NUCLEO-WB55
2023-12-31 13:28:33,819 [INFO] DbBoards:161 - Kit is not supported: P-NUCLEO-WB55
2023-12-31 13:28:33,822 [INFO] BoardInfo:889 - No configuration file found for board STEVAL-BFA001V1B
2023-12-31 13:28:33,823 [INFO] DbBoards:161 - Kit is not supported: STEVAL-BFA001V1B
2023-12-31 13:28:33,824 [INFO] BoardInfo:889 - No configuration file found for board STEVAL-BFA001V2B
2023-12-31 13:28:33,824 [INFO] DbBoards:161 - Kit is not supported: STEVAL-BFA001V2B
2023-12-31 13:28:33,924 [INFO] DbBoards:168 - Found 193 boards, 190 are supported
2023-12-31 13:28:33,924 [INFO] DbBoards:169 - Found 193 boards, 3 of them is supported for  Bsp
2023-12-31 13:28:33,928 [INFO] ApiDb:668 - CubeFinder database Data Model version=2.1
2023-12-31 13:28:33,928 [INFO] ApiDb:669 - CubeFinder database Configuration version=3.0.39
2023-12-31 13:28:33,929 [INFO] ApiDb:670 - CubeFinder database generation date=2023-12-08 (1702028721)
2023-12-31 13:28:33,929 [INFO] ApiDb:671 - CubeFinder database FW Pack versions=[FP-ATR-ASTRA1_V2.0.0, FP-SNS-FLIGHT1_V5.0.1, FP-SNS-FLIGHT1_V5.0.2, FP-SNS-MOTENV1_V4.3.1, FP-SNS-MOTENV1_V4.3.2, FP-SNS-MOTENVWB1_V1.3.1, FP-SNS-SMARTAG2_V1.2.0, STM32Cube_FW_C0_V1.1.0, STM32Cube_FW_F4_V1.28.0, STM32Cube_FW_F7_V1.17.0, STM32Cube_FW_G0_V1.6.1, STM32Cube_FW_G4_V1.5.1, STM32Cube_FW_H5_V0.5.1, STM32Cube_FW_H5_V1.1.1, STM32Cube_FW_H5_V1.2.0RC2, STM32Cube_FW_H7_V1.11.0, STM32Cube_FW_L0_V1.12.2, STM32Cube_FW_L5_V1.5.0, STM32Cube_FW_U5_V1.3.0RC4, STM32Cube_FW_U5_V1.4.0, STM32Cube_FW_WBA_V1.0.0RC1, STM32Cube_FW_WBA_V1.1.0RC1, STM32Cube_FW_WBA_V1.2.0, STM32Cube_FW_WBA_V1.2.0RC2, STM32Cube_FW_WB_V1.15.0RC1, STM32Cube_FW_WB_V1.16.0, STM32Cube_FW_WB_V1.16.0RC2, STM32Cube_FW_WB_V1.18.0, STM32Cube_FW_WL_V1.3.0, X-CUBE-ALGOBUILD_V1.3.0, X-CUBE-ALS_V1.0.1, X-CUBE-AZRTOS-F4_V1.1.0, X-CUBE-AZRTOS-F7_V1.1.0, X-CUBE-AZRTOS-G0_V1.1.0, X-CUBE-AZRTOS-G4_V2.0.0, X-CUBE-AZRTOS-H7_V3.1.0, X-CUBE-AZRTOS-L4_V1.0.0, X-CUBE-AZRTOS-L4_V2.0.0, X-CUBE-AZRTOS-L5_V1.1.0, X-CUBE-AZRTOS-WB_V2.0.0, X-CUBE-AZRTOS-WL_V2.0.0, X-CUBE-BLE1_V7.0.0, X-CUBE-BLE2_V3.3.0, X-CUBE-BLEMGR_V3.0.0, X-CUBE-EEPRMA1_V4.1.0, X-CUBE-EEPRMA1_V4.2.0, X-CUBE-FREERTOS_V1.1.0, X-CUBE-GNSS1_V6.0.0, X-CUBE-MEMS1_V10.0.0, X-CUBE-MEMS1_V9.1.0, X-CUBE-MEMS1_V9.4.0, X-CUBE-MEMS1_V9.6.0, X-CUBE-NFC4_V3.0.0, X-CUBE-NFC7_V1.0.1, X-CUBE-SFXS2LP1_V4.0.0, X-CUBE-SUBG2_V5.0.0, X-CUBE-TOF1_V3.4.0]
2023-12-31 13:28:35,529 [INFO] ApiDb:240 - Found 371 in-development CPN: [B-G473E-ZEST1S, B-WB1M-WPAN1, B-WL5M-SUBG1, NUCLEO-C031C6, NUCLEO-H503RB, NUCLEO-H563ZI, NUCLEO-U545RE-Q, NUCLEO-U5A5ZJ-Q, NUCLEO-WBA52CG, NUCLEO-WBA55CG, STEVAL-MKBOXPRO, STEVAL-PROTEUS1, STEVAL-STWINBX1, STM320518-EVAL, STM32C0116-DK, STM32C011D6Y3TR, STM32C011D6Y6TR, STM32C011F4P3, STM32C011F4P6, STM32C011F4U3, STM32C011F4U6TR, STM32C011F6P3, STM32C011F6P6, STM32C011F6U3, STM32C011F6U6TR, STM32C011J4M3, STM32C011J4M6, STM32C011J6M3, STM32C011J6M6, STM32C0316-DK, STM32C031C4T3, STM32C031C4T6, STM32C031C4U3, STM32C031C4U6, STM32C031C6T3, STM32C031C6T6, STM32C031C6U3, STM32C031C6U6, STM32C031F4P3, STM32C031F4P6, STM32C031F6P3, STM32C031F6P6, STM32C031G4U3, STM32C031G4U6, STM32C031G6U3, STM32C031G6U6, STM32C031K4T3, STM32C031K4T6, STM32C031K4U3, STM32C031K4U6, STM32C031K6T3, STM32C031K6T6, STM32C031K6U3, STM32C031K6U6, STM32G071K8TXN, STM32G071K8UXN, STM32G081GBU6N, STM32G081KBT6N, STM32G081KBUXN, STM32G0B1CCT6N, STM32G0B1KCT6, STM32G0B1NEY6TR, STM32G0B1RCT6N, STM32G0C1CCT6, STM32G0C1CCT6N, STM32G0C1CCU6N, STM32G0C1CET6N, STM32G0C1CEU6N, STM32G0C1KCT6, STM32G0C1NEY6TR, STM32G0C1RCI6N, STM32G0C1RCT6N, STM32G0C1REI6N, STM32G0C1RET6N, STM32G0C1VCI6, STM32G0C1VEI6, STM32G471CCT6, STM32G471CCU6, STM32G471CET3, STM32G471CET6, STM32G471CEU3, STM32G471CEU6, STM32G471MCT6, STM32G471MET3, STM32G471MET6, STM32G471MEY6TR, STM32G471QCT6, STM32G471QET3, STM32G471RCT6, STM32G471RET3, STM32G471RET6, STM32G471VCH6, STM32G471VCI6, STM32G471VCT6, STM32G471VEH3, STM32G471VEH6, STM32G471VEI3, STM32G471VEI6, STM32G471VET3, STM32G471VET6, STM32G474CCT6, STM32H503CBT6, STM32H503CBU6, STM32H503EBY6TR, STM32H503KBU6, STM32H503RBT6, STM32H562AGI6, STM32H562AII6, STM32H562IGK6, STM32H562IGT6, STM32H562IIK6, STM32H562IIT6, STM32H562RGT6, STM32H562RGV6, STM32H562RIT6, STM32H562RIV6, STM32H562VGT6, STM32H562VIT6, STM32H562ZGT6, STM32H562ZIT6, STM32H563AGI6, STM32H563AII3Q, STM32H563AII6, STM32H563IGK6, STM32H563IGT6, STM32H563IIK3Q, STM32H563IIK6, STM32H563IIT3Q, STM32H563IIT6, STM32H563MIY3QTR, STM32H563RGT6, STM32H563RGV6, STM32H563RIT6, STM32H563RIV6, STM32H563VGT6, STM32H563VIT3Q, STM32H563VIT6, STM32H563ZGT6, STM32H563ZIT3Q, STM32H563ZIT6, STM32H573AII3Q, STM32H573AII6, STM32H573I-DK, STM32H573IIK3Q, STM32H573IIK6, STM32H573IIT3Q, STM32H573IIT6, STM32H573MIY3QTR, STM32H573RIT6, STM32H573RIV6, STM32H573VIT3Q, STM32H573VIT6, STM32H573ZIT3Q, STM32H573ZIT6, STM32L4R5QGI6STR, STM32MP131AAE3, STM32MP131AAF3, STM32MP131AAG3, STM32MP131CAE3, STM32MP131CAF3, STM32MP131CAG3, STM32MP131DAE7, STM32MP131DAF7, STM32MP131DAG7, STM32MP131FAE7, STM32MP131FAF7, STM32MP131FAG7, STM32MP133AAE3, STM32MP133AAF3, STM32MP133AAG3, STM32MP133CAE3, STM32MP133CAF3, STM32MP133CAG3, STM32MP133DAE7, STM32MP133DAF7, STM32MP133DAG7, STM32MP133FAE7, STM32MP133FAF7, STM32MP133FAG7, STM32MP135AAE3, STM32MP135AAF3, STM32MP135AAG3, STM32MP135CAE3, STM32MP135CAF3, STM32MP135CAG3, STM32MP135DAE7, STM32MP135DAF7, STM32MP135DAG7, STM32MP135F-DK, STM32MP135FAE7, STM32MP135FAF7, STM32MP135FAF7T, STM32MP135FAF7U, STM32MP135FAG7, STM32U535CBT6, STM32U535CBT6Q, STM32U535CBU6, STM32U535CBU6Q, STM32U535CCT6, STM32U535CCT6Q, STM32U535CCU6, STM32U535CCU6Q, STM32U535CET6, STM32U535CET6Q, STM32U535CEU6, STM32U535CEU6Q, STM32U535JEY6QTR, STM32U535NCY6QTR, STM32U535NEY6QTR, STM32U535RBI6, STM32U535RBI6Q, STM32U535RBT6, STM32U535RBT6Q, STM32U535RCI6, STM32U535RCI6Q, STM32U535RCT6, STM32U535RCT6Q, STM32U535REI6, STM32U535REI6Q, STM32U535RET6, STM32U535RET6Q, STM32U535VCI6, STM32U535VCI6Q, STM32U535VCT6, STM32U535VCT6Q, STM32U535VEI6, STM32U535VEI6Q, STM32U535VET6, STM32U535VET6Q, STM32U545CET6, STM32U545CET6Q, STM32U545CEU6, STM32U545CEU6Q, STM32U545JEY6QTR, STM32U545NEY6QTR, STM32U545REI6, STM32U545REI6Q, STM32U545RET6, STM32U545RET6Q, STM32U545VEI6, STM32U545VEI6Q, STM32U545VET6, STM32U545VET6Q, STM32U595AIH6, STM32U595AIH6Q, STM32U595AJH6, STM32U595AJH6Q, STM32U595QII6, STM32U595QII6Q, STM32U595QJI6, STM32U595QJI6Q, STM32U595RIT6, STM32U595RIT6Q, STM32U595RJT6, STM32U595RJT6Q, STM32U595VIT6, STM32U595VIT6Q, STM32U595VJT6, STM32U595VJT6Q, STM32U595ZIT6, STM32U595ZIT6Q, STM32U595ZIY6QTR, STM32U595ZJT6, STM32U595ZJT6Q, STM32U595ZJY6QTR, STM32U599BJY6QTR, STM32U599NIH6Q, STM32U599NJH6Q, STM32U599VIT6Q, STM32U599VJT6, STM32U599VJT6Q, STM32U599ZIT6Q, STM32U599ZIY6QTR, STM32U599ZJT6Q, STM32U599ZJY6QTR, STM32U5A5AJH6, STM32U5A5AJH6Q, STM32U5A5QJI6, STM32U5A5QJI6Q, STM32U5A5RJT6, STM32U5A5RJT6Q, STM32U5A5VJT6, STM32U5A5VJT6Q, STM32U5A5ZJT6, STM32U5A5ZJT6Q, STM32U5A5ZJY6QTR, STM32U5A9BJY6QTR, STM32U5A9J-DK, STM32U5A9NJH6Q, STM32U5A9VJT6Q, STM32U5A9ZJT6Q, STM32U5A9ZJY6QTR, STM32U5F7VIT6, STM32U5F7VIT6Q, STM32U5F7VJT6, STM32U5F7VJT6Q, STM32U5F9BJY6QTR, STM32U5F9NJH6Q, STM32U5F9VIT6Q, STM32U5F9VJT6Q, STM32U5F9ZIJ6QTR, STM32U5F9ZIT6Q, STM32U5F9ZJJ6QTR, STM32U5F9ZJT6Q, STM32U5G7VJT6, STM32U5G7VJT6Q, STM32U5G9BJY6QTR, STM32U5G9J-DK1, STM32U5G9J-DK2, STM32U5G9NJH6Q, STM32U5G9VJT6Q, STM32U5G9ZJJ6QTR, STM32U5G9ZJT6Q, STM32WB1MMCH6, STM32WBA50KEU6, STM32WBA50KEU6TR, STM32WBA50KGU6, STM32WBA50KGU6TR, STM32WBA52CEU6, STM32WBA52CEU6TR, STM32WBA52CEU7, STM32WBA52CEU7TR, STM32WBA52CGU6, STM32WBA52CGU6TR, STM32WBA52CGU6U, STM32WBA52CGU7, STM32WBA52CGU7TR, STM32WBA52KEU6, STM32WBA52KEU6TR, STM32WBA52KGU6, STM32WBA52KGU6TR, STM32WBA54CEU6, STM32WBA54CEU6TR, STM32WBA54CEU7, STM32WBA54CEU7TR, STM32WBA54CGU6, STM32WBA54CGU6TR, STM32WBA54CGU7, STM32WBA54CGU7TR, STM32WBA54KEU6, STM32WBA54KEU6TR, STM32WBA54KEU7, STM32WBA54KEU7TR, STM32WBA54KGU6, STM32WBA54KGU6TR, STM32WBA54KGU7, STM32WBA54KGU7TR, STM32WBA55CEU6, STM32WBA55CEU6TR, STM32WBA55CEU7, STM32WBA55CEU7TR, STM32WBA55CGU6, STM32WBA55CGU6TR, STM32WBA55CGU6U, STM32WBA55CGU7, STM32WBA55CGU7TR, STM32WBA55G-DK1, STM32WBA55HEF6, STM32WBA55HEF7, STM32WBA55HGF6, STM32WBA55HGF7, STM32WBA55UEI6, STM32WBA55UEI6TR, STM32WBA55UEI7, STM32WBA55UEI7TR, STM32WBA55UGI6, STM32WBA55UGI6TR, STM32WBA55UGI7, STM32WBA55UGI7TR, STM32WL5MOCH6, STM32WL5MOCH6TR]
2023-12-31 13:28:35,531 [INFO] DbMcus:218 - Found 3930 MCUs, 3930 are supported
2023-12-31 13:28:35,538 [INFO] ApiDb:423 - Load user favorites file C:\Users\aleja/.stm32cubeide/favorites.mcus.txt: 1 item(s)
2023-12-31 13:28:35,538 [INFO] ApiDb:427 - User favorites MCUs=[STM32F042F4P6]
2023-12-31 13:28:35,538 [INFO] DbMcus:224 - Set 1 / 1 favorites MCUs
2023-12-31 13:28:35,721 [INFO] ApiDb:423 - Load user favorites file C:\Users\aleja/.stm32cubeide/favorites.boards.txt: 0 item(s)
2023-12-31 13:28:35,721 [INFO] ApiDb:427 - User favorites Boards=[]
2023-12-31 13:28:35,722 [INFO] DbBoards:198 - Set 0 / 0 favorites Boards
2023-12-31 13:28:35,722 [INFO] McuFinderGlobals:76 - Set McuFinderConnectedMode to true
2023-12-31 13:28:35,731 [INFO] MultiScanPanel:200 - Auto-refresh data requested => check proxy status ongoing
2023-12-31 13:28:35,733 [INFO] FinderPluginLoader:95 - Searching for filters in installed packs
2023-12-31 13:28:36,756 [INFO] LoadUrlFilesThread:185 - End of LoadServerUrlFiles without Thread
2023-12-31 13:28:36,801 [INFO] DetailPanel:341 - Set advertising image to C:/Users/aleja/STM32Cube/Repository/\en.prom-stm32wl3-mcu-finder.jpg
2023-12-31 13:28:54,451 [INFO] MainUpdater:2873 - connection check result : 10
2023-12-31 13:28:54,451 [INFO] MainUpdater:2873 - connection check result : 10
2023-12-31 13:28:54,490 [INFO] MicroXplorer:468 - Change Database Path : 
2023-12-31 13:28:54,490 [INFO] MicroXplorer:498 - Change Database Version : DB.6.0.100
2023-12-31 13:28:54,498 [WARN] ThirdParty:871 - waiting for thirdparty lock release [close project]
2023-12-31 13:28:54,499 [INFO] ThirdParty:873 - entering critical section [close project]
2023-12-31 13:28:54,500 [INFO] ThirdParty:883 - exiting critical section [close project]
2023-12-31 13:28:54,502 [INFO] PinOutPanel:1499 - setPackage(No Configuration,No Configuration)
2023-12-31 13:28:54,507 [INFO] UtilMem:75 - Begin LoadConfig() Used Memory: 646315216 Bytes (1073741824)
2023-12-31 13:28:54,509 [INFO] MicroXplorer:468 - Change Database Path : 
2023-12-31 13:28:54,510 [INFO] MicroXplorer:498 - Change Database Version : DB.6.0.100
2023-12-31 13:28:54,510 [INFO] OpenFileManager:312 - Change cursor
2023-12-31 13:28:54,564 [INFO] Mcu:2016 - Initializing MCU STM32F042F4Px STM32F042F4Px STM32F042F4P6
2023-12-31 13:28:55,863 [INFO] Context:659 - Trying to add GPIOservice into a context  which must be forbidden
2023-12-31 13:28:56,156 [INFO] ImportTextPane:194 - (OptionalMessage_ERROR) Unable to find key (Mcu.ThirdPartyNb) in loaded IOC file
2023-12-31 13:28:56,157 [INFO] ImportTextPane:194 - (OptionalMessage_ERROR) Unable to find key (Mcu.PinsNb) in loaded IOC file
2023-12-31 13:28:56,157 [INFO] ImportTextPane:194 - (OptionalMessage_ERROR) Unable to find key (Mcu.IPNb) in loaded IOC file
2023-12-31 13:28:56,240 [INFO] RtosManager:555 - Registered RTOS mode: class=CMSIS, group=RTOS, mode=CMSIS_V1, owner=FREERTOS
2023-12-31 13:28:56,240 [INFO] RtosManager:555 - Registered RTOS mode: class=CMSIS, group=RTOS2, mode=CMSIS_V2, owner=FREERTOS
2023-12-31 13:28:56,240 [INFO] RtosManager:555 - Registered RTOS mode: class=RTOS, group=Core, mode=CMSIS_V1, owner=FREERTOS
2023-12-31 13:28:56,240 [INFO] RtosManager:555 - Registered RTOS mode: class=RTOS, group=Core, mode=CMSIS_V2, owner=FREERTOS
2023-12-31 13:28:56,241 [WARN] ModelIntegratedComponent:184 - Missing modes for component STMicroelectronics:FreeRTOS:0.0.1:STMicroelectronics:RTOS:FreeRTOS:Core:::10.2.0:
2023-12-31 13:28:56,262 [WARN] ModelIntegratedComponent:63 - No mode defined for component null
2023-12-31 13:28:56,262 [WARN] ModelIntegratedComponent:63 - No mode defined for component null
2023-12-31 13:28:56,262 [WARN] ModelIntegratedComponent:63 - No mode defined for component null
2023-12-31 13:28:56,262 [WARN] ModelIntegratedComponent:63 - No mode defined for component null
2023-12-31 13:28:56,262 [WARN] ModelIntegratedComponent:63 - No mode defined for component null
2023-12-31 13:28:56,262 [WARN] ModelIntegratedComponent:63 - No mode defined for component null
2023-12-31 13:28:56,262 [WARN] ModelIntegratedComponent:63 - No mode defined for component null
2023-12-31 13:28:56,262 [WARN] ModelIntegratedComponent:63 - No mode defined for component null
2023-12-31 13:28:56,262 [WARN] ModelIntegratedComponent:63 - No mode defined for component null
2023-12-31 13:28:56,262 [WARN] ModelIntegratedComponent:63 - No mode defined for component null
2023-12-31 13:28:56,262 [WARN] ModelIntegratedComponent:63 - No mode defined for component null
2023-12-31 13:28:56,262 [WARN] ModelIntegratedComponent:63 - No mode defined for component null
2023-12-31 13:28:56,263 [WARN] ModelIntegratedComponent:63 - No mode defined for component null
2023-12-31 13:28:56,263 [WARN] ModelIntegratedComponent:63 - No mode defined for component null
2023-12-31 13:28:56,263 [WARN] ModelIntegratedComponent:63 - No mode defined for component null
2023-12-31 13:28:56,263 [WARN] ModelIntegratedComponent:63 - No mode defined for component null
2023-12-31 13:28:56,263 [WARN] ModelIntegratedComponent:63 - No mode defined for component null
2023-12-31 13:28:56,263 [WARN] ModelIntegratedComponent:63 - No mode defined for component null
2023-12-31 13:28:56,263 [WARN] ModelIntegratedComponent:63 - No mode defined for component null
2023-12-31 13:28:56,263 [WARN] ModelIntegratedComponent:63 - No mode defined for component null
2023-12-31 13:28:56,263 [WARN] ModelIntegratedComponent:63 - No mode defined for component null
2023-12-31 13:28:56,264 [WARN] ModelIntegratedComponent:63 - No mode defined for component null
2023-12-31 13:28:56,264 [WARN] ModelIntegratedComponent:63 - No mode defined for component null
2023-12-31 13:28:56,264 [WARN] ModelIntegratedComponent:63 - No mode defined for component null
2023-12-31 13:28:56,264 [WARN] ModelIntegratedComponent:63 - No mode defined for component null
2023-12-31 13:28:56,264 [WARN] ModelIntegratedComponent:63 - No mode defined for component null
2023-12-31 13:28:56,264 [WARN] ModelIntegratedComponent:63 - No mode defined for component null
2023-12-31 13:28:56,264 [WARN] ModelIntegratedComponent:63 - No mode defined for component null
2023-12-31 13:28:56,264 [WARN] ModelIntegratedComponent:63 - No mode defined for component null
2023-12-31 13:28:56,264 [WARN] ModelIntegratedComponent:63 - No mode defined for component null
2023-12-31 13:28:56,264 [WARN] ModelIntegratedComponent:63 - No mode defined for component null
2023-12-31 13:28:56,264 [WARN] ModelIntegratedComponent:63 - No mode defined for component null
2023-12-31 13:28:56,264 [WARN] ModelIntegratedComponent:63 - No mode defined for component null
2023-12-31 13:28:56,396 [INFO] ThirdPartyModel:298 - Start build external matchings
2023-12-31 13:28:56,623 [INFO] ThirdPartyModel:316 - End build external matchings
2023-12-31 13:28:56,786 [INFO] UtilMem:75 - End LoadConfig() Used Memory: 773490232 Bytes (1073741824)
2023-12-31 13:28:56,818 [INFO] MicroXplorer:468 - Change Database Path : 
2023-12-31 13:28:56,818 [INFO] MicroXplorer:498 - Change Database Version : DB.6.0.100
2023-12-31 13:28:56,819 [WARN] ThirdParty:833 - waiting for thirdparty lock release [change project]
2023-12-31 13:28:56,819 [INFO] ThirdParty:835 - entering critical section [change project]
2023-12-31 13:28:56,819 [INFO] ThirdParty:1030 - CMSIS Pack Vendor :STMicroelectronics X-CUBE-ISPU 1.1.0
2023-12-31 13:28:56,819 [INFO] ThirdParty:1030 - CMSIS Pack Vendor :STMicroelectronics USBPD 4.1
2023-12-31 13:28:56,820 [INFO] ThirdParty:1030 - CMSIS Pack Vendor :STMicroelectronics X-CUBE-GNSS1 6.0.0
2023-12-31 13:28:56,820 [INFO] ThirdParty:1030 - CMSIS Pack Vendor :STMicroelectronics USB_HOST 2.0.0
2023-12-31 13:28:56,820 [INFO] ThirdParty:1030 - CMSIS Pack Vendor :STMicroelectronics X-CUBE-AZRTOS-F4 1.1.0
2023-12-31 13:28:56,820 [INFO] ThirdParty:1030 - CMSIS Pack Vendor :STMicroelectronics LIBJPEG 8.0.0
2023-12-31 13:28:56,820 [INFO] ThirdParty:1030 - CMSIS Pack Vendor :wolfSSL I-CUBE-wolfSSL 5.6.4
2023-12-31 13:28:56,820 [INFO] ThirdParty:1030 - CMSIS Pack Vendor :STMicroelectronics X-CUBE-SMBUS 2.1.0
2023-12-31 13:28:56,820 [INFO] ThirdParty:1030 - CMSIS Pack Vendor :STMicroelectronics USB_DEVICE 3.0.0
2023-12-31 13:28:56,820 [INFO] ThirdParty:1030 - CMSIS Pack Vendor :STMicroelectronics X-CUBE-AZRTOS-WB 2.0.0
2023-12-31 13:28:56,820 [INFO] ThirdParty:1030 - CMSIS Pack Vendor :STMicroelectronics X-CUBE-TOUCHGFX 4.23.0
2023-12-31 13:28:56,820 [INFO] ThirdParty:1030 - CMSIS Pack Vendor :STMicroelectronics X-CUBE-AZRTOS-F7 1.1.0
2023-12-31 13:28:56,820 [INFO] ThirdParty:1030 - CMSIS Pack Vendor :STMicroelectronics X-CUBE-AZRTOS-L5 2.0.0
2023-12-31 13:28:56,820 [INFO] ThirdParty:1030 - CMSIS Pack Vendor :STMicroelectronics USB_DEVICE 2.0.0
2023-12-31 13:28:56,820 [INFO] ThirdParty:1030 - CMSIS Pack Vendor :STMicroelectronics X-CUBE-EEPRMA1 4.2.0
2023-12-31 13:28:56,820 [INFO] ThirdParty:1030 - CMSIS Pack Vendor :ITTIA_DB I-CUBE-ITTIADB 8.8.0
2023-12-31 13:28:56,820 [INFO] ThirdParty:1030 - CMSIS Pack Vendor :STMicroelectronics FP-SNS-MOTENV1 4.3.2
2023-12-31 13:28:56,820 [INFO] ThirdParty:1030 - CMSIS Pack Vendor :STMicroelectronics X-CUBE-ALGOBUILD 1.3.0
2023-12-31 13:28:56,820 [INFO] ThirdParty:1030 - CMSIS Pack Vendor :STMicroelectronics FreeRTOS 0.0.1
2023-12-31 13:28:56,820 [INFO] ThirdParty:1030 - CMSIS Pack Vendor :STMicroelectronics X-CUBE-AZRTOS-G0 1.1.0
2023-12-31 13:28:56,820 [INFO] ThirdParty:1030 - CMSIS Pack Vendor :STMicroelectronics X-CUBE-NFC4 3.0.0
2023-12-31 13:28:56,820 [INFO] ThirdParty:1030 - CMSIS Pack Vendor :STMicroelectronics X-CUBE-SUBG2 5.0.0
2023-12-31 13:28:56,820 [INFO] ThirdParty:1030 - CMSIS Pack Vendor :STMicroelectronics STM32_WPAN 1.0.0
2023-12-31 13:28:56,820 [INFO] ThirdParty:1030 - CMSIS Pack Vendor :STMicroelectronics lwIP 2.0.3
2023-12-31 13:28:56,820 [INFO] ThirdParty:1030 - CMSIS Pack Vendor :STMicroelectronics FP-SNS-FLIGHT1 5.0.2
2023-12-31 13:28:56,820 [INFO] ThirdParty:1030 - CMSIS Pack Vendor :STMicroelectronics USB_HOST 1.0.0
2023-12-31 13:28:56,820 [INFO] ThirdParty:1030 - CMSIS Pack Vendor :STMicroelectronics X-CUBE-AZRTOS-G4 2.0.0
2023-12-31 13:28:56,820 [INFO] ThirdParty:1030 - CMSIS Pack Vendor :STMicroelectronics PDM2PCM 3.1.0
2023-12-31 13:28:56,820 [INFO] ThirdParty:1030 - CMSIS Pack Vendor :STMicroelectronics X-CUBE-AZRTOS-H7 3.1.0
2023-12-31 13:28:56,820 [INFO] ThirdParty:1030 - CMSIS Pack Vendor :Infineon AIROC-Wi-Fi-Bluetooth-STM32 1.5.1
2023-12-31 13:28:56,820 [INFO] ThirdParty:1030 - CMSIS Pack Vendor :STMicroelectronics X-CUBE-BLEMGR 3.0.0
2023-12-31 13:28:56,820 [INFO] ThirdParty:1030 - CMSIS Pack Vendor :STMicroelectronics PDM2PCM 3.3.0
2023-12-31 13:28:56,820 [INFO] ThirdParty:1030 - CMSIS Pack Vendor :STMicroelectronics X-CUBE-DISPLAY 3.0.0
2023-12-31 13:28:56,820 [INFO] ThirdParty:1030 - CMSIS Pack Vendor :STMicroelectronics FP-SNS-MOTENVWB1 1.3.1
2023-12-31 13:28:56,820 [INFO] ThirdParty:1030 - CMSIS Pack Vendor :STMicroelectronics X-CUBE-BLE1 7.0.0
2023-12-31 13:28:56,820 [INFO] ThirdParty:1030 - CMSIS Pack Vendor :STMicroelectronics FP-ATR-SIGFOX1 3.2.0
2023-12-31 13:28:56,821 [INFO] ThirdParty:1030 - CMSIS Pack Vendor :STMicroelectronics X-CUBE-ISPU 2.0.0
2023-12-31 13:28:56,821 [INFO] ThirdParty:1030 - CMSIS Pack Vendor :STMicroelectronics HAL Drivers 0.0.0
2023-12-31 13:28:56,821 [INFO] ThirdParty:1030 - CMSIS Pack Vendor :STMicroelectronics MBEDTLS 2.16.2
2023-12-31 13:28:56,821 [INFO] ThirdParty:1030 - CMSIS Pack Vendor :emotas I-CUBE-CANOPEN 1.3.0
2023-12-31 13:28:56,821 [INFO] ThirdParty:1030 - CMSIS Pack Vendor :STMicroelectronics X-CUBE-MEMS1 10.0.0
2023-12-31 13:28:56,821 [INFO] ThirdParty:1030 - CMSIS Pack Vendor :STMicroelectronics X-CUBE-FREERTOS 1.1.0
2023-12-31 13:28:56,821 [INFO] ThirdParty:1030 - CMSIS Pack Vendor :STMicroelectronics X-CUBE-NFC7 1.0.1
2023-12-31 13:28:56,821 [INFO] ThirdParty:1030 - CMSIS Pack Vendor :STMicroelectronics MBEDTLS 2.14.1
2023-12-31 13:28:56,821 [INFO] ThirdParty:1030 - CMSIS Pack Vendor :STMicroelectronics X-CUBE-TOUCHGFX 4.22.1
2023-12-31 13:28:56,821 [INFO] ThirdParty:1030 - CMSIS Pack Vendor :STMicroelectronics X-CUBE-NFC6 3.0.0
2023-12-31 13:28:56,821 [INFO] ThirdParty:1030 - CMSIS Pack Vendor :portGmbH I-Cube-SoM-uGOAL 1.1.0
2023-12-31 13:28:56,821 [INFO] ThirdParty:1030 - CMSIS Pack Vendor :STMicroelectronics X-CUBE-ALS 1.0.1
2023-12-31 13:28:56,821 [INFO] ThirdParty:1030 - CMSIS Pack Vendor :STMicroelectronics ThreadX 1.0.0
2023-12-31 13:28:56,821 [INFO] ThirdParty:1030 - CMSIS Pack Vendor :STMicroelectronics FP-SNS-SMARTAG2 1.2.0
2023-12-31 13:28:56,821 [INFO] ThirdParty:1030 - CMSIS Pack Vendor :STMicroelectronics X-CUBE-AZRTOS-WL 2.0.0
2023-12-31 13:28:56,821 [INFO] ThirdParty:1030 - CMSIS Pack Vendor :STMicroelectronics USB_DEVICE 1.0.0
2023-12-31 13:28:56,821 [INFO] ThirdParty:1030 - CMSIS Pack Vendor :STMicroelectronics X-CUBE-AI 8.1.0
2023-12-31 13:28:56,821 [INFO] ThirdParty:1030 - CMSIS Pack Vendor :STMicroelectronics X-CUBE-AZRTOS-L4 2.0.0
2023-12-31 13:28:56,821 [INFO] ThirdParty:1030 - CMSIS Pack Vendor :STMicroelectronics ThreadX 0.0.2
2023-12-31 13:28:56,821 [INFO] ThirdParty:1030 - CMSIS Pack Vendor :WES I-CUBE-Cesium 1.3.0
2023-12-31 13:28:56,821 [INFO] ThirdParty:1030 - CMSIS Pack Vendor :STMicroelectronics FP-ATR-ASTRA1 2.0.0
2023-12-31 13:28:56,821 [INFO] ThirdParty:1030 - CMSIS Pack Vendor :STMicroelectronics lwIP 2.1.2
2023-12-31 13:28:56,821 [INFO] ThirdParty:1030 - CMSIS Pack Vendor :STMicroelectronics X-CUBE-SFXS2LP1 4.0.0
2023-12-31 13:28:56,821 [INFO] ThirdParty:1030 - CMSIS Pack Vendor :STMicroelectronics X-CUBE-BLE2 3.3.0
2023-12-31 13:28:56,821 [INFO] ThirdParty:1030 - CMSIS Pack Vendor :STMicroelectronics X-CUBE-TOF1 3.4.0
2023-12-31 13:28:56,821 [INFO] ThirdParty:1030 - CMSIS Pack Vendor :STMicroelectronics X-CUBE-AZRTOS-H7 3.2.0
2023-12-31 13:28:56,821 [INFO] ThirdParty:1030 - CMSIS Pack Vendor :STMicroelectronics PDM2PCM 3.2.0
2023-12-31 13:28:56,821 [INFO] ThirdParty:841 - exiting critical section [change project]
2023-12-31 13:28:57,109 [INFO] PinOutPanel:1499 - setPackage(No Configuration,No Configuration)
2023-12-31 13:28:57,112 [INFO] PinOutPanel:1499 - setPackage(STM32F042F4Px,TSSOP20)
2023-12-31 13:28:58,113 [INFO] UtilMem:75 - Before build in PCC Used Memory: 625178592 Bytes (1073741824)
2023-12-31 13:28:59,003 [INFO] UtilMem:75 - After build in PCC Used Memory: 695955424 Bytes (1073741824)
2023-12-31 13:28:59,027 [INFO] IPUIPlugin:80 - create IPUIPlugin
2023-12-31 13:28:59,027 [INFO] IPUIPlugin:80 - create IPUIPlugin
2023-12-31 13:28:59,028 [INFO] IPUIPlugin:80 - create IPUIPlugin
2023-12-31 13:28:59,028 [INFO] IPUIPlugin:80 - create IPUIPlugin
2023-12-31 13:28:59,028 [INFO] IPUIPlugin:80 - create IPUIPlugin
2023-12-31 13:28:59,028 [INFO] IPUIPlugin:80 - create IPUIPlugin
2023-12-31 13:28:59,029 [INFO] IPUIPlugin:80 - create IPUIPlugin
2023-12-31 13:28:59,029 [INFO] IPUIPlugin:80 - create IPUIPlugin
2023-12-31 13:28:59,029 [INFO] IPUIPlugin:80 - create IPUIPlugin
2023-12-31 13:28:59,029 [INFO] IPUIPlugin:80 - create IPUIPlugin
2023-12-31 13:28:59,029 [INFO] IPUIPlugin:80 - create IPUIPlugin
2023-12-31 13:28:59,029 [INFO] IPUIPlugin:80 - create IPUIPlugin
2023-12-31 13:28:59,029 [INFO] IPUIPlugin:80 - create IPUIPlugin
2023-12-31 13:28:59,030 [INFO] IPUIPlugin:80 - create IPUIPlugin
2023-12-31 13:28:59,030 [INFO] IPUIPlugin:80 - create IPUIPlugin
2023-12-31 13:28:59,030 [INFO] IPUIPlugin:80 - create IPUIPlugin
2023-12-31 13:28:59,030 [INFO] IPUIPlugin:80 - create IPUIPlugin
2023-12-31 13:28:59,030 [INFO] IPUIPlugin:80 - create IPUIPlugin
2023-12-31 13:28:59,030 [INFO] IPUIPlugin:80 - create IPUIPlugin
2023-12-31 13:28:59,030 [INFO] IPUIPlugin:80 - create IPUIPlugin
2023-12-31 13:28:59,030 [INFO] IPUIPlugin:80 - create IPUIPlugin
2023-12-31 13:28:59,031 [INFO] IPUIPlugin:80 - create IPUIPlugin
2023-12-31 13:28:59,031 [INFO] IPUIPlugin:80 - create IPUIPlugin
2023-12-31 13:28:59,031 [INFO] IPUIPlugin:80 - create IPUIPlugin
2023-12-31 13:28:59,031 [INFO] IPUIPlugin:80 - create IPUIPlugin
2023-12-31 13:28:59,031 [INFO] IPUIPlugin:80 - create IPUIPlugin
2023-12-31 13:28:59,031 [INFO] IPUIPlugin:80 - create IPUIPlugin
2023-12-31 13:28:59,032 [INFO] IPUIPlugin:80 - create IPUIPlugin
2023-12-31 13:28:59,032 [INFO] IPUIPlugin:80 - create IPUIPlugin
2023-12-31 13:28:59,032 [INFO] IPUIPlugin:80 - create IPUIPlugin
2023-12-31 13:28:59,270 [INFO] CADModel:165 - CPN selected for project levelSTM32F042F4P6
2023-12-31 13:28:59,270 [INFO] CADModel:114 - Register for checkConnection events
2023-12-31 13:28:59,326 [INFO] OpenFileManager:343 - Restore cursor
2023-12-31 13:29:00,509 [INFO] UtilMem:75 - End SaveConfig() Used Memory: 774076384 Bytes (1073741824)
2023-12-31 13:29:00,582 [INFO] UtilMem:75 - End SaveConfig() Used Memory: 784634208 Bytes (1073741824)
2023-12-31 13:29:00,936 [INFO] BlockDiagram:2759 - set Specific Code input for plugin: NVIC
2023-12-31 13:29:00,937 [INFO] BlockDiagram:2759 - set Specific Code input for plugin: RCC
2023-12-31 13:29:00,939 [INFO] CodeGenerator:807 - code generatio: config db path: C:\ST\STM32CubeIDE_1.13.2\STM32CubeIDE\plugins\com.st.stm32cube.common.mx_6.10.0.202311202037\\db\
2023-12-31 13:29:01,173 [INFO] CodeEngine:255 - oldGeneratedFile, C:\Users\aleja\OneDrive\Escritorio\gettingStartedSTM\testingADC\MXTmpFiles\license.tmp_save
2023-12-31 13:29:01,727 [INFO] CodeEngine:279 - Generated code: C:\Users\aleja\OneDrive\Escritorio\gettingStartedSTM\testingADC\MXTmpFiles\license.tmp
2023-12-31 13:29:01,758 [INFO] CodeEngine:255 - oldGeneratedFile, C:\Users\aleja\OneDrive\Escritorio\gettingStartedSTM\testingADC\Core\Src\stm32f0xx_it.c_save
2023-12-31 13:29:01,927 [INFO] CodeEngine:279 - Generated code: C:\Users\aleja\OneDrive\Escritorio\gettingStartedSTM\testingADC\Core\Src\stm32f0xx_it.c
2023-12-31 13:29:01,938 [INFO] CodeEngine:255 - oldGeneratedFile, C:\Users\aleja\OneDrive\Escritorio\gettingStartedSTM\testingADC\Core\Inc\stm32f0xx_it.h_save
2023-12-31 13:29:02,038 [INFO] CodeEngine:279 - Generated code: C:\Users\aleja\OneDrive\Escritorio\gettingStartedSTM\testingADC\Core\Inc\stm32f0xx_it.h
2023-12-31 13:29:02,221 [INFO] CodeEngine:255 - oldGeneratedFile, C:\Users\aleja\OneDrive\Escritorio\gettingStartedSTM\testingADC\Core\Src\stm32f0xx_hal_msp.c_save
2023-12-31 13:29:02,349 [INFO] CodeEngine:279 - Generated code: C:\Users\aleja\OneDrive\Escritorio\gettingStartedSTM\testingADC\Core\Src\stm32f0xx_hal_msp.c
2023-12-31 13:29:02,365 [INFO] CodeEngine:255 - oldGeneratedFile, C:\Users\aleja\OneDrive\Escritorio\gettingStartedSTM\testingADC\MXTmpFiles\system.tmp_save
2023-12-31 13:29:02,442 [INFO] CodeEngine:279 - Generated code: C:\Users\aleja\OneDrive\Escritorio\gettingStartedSTM\testingADC\MXTmpFiles\system.tmp
2023-12-31 13:29:02,459 [INFO] CodeEngine:311 - oldGeneratedFile, C:\Users\aleja\OneDrive\Escritorio\gettingStartedSTM\testingADC\Core\Inc\stm32f0xx_hal_conf.h_save
2023-12-31 13:29:02,579 [INFO] CodeEngine:335 - Generated code: C:\Users\aleja\OneDrive\Escritorio\gettingStartedSTM\testingADC\Core\Inc\stm32f0xx_hal_conf.h
2023-12-31 13:29:02,652 [INFO] CodeEngine:255 - oldGeneratedFile, C:\Users\aleja\OneDrive\Escritorio\gettingStartedSTM\testingADC\Core\Inc\main.h_save
2023-12-31 13:29:02,781 [INFO] CodeEngine:279 - Generated code: C:\Users\aleja\OneDrive\Escritorio\gettingStartedSTM\testingADC\Core\Inc\main.h
2023-12-31 13:29:02,793 [INFO] CodeEngine:255 - oldGeneratedFile, C:\Users\aleja\OneDrive\Escritorio\gettingStartedSTM\testingADC\Core\Src\main.c_save
2023-12-31 13:29:02,923 [INFO] CodeEngine:279 - Generated code: C:\Users\aleja\OneDrive\Escritorio\gettingStartedSTM\testingADC\Core\Src\main.c
2023-12-31 13:29:03,439 [INFO] ProjectBuilder:3076 - Time for Copy HAL[1] : 154mS.
2023-12-31 13:29:03,450 [INFO] ProjectBuilder:4485 - Project Generator version: 4.2.0-B44
2023-12-31 13:29:03,712 [INFO] ConfigFileManager:1495 - The Die is : DIE445
2023-12-31 13:29:03,733 [INFO] ApiDbMcu:508 - Load IP Config File for FATFS
2023-12-31 13:29:03,752 [INFO] ApiDbMcu:508 - Load IP Config File for FREERTOS
2023-12-31 13:29:03,775 [INFO] ApiDbMcu:508 - Load IP Config File for TOUCHSENSING
2023-12-31 13:29:03,791 [INFO] ApiDbMcu:508 - Load IP Config File for USB_DEVICE
2023-12-31 13:29:04,778 [INFO] LogOutputStream:77 - [STDOUT_REDIRECT] 
2023-12-31 13:29:07,300 [INFO] ProjectBuilder:4747 - Time for Generating toolchain IDE Files: 3849mS.
2023-12-31 13:29:07,301 [INFO] ProjectBuilder:2947 - Time for Copy CMSIS : 1mS.
2023-12-31 13:29:07,302 [INFO] ProjectBuilder:2947 - Time for Copy CMSIS : 0mS.
2023-12-31 13:29:07,795 [INFO] McuFinderGlobals:76 - Set McuFinderConnectedMode to true
2023-12-31 13:29:07,800 [INFO] ApiDb:448 - Save user favorites file C:\Users\aleja/.stm32cubeide/favorites.mcus.txt: 1 item(s)
2023-12-31 13:29:07,800 [INFO] ApiDb:452 - User favorites MCUs=[STM32F042F4P6]
2023-12-31 13:29:39,771 [INFO] NvicIntPanel:101 - NVIC parent = com.st.microxplorer.plugins.ip.nvic.MultiNvicIntPanel[,0,0,450x117,layout=javax.swing.BoxLayout,alignmentX=0.0,alignmentY=0.0,border=,flags=9,maximumSize=,minimumSize=,preferredSize=]
2023-12-31 13:29:57,373 [INFO] NvicIntPanel:101 - NVIC parent = com.st.microxplorer.plugins.ip.nvic.MultiNvicIntPanel[,0,0,450x117,layout=javax.swing.BoxLayout,alignmentX=0.0,alignmentY=0.0,border=,flags=9,maximumSize=,minimumSize=,preferredSize=]
2023-12-31 13:30:55,879 [INFO] NvicIntPanel:101 - NVIC parent = com.st.microxplorer.plugins.ip.nvic.MultiNvicIntPanel[,0,0,0x0,invalid,layout=javax.swing.BoxLayout,alignmentX=0.0,alignmentY=0.0,border=,flags=9,maximumSize=,minimumSize=,preferredSize=]
2023-12-31 13:30:56,620 [INFO] NvicIntPanel:101 - NVIC parent = com.st.microxplorer.plugins.ip.nvic.MultiNvicIntPanel[,0,0,0x0,invalid,layout=javax.swing.BoxLayout,alignmentX=0.0,alignmentY=0.0,border=,flags=9,maximumSize=,minimumSize=,preferredSize=]
2023-12-31 13:30:56,735 [INFO] NvicIntPanel:101 - NVIC parent = com.st.microxplorer.plugins.ip.nvic.MultiNvicIntPanel[,0,0,0x0,invalid,layout=javax.swing.BoxLayout,alignmentX=0.0,alignmentY=0.0,border=,flags=9,maximumSize=,minimumSize=,preferredSize=]
2023-12-31 13:31:05,169 [INFO] NvicIntPanel:101 - NVIC parent = com.st.microxplorer.plugins.ip.nvic.MultiNvicIntPanel[,0,0,0x0,invalid,layout=javax.swing.BoxLayout,alignmentX=0.0,alignmentY=0.0,border=,flags=9,maximumSize=,minimumSize=,preferredSize=]
2023-12-31 13:31:05,285 [INFO] NvicIntPanel:101 - NVIC parent = com.st.microxplorer.plugins.ip.nvic.MultiNvicIntPanel[,0,0,0x0,invalid,layout=javax.swing.BoxLayout,alignmentX=0.0,alignmentY=0.0,border=,flags=9,maximumSize=,minimumSize=,preferredSize=]
2023-12-31 13:31:06,037 [INFO] NvicIntPanel:101 - NVIC parent = com.st.microxplorer.plugins.ip.nvic.MultiNvicIntPanel[,0,0,0x0,invalid,layout=javax.swing.BoxLayout,alignmentX=0.0,alignmentY=0.0,border=,flags=9,maximumSize=,minimumSize=,preferredSize=]
2023-12-31 13:31:06,147 [INFO] NvicIntPanel:101 - NVIC parent = com.st.microxplorer.plugins.ip.nvic.MultiNvicIntPanel[,0,0,0x0,invalid,layout=javax.swing.BoxLayout,alignmentX=0.0,alignmentY=0.0,border=,flags=9,maximumSize=,minimumSize=,preferredSize=]
2023-12-31 14:05:40,141 [INFO] MainUpdater:2873 - connection check result : 10
2023-12-31 14:05:40,141 [INFO] MainUpdater:2873 - connection check result : 10
2023-12-31 14:05:40,154 [INFO] MicroXplorer:468 - Change Database Path : 
2023-12-31 14:05:40,154 [INFO] MicroXplorer:498 - Change Database Version : DB.6.0.100
2023-12-31 14:05:40,162 [ERROR] ProjectManagerView:394 - 
java.lang.NullPointerException: Cannot invoke "javax.swing.JTextField.getText()" because the return value of "java.util.List.get(int)" is null
	at com.st.microxplorer.plugins.projectmanager.gui.ProjectChoiceTab$10.caretUpdate(ProjectChoiceTab.java:2493) ~[filemanager.jar:?]
	at javax.swing.text.JTextComponent.fireCaretUpdate(JTextComponent.java:412) ~[?:?]
	at javax.swing.text.JTextComponent$MutableCaretEvent.fire(JTextComponent.java:4491) ~[?:?]
	at javax.swing.text.JTextComponent$MutableCaretEvent.stateChanged(JTextComponent.java:4513) ~[?:?]
	at javax.swing.text.DefaultCaret.fireStateChanged(DefaultCaret.java:842) ~[?:?]
	at javax.swing.text.DefaultCaret.changeCaretPosition(DefaultCaret.java:1313) ~[?:?]
	at javax.swing.text.DefaultCaret.handleSetDot(DefaultCaret.java:1212) ~[?:?]
	at javax.swing.text.DefaultCaret.setDot(DefaultCaret.java:1193) ~[?:?]
	at javax.swing.text.DefaultCaret$Handler.insertUpdate(DefaultCaret.java:1789) ~[?:?]
	at javax.swing.text.AbstractDocument.fireInsertUpdate(AbstractDocument.java:226) ~[?:?]
	at javax.swing.text.AbstractDocument.handleInsertString(AbstractDocument.java:780) ~[?:?]
	at javax.swing.text.AbstractDocument.insertString(AbstractDocument.java:739) ~[?:?]
	at javax.swing.text.PlainDocument.insertString(PlainDocument.java:131) ~[?:?]
	at javax.swing.text.AbstractDocument.replace(AbstractDocument.java:698) ~[?:?]
	at javax.swing.text.JTextComponent.setText(JTextComponent.java:1729) ~[?:?]
	at com.st.microxplorer.plugins.projectmanager.gui.ProjectChoiceTab.createHeapStackFields(ProjectChoiceTab.java:933) ~[filemanager.jar:?]
	at com.st.microxplorer.plugins.projectmanager.gui.ProjectChoiceTab.buildLinkSettingsPanel(ProjectChoiceTab.java:3426) ~[filemanager.jar:?]
	at com.st.microxplorer.plugins.projectmanager.gui.ProjectChoiceTab.defineWindowsFields(ProjectChoiceTab.java:1813) ~[filemanager.jar:?]
	at com.st.microxplorer.plugins.projectmanager.gui.ProjectChoiceTab.updateSettings(ProjectChoiceTab.java:533) ~[filemanager.jar:?]
	at com.st.microxplorer.plugins.projectmanager.gui.ProjectSettingsPanel.UpdateDialog(ProjectSettingsPanel.java:244) ~[filemanager.jar:?]
	at com.st.microxplorer.plugins.projectmanager.ProjectManagerView.propertyChange(ProjectManagerView.java:391) ~[filemanager.jar:?]
	at java.beans.PropertyChangeSupport.fire(PropertyChangeSupport.java:343) ~[?:?]
	at java.beans.PropertyChangeSupport.firePropertyChange(PropertyChangeSupport.java:335) ~[?:?]
	at java.beans.PropertyChangeSupport.firePropertyChange(PropertyChangeSupport.java:268) ~[?:?]
	at com.st.microxplorer.util.MXPropertyChangeSupport.firePropertyChange(MXPropertyChangeSupport.java:54) ~[STM32CubeMX.jar:?]
	at com.st.microxplorer.mxsystem.MxSystem.closeConfig(MxSystem.java:900) ~[STM32CubeMX.jar:?]
	at com.st.microxplorer.maingui.MainPanel.closeConfig(MainPanel.java:776) ~[STM32CubeMX.jar:?]
	at com.st.microxplorer.plugins.filemanager.engine.OpenFileManager.loadConfigurationFile(OpenFileManager.java:245) ~[filemanager.jar:?]
	at com.st.microxplorer.plugins.filemanager.engine.MainFileManager.userLoadConfig(MainFileManager.java:290) ~[filemanager.jar:?]
	at com.st.microxplorer.plugins.filemanager.FileManagerView.getSpecificTask(FileManagerView.java:247) ~[filemanager.jar:?]
	at com.st.stm32cube.common.mx.editor.CubeMxEditor.getMxTabbedPaneInstance(CubeMxEditor.java:1184) ~[com.st.stm32cube.common.mx_6.10.0.202311202037/:?]
	at com.st.stm32cube.common.mx.editor.CubeMxEditor$12$1.createSwingComponent(CubeMxEditor.java:1065) ~[com.st.stm32cube.common.mx_6.10.0.202311202037/:?]
	at com.st.stm32cube.common.mx.oss.core.awtswtbridge.EmbeddedSwingComposite.doComponentCreation(EmbeddedSwingComposite.java:492) ~[com.st.stm32cube.common.mx.oss_6.10.0.202311202037/:?]
	at com.st.stm32cube.common.mx.oss.core.awtswtbridge.EmbeddedSwingComposite$4.run(EmbeddedSwingComposite.java:291) ~[com.st.stm32cube.common.mx.oss_6.10.0.202311202037/:?]
	at com.st.stm32cube.common.mx.oss.core.awtswtbridge.AwtEnvironment$2.run(AwtEnvironment.java:166) ~[com.st.stm32cube.common.mx.oss_6.10.0.202311202037/:?]
	at java.awt.event.InvocationEvent.dispatch(InvocationEvent.java:318) ~[?:?]
	at java.awt.EventQueue.dispatchEventImpl(EventQueue.java:773) ~[?:?]
	at java.awt.EventQueue$4.run(EventQueue.java:720) ~[?:?]
	at java.awt.EventQueue$4.run(EventQueue.java:714) ~[?:?]
	at java.security.AccessController.doPrivileged(AccessController.java:399) ~[?:?]
	at java.security.ProtectionDomain$JavaSecurityAccessImpl.doIntersectionPrivilege(ProtectionDomain.java:86) ~[?:?]
	at java.awt.EventQueue.dispatchEvent(EventQueue.java:742) ~[?:?]
	at java.awt.EventDispatchThread.pumpOneEventForFilters(EventDispatchThread.java:203) ~[?:?]
	at java.awt.EventDispatchThread.pumpEventsForFilter(EventDispatchThread.java:124) ~[?:?]
	at java.awt.EventDispatchThread.pumpEventsForHierarchy(EventDispatchThread.java:113) ~[?:?]
	at java.awt.EventDispatchThread.pumpEvents(EventDispatchThread.java:109) ~[?:?]
	at java.awt.EventDispatchThread.pumpEvents(EventDispatchThread.java:101) ~[?:?]
	at java.awt.EventDispatchThread.run(EventDispatchThread.java:90) ~[?:?]
2023-12-31 14:05:40,172 [WARN] ThirdParty:871 - waiting for thirdparty lock release [close project]
2023-12-31 14:05:40,172 [INFO] ThirdParty:873 - entering critical section [close project]
2023-12-31 14:05:40,172 [INFO] ThirdParty:883 - exiting critical section [close project]
2023-12-31 14:05:40,174 [INFO] PinOutPanel:1499 - setPackage(No Configuration,No Configuration)
2023-12-31 14:05:40,179 [INFO] UtilMem:75 - Begin LoadConfig() Used Memory: 326464360 Bytes (775946240)
2023-12-31 14:05:40,179 [INFO] MicroXplorer:468 - Change Database Path : 
2023-12-31 14:05:40,179 [INFO] MicroXplorer:498 - Change Database Version : DB.6.0.100
2023-12-31 14:05:40,179 [INFO] OpenFileManager:312 - Change cursor
2023-12-31 14:05:40,191 [INFO] RulesReader:64 - Compatibility file has been processed (297 Rules)
2023-12-31 14:05:40,194 [INFO] Mcu:2016 - Initializing MCU STM32F042F4Px STM32F042F4Px STM32F042F4P6
2023-12-31 14:05:40,812 [INFO] Context:659 - Trying to add GPIOservice into a context  which must be forbidden
2023-12-31 14:05:40,995 [INFO] RtosManager:555 - Registered RTOS mode: class=CMSIS, group=RTOS, mode=CMSIS_V1, owner=FREERTOS
2023-12-31 14:05:40,995 [INFO] RtosManager:555 - Registered RTOS mode: class=CMSIS, group=RTOS2, mode=CMSIS_V2, owner=FREERTOS
2023-12-31 14:05:40,995 [INFO] RtosManager:555 - Registered RTOS mode: class=RTOS, group=Core, mode=CMSIS_V1, owner=FREERTOS
2023-12-31 14:05:40,995 [INFO] RtosManager:555 - Registered RTOS mode: class=RTOS, group=Core, mode=CMSIS_V2, owner=FREERTOS
2023-12-31 14:05:40,995 [WARN] ModelIntegratedComponent:184 - Missing modes for component STMicroelectronics:FreeRTOS:0.0.1:STMicroelectronics:RTOS:FreeRTOS:Core:::10.2.0:
2023-12-31 14:05:41,000 [WARN] ModelIntegratedComponent:63 - No mode defined for component null
2023-12-31 14:05:41,000 [WARN] ModelIntegratedComponent:63 - No mode defined for component null
2023-12-31 14:05:41,000 [WARN] ModelIntegratedComponent:63 - No mode defined for component null
2023-12-31 14:05:41,001 [WARN] ModelIntegratedComponent:63 - No mode defined for component null
2023-12-31 14:05:41,001 [WARN] ModelIntegratedComponent:63 - No mode defined for component null
2023-12-31 14:05:41,001 [WARN] ModelIntegratedComponent:63 - No mode defined for component null
2023-12-31 14:05:41,001 [WARN] ModelIntegratedComponent:63 - No mode defined for component null
2023-12-31 14:05:41,001 [WARN] ModelIntegratedComponent:63 - No mode defined for component null
2023-12-31 14:05:41,001 [WARN] ModelIntegratedComponent:63 - No mode defined for component null
2023-12-31 14:05:41,001 [WARN] ModelIntegratedComponent:63 - No mode defined for component null
2023-12-31 14:05:41,001 [WARN] ModelIntegratedComponent:63 - No mode defined for component null
2023-12-31 14:05:41,001 [WARN] ModelIntegratedComponent:63 - No mode defined for component null
2023-12-31 14:05:41,001 [WARN] ModelIntegratedComponent:63 - No mode defined for component null
2023-12-31 14:05:41,001 [WARN] ModelIntegratedComponent:63 - No mode defined for component null
2023-12-31 14:05:41,001 [WARN] ModelIntegratedComponent:63 - No mode defined for component null
2023-12-31 14:05:41,002 [WARN] ModelIntegratedComponent:63 - No mode defined for component null
2023-12-31 14:05:41,002 [WARN] ModelIntegratedComponent:63 - No mode defined for component null
2023-12-31 14:05:41,002 [WARN] ModelIntegratedComponent:63 - No mode defined for component null
2023-12-31 14:05:41,002 [WARN] ModelIntegratedComponent:63 - No mode defined for component null
2023-12-31 14:05:41,002 [WARN] ModelIntegratedComponent:63 - No mode defined for component null
2023-12-31 14:05:41,002 [WARN] ModelIntegratedComponent:63 - No mode defined for component null
2023-12-31 14:05:41,002 [WARN] ModelIntegratedComponent:63 - No mode defined for component null
2023-12-31 14:05:41,002 [WARN] ModelIntegratedComponent:63 - No mode defined for component null
2023-12-31 14:05:41,002 [WARN] ModelIntegratedComponent:63 - No mode defined for component null
2023-12-31 14:05:41,002 [WARN] ModelIntegratedComponent:63 - No mode defined for component null
2023-12-31 14:05:41,002 [WARN] ModelIntegratedComponent:63 - No mode defined for component null
2023-12-31 14:05:41,002 [WARN] ModelIntegratedComponent:63 - No mode defined for component null
2023-12-31 14:05:41,002 [WARN] ModelIntegratedComponent:63 - No mode defined for component null
2023-12-31 14:05:41,002 [WARN] ModelIntegratedComponent:63 - No mode defined for component null
2023-12-31 14:05:41,002 [WARN] ModelIntegratedComponent:63 - No mode defined for component null
2023-12-31 14:05:41,003 [WARN] ModelIntegratedComponent:63 - No mode defined for component null
2023-12-31 14:05:41,003 [WARN] ModelIntegratedComponent:63 - No mode defined for component null
2023-12-31 14:05:41,003 [WARN] ModelIntegratedComponent:63 - No mode defined for component null
2023-12-31 14:05:41,055 [INFO] ThirdPartyModel:298 - Start build external matchings
2023-12-31 14:05:41,277 [INFO] ThirdPartyModel:316 - End build external matchings
2023-12-31 14:05:41,286 [INFO] ImportTextPane:194 - (OptionalMessage_ERROR) IP (RCC) : Invalid parameter (FamilyName)
2023-12-31 14:05:41,286 [INFO] ImportTextPane:194 - (OptionalMessage_ERROR) IP (RCC) : Invalid parameter (HSICECFreq_Value)
2023-12-31 14:05:41,435 [INFO] UtilMem:75 - End LoadConfig() Used Memory: 620303936 Bytes (775946240)
2023-12-31 14:05:41,491 [INFO] MicroXplorer:468 - Change Database Path : 
2023-12-31 14:05:41,491 [INFO] MicroXplorer:498 - Change Database Version : DB.6.0.100
2023-12-31 14:05:41,493 [WARN] ThirdParty:833 - waiting for thirdparty lock release [change project]
2023-12-31 14:05:41,493 [INFO] ThirdParty:835 - entering critical section [change project]
2023-12-31 14:05:41,493 [INFO] ThirdParty:1030 - CMSIS Pack Vendor :STMicroelectronics X-CUBE-ISPU 1.1.0
2023-12-31 14:05:41,493 [INFO] ThirdParty:1030 - CMSIS Pack Vendor :STMicroelectronics USBPD 4.1
2023-12-31 14:05:41,493 [INFO] ThirdParty:1030 - CMSIS Pack Vendor :STMicroelectronics X-CUBE-GNSS1 6.0.0
2023-12-31 14:05:41,493 [INFO] ThirdParty:1030 - CMSIS Pack Vendor :STMicroelectronics USB_HOST 2.0.0
2023-12-31 14:05:41,493 [INFO] ThirdParty:1030 - CMSIS Pack Vendor :STMicroelectronics X-CUBE-AZRTOS-F4 1.1.0
2023-12-31 14:05:41,493 [INFO] ThirdParty:1030 - CMSIS Pack Vendor :STMicroelectronics LIBJPEG 8.0.0
2023-12-31 14:05:41,493 [INFO] ThirdParty:1030 - CMSIS Pack Vendor :wolfSSL I-CUBE-wolfSSL 5.6.4
2023-12-31 14:05:41,493 [INFO] ThirdParty:1030 - CMSIS Pack Vendor :STMicroelectronics X-CUBE-SMBUS 2.1.0
2023-12-31 14:05:41,493 [INFO] ThirdParty:1030 - CMSIS Pack Vendor :STMicroelectronics USB_DEVICE 3.0.0
2023-12-31 14:05:41,493 [INFO] ThirdParty:1030 - CMSIS Pack Vendor :STMicroelectronics X-CUBE-AZRTOS-WB 2.0.0
2023-12-31 14:05:41,493 [INFO] ThirdParty:1030 - CMSIS Pack Vendor :STMicroelectronics X-CUBE-TOUCHGFX 4.23.0
2023-12-31 14:05:41,493 [INFO] ThirdParty:1030 - CMSIS Pack Vendor :STMicroelectronics X-CUBE-AZRTOS-F7 1.1.0
2023-12-31 14:05:41,493 [INFO] ThirdParty:1030 - CMSIS Pack Vendor :STMicroelectronics X-CUBE-AZRTOS-L5 2.0.0
2023-12-31 14:05:41,493 [INFO] ThirdParty:1030 - CMSIS Pack Vendor :STMicroelectronics USB_DEVICE 2.0.0
2023-12-31 14:05:41,493 [INFO] ThirdParty:1030 - CMSIS Pack Vendor :STMicroelectronics X-CUBE-EEPRMA1 4.2.0
2023-12-31 14:05:41,493 [INFO] ThirdParty:1030 - CMSIS Pack Vendor :ITTIA_DB I-CUBE-ITTIADB 8.8.0
2023-12-31 14:05:41,493 [INFO] ThirdParty:1030 - CMSIS Pack Vendor :STMicroelectronics FP-SNS-MOTENV1 4.3.2
2023-12-31 14:05:41,493 [INFO] ThirdParty:1030 - CMSIS Pack Vendor :STMicroelectronics X-CUBE-ALGOBUILD 1.3.0
2023-12-31 14:05:41,493 [INFO] ThirdParty:1030 - CMSIS Pack Vendor :STMicroelectronics FreeRTOS 0.0.1
2023-12-31 14:05:41,493 [INFO] ThirdParty:1030 - CMSIS Pack Vendor :STMicroelectronics X-CUBE-AZRTOS-G0 1.1.0
2023-12-31 14:05:41,493 [INFO] ThirdParty:1030 - CMSIS Pack Vendor :STMicroelectronics X-CUBE-NFC4 3.0.0
2023-12-31 14:05:41,493 [INFO] ThirdParty:1030 - CMSIS Pack Vendor :STMicroelectronics X-CUBE-SUBG2 5.0.0
2023-12-31 14:05:41,493 [INFO] ThirdParty:1030 - CMSIS Pack Vendor :STMicroelectronics STM32_WPAN 1.0.0
2023-12-31 14:05:41,493 [INFO] ThirdParty:1030 - CMSIS Pack Vendor :STMicroelectronics lwIP 2.0.3
2023-12-31 14:05:41,493 [INFO] ThirdParty:1030 - CMSIS Pack Vendor :STMicroelectronics FP-SNS-FLIGHT1 5.0.2
2023-12-31 14:05:41,493 [INFO] ThirdParty:1030 - CMSIS Pack Vendor :STMicroelectronics USB_HOST 1.0.0
2023-12-31 14:05:41,493 [INFO] ThirdParty:1030 - CMSIS Pack Vendor :STMicroelectronics X-CUBE-AZRTOS-G4 2.0.0
2023-12-31 14:05:41,493 [INFO] ThirdParty:1030 - CMSIS Pack Vendor :STMicroelectronics PDM2PCM 3.1.0
2023-12-31 14:05:41,493 [INFO] ThirdParty:1030 - CMSIS Pack Vendor :STMicroelectronics X-CUBE-AZRTOS-H7 3.1.0
2023-12-31 14:05:41,493 [INFO] ThirdParty:1030 - CMSIS Pack Vendor :Infineon AIROC-Wi-Fi-Bluetooth-STM32 1.5.1
2023-12-31 14:05:41,493 [INFO] ThirdParty:1030 - CMSIS Pack Vendor :STMicroelectronics X-CUBE-BLEMGR 3.0.0
2023-12-31 14:05:41,493 [INFO] ThirdParty:1030 - CMSIS Pack Vendor :STMicroelectronics PDM2PCM 3.3.0
2023-12-31 14:05:41,493 [INFO] ThirdParty:1030 - CMSIS Pack Vendor :STMicroelectronics X-CUBE-DISPLAY 3.0.0
2023-12-31 14:05:41,493 [INFO] ThirdParty:1030 - CMSIS Pack Vendor :STMicroelectronics FP-SNS-MOTENVWB1 1.3.1
2023-12-31 14:05:41,493 [INFO] ThirdParty:1030 - CMSIS Pack Vendor :STMicroelectronics X-CUBE-BLE1 7.0.0
2023-12-31 14:05:41,494 [INFO] ThirdParty:1030 - CMSIS Pack Vendor :STMicroelectronics FP-ATR-SIGFOX1 3.2.0
2023-12-31 14:05:41,494 [INFO] ThirdParty:1030 - CMSIS Pack Vendor :STMicroelectronics X-CUBE-ISPU 2.0.0
2023-12-31 14:05:41,494 [INFO] ThirdParty:1030 - CMSIS Pack Vendor :STMicroelectronics HAL Drivers 0.0.0
2023-12-31 14:05:41,494 [INFO] ThirdParty:1030 - CMSIS Pack Vendor :STMicroelectronics MBEDTLS 2.16.2
2023-12-31 14:05:41,494 [INFO] ThirdParty:1030 - CMSIS Pack Vendor :emotas I-CUBE-CANOPEN 1.3.0
2023-12-31 14:05:41,494 [INFO] ThirdParty:1030 - CMSIS Pack Vendor :STMicroelectronics X-CUBE-MEMS1 10.0.0
2023-12-31 14:05:41,494 [INFO] ThirdParty:1030 - CMSIS Pack Vendor :STMicroelectronics X-CUBE-FREERTOS 1.1.0
2023-12-31 14:05:41,494 [INFO] ThirdParty:1030 - CMSIS Pack Vendor :STMicroelectronics X-CUBE-NFC7 1.0.1
2023-12-31 14:05:41,494 [INFO] ThirdParty:1030 - CMSIS Pack Vendor :STMicroelectronics MBEDTLS 2.14.1
2023-12-31 14:05:41,494 [INFO] ThirdParty:1030 - CMSIS Pack Vendor :STMicroelectronics X-CUBE-TOUCHGFX 4.22.1
2023-12-31 14:05:41,494 [INFO] ThirdParty:1030 - CMSIS Pack Vendor :STMicroelectronics X-CUBE-NFC6 3.0.0
2023-12-31 14:05:41,494 [INFO] ThirdParty:1030 - CMSIS Pack Vendor :portGmbH I-Cube-SoM-uGOAL 1.1.0
2023-12-31 14:05:41,494 [INFO] ThirdParty:1030 - CMSIS Pack Vendor :STMicroelectronics X-CUBE-ALS 1.0.1
2023-12-31 14:05:41,494 [INFO] ThirdParty:1030 - CMSIS Pack Vendor :STMicroelectronics ThreadX 1.0.0
2023-12-31 14:05:41,494 [INFO] ThirdParty:1030 - CMSIS Pack Vendor :STMicroelectronics FP-SNS-SMARTAG2 1.2.0
2023-12-31 14:05:41,494 [INFO] ThirdParty:1030 - CMSIS Pack Vendor :STMicroelectronics X-CUBE-AZRTOS-WL 2.0.0
2023-12-31 14:05:41,494 [INFO] ThirdParty:1030 - CMSIS Pack Vendor :STMicroelectronics USB_DEVICE 1.0.0
2023-12-31 14:05:41,494 [INFO] ThirdParty:1030 - CMSIS Pack Vendor :STMicroelectronics X-CUBE-AI 8.1.0
2023-12-31 14:05:41,494 [INFO] ThirdParty:1030 - CMSIS Pack Vendor :STMicroelectronics X-CUBE-AZRTOS-L4 2.0.0
2023-12-31 14:05:41,494 [INFO] ThirdParty:1030 - CMSIS Pack Vendor :STMicroelectronics ThreadX 0.0.2
2023-12-31 14:05:41,494 [INFO] ThirdParty:1030 - CMSIS Pack Vendor :WES I-CUBE-Cesium 1.3.0
2023-12-31 14:05:41,494 [INFO] ThirdParty:1030 - CMSIS Pack Vendor :STMicroelectronics FP-ATR-ASTRA1 2.0.0
2023-12-31 14:05:41,494 [INFO] ThirdParty:1030 - CMSIS Pack Vendor :STMicroelectronics lwIP 2.1.2
2023-12-31 14:05:41,494 [INFO] ThirdParty:1030 - CMSIS Pack Vendor :STMicroelectronics X-CUBE-SFXS2LP1 4.0.0
2023-12-31 14:05:41,494 [INFO] ThirdParty:1030 - CMSIS Pack Vendor :STMicroelectronics X-CUBE-BLE2 3.3.0
2023-12-31 14:05:41,494 [INFO] ThirdParty:1030 - CMSIS Pack Vendor :STMicroelectronics X-CUBE-TOF1 3.4.0
2023-12-31 14:05:41,494 [INFO] ThirdParty:1030 - CMSIS Pack Vendor :STMicroelectronics X-CUBE-AZRTOS-H7 3.2.0
2023-12-31 14:05:41,494 [INFO] ThirdParty:1030 - CMSIS Pack Vendor :STMicroelectronics PDM2PCM 3.2.0
2023-12-31 14:05:41,494 [INFO] ThirdParty:841 - exiting critical section [change project]
2023-12-31 14:05:41,585 [INFO] PinOutPanel:1499 - setPackage(No Configuration,No Configuration)
2023-12-31 14:05:41,586 [INFO] PinOutPanel:1499 - setPackage(STM32F042F4Px,TSSOP20)
2023-12-31 14:05:42,146 [INFO] UtilMem:75 - Before build in PCC Used Memory: 339517040 Bytes (775946240)
2023-12-31 14:05:42,319 [INFO] UtilMem:75 - After build in PCC Used Memory: 383442240 Bytes (775946240)
2023-12-31 14:05:42,329 [INFO] IPUIPlugin:80 - create IPUIPlugin
2023-12-31 14:05:42,329 [INFO] IPUIPlugin:80 - create IPUIPlugin
2023-12-31 14:05:42,329 [INFO] IPUIPlugin:80 - create IPUIPlugin
2023-12-31 14:05:42,329 [INFO] IPUIPlugin:80 - create IPUIPlugin
2023-12-31 14:05:42,329 [INFO] IPUIPlugin:80 - create IPUIPlugin
2023-12-31 14:05:42,329 [INFO] IPUIPlugin:80 - create IPUIPlugin
2023-12-31 14:05:42,329 [INFO] IPUIPlugin:80 - create IPUIPlugin
2023-12-31 14:05:42,329 [INFO] IPUIPlugin:80 - create IPUIPlugin
2023-12-31 14:05:42,329 [INFO] IPUIPlugin:80 - create IPUIPlugin
2023-12-31 14:05:42,330 [INFO] IPUIPlugin:80 - create IPUIPlugin
2023-12-31 14:05:42,330 [INFO] IPUIPlugin:80 - create IPUIPlugin
2023-12-31 14:05:42,330 [INFO] IPUIPlugin:80 - create IPUIPlugin
2023-12-31 14:05:42,330 [INFO] IPUIPlugin:80 - create IPUIPlugin
2023-12-31 14:05:42,330 [INFO] IPUIPlugin:80 - create IPUIPlugin
2023-12-31 14:05:42,330 [INFO] IPUIPlugin:80 - create IPUIPlugin
2023-12-31 14:05:42,330 [INFO] IPUIPlugin:80 - create IPUIPlugin
2023-12-31 14:05:42,330 [INFO] IPUIPlugin:80 - create IPUIPlugin
2023-12-31 14:05:42,330 [INFO] IPUIPlugin:80 - create IPUIPlugin
2023-12-31 14:05:42,330 [INFO] IPUIPlugin:80 - create IPUIPlugin
2023-12-31 14:05:42,330 [INFO] IPUIPlugin:80 - create IPUIPlugin
2023-12-31 14:05:42,330 [INFO] IPUIPlugin:80 - create IPUIPlugin
2023-12-31 14:05:42,330 [INFO] IPUIPlugin:80 - create IPUIPlugin
2023-12-31 14:05:42,331 [INFO] IPUIPlugin:80 - create IPUIPlugin
2023-12-31 14:05:42,331 [INFO] IPUIPlugin:80 - create IPUIPlugin
2023-12-31 14:05:42,331 [INFO] IPUIPlugin:80 - create IPUIPlugin
2023-12-31 14:05:42,331 [INFO] IPUIPlugin:80 - create IPUIPlugin
2023-12-31 14:05:42,331 [INFO] IPUIPlugin:80 - create IPUIPlugin
2023-12-31 14:05:42,331 [INFO] IPUIPlugin:80 - create IPUIPlugin
2023-12-31 14:05:42,331 [INFO] IPUIPlugin:80 - create IPUIPlugin
2023-12-31 14:05:42,331 [INFO] IPUIPlugin:80 - create IPUIPlugin
2023-12-31 14:05:42,355 [INFO] CADModel:165 - CPN selected for project levelSTM32F042F4P6
2023-12-31 14:05:42,355 [INFO] CADModel:114 - Register for checkConnection events
2023-12-31 14:05:42,416 [INFO] OpenFileManager:343 - Restore cursor
2023-12-31 14:05:51,221 [INFO] Gpio:277 - dependency for GPIO [RCC, SYS]
2023-12-31 14:06:16,176 [INFO] UtilMem:75 - End SaveConfig() Used Memory: 657761904 Bytes (775946240)
2023-12-31 14:06:16,670 [INFO] UtilMem:75 - End SaveConfig() Used Memory: 262471096 Bytes (775946240)
2023-12-31 14:06:16,839 [INFO] BlockDiagram:2759 - set Specific Code input for plugin: NVIC
2023-12-31 14:06:16,840 [INFO] BlockDiagram:2759 - set Specific Code input for plugin: TIM1_8F0
2023-12-31 14:06:16,840 [INFO] BlockDiagram:2759 - set Specific Code input for plugin: SYS
2023-12-31 14:06:16,840 [INFO] BlockDiagram:2759 - set Specific Code input for plugin: GPIO
2023-12-31 14:06:16,840 [INFO] BlockDiagram:2759 - set Specific Code input for plugin: RCC
2023-12-31 14:06:16,841 [INFO] CodeGenerator:807 - code generatio: config db path: C:\ST\STM32CubeIDE_1.13.2\STM32CubeIDE\plugins\com.st.stm32cube.common.mx_6.10.0.202311202037\\db\
2023-12-31 14:06:16,975 [INFO] CodeEngine:255 - oldGeneratedFile, C:\Users\aleja\OneDrive\Escritorio\gettingStartedSTM\timerLed\MXTmpFiles\license.tmp_save
2023-12-31 14:06:17,088 [INFO] CodeEngine:279 - Generated code: C:\Users\aleja\OneDrive\Escritorio\gettingStartedSTM\timerLed\MXTmpFiles\license.tmp
2023-12-31 14:06:17,137 [INFO] CodeEngine:255 - oldGeneratedFile, C:\Users\aleja\OneDrive\Escritorio\gettingStartedSTM\timerLed\MXTmpFiles\gpio.tmp_save
2023-12-31 14:06:17,263 [INFO] CodeEngine:279 - Generated code: C:\Users\aleja\OneDrive\Escritorio\gettingStartedSTM\timerLed\MXTmpFiles\gpio.tmp
2023-12-31 14:06:17,345 [INFO] CodeEngine:255 - oldGeneratedFile, C:\Users\aleja\OneDrive\Escritorio\gettingStartedSTM\timerLed\Core\Src\stm32f0xx_it.c_save
2023-12-31 14:06:17,532 [INFO] CodeEngine:279 - Generated code: C:\Users\aleja\OneDrive\Escritorio\gettingStartedSTM\timerLed\Core\Src\stm32f0xx_it.c
2023-12-31 14:06:17,547 [INFO] CodeEngine:255 - oldGeneratedFile, C:\Users\aleja\OneDrive\Escritorio\gettingStartedSTM\timerLed\Core\Inc\stm32f0xx_it.h_save
2023-12-31 14:06:17,628 [INFO] CodeEngine:279 - Generated code: C:\Users\aleja\OneDrive\Escritorio\gettingStartedSTM\timerLed\Core\Inc\stm32f0xx_it.h
2023-12-31 14:06:17,654 [INFO] CodeEngine:255 - oldGeneratedFile, C:\Users\aleja\OneDrive\Escritorio\gettingStartedSTM\timerLed\Core\Src\stm32f0xx_hal_msp.c_save
2023-12-31 14:06:17,810 [INFO] CodeEngine:279 - Generated code: C:\Users\aleja\OneDrive\Escritorio\gettingStartedSTM\timerLed\Core\Src\stm32f0xx_hal_msp.c
2023-12-31 14:06:17,816 [INFO] CodeEngine:255 - oldGeneratedFile, C:\Users\aleja\OneDrive\Escritorio\gettingStartedSTM\timerLed\MXTmpFiles\system.tmp_save
2023-12-31 14:06:17,871 [INFO] CodeEngine:279 - Generated code: C:\Users\aleja\OneDrive\Escritorio\gettingStartedSTM\timerLed\MXTmpFiles\system.tmp
2023-12-31 14:06:17,895 [INFO] CodeEngine:311 - oldGeneratedFile, C:\Users\aleja\OneDrive\Escritorio\gettingStartedSTM\timerLed\Core\Inc\stm32f0xx_hal_conf.h_save
2023-12-31 14:06:18,002 [INFO] CodeEngine:335 - Generated code: C:\Users\aleja\OneDrive\Escritorio\gettingStartedSTM\timerLed\Core\Inc\stm32f0xx_hal_conf.h
2023-12-31 14:06:18,033 [WARN] IPConfigManager:3440 - IP not found : TIM
2023-12-31 14:06:18,034 [WARN] CodeGenerator:3939 - IP not found : null
2023-12-31 14:06:18,061 [INFO] CodeEngine:255 - oldGeneratedFile, C:\Users\aleja\OneDrive\Escritorio\gettingStartedSTM\timerLed\Core\Inc\main.h_save
2023-12-31 14:06:18,253 [INFO] CodeEngine:279 - Generated code: C:\Users\aleja\OneDrive\Escritorio\gettingStartedSTM\timerLed\Core\Inc\main.h
2023-12-31 14:06:18,272 [INFO] CodeEngine:255 - oldGeneratedFile, C:\Users\aleja\OneDrive\Escritorio\gettingStartedSTM\timerLed\Core\Src\main.c_save
2023-12-31 14:06:18,397 [INFO] CodeEngine:279 - Generated code: C:\Users\aleja\OneDrive\Escritorio\gettingStartedSTM\timerLed\Core\Src\main.c
2023-12-31 14:06:18,848 [INFO] ProjectBuilder:3076 - Time for Copy HAL[1] : 143mS.
2023-12-31 14:06:18,853 [INFO] ProjectBuilder:4485 - Project Generator version: 4.2.0-B44
2023-12-31 14:06:19,002 [INFO] ConfigFileManager:1495 - The Die is : DIE445
2023-12-31 14:06:19,003 [INFO] ApiDbMcu:508 - Load IP Config File for FATFS
2023-12-31 14:06:19,006 [INFO] ApiDbMcu:508 - Load IP Config File for FREERTOS
2023-12-31 14:06:19,013 [INFO] ApiDbMcu:508 - Load IP Config File for TOUCHSENSING
2023-12-31 14:06:19,019 [INFO] ApiDbMcu:508 - Load IP Config File for USB_DEVICE
2023-12-31 14:06:20,638 [INFO] ProjectBuilder:4747 - Time for Generating toolchain IDE Files: 1784mS.
2023-12-31 14:06:20,639 [INFO] ProjectBuilder:2947 - Time for Copy CMSIS : 1mS.
2023-12-31 14:06:20,644 [INFO] ProjectBuilder:2947 - Time for Copy CMSIS : 0mS.
2023-12-31 14:13:23,660 [INFO] MainUpdater:2873 - connection check result : 10
2023-12-31 14:13:23,678 [INFO] MainUpdater:2873 - connection check result : 10
2023-12-31 14:13:23,697 [INFO] MicroXplorer:468 - Change Database Path : 
2023-12-31 14:13:23,697 [INFO] MicroXplorer:498 - Change Database Version : DB.6.0.100
2023-12-31 14:13:23,708 [ERROR] ProjectManagerView:394 - 
java.lang.NullPointerException: Cannot invoke "javax.swing.JTextField.getText()" because the return value of "java.util.List.get(int)" is null
	at com.st.microxplorer.plugins.projectmanager.gui.ProjectChoiceTab$10.caretUpdate(ProjectChoiceTab.java:2493) ~[filemanager.jar:?]
	at javax.swing.text.JTextComponent.fireCaretUpdate(JTextComponent.java:412) ~[?:?]
	at javax.swing.text.JTextComponent$MutableCaretEvent.fire(JTextComponent.java:4491) ~[?:?]
	at javax.swing.text.JTextComponent$MutableCaretEvent.stateChanged(JTextComponent.java:4513) ~[?:?]
	at javax.swing.text.DefaultCaret.fireStateChanged(DefaultCaret.java:842) ~[?:?]
	at javax.swing.text.DefaultCaret.changeCaretPosition(DefaultCaret.java:1313) ~[?:?]
	at javax.swing.text.DefaultCaret.handleSetDot(DefaultCaret.java:1212) ~[?:?]
	at javax.swing.text.DefaultCaret.setDot(DefaultCaret.java:1193) ~[?:?]
	at javax.swing.text.DefaultCaret$Handler.insertUpdate(DefaultCaret.java:1789) ~[?:?]
	at javax.swing.text.AbstractDocument.fireInsertUpdate(AbstractDocument.java:226) ~[?:?]
	at javax.swing.text.AbstractDocument.handleInsertString(AbstractDocument.java:780) ~[?:?]
	at javax.swing.text.AbstractDocument.insertString(AbstractDocument.java:739) ~[?:?]
	at javax.swing.text.PlainDocument.insertString(PlainDocument.java:131) ~[?:?]
	at javax.swing.text.AbstractDocument.replace(AbstractDocument.java:698) ~[?:?]
	at javax.swing.text.JTextComponent.setText(JTextComponent.java:1729) ~[?:?]
	at com.st.microxplorer.plugins.projectmanager.gui.ProjectChoiceTab.createHeapStackFields(ProjectChoiceTab.java:933) ~[filemanager.jar:?]
	at com.st.microxplorer.plugins.projectmanager.gui.ProjectChoiceTab.buildLinkSettingsPanel(ProjectChoiceTab.java:3426) ~[filemanager.jar:?]
	at com.st.microxplorer.plugins.projectmanager.gui.ProjectChoiceTab.defineWindowsFields(ProjectChoiceTab.java:1813) ~[filemanager.jar:?]
	at com.st.microxplorer.plugins.projectmanager.gui.ProjectChoiceTab.updateSettings(ProjectChoiceTab.java:533) ~[filemanager.jar:?]
	at com.st.microxplorer.plugins.projectmanager.gui.ProjectSettingsPanel.UpdateDialog(ProjectSettingsPanel.java:244) ~[filemanager.jar:?]
	at com.st.microxplorer.plugins.projectmanager.ProjectManagerView.propertyChange(ProjectManagerView.java:391) ~[filemanager.jar:?]
	at java.beans.PropertyChangeSupport.fire(PropertyChangeSupport.java:343) ~[?:?]
	at java.beans.PropertyChangeSupport.firePropertyChange(PropertyChangeSupport.java:335) ~[?:?]
	at java.beans.PropertyChangeSupport.firePropertyChange(PropertyChangeSupport.java:268) ~[?:?]
	at com.st.microxplorer.util.MXPropertyChangeSupport.firePropertyChange(MXPropertyChangeSupport.java:54) ~[STM32CubeMX.jar:?]
	at com.st.microxplorer.mxsystem.MxSystem.closeConfig(MxSystem.java:900) ~[STM32CubeMX.jar:?]
	at com.st.microxplorer.maingui.MainPanel.closeConfig(MainPanel.java:776) ~[STM32CubeMX.jar:?]
	at com.st.microxplorer.plugins.filemanager.engine.OpenFileManager.loadConfigurationFile(OpenFileManager.java:245) ~[filemanager.jar:?]
	at com.st.microxplorer.plugins.filemanager.engine.MainFileManager.userLoadConfig(MainFileManager.java:290) ~[filemanager.jar:?]
	at com.st.microxplorer.plugins.filemanager.FileManagerView.getSpecificTask(FileManagerView.java:247) ~[filemanager.jar:?]
	at com.st.stm32cube.common.mx.editor.CubeMxEditor.getMxTabbedPaneInstance(CubeMxEditor.java:1184) ~[com.st.stm32cube.common.mx_6.10.0.202311202037/:?]
	at com.st.stm32cube.common.mx.editor.CubeMxEditor$12$1.createSwingComponent(CubeMxEditor.java:1065) ~[com.st.stm32cube.common.mx_6.10.0.202311202037/:?]
	at com.st.stm32cube.common.mx.oss.core.awtswtbridge.EmbeddedSwingComposite.doComponentCreation(EmbeddedSwingComposite.java:492) ~[com.st.stm32cube.common.mx.oss_6.10.0.202311202037/:?]
	at com.st.stm32cube.common.mx.oss.core.awtswtbridge.EmbeddedSwingComposite$4.run(EmbeddedSwingComposite.java:291) ~[com.st.stm32cube.common.mx.oss_6.10.0.202311202037/:?]
	at com.st.stm32cube.common.mx.oss.core.awtswtbridge.AwtEnvironment$2.run(AwtEnvironment.java:166) ~[com.st.stm32cube.common.mx.oss_6.10.0.202311202037/:?]
	at java.awt.event.InvocationEvent.dispatch(InvocationEvent.java:318) ~[?:?]
	at java.awt.EventQueue.dispatchEventImpl(EventQueue.java:773) ~[?:?]
	at java.awt.EventQueue$4.run(EventQueue.java:720) ~[?:?]
	at java.awt.EventQueue$4.run(EventQueue.java:714) ~[?:?]
	at java.security.AccessController.doPrivileged(AccessController.java:399) ~[?:?]
	at java.security.ProtectionDomain$JavaSecurityAccessImpl.doIntersectionPrivilege(ProtectionDomain.java:86) ~[?:?]
	at java.awt.EventQueue.dispatchEvent(EventQueue.java:742) ~[?:?]
	at java.awt.EventDispatchThread.pumpOneEventForFilters(EventDispatchThread.java:203) ~[?:?]
	at java.awt.EventDispatchThread.pumpEventsForFilter(EventDispatchThread.java:124) ~[?:?]
	at java.awt.EventDispatchThread.pumpEventsForHierarchy(EventDispatchThread.java:113) ~[?:?]
	at java.awt.EventDispatchThread.pumpEvents(EventDispatchThread.java:109) ~[?:?]
	at java.awt.EventDispatchThread.pumpEvents(EventDispatchThread.java:101) ~[?:?]
	at java.awt.EventDispatchThread.run(EventDispatchThread.java:90) ~[?:?]
2023-12-31 14:13:23,710 [WARN] ThirdParty:871 - waiting for thirdparty lock release [close project]
2023-12-31 14:13:23,710 [INFO] ThirdParty:873 - entering critical section [close project]
2023-12-31 14:13:23,710 [INFO] ThirdParty:883 - exiting critical section [close project]
2023-12-31 14:13:23,711 [INFO] PinOutPanel:1499 - setPackage(No Configuration,No Configuration)
2023-12-31 14:13:23,713 [INFO] UtilMem:75 - Begin LoadConfig() Used Memory: 275683016 Bytes (919601152)
2023-12-31 14:13:23,714 [INFO] MicroXplorer:468 - Change Database Path : 
2023-12-31 14:13:23,714 [INFO] MicroXplorer:498 - Change Database Version : DB.6.0.100
2023-12-31 14:13:23,714 [INFO] OpenFileManager:312 - Change cursor
2023-12-31 14:13:23,725 [INFO] RulesReader:64 - Compatibility file has been processed (297 Rules)
2023-12-31 14:13:23,727 [INFO] Mcu:2016 - Initializing MCU STM32F042F4Px STM32F042F4Px STM32F042F4P6
2023-12-31 14:13:24,181 [INFO] Context:659 - Trying to add GPIOservice into a context  which must be forbidden
2023-12-31 14:13:24,379 [INFO] RtosManager:555 - Registered RTOS mode: class=CMSIS, group=RTOS, mode=CMSIS_V1, owner=FREERTOS
2023-12-31 14:13:24,379 [INFO] RtosManager:555 - Registered RTOS mode: class=CMSIS, group=RTOS2, mode=CMSIS_V2, owner=FREERTOS
2023-12-31 14:13:24,380 [INFO] RtosManager:555 - Registered RTOS mode: class=RTOS, group=Core, mode=CMSIS_V1, owner=FREERTOS
2023-12-31 14:13:24,380 [INFO] RtosManager:555 - Registered RTOS mode: class=RTOS, group=Core, mode=CMSIS_V2, owner=FREERTOS
2023-12-31 14:13:24,380 [WARN] ModelIntegratedComponent:184 - Missing modes for component STMicroelectronics:FreeRTOS:0.0.1:STMicroelectronics:RTOS:FreeRTOS:Core:::10.2.0:
2023-12-31 14:13:24,384 [WARN] ModelIntegratedComponent:63 - No mode defined for component null
2023-12-31 14:13:24,384 [WARN] ModelIntegratedComponent:63 - No mode defined for component null
2023-12-31 14:13:24,384 [WARN] ModelIntegratedComponent:63 - No mode defined for component null
2023-12-31 14:13:24,384 [WARN] ModelIntegratedComponent:63 - No mode defined for component null
2023-12-31 14:13:24,384 [WARN] ModelIntegratedComponent:63 - No mode defined for component null
2023-12-31 14:13:24,384 [WARN] ModelIntegratedComponent:63 - No mode defined for component null
2023-12-31 14:13:24,384 [WARN] ModelIntegratedComponent:63 - No mode defined for component null
2023-12-31 14:13:24,384 [WARN] ModelIntegratedComponent:63 - No mode defined for component null
2023-12-31 14:13:24,384 [WARN] ModelIntegratedComponent:63 - No mode defined for component null
2023-12-31 14:13:24,384 [WARN] ModelIntegratedComponent:63 - No mode defined for component null
2023-12-31 14:13:24,384 [WARN] ModelIntegratedComponent:63 - No mode defined for component null
2023-12-31 14:13:24,384 [WARN] ModelIntegratedComponent:63 - No mode defined for component null
2023-12-31 14:13:24,384 [WARN] ModelIntegratedComponent:63 - No mode defined for component null
2023-12-31 14:13:24,384 [WARN] ModelIntegratedComponent:63 - No mode defined for component null
2023-12-31 14:13:24,384 [WARN] ModelIntegratedComponent:63 - No mode defined for component null
2023-12-31 14:13:24,384 [WARN] ModelIntegratedComponent:63 - No mode defined for component null
2023-12-31 14:13:24,384 [WARN] ModelIntegratedComponent:63 - No mode defined for component null
2023-12-31 14:13:24,384 [WARN] ModelIntegratedComponent:63 - No mode defined for component null
2023-12-31 14:13:24,384 [WARN] ModelIntegratedComponent:63 - No mode defined for component null
2023-12-31 14:13:24,384 [WARN] ModelIntegratedComponent:63 - No mode defined for component null
2023-12-31 14:13:24,384 [WARN] ModelIntegratedComponent:63 - No mode defined for component null
2023-12-31 14:13:24,384 [WARN] ModelIntegratedComponent:63 - No mode defined for component null
2023-12-31 14:13:24,384 [WARN] ModelIntegratedComponent:63 - No mode defined for component null
2023-12-31 14:13:24,384 [WARN] ModelIntegratedComponent:63 - No mode defined for component null
2023-12-31 14:13:24,384 [WARN] ModelIntegratedComponent:63 - No mode defined for component null
2023-12-31 14:13:24,384 [WARN] ModelIntegratedComponent:63 - No mode defined for component null
2023-12-31 14:13:24,384 [WARN] ModelIntegratedComponent:63 - No mode defined for component null
2023-12-31 14:13:24,384 [WARN] ModelIntegratedComponent:63 - No mode defined for component null
2023-12-31 14:13:24,384 [WARN] ModelIntegratedComponent:63 - No mode defined for component null
2023-12-31 14:13:24,384 [WARN] ModelIntegratedComponent:63 - No mode defined for component null
2023-12-31 14:13:24,384 [WARN] ModelIntegratedComponent:63 - No mode defined for component null
2023-12-31 14:13:24,384 [WARN] ModelIntegratedComponent:63 - No mode defined for component null
2023-12-31 14:13:24,384 [WARN] ModelIntegratedComponent:63 - No mode defined for component null
2023-12-31 14:13:24,446 [INFO] ThirdPartyModel:298 - Start build external matchings
2023-12-31 14:13:24,631 [INFO] ThirdPartyModel:316 - End build external matchings
2023-12-31 14:13:24,800 [INFO] UtilMem:75 - End LoadConfig() Used Memory: 323616152 Bytes (919601152)
2023-12-31 14:13:24,853 [INFO] MicroXplorer:468 - Change Database Path : 
2023-12-31 14:13:24,853 [INFO] MicroXplorer:498 - Change Database Version : DB.6.0.100
2023-12-31 14:13:24,854 [WARN] ThirdParty:833 - waiting for thirdparty lock release [change project]
2023-12-31 14:13:24,854 [INFO] ThirdParty:835 - entering critical section [change project]
2023-12-31 14:13:24,854 [INFO] ThirdParty:1030 - CMSIS Pack Vendor :STMicroelectronics X-CUBE-ISPU 1.1.0
2023-12-31 14:13:24,854 [INFO] ThirdParty:1030 - CMSIS Pack Vendor :STMicroelectronics USBPD 4.1
2023-12-31 14:13:24,854 [INFO] ThirdParty:1030 - CMSIS Pack Vendor :STMicroelectronics X-CUBE-GNSS1 6.0.0
2023-12-31 14:13:24,855 [INFO] ThirdParty:1030 - CMSIS Pack Vendor :STMicroelectronics USB_HOST 2.0.0
2023-12-31 14:13:24,855 [INFO] ThirdParty:1030 - CMSIS Pack Vendor :STMicroelectronics X-CUBE-AZRTOS-F4 1.1.0
2023-12-31 14:13:24,855 [INFO] ThirdParty:1030 - CMSIS Pack Vendor :STMicroelectronics LIBJPEG 8.0.0
2023-12-31 14:13:24,855 [INFO] ThirdParty:1030 - CMSIS Pack Vendor :wolfSSL I-CUBE-wolfSSL 5.6.4
2023-12-31 14:13:24,855 [INFO] ThirdParty:1030 - CMSIS Pack Vendor :STMicroelectronics X-CUBE-SMBUS 2.1.0
2023-12-31 14:13:24,855 [INFO] ThirdParty:1030 - CMSIS Pack Vendor :STMicroelectronics USB_DEVICE 3.0.0
2023-12-31 14:13:24,855 [INFO] ThirdParty:1030 - CMSIS Pack Vendor :STMicroelectronics X-CUBE-AZRTOS-WB 2.0.0
2023-12-31 14:13:24,855 [INFO] ThirdParty:1030 - CMSIS Pack Vendor :STMicroelectronics X-CUBE-TOUCHGFX 4.23.0
2023-12-31 14:13:24,855 [INFO] ThirdParty:1030 - CMSIS Pack Vendor :STMicroelectronics X-CUBE-AZRTOS-F7 1.1.0
2023-12-31 14:13:24,855 [INFO] ThirdParty:1030 - CMSIS Pack Vendor :STMicroelectronics X-CUBE-AZRTOS-L5 2.0.0
2023-12-31 14:13:24,855 [INFO] ThirdParty:1030 - CMSIS Pack Vendor :STMicroelectronics USB_DEVICE 2.0.0
2023-12-31 14:13:24,855 [INFO] ThirdParty:1030 - CMSIS Pack Vendor :STMicroelectronics X-CUBE-EEPRMA1 4.2.0
2023-12-31 14:13:24,855 [INFO] ThirdParty:1030 - CMSIS Pack Vendor :ITTIA_DB I-CUBE-ITTIADB 8.8.0
2023-12-31 14:13:24,855 [INFO] ThirdParty:1030 - CMSIS Pack Vendor :STMicroelectronics FP-SNS-MOTENV1 4.3.2
2023-12-31 14:13:24,855 [INFO] ThirdParty:1030 - CMSIS Pack Vendor :STMicroelectronics X-CUBE-ALGOBUILD 1.3.0
2023-12-31 14:13:24,855 [INFO] ThirdParty:1030 - CMSIS Pack Vendor :STMicroelectronics FreeRTOS 0.0.1
2023-12-31 14:13:24,855 [INFO] ThirdParty:1030 - CMSIS Pack Vendor :STMicroelectronics X-CUBE-AZRTOS-G0 1.1.0
2023-12-31 14:13:24,855 [INFO] ThirdParty:1030 - CMSIS Pack Vendor :STMicroelectronics X-CUBE-NFC4 3.0.0
2023-12-31 14:13:24,855 [INFO] ThirdParty:1030 - CMSIS Pack Vendor :STMicroelectronics X-CUBE-SUBG2 5.0.0
2023-12-31 14:13:24,855 [INFO] ThirdParty:1030 - CMSIS Pack Vendor :STMicroelectronics STM32_WPAN 1.0.0
2023-12-31 14:13:24,855 [INFO] ThirdParty:1030 - CMSIS Pack Vendor :STMicroelectronics lwIP 2.0.3
2023-12-31 14:13:24,856 [INFO] ThirdParty:1030 - CMSIS Pack Vendor :STMicroelectronics FP-SNS-FLIGHT1 5.0.2
2023-12-31 14:13:24,856 [INFO] ThirdParty:1030 - CMSIS Pack Vendor :STMicroelectronics USB_HOST 1.0.0
2023-12-31 14:13:24,856 [INFO] ThirdParty:1030 - CMSIS Pack Vendor :STMicroelectronics X-CUBE-AZRTOS-G4 2.0.0
2023-12-31 14:13:24,856 [INFO] ThirdParty:1030 - CMSIS Pack Vendor :STMicroelectronics PDM2PCM 3.1.0
2023-12-31 14:13:24,856 [INFO] ThirdParty:1030 - CMSIS Pack Vendor :STMicroelectronics X-CUBE-AZRTOS-H7 3.1.0
2023-12-31 14:13:24,856 [INFO] ThirdParty:1030 - CMSIS Pack Vendor :Infineon AIROC-Wi-Fi-Bluetooth-STM32 1.5.1
2023-12-31 14:13:24,856 [INFO] ThirdParty:1030 - CMSIS Pack Vendor :STMicroelectronics X-CUBE-BLEMGR 3.0.0
2023-12-31 14:13:24,856 [INFO] ThirdParty:1030 - CMSIS Pack Vendor :STMicroelectronics PDM2PCM 3.3.0
2023-12-31 14:13:24,856 [INFO] ThirdParty:1030 - CMSIS Pack Vendor :STMicroelectronics X-CUBE-DISPLAY 3.0.0
2023-12-31 14:13:24,856 [INFO] ThirdParty:1030 - CMSIS Pack Vendor :STMicroelectronics FP-SNS-MOTENVWB1 1.3.1
2023-12-31 14:13:24,856 [INFO] ThirdParty:1030 - CMSIS Pack Vendor :STMicroelectronics X-CUBE-BLE1 7.0.0
2023-12-31 14:13:24,856 [INFO] ThirdParty:1030 - CMSIS Pack Vendor :STMicroelectronics FP-ATR-SIGFOX1 3.2.0
2023-12-31 14:13:24,856 [INFO] ThirdParty:1030 - CMSIS Pack Vendor :STMicroelectronics X-CUBE-ISPU 2.0.0
2023-12-31 14:13:24,856 [INFO] ThirdParty:1030 - CMSIS Pack Vendor :STMicroelectronics HAL Drivers 0.0.0
2023-12-31 14:13:24,856 [INFO] ThirdParty:1030 - CMSIS Pack Vendor :STMicroelectronics MBEDTLS 2.16.2
2023-12-31 14:13:24,856 [INFO] ThirdParty:1030 - CMSIS Pack Vendor :emotas I-CUBE-CANOPEN 1.3.0
2023-12-31 14:13:24,856 [INFO] ThirdParty:1030 - CMSIS Pack Vendor :STMicroelectronics X-CUBE-MEMS1 10.0.0
2023-12-31 14:13:24,856 [INFO] ThirdParty:1030 - CMSIS Pack Vendor :STMicroelectronics X-CUBE-FREERTOS 1.1.0
2023-12-31 14:13:24,856 [INFO] ThirdParty:1030 - CMSIS Pack Vendor :STMicroelectronics X-CUBE-NFC7 1.0.1
2023-12-31 14:13:24,856 [INFO] ThirdParty:1030 - CMSIS Pack Vendor :STMicroelectronics MBEDTLS 2.14.1
2023-12-31 14:13:24,856 [INFO] ThirdParty:1030 - CMSIS Pack Vendor :STMicroelectronics X-CUBE-TOUCHGFX 4.22.1
2023-12-31 14:13:24,856 [INFO] ThirdParty:1030 - CMSIS Pack Vendor :STMicroelectronics X-CUBE-NFC6 3.0.0
2023-12-31 14:13:24,856 [INFO] ThirdParty:1030 - CMSIS Pack Vendor :portGmbH I-Cube-SoM-uGOAL 1.1.0
2023-12-31 14:13:24,856 [INFO] ThirdParty:1030 - CMSIS Pack Vendor :STMicroelectronics X-CUBE-ALS 1.0.1
2023-12-31 14:13:24,856 [INFO] ThirdParty:1030 - CMSIS Pack Vendor :STMicroelectronics ThreadX 1.0.0
2023-12-31 14:13:24,856 [INFO] ThirdParty:1030 - CMSIS Pack Vendor :STMicroelectronics FP-SNS-SMARTAG2 1.2.0
2023-12-31 14:13:24,856 [INFO] ThirdParty:1030 - CMSIS Pack Vendor :STMicroelectronics X-CUBE-AZRTOS-WL 2.0.0
2023-12-31 14:13:24,856 [INFO] ThirdParty:1030 - CMSIS Pack Vendor :STMicroelectronics USB_DEVICE 1.0.0
2023-12-31 14:13:24,856 [INFO] ThirdParty:1030 - CMSIS Pack Vendor :STMicroelectronics X-CUBE-AI 8.1.0
2023-12-31 14:13:24,856 [INFO] ThirdParty:1030 - CMSIS Pack Vendor :STMicroelectronics X-CUBE-AZRTOS-L4 2.0.0
2023-12-31 14:13:24,856 [INFO] ThirdParty:1030 - CMSIS Pack Vendor :STMicroelectronics ThreadX 0.0.2
2023-12-31 14:13:24,857 [INFO] ThirdParty:1030 - CMSIS Pack Vendor :WES I-CUBE-Cesium 1.3.0
2023-12-31 14:13:24,857 [INFO] ThirdParty:1030 - CMSIS Pack Vendor :STMicroelectronics FP-ATR-ASTRA1 2.0.0
2023-12-31 14:13:24,857 [INFO] ThirdParty:1030 - CMSIS Pack Vendor :STMicroelectronics lwIP 2.1.2
2023-12-31 14:13:24,857 [INFO] ThirdParty:1030 - CMSIS Pack Vendor :STMicroelectronics X-CUBE-SFXS2LP1 4.0.0
2023-12-31 14:13:24,857 [INFO] ThirdParty:1030 - CMSIS Pack Vendor :STMicroelectronics X-CUBE-BLE2 3.3.0
2023-12-31 14:13:24,857 [INFO] ThirdParty:1030 - CMSIS Pack Vendor :STMicroelectronics X-CUBE-TOF1 3.4.0
2023-12-31 14:13:24,857 [INFO] ThirdParty:1030 - CMSIS Pack Vendor :STMicroelectronics X-CUBE-AZRTOS-H7 3.2.0
2023-12-31 14:13:24,857 [INFO] ThirdParty:1030 - CMSIS Pack Vendor :STMicroelectronics PDM2PCM 3.2.0
2023-12-31 14:13:24,857 [INFO] ThirdParty:841 - exiting critical section [change project]
2023-12-31 14:13:24,907 [INFO] PinOutPanel:1499 - setPackage(No Configuration,No Configuration)
2023-12-31 14:13:24,908 [INFO] PinOutPanel:1499 - setPackage(STM32F042F4Px,TSSOP20)
2023-12-31 14:13:25,396 [INFO] UtilMem:75 - Before build in PCC Used Memory: 442105240 Bytes (919601152)
2023-12-31 14:13:25,512 [INFO] UtilMem:75 - After build in PCC Used Memory: 485096856 Bytes (919601152)
2023-12-31 14:13:25,520 [INFO] IPUIPlugin:80 - create IPUIPlugin
2023-12-31 14:13:25,521 [INFO] IPUIPlugin:80 - create IPUIPlugin
2023-12-31 14:13:25,521 [INFO] IPUIPlugin:80 - create IPUIPlugin
2023-12-31 14:13:25,521 [INFO] IPUIPlugin:80 - create IPUIPlugin
2023-12-31 14:13:25,521 [INFO] IPUIPlugin:80 - create IPUIPlugin
2023-12-31 14:13:25,521 [INFO] IPUIPlugin:80 - create IPUIPlugin
2023-12-31 14:13:25,521 [INFO] IPUIPlugin:80 - create IPUIPlugin
2023-12-31 14:13:25,521 [INFO] IPUIPlugin:80 - create IPUIPlugin
2023-12-31 14:13:25,521 [INFO] IPUIPlugin:80 - create IPUIPlugin
2023-12-31 14:13:25,521 [INFO] IPUIPlugin:80 - create IPUIPlugin
2023-12-31 14:13:25,522 [INFO] IPUIPlugin:80 - create IPUIPlugin
2023-12-31 14:13:25,522 [INFO] IPUIPlugin:80 - create IPUIPlugin
2023-12-31 14:13:25,522 [INFO] IPUIPlugin:80 - create IPUIPlugin
2023-12-31 14:13:25,522 [INFO] IPUIPlugin:80 - create IPUIPlugin
2023-12-31 14:13:25,522 [INFO] IPUIPlugin:80 - create IPUIPlugin
2023-12-31 14:13:25,522 [INFO] IPUIPlugin:80 - create IPUIPlugin
2023-12-31 14:13:25,522 [INFO] IPUIPlugin:80 - create IPUIPlugin
2023-12-31 14:13:25,523 [INFO] IPUIPlugin:80 - create IPUIPlugin
2023-12-31 14:13:25,523 [INFO] IPUIPlugin:80 - create IPUIPlugin
2023-12-31 14:13:25,523 [INFO] IPUIPlugin:80 - create IPUIPlugin
2023-12-31 14:13:25,523 [INFO] IPUIPlugin:80 - create IPUIPlugin
2023-12-31 14:13:25,523 [INFO] IPUIPlugin:80 - create IPUIPlugin
2023-12-31 14:13:25,523 [INFO] IPUIPlugin:80 - create IPUIPlugin
2023-12-31 14:13:25,523 [INFO] IPUIPlugin:80 - create IPUIPlugin
2023-12-31 14:13:25,523 [INFO] IPUIPlugin:80 - create IPUIPlugin
2023-12-31 14:13:25,523 [INFO] IPUIPlugin:80 - create IPUIPlugin
2023-12-31 14:13:25,523 [INFO] IPUIPlugin:80 - create IPUIPlugin
2023-12-31 14:13:25,523 [INFO] IPUIPlugin:80 - create IPUIPlugin
2023-12-31 14:13:25,524 [INFO] IPUIPlugin:80 - create IPUIPlugin
2023-12-31 14:13:25,524 [INFO] IPUIPlugin:80 - create IPUIPlugin
2023-12-31 14:13:25,538 [INFO] CADModel:165 - CPN selected for project levelSTM32F042F4P6
2023-12-31 14:13:25,539 [INFO] CADModel:114 - Register for checkConnection events
2023-12-31 14:13:25,595 [INFO] OpenFileManager:343 - Restore cursor
2023-12-31 14:13:56,777 [INFO] NvicIntPanel:101 - NVIC parent = com.st.microxplorer.plugins.ip.nvic.MultiNvicIntPanel[,0,0,0x0,invalid,layout=javax.swing.BoxLayout,alignmentX=0.0,alignmentY=0.0,border=,flags=9,maximumSize=,minimumSize=,preferredSize=]
2023-12-31 14:13:59,355 [INFO] NvicIntPanel:101 - NVIC parent = com.st.microxplorer.plugins.ip.nvic.MultiNvicIntPanel[,0,0,0x0,invalid,layout=javax.swing.BoxLayout,alignmentX=0.0,alignmentY=0.0,border=,flags=9,maximumSize=,minimumSize=,preferredSize=]
2023-12-31 14:14:17,942 [INFO] NvicIntPanel:101 - NVIC parent = com.st.microxplorer.plugins.ip.nvic.MultiNvicIntPanel[,0,0,450x117,layout=javax.swing.BoxLayout,alignmentX=0.0,alignmentY=0.0,border=,flags=9,maximumSize=,minimumSize=,preferredSize=]
2023-12-31 15:17:36,050 [INFO] NvicIntPanel:101 - NVIC parent = com.st.microxplorer.plugins.ip.nvic.MultiNvicIntPanel[,0,0,0x0,invalid,layout=javax.swing.BoxLayout,alignmentX=0.0,alignmentY=0.0,border=,flags=9,maximumSize=,minimumSize=,preferredSize=]
2023-12-31 15:20:11,815 [INFO] NvicIntPanel:101 - NVIC parent = com.st.microxplorer.plugins.ip.nvic.MultiNvicIntPanel[,0,0,0x0,invalid,layout=javax.swing.BoxLayout,alignmentX=0.0,alignmentY=0.0,border=,flags=9,maximumSize=,minimumSize=,preferredSize=]
2023-12-31 15:20:52,753 [INFO] UtilMem:75 - End SaveConfig() Used Memory: 801280552 Bytes (920649728)
2023-12-31 15:20:53,353 [INFO] UtilMem:75 - End SaveConfig() Used Memory: 300327120 Bytes (920649728)
2023-12-31 15:20:53,521 [INFO] BlockDiagram:2759 - set Specific Code input for plugin: ADC
2023-12-31 15:20:53,522 [INFO] BlockDiagram:2759 - set Specific Code input for plugin: NVIC
2023-12-31 15:20:53,522 [INFO] BlockDiagram:2759 - set Specific Code input for plugin: DMA
2023-12-31 15:20:53,522 [INFO] BlockDiagram:2759 - set Specific Code input for plugin: SYS
2023-12-31 15:20:53,522 [INFO] BlockDiagram:2759 - set Specific Code input for plugin: GPIO
2023-12-31 15:20:53,522 [INFO] BlockDiagram:2759 - set Specific Code input for plugin: RCC
2023-12-31 15:20:53,523 [INFO] CodeGenerator:807 - code generatio: config db path: C:\ST\STM32CubeIDE_1.13.2\STM32CubeIDE\plugins\com.st.stm32cube.common.mx_6.10.0.202311202037\\db\
2023-12-31 15:20:53,693 [INFO] CodeEngine:255 - oldGeneratedFile, C:\Users\aleja\OneDrive\Escritorio\gettingStartedSTM\testingADC\MXTmpFiles\license.tmp_save
2023-12-31 15:20:53,818 [INFO] CodeEngine:279 - Generated code: C:\Users\aleja\OneDrive\Escritorio\gettingStartedSTM\testingADC\MXTmpFiles\license.tmp
2023-12-31 15:20:53,853 [INFO] CodeEngine:255 - oldGeneratedFile, C:\Users\aleja\OneDrive\Escritorio\gettingStartedSTM\testingADC\MXTmpFiles\gpio.tmp_save
2023-12-31 15:20:54,003 [INFO] CodeEngine:279 - Generated code: C:\Users\aleja\OneDrive\Escritorio\gettingStartedSTM\testingADC\MXTmpFiles\gpio.tmp
2023-12-31 15:20:54,119 [INFO] CodeEngine:255 - oldGeneratedFile, C:\Users\aleja\OneDrive\Escritorio\gettingStartedSTM\testingADC\MXTmpFiles\dma.tmp_save
2023-12-31 15:20:54,209 [INFO] CodeEngine:279 - Generated code: C:\Users\aleja\OneDrive\Escritorio\gettingStartedSTM\testingADC\MXTmpFiles\dma.tmp
2023-12-31 15:20:54,219 [INFO] CodeEngine:255 - oldGeneratedFile, C:\Users\aleja\OneDrive\Escritorio\gettingStartedSTM\testingADC\MXTmpFiles\dma_GV.tmp_save
2023-12-31 15:20:54,290 [INFO] CodeEngine:279 - Generated code: C:\Users\aleja\OneDrive\Escritorio\gettingStartedSTM\testingADC\MXTmpFiles\dma_GV.tmp
2023-12-31 15:20:54,313 [INFO] CodeEngine:255 - oldGeneratedFile, C:\Users\aleja\OneDrive\Escritorio\gettingStartedSTM\testingADC\Core\Src\stm32f0xx_it.c_save
2023-12-31 15:20:54,506 [INFO] CodeEngine:279 - Generated code: C:\Users\aleja\OneDrive\Escritorio\gettingStartedSTM\testingADC\Core\Src\stm32f0xx_it.c
2023-12-31 15:20:54,521 [INFO] CodeEngine:255 - oldGeneratedFile, C:\Users\aleja\OneDrive\Escritorio\gettingStartedSTM\testingADC\Core\Inc\stm32f0xx_it.h_save
2023-12-31 15:20:54,600 [INFO] CodeEngine:279 - Generated code: C:\Users\aleja\OneDrive\Escritorio\gettingStartedSTM\testingADC\Core\Inc\stm32f0xx_it.h
2023-12-31 15:20:54,646 [INFO] CodeEngine:255 - oldGeneratedFile, C:\Users\aleja\OneDrive\Escritorio\gettingStartedSTM\testingADC\Core\Src\stm32f0xx_hal_msp.c_save
2023-12-31 15:20:54,803 [INFO] CodeEngine:279 - Generated code: C:\Users\aleja\OneDrive\Escritorio\gettingStartedSTM\testingADC\Core\Src\stm32f0xx_hal_msp.c
2023-12-31 15:20:54,803 [INFO] CodeEngine:255 - oldGeneratedFile, C:\Users\aleja\OneDrive\Escritorio\gettingStartedSTM\testingADC\MXTmpFiles\system.tmp_save
2023-12-31 15:20:54,862 [INFO] CodeEngine:279 - Generated code: C:\Users\aleja\OneDrive\Escritorio\gettingStartedSTM\testingADC\MXTmpFiles\system.tmp
2023-12-31 15:20:54,893 [INFO] CodeEngine:311 - oldGeneratedFile, C:\Users\aleja\OneDrive\Escritorio\gettingStartedSTM\testingADC\Core\Inc\stm32f0xx_hal_conf.h_save
2023-12-31 15:20:55,097 [INFO] CodeEngine:335 - Generated code: C:\Users\aleja\OneDrive\Escritorio\gettingStartedSTM\testingADC\Core\Inc\stm32f0xx_hal_conf.h
2023-12-31 15:20:55,191 [INFO] CodeEngine:255 - oldGeneratedFile, C:\Users\aleja\OneDrive\Escritorio\gettingStartedSTM\testingADC\Core\Inc\main.h_save
2023-12-31 15:20:55,317 [INFO] CodeEngine:279 - Generated code: C:\Users\aleja\OneDrive\Escritorio\gettingStartedSTM\testingADC\Core\Inc\main.h
2023-12-31 15:20:55,342 [INFO] CodeEngine:255 - oldGeneratedFile, C:\Users\aleja\OneDrive\Escritorio\gettingStartedSTM\testingADC\Core\Src\main.c_save
2023-12-31 15:20:55,463 [INFO] CodeEngine:279 - Generated code: C:\Users\aleja\OneDrive\Escritorio\gettingStartedSTM\testingADC\Core\Src\main.c
2023-12-31 15:20:56,320 [INFO] ProjectBuilder:3076 - Time for Copy HAL[1] : 564mS.
2023-12-31 15:20:56,320 [INFO] ProjectBuilder:4485 - Project Generator version: 4.2.0-B44
2023-12-31 15:20:56,445 [INFO] ConfigFileManager:1495 - The Die is : DIE445
2023-12-31 15:20:56,445 [INFO] ApiDbMcu:508 - Load IP Config File for FATFS
2023-12-31 15:20:56,445 [INFO] ApiDbMcu:508 - Load IP Config File for FREERTOS
2023-12-31 15:20:56,460 [INFO] ApiDbMcu:508 - Load IP Config File for TOUCHSENSING
2023-12-31 15:20:56,460 [INFO] ApiDbMcu:508 - Load IP Config File for USB_DEVICE
2023-12-31 15:20:57,681 [INFO] ProjectBuilder:4747 - Time for Generating toolchain IDE Files: 1360mS.
2023-12-31 15:20:57,682 [INFO] ProjectBuilder:2947 - Time for Copy CMSIS : 1mS.
2023-12-31 15:20:57,686 [INFO] ProjectBuilder:2947 - Time for Copy CMSIS : 0mS.
2023-12-31 15:21:05,873 [INFO] MainUpdater:2873 - connection check result : 10
2023-12-31 15:21:05,873 [INFO] MainUpdater:2873 - connection check result : 10
2023-12-31 15:21:05,889 [INFO] MicroXplorer:468 - Change Database Path : 
2023-12-31 15:21:05,889 [INFO] MicroXplorer:498 - Change Database Version : DB.6.0.100
2023-12-31 15:21:05,904 [ERROR] ProjectManagerView:394 - 
java.lang.NullPointerException: Cannot invoke "javax.swing.JTextField.getText()" because the return value of "java.util.List.get(int)" is null
	at com.st.microxplorer.plugins.projectmanager.gui.ProjectChoiceTab$10.caretUpdate(ProjectChoiceTab.java:2493) ~[filemanager.jar:?]
	at javax.swing.text.JTextComponent.fireCaretUpdate(JTextComponent.java:412) ~[?:?]
	at javax.swing.text.JTextComponent$MutableCaretEvent.fire(JTextComponent.java:4491) ~[?:?]
	at javax.swing.text.JTextComponent$MutableCaretEvent.stateChanged(JTextComponent.java:4513) ~[?:?]
	at javax.swing.text.DefaultCaret.fireStateChanged(DefaultCaret.java:842) ~[?:?]
	at javax.swing.text.DefaultCaret.changeCaretPosition(DefaultCaret.java:1313) ~[?:?]
	at javax.swing.text.DefaultCaret.handleSetDot(DefaultCaret.java:1212) ~[?:?]
	at javax.swing.text.DefaultCaret.setDot(DefaultCaret.java:1193) ~[?:?]
	at javax.swing.text.DefaultCaret$Handler.insertUpdate(DefaultCaret.java:1789) ~[?:?]
	at javax.swing.text.AbstractDocument.fireInsertUpdate(AbstractDocument.java:226) ~[?:?]
	at javax.swing.text.AbstractDocument.handleInsertString(AbstractDocument.java:780) ~[?:?]
	at javax.swing.text.AbstractDocument.insertString(AbstractDocument.java:739) ~[?:?]
	at javax.swing.text.PlainDocument.insertString(PlainDocument.java:131) ~[?:?]
	at javax.swing.text.AbstractDocument.replace(AbstractDocument.java:698) ~[?:?]
	at javax.swing.text.JTextComponent.setText(JTextComponent.java:1729) ~[?:?]
	at com.st.microxplorer.plugins.projectmanager.gui.ProjectChoiceTab.createHeapStackFields(ProjectChoiceTab.java:933) ~[filemanager.jar:?]
	at com.st.microxplorer.plugins.projectmanager.gui.ProjectChoiceTab.buildLinkSettingsPanel(ProjectChoiceTab.java:3426) ~[filemanager.jar:?]
	at com.st.microxplorer.plugins.projectmanager.gui.ProjectChoiceTab.defineWindowsFields(ProjectChoiceTab.java:1813) ~[filemanager.jar:?]
	at com.st.microxplorer.plugins.projectmanager.gui.ProjectChoiceTab.updateSettings(ProjectChoiceTab.java:533) ~[filemanager.jar:?]
	at com.st.microxplorer.plugins.projectmanager.gui.ProjectSettingsPanel.UpdateDialog(ProjectSettingsPanel.java:244) ~[filemanager.jar:?]
	at com.st.microxplorer.plugins.projectmanager.ProjectManagerView.propertyChange(ProjectManagerView.java:391) ~[filemanager.jar:?]
	at java.beans.PropertyChangeSupport.fire(PropertyChangeSupport.java:343) ~[?:?]
	at java.beans.PropertyChangeSupport.firePropertyChange(PropertyChangeSupport.java:335) ~[?:?]
	at java.beans.PropertyChangeSupport.firePropertyChange(PropertyChangeSupport.java:268) ~[?:?]
	at com.st.microxplorer.util.MXPropertyChangeSupport.firePropertyChange(MXPropertyChangeSupport.java:54) ~[STM32CubeMX.jar:?]
	at com.st.microxplorer.mxsystem.MxSystem.closeConfig(MxSystem.java:900) ~[STM32CubeMX.jar:?]
	at com.st.microxplorer.maingui.MainPanel.closeConfig(MainPanel.java:776) ~[STM32CubeMX.jar:?]
	at com.st.microxplorer.plugins.filemanager.engine.OpenFileManager.loadConfigurationFile(OpenFileManager.java:245) ~[filemanager.jar:?]
	at com.st.microxplorer.plugins.filemanager.engine.MainFileManager.userLoadConfig(MainFileManager.java:290) ~[filemanager.jar:?]
	at com.st.microxplorer.plugins.filemanager.FileManagerView.getSpecificTask(FileManagerView.java:247) ~[filemanager.jar:?]
	at com.st.stm32cube.common.mx.editor.CubeMxEditor.getMxTabbedPaneInstance(CubeMxEditor.java:1184) ~[com.st.stm32cube.common.mx_6.10.0.202311202037/:?]
	at com.st.stm32cube.common.mx.editor.CubeMxEditor$12$1.createSwingComponent(CubeMxEditor.java:1065) ~[com.st.stm32cube.common.mx_6.10.0.202311202037/:?]
	at com.st.stm32cube.common.mx.oss.core.awtswtbridge.EmbeddedSwingComposite.doComponentCreation(EmbeddedSwingComposite.java:492) ~[com.st.stm32cube.common.mx.oss_6.10.0.202311202037/:?]
	at com.st.stm32cube.common.mx.oss.core.awtswtbridge.EmbeddedSwingComposite$4.run(EmbeddedSwingComposite.java:291) ~[com.st.stm32cube.common.mx.oss_6.10.0.202311202037/:?]
	at com.st.stm32cube.common.mx.oss.core.awtswtbridge.AwtEnvironment$2.run(AwtEnvironment.java:166) ~[com.st.stm32cube.common.mx.oss_6.10.0.202311202037/:?]
	at java.awt.event.InvocationEvent.dispatch(InvocationEvent.java:318) ~[?:?]
	at java.awt.EventQueue.dispatchEventImpl(EventQueue.java:773) ~[?:?]
	at java.awt.EventQueue$4.run(EventQueue.java:720) ~[?:?]
	at java.awt.EventQueue$4.run(EventQueue.java:714) ~[?:?]
	at java.security.AccessController.doPrivileged(AccessController.java:399) ~[?:?]
	at java.security.ProtectionDomain$JavaSecurityAccessImpl.doIntersectionPrivilege(ProtectionDomain.java:86) ~[?:?]
	at java.awt.EventQueue.dispatchEvent(EventQueue.java:742) ~[?:?]
	at java.awt.EventDispatchThread.pumpOneEventForFilters(EventDispatchThread.java:203) ~[?:?]
	at java.awt.EventDispatchThread.pumpEventsForFilter(EventDispatchThread.java:124) ~[?:?]
	at java.awt.EventDispatchThread.pumpEventsForHierarchy(EventDispatchThread.java:113) ~[?:?]
	at java.awt.EventDispatchThread.pumpEvents(EventDispatchThread.java:109) ~[?:?]
	at java.awt.EventDispatchThread.pumpEvents(EventDispatchThread.java:101) ~[?:?]
	at java.awt.EventDispatchThread.run(EventDispatchThread.java:90) ~[?:?]
2023-12-31 15:21:05,904 [WARN] ThirdParty:871 - waiting for thirdparty lock release [close project]
2023-12-31 15:21:05,904 [INFO] ThirdParty:873 - entering critical section [close project]
2023-12-31 15:21:05,904 [INFO] ThirdParty:883 - exiting critical section [close project]
2023-12-31 15:21:05,904 [INFO] PinOutPanel:1499 - setPackage(No Configuration,No Configuration)
2023-12-31 15:21:05,904 [INFO] UtilMem:75 - Begin LoadConfig() Used Memory: 338522776 Bytes (982515712)
2023-12-31 15:21:05,904 [INFO] MicroXplorer:468 - Change Database Path : 
2023-12-31 15:21:05,904 [INFO] MicroXplorer:498 - Change Database Version : DB.6.0.100
2023-12-31 15:21:05,904 [INFO] OpenFileManager:312 - Change cursor
2023-12-31 15:21:05,920 [INFO] RulesReader:64 - Compatibility file has been processed (297 Rules)
2023-12-31 15:21:05,922 [INFO] Mcu:2016 - Initializing MCU STM32F042F4Px STM32F042F4Px STM32F042F4P6
2023-12-31 15:21:06,485 [INFO] Context:659 - Trying to add GPIOservice into a context  which must be forbidden
2023-12-31 15:21:06,570 [INFO] RtosManager:555 - Registered RTOS mode: class=CMSIS, group=RTOS, mode=CMSIS_V1, owner=FREERTOS
2023-12-31 15:21:06,570 [INFO] RtosManager:555 - Registered RTOS mode: class=CMSIS, group=RTOS2, mode=CMSIS_V2, owner=FREERTOS
2023-12-31 15:21:06,570 [INFO] RtosManager:555 - Registered RTOS mode: class=RTOS, group=Core, mode=CMSIS_V1, owner=FREERTOS
2023-12-31 15:21:06,570 [INFO] RtosManager:555 - Registered RTOS mode: class=RTOS, group=Core, mode=CMSIS_V2, owner=FREERTOS
2023-12-31 15:21:06,570 [WARN] ModelIntegratedComponent:184 - Missing modes for component STMicroelectronics:FreeRTOS:0.0.1:STMicroelectronics:RTOS:FreeRTOS:Core:::10.2.0:
2023-12-31 15:21:06,574 [WARN] ModelIntegratedComponent:63 - No mode defined for component null
2023-12-31 15:21:06,574 [WARN] ModelIntegratedComponent:63 - No mode defined for component null
2023-12-31 15:21:06,574 [WARN] ModelIntegratedComponent:63 - No mode defined for component null
2023-12-31 15:21:06,574 [WARN] ModelIntegratedComponent:63 - No mode defined for component null
2023-12-31 15:21:06,574 [WARN] ModelIntegratedComponent:63 - No mode defined for component null
2023-12-31 15:21:06,574 [WARN] ModelIntegratedComponent:63 - No mode defined for component null
2023-12-31 15:21:06,574 [WARN] ModelIntegratedComponent:63 - No mode defined for component null
2023-12-31 15:21:06,574 [WARN] ModelIntegratedComponent:63 - No mode defined for component null
2023-12-31 15:21:06,574 [WARN] ModelIntegratedComponent:63 - No mode defined for component null
2023-12-31 15:21:06,574 [WARN] ModelIntegratedComponent:63 - No mode defined for component null
2023-12-31 15:21:06,574 [WARN] ModelIntegratedComponent:63 - No mode defined for component null
2023-12-31 15:21:06,574 [WARN] ModelIntegratedComponent:63 - No mode defined for component null
2023-12-31 15:21:06,574 [WARN] ModelIntegratedComponent:63 - No mode defined for component null
2023-12-31 15:21:06,574 [WARN] ModelIntegratedComponent:63 - No mode defined for component null
2023-12-31 15:21:06,574 [WARN] ModelIntegratedComponent:63 - No mode defined for component null
2023-12-31 15:21:06,574 [WARN] ModelIntegratedComponent:63 - No mode defined for component null
2023-12-31 15:21:06,574 [WARN] ModelIntegratedComponent:63 - No mode defined for component null
2023-12-31 15:21:06,574 [WARN] ModelIntegratedComponent:63 - No mode defined for component null
2023-12-31 15:21:06,575 [WARN] ModelIntegratedComponent:63 - No mode defined for component null
2023-12-31 15:21:06,575 [WARN] ModelIntegratedComponent:63 - No mode defined for component null
2023-12-31 15:21:06,575 [WARN] ModelIntegratedComponent:63 - No mode defined for component null
2023-12-31 15:21:06,575 [WARN] ModelIntegratedComponent:63 - No mode defined for component null
2023-12-31 15:21:06,575 [WARN] ModelIntegratedComponent:63 - No mode defined for component null
2023-12-31 15:21:06,575 [WARN] ModelIntegratedComponent:63 - No mode defined for component null
2023-12-31 15:21:06,575 [WARN] ModelIntegratedComponent:63 - No mode defined for component null
2023-12-31 15:21:06,575 [WARN] ModelIntegratedComponent:63 - No mode defined for component null
2023-12-31 15:21:06,575 [WARN] ModelIntegratedComponent:63 - No mode defined for component null
2023-12-31 15:21:06,575 [WARN] ModelIntegratedComponent:63 - No mode defined for component null
2023-12-31 15:21:06,575 [WARN] ModelIntegratedComponent:63 - No mode defined for component null
2023-12-31 15:21:06,575 [WARN] ModelIntegratedComponent:63 - No mode defined for component null
2023-12-31 15:21:06,575 [WARN] ModelIntegratedComponent:63 - No mode defined for component null
2023-12-31 15:21:06,575 [WARN] ModelIntegratedComponent:63 - No mode defined for component null
2023-12-31 15:21:06,575 [WARN] ModelIntegratedComponent:63 - No mode defined for component null
2023-12-31 15:21:06,624 [INFO] ThirdPartyModel:298 - Start build external matchings
2023-12-31 15:21:06,914 [INFO] ThirdPartyModel:316 - End build external matchings
2023-12-31 15:21:06,918 [INFO] ImportTextPane:194 - (OptionalMessage_ERROR) IP (DMA) : Parameter (Instance) has Id (ADC) currently not set
2023-12-31 15:21:06,918 [INFO] ImportTextPane:194 - (OptionalMessage_ERROR) IP (DMA) : Parameter (Direction) has Id (ADC) currently not set
2023-12-31 15:21:06,918 [INFO] ImportTextPane:194 - (OptionalMessage_ERROR) IP (DMA) : Parameter (PeriphInc) has Id (ADC) currently not set
2023-12-31 15:21:06,918 [INFO] ImportTextPane:194 - (OptionalMessage_ERROR) IP (DMA) : Parameter (MemInc) has Id (ADC) currently not set
2023-12-31 15:21:06,918 [INFO] ImportTextPane:194 - (OptionalMessage_ERROR) IP (DMA) : Parameter (PeriphDataAlignment) has Id (ADC) currently not set
2023-12-31 15:21:06,919 [INFO] ImportTextPane:194 - (OptionalMessage_ERROR) IP (DMA) : Parameter (MemDataAlignment) has Id (ADC) currently not set
2023-12-31 15:21:06,919 [INFO] ImportTextPane:194 - (OptionalMessage_ERROR) IP (DMA) : Parameter (Mode) has Id (ADC) currently not set
2023-12-31 15:21:06,919 [INFO] ImportTextPane:194 - (OptionalMessage_ERROR) IP (DMA) : Parameter (Priority) has Id (ADC) currently not set
2023-12-31 15:21:06,919 [INFO] ImportTextPane:194 - (OptionalMessage_ERROR) IP (RCC) : Invalid parameter (FamilyName)
2023-12-31 15:21:06,919 [INFO] ImportTextPane:194 - (OptionalMessage_ERROR) IP (RCC) : Invalid parameter (HSICECFreq_Value)
2023-12-31 15:21:07,054 [INFO] UtilMem:75 - End LoadConfig() Used Memory: 303671112 Bytes (982515712)
2023-12-31 15:21:07,110 [INFO] MicroXplorer:468 - Change Database Path : 
2023-12-31 15:21:07,110 [INFO] MicroXplorer:498 - Change Database Version : DB.6.0.100
2023-12-31 15:21:07,110 [WARN] ThirdParty:833 - waiting for thirdparty lock release [change project]
2023-12-31 15:21:07,110 [INFO] ThirdParty:835 - entering critical section [change project]
2023-12-31 15:21:07,110 [INFO] ThirdParty:1030 - CMSIS Pack Vendor :STMicroelectronics X-CUBE-ISPU 1.1.0
2023-12-31 15:21:07,110 [INFO] ThirdParty:1030 - CMSIS Pack Vendor :STMicroelectronics USBPD 4.1
2023-12-31 15:21:07,110 [INFO] ThirdParty:1030 - CMSIS Pack Vendor :STMicroelectronics X-CUBE-GNSS1 6.0.0
2023-12-31 15:21:07,110 [INFO] ThirdParty:1030 - CMSIS Pack Vendor :STMicroelectronics USB_HOST 2.0.0
2023-12-31 15:21:07,110 [INFO] ThirdParty:1030 - CMSIS Pack Vendor :STMicroelectronics X-CUBE-AZRTOS-F4 1.1.0
2023-12-31 15:21:07,110 [INFO] ThirdParty:1030 - CMSIS Pack Vendor :STMicroelectronics LIBJPEG 8.0.0
2023-12-31 15:21:07,110 [INFO] ThirdParty:1030 - CMSIS Pack Vendor :wolfSSL I-CUBE-wolfSSL 5.6.4
2023-12-31 15:21:07,110 [INFO] ThirdParty:1030 - CMSIS Pack Vendor :STMicroelectronics X-CUBE-SMBUS 2.1.0
2023-12-31 15:21:07,110 [INFO] ThirdParty:1030 - CMSIS Pack Vendor :STMicroelectronics USB_DEVICE 3.0.0
2023-12-31 15:21:07,110 [INFO] ThirdParty:1030 - CMSIS Pack Vendor :STMicroelectronics X-CUBE-AZRTOS-WB 2.0.0
2023-12-31 15:21:07,111 [INFO] ThirdParty:1030 - CMSIS Pack Vendor :STMicroelectronics X-CUBE-TOUCHGFX 4.23.0
2023-12-31 15:21:07,111 [INFO] ThirdParty:1030 - CMSIS Pack Vendor :STMicroelectronics X-CUBE-AZRTOS-F7 1.1.0
2023-12-31 15:21:07,111 [INFO] ThirdParty:1030 - CMSIS Pack Vendor :STMicroelectronics X-CUBE-AZRTOS-L5 2.0.0
2023-12-31 15:21:07,111 [INFO] ThirdParty:1030 - CMSIS Pack Vendor :STMicroelectronics USB_DEVICE 2.0.0
2023-12-31 15:21:07,111 [INFO] ThirdParty:1030 - CMSIS Pack Vendor :STMicroelectronics X-CUBE-EEPRMA1 4.2.0
2023-12-31 15:21:07,111 [INFO] ThirdParty:1030 - CMSIS Pack Vendor :ITTIA_DB I-CUBE-ITTIADB 8.8.0
2023-12-31 15:21:07,111 [INFO] ThirdParty:1030 - CMSIS Pack Vendor :STMicroelectronics FP-SNS-MOTENV1 4.3.2
2023-12-31 15:21:07,111 [INFO] ThirdParty:1030 - CMSIS Pack Vendor :STMicroelectronics X-CUBE-ALGOBUILD 1.3.0
2023-12-31 15:21:07,111 [INFO] ThirdParty:1030 - CMSIS Pack Vendor :STMicroelectronics FreeRTOS 0.0.1
2023-12-31 15:21:07,111 [INFO] ThirdParty:1030 - CMSIS Pack Vendor :STMicroelectronics X-CUBE-AZRTOS-G0 1.1.0
2023-12-31 15:21:07,111 [INFO] ThirdParty:1030 - CMSIS Pack Vendor :STMicroelectronics X-CUBE-NFC4 3.0.0
2023-12-31 15:21:07,111 [INFO] ThirdParty:1030 - CMSIS Pack Vendor :STMicroelectronics X-CUBE-SUBG2 5.0.0
2023-12-31 15:21:07,111 [INFO] ThirdParty:1030 - CMSIS Pack Vendor :STMicroelectronics STM32_WPAN 1.0.0
2023-12-31 15:21:07,111 [INFO] ThirdParty:1030 - CMSIS Pack Vendor :STMicroelectronics lwIP 2.0.3
2023-12-31 15:21:07,111 [INFO] ThirdParty:1030 - CMSIS Pack Vendor :STMicroelectronics FP-SNS-FLIGHT1 5.0.2
2023-12-31 15:21:07,111 [INFO] ThirdParty:1030 - CMSIS Pack Vendor :STMicroelectronics USB_HOST 1.0.0
2023-12-31 15:21:07,111 [INFO] ThirdParty:1030 - CMSIS Pack Vendor :STMicroelectronics X-CUBE-AZRTOS-G4 2.0.0
2023-12-31 15:21:07,111 [INFO] ThirdParty:1030 - CMSIS Pack Vendor :STMicroelectronics PDM2PCM 3.1.0
2023-12-31 15:21:07,111 [INFO] ThirdParty:1030 - CMSIS Pack Vendor :STMicroelectronics X-CUBE-AZRTOS-H7 3.1.0
2023-12-31 15:21:07,111 [INFO] ThirdParty:1030 - CMSIS Pack Vendor :Infineon AIROC-Wi-Fi-Bluetooth-STM32 1.5.1
2023-12-31 15:21:07,111 [INFO] ThirdParty:1030 - CMSIS Pack Vendor :STMicroelectronics X-CUBE-BLEMGR 3.0.0
2023-12-31 15:21:07,111 [INFO] ThirdParty:1030 - CMSIS Pack Vendor :STMicroelectronics PDM2PCM 3.3.0
2023-12-31 15:21:07,111 [INFO] ThirdParty:1030 - CMSIS Pack Vendor :STMicroelectronics X-CUBE-DISPLAY 3.0.0
2023-12-31 15:21:07,111 [INFO] ThirdParty:1030 - CMSIS Pack Vendor :STMicroelectronics FP-SNS-MOTENVWB1 1.3.1
2023-12-31 15:21:07,111 [INFO] ThirdParty:1030 - CMSIS Pack Vendor :STMicroelectronics X-CUBE-BLE1 7.0.0
2023-12-31 15:21:07,111 [INFO] ThirdParty:1030 - CMSIS Pack Vendor :STMicroelectronics FP-ATR-SIGFOX1 3.2.0
2023-12-31 15:21:07,111 [INFO] ThirdParty:1030 - CMSIS Pack Vendor :STMicroelectronics X-CUBE-ISPU 2.0.0
2023-12-31 15:21:07,111 [INFO] ThirdParty:1030 - CMSIS Pack Vendor :STMicroelectronics HAL Drivers 0.0.0
2023-12-31 15:21:07,111 [INFO] ThirdParty:1030 - CMSIS Pack Vendor :STMicroelectronics MBEDTLS 2.16.2
2023-12-31 15:21:07,111 [INFO] ThirdParty:1030 - CMSIS Pack Vendor :emotas I-CUBE-CANOPEN 1.3.0
2023-12-31 15:21:07,111 [INFO] ThirdParty:1030 - CMSIS Pack Vendor :STMicroelectronics X-CUBE-MEMS1 10.0.0
2023-12-31 15:21:07,111 [INFO] ThirdParty:1030 - CMSIS Pack Vendor :STMicroelectronics X-CUBE-FREERTOS 1.1.0
2023-12-31 15:21:07,111 [INFO] ThirdParty:1030 - CMSIS Pack Vendor :STMicroelectronics X-CUBE-NFC7 1.0.1
2023-12-31 15:21:07,111 [INFO] ThirdParty:1030 - CMSIS Pack Vendor :STMicroelectronics MBEDTLS 2.14.1
2023-12-31 15:21:07,111 [INFO] ThirdParty:1030 - CMSIS Pack Vendor :STMicroelectronics X-CUBE-TOUCHGFX 4.22.1
2023-12-31 15:21:07,111 [INFO] ThirdParty:1030 - CMSIS Pack Vendor :STMicroelectronics X-CUBE-NFC6 3.0.0
2023-12-31 15:21:07,111 [INFO] ThirdParty:1030 - CMSIS Pack Vendor :portGmbH I-Cube-SoM-uGOAL 1.1.0
2023-12-31 15:21:07,111 [INFO] ThirdParty:1030 - CMSIS Pack Vendor :STMicroelectronics X-CUBE-ALS 1.0.1
2023-12-31 15:21:07,111 [INFO] ThirdParty:1030 - CMSIS Pack Vendor :STMicroelectronics ThreadX 1.0.0
2023-12-31 15:21:07,111 [INFO] ThirdParty:1030 - CMSIS Pack Vendor :STMicroelectronics FP-SNS-SMARTAG2 1.2.0
2023-12-31 15:21:07,111 [INFO] ThirdParty:1030 - CMSIS Pack Vendor :STMicroelectronics X-CUBE-AZRTOS-WL 2.0.0
2023-12-31 15:21:07,111 [INFO] ThirdParty:1030 - CMSIS Pack Vendor :STMicroelectronics USB_DEVICE 1.0.0
2023-12-31 15:21:07,111 [INFO] ThirdParty:1030 - CMSIS Pack Vendor :STMicroelectronics X-CUBE-AI 8.1.0
2023-12-31 15:21:07,111 [INFO] ThirdParty:1030 - CMSIS Pack Vendor :STMicroelectronics X-CUBE-AZRTOS-L4 2.0.0
2023-12-31 15:21:07,111 [INFO] ThirdParty:1030 - CMSIS Pack Vendor :STMicroelectronics ThreadX 0.0.2
2023-12-31 15:21:07,111 [INFO] ThirdParty:1030 - CMSIS Pack Vendor :WES I-CUBE-Cesium 1.3.0
2023-12-31 15:21:07,111 [INFO] ThirdParty:1030 - CMSIS Pack Vendor :STMicroelectronics FP-ATR-ASTRA1 2.0.0
2023-12-31 15:21:07,111 [INFO] ThirdParty:1030 - CMSIS Pack Vendor :STMicroelectronics lwIP 2.1.2
2023-12-31 15:21:07,111 [INFO] ThirdParty:1030 - CMSIS Pack Vendor :STMicroelectronics X-CUBE-SFXS2LP1 4.0.0
2023-12-31 15:21:07,111 [INFO] ThirdParty:1030 - CMSIS Pack Vendor :STMicroelectronics X-CUBE-BLE2 3.3.0
2023-12-31 15:21:07,111 [INFO] ThirdParty:1030 - CMSIS Pack Vendor :STMicroelectronics X-CUBE-TOF1 3.4.0
2023-12-31 15:21:07,111 [INFO] ThirdParty:1030 - CMSIS Pack Vendor :STMicroelectronics X-CUBE-AZRTOS-H7 3.2.0
2023-12-31 15:21:07,111 [INFO] ThirdParty:1030 - CMSIS Pack Vendor :STMicroelectronics PDM2PCM 3.2.0
2023-12-31 15:21:07,111 [INFO] ThirdParty:841 - exiting critical section [change project]
2023-12-31 15:21:07,176 [INFO] PinOutPanel:1499 - setPackage(No Configuration,No Configuration)
2023-12-31 15:21:07,177 [INFO] PinOutPanel:1499 - setPackage(STM32F042F4Px,TSSOP20)
2023-12-31 15:21:07,792 [INFO] UtilMem:75 - Before build in PCC Used Memory: 365673400 Bytes (982515712)
2023-12-31 15:21:07,922 [INFO] UtilMem:75 - After build in PCC Used Memory: 408665016 Bytes (982515712)
2023-12-31 15:21:07,932 [INFO] IPUIPlugin:80 - create IPUIPlugin
2023-12-31 15:21:07,933 [INFO] IPUIPlugin:80 - create IPUIPlugin
2023-12-31 15:21:07,933 [INFO] IPUIPlugin:80 - create IPUIPlugin
2023-12-31 15:21:07,933 [INFO] IPUIPlugin:80 - create IPUIPlugin
2023-12-31 15:21:07,933 [INFO] IPUIPlugin:80 - create IPUIPlugin
2023-12-31 15:21:07,933 [INFO] IPUIPlugin:80 - create IPUIPlugin
2023-12-31 15:21:07,933 [INFO] IPUIPlugin:80 - create IPUIPlugin
2023-12-31 15:21:07,933 [INFO] IPUIPlugin:80 - create IPUIPlugin
2023-12-31 15:21:07,933 [INFO] IPUIPlugin:80 - create IPUIPlugin
2023-12-31 15:21:07,933 [INFO] IPUIPlugin:80 - create IPUIPlugin
2023-12-31 15:21:07,933 [INFO] IPUIPlugin:80 - create IPUIPlugin
2023-12-31 15:21:07,933 [INFO] IPUIPlugin:80 - create IPUIPlugin
2023-12-31 15:21:07,933 [INFO] IPUIPlugin:80 - create IPUIPlugin
2023-12-31 15:21:07,933 [INFO] IPUIPlugin:80 - create IPUIPlugin
2023-12-31 15:21:07,933 [INFO] IPUIPlugin:80 - create IPUIPlugin
2023-12-31 15:21:07,933 [INFO] IPUIPlugin:80 - create IPUIPlugin
2023-12-31 15:21:07,933 [INFO] IPUIPlugin:80 - create IPUIPlugin
2023-12-31 15:21:07,934 [INFO] IPUIPlugin:80 - create IPUIPlugin
2023-12-31 15:21:07,934 [INFO] IPUIPlugin:80 - create IPUIPlugin
2023-12-31 15:21:07,934 [INFO] IPUIPlugin:80 - create IPUIPlugin
2023-12-31 15:21:07,934 [INFO] IPUIPlugin:80 - create IPUIPlugin
2023-12-31 15:21:07,934 [INFO] IPUIPlugin:80 - create IPUIPlugin
2023-12-31 15:21:07,934 [INFO] IPUIPlugin:80 - create IPUIPlugin
2023-12-31 15:21:07,934 [INFO] IPUIPlugin:80 - create IPUIPlugin
2023-12-31 15:21:07,934 [INFO] IPUIPlugin:80 - create IPUIPlugin
2023-12-31 15:21:07,934 [INFO] IPUIPlugin:80 - create IPUIPlugin
2023-12-31 15:21:07,934 [INFO] IPUIPlugin:80 - create IPUIPlugin
2023-12-31 15:21:07,934 [INFO] IPUIPlugin:80 - create IPUIPlugin
2023-12-31 15:21:07,935 [INFO] IPUIPlugin:80 - create IPUIPlugin
2023-12-31 15:21:07,935 [INFO] IPUIPlugin:80 - create IPUIPlugin
2023-12-31 15:21:07,938 [INFO] Can:71 - Can Add PropertyChangeListener com.st.microxplorer.plugins.ip.can.Can@409f1bbc
2023-12-31 15:21:07,957 [INFO] CADModel:165 - CPN selected for project levelSTM32F042F4P6
2023-12-31 15:21:07,957 [INFO] CADModel:114 - Register for checkConnection events
2023-12-31 15:21:08,039 [INFO] OpenFileManager:343 - Restore cursor
2023-12-31 15:21:48,907 [INFO] MainUpdater:2873 - connection check result : 10
2023-12-31 15:21:48,907 [INFO] MainUpdater:2873 - connection check result : 10
2023-12-31 15:21:48,919 [INFO] MicroXplorer:468 - Change Database Path : 
2023-12-31 15:21:48,919 [INFO] MicroXplorer:498 - Change Database Version : DB.6.0.100
2023-12-31 15:21:48,923 [ERROR] ProjectManagerView:394 - 
java.lang.NullPointerException: Cannot invoke "javax.swing.JTextField.getText()" because the return value of "java.util.List.get(int)" is null
	at com.st.microxplorer.plugins.projectmanager.gui.ProjectChoiceTab$10.caretUpdate(ProjectChoiceTab.java:2493) ~[filemanager.jar:?]
	at javax.swing.text.JTextComponent.fireCaretUpdate(JTextComponent.java:412) ~[?:?]
	at javax.swing.text.JTextComponent$MutableCaretEvent.fire(JTextComponent.java:4491) ~[?:?]
	at javax.swing.text.JTextComponent$MutableCaretEvent.stateChanged(JTextComponent.java:4513) ~[?:?]
	at javax.swing.text.DefaultCaret.fireStateChanged(DefaultCaret.java:842) ~[?:?]
	at javax.swing.text.DefaultCaret.changeCaretPosition(DefaultCaret.java:1313) ~[?:?]
	at javax.swing.text.DefaultCaret.handleSetDot(DefaultCaret.java:1212) ~[?:?]
	at javax.swing.text.DefaultCaret.setDot(DefaultCaret.java:1193) ~[?:?]
	at javax.swing.text.DefaultCaret$Handler.insertUpdate(DefaultCaret.java:1789) ~[?:?]
	at javax.swing.text.AbstractDocument.fireInsertUpdate(AbstractDocument.java:226) ~[?:?]
	at javax.swing.text.AbstractDocument.handleInsertString(AbstractDocument.java:780) ~[?:?]
	at javax.swing.text.AbstractDocument.insertString(AbstractDocument.java:739) ~[?:?]
	at javax.swing.text.PlainDocument.insertString(PlainDocument.java:131) ~[?:?]
	at javax.swing.text.AbstractDocument.replace(AbstractDocument.java:698) ~[?:?]
	at javax.swing.text.JTextComponent.setText(JTextComponent.java:1729) ~[?:?]
	at com.st.microxplorer.plugins.projectmanager.gui.ProjectChoiceTab.createHeapStackFields(ProjectChoiceTab.java:933) ~[filemanager.jar:?]
	at com.st.microxplorer.plugins.projectmanager.gui.ProjectChoiceTab.buildLinkSettingsPanel(ProjectChoiceTab.java:3426) ~[filemanager.jar:?]
	at com.st.microxplorer.plugins.projectmanager.gui.ProjectChoiceTab.defineWindowsFields(ProjectChoiceTab.java:1813) ~[filemanager.jar:?]
	at com.st.microxplorer.plugins.projectmanager.gui.ProjectChoiceTab.updateSettings(ProjectChoiceTab.java:533) ~[filemanager.jar:?]
	at com.st.microxplorer.plugins.projectmanager.gui.ProjectSettingsPanel.UpdateDialog(ProjectSettingsPanel.java:244) ~[filemanager.jar:?]
	at com.st.microxplorer.plugins.projectmanager.ProjectManagerView.propertyChange(ProjectManagerView.java:391) ~[filemanager.jar:?]
	at java.beans.PropertyChangeSupport.fire(PropertyChangeSupport.java:343) ~[?:?]
	at java.beans.PropertyChangeSupport.firePropertyChange(PropertyChangeSupport.java:335) ~[?:?]
	at java.beans.PropertyChangeSupport.firePropertyChange(PropertyChangeSupport.java:268) ~[?:?]
	at com.st.microxplorer.util.MXPropertyChangeSupport.firePropertyChange(MXPropertyChangeSupport.java:54) ~[STM32CubeMX.jar:?]
	at com.st.microxplorer.mxsystem.MxSystem.closeConfig(MxSystem.java:900) ~[STM32CubeMX.jar:?]
	at com.st.microxplorer.maingui.MainPanel.closeConfig(MainPanel.java:776) ~[STM32CubeMX.jar:?]
	at com.st.microxplorer.plugins.filemanager.engine.OpenFileManager.loadConfigurationFile(OpenFileManager.java:245) ~[filemanager.jar:?]
	at com.st.microxplorer.plugins.filemanager.engine.MainFileManager.userLoadConfig(MainFileManager.java:290) ~[filemanager.jar:?]
	at com.st.microxplorer.plugins.filemanager.FileManagerView.getSpecificTask(FileManagerView.java:247) ~[filemanager.jar:?]
	at com.st.stm32cube.common.mx.editor.CubeMxEditor.getMxTabbedPaneInstance(CubeMxEditor.java:1184) ~[com.st.stm32cube.common.mx_6.10.0.202311202037/:?]
	at com.st.stm32cube.common.mx.editor.CubeMxEditor$12$1.createSwingComponent(CubeMxEditor.java:1065) ~[com.st.stm32cube.common.mx_6.10.0.202311202037/:?]
	at com.st.stm32cube.common.mx.oss.core.awtswtbridge.EmbeddedSwingComposite.doComponentCreation(EmbeddedSwingComposite.java:492) ~[com.st.stm32cube.common.mx.oss_6.10.0.202311202037/:?]
	at com.st.stm32cube.common.mx.oss.core.awtswtbridge.EmbeddedSwingComposite$4.run(EmbeddedSwingComposite.java:291) ~[com.st.stm32cube.common.mx.oss_6.10.0.202311202037/:?]
	at com.st.stm32cube.common.mx.oss.core.awtswtbridge.AwtEnvironment$2.run(AwtEnvironment.java:166) ~[com.st.stm32cube.common.mx.oss_6.10.0.202311202037/:?]
	at java.awt.event.InvocationEvent.dispatch(InvocationEvent.java:318) ~[?:?]
	at java.awt.EventQueue.dispatchEventImpl(EventQueue.java:773) ~[?:?]
	at java.awt.EventQueue$4.run(EventQueue.java:720) ~[?:?]
	at java.awt.EventQueue$4.run(EventQueue.java:714) ~[?:?]
	at java.security.AccessController.doPrivileged(AccessController.java:399) ~[?:?]
	at java.security.ProtectionDomain$JavaSecurityAccessImpl.doIntersectionPrivilege(ProtectionDomain.java:86) ~[?:?]
	at java.awt.EventQueue.dispatchEvent(EventQueue.java:742) ~[?:?]
	at java.awt.EventDispatchThread.pumpOneEventForFilters(EventDispatchThread.java:203) ~[?:?]
	at java.awt.EventDispatchThread.pumpEventsForFilter(EventDispatchThread.java:124) ~[?:?]
	at java.awt.EventDispatchThread.pumpEventsForHierarchy(EventDispatchThread.java:113) ~[?:?]
	at java.awt.EventDispatchThread.pumpEvents(EventDispatchThread.java:109) ~[?:?]
	at java.awt.EventDispatchThread.pumpEvents(EventDispatchThread.java:101) ~[?:?]
	at java.awt.EventDispatchThread.run(EventDispatchThread.java:90) ~[?:?]
2023-12-31 15:21:48,923 [WARN] ThirdParty:871 - waiting for thirdparty lock release [close project]
2023-12-31 15:21:48,923 [INFO] ThirdParty:873 - entering critical section [close project]
2023-12-31 15:21:48,924 [INFO] ThirdParty:883 - exiting critical section [close project]
2023-12-31 15:21:48,924 [INFO] PinOutPanel:1499 - setPackage(No Configuration,No Configuration)
2023-12-31 15:21:48,925 [INFO] UtilMem:75 - Begin LoadConfig() Used Memory: 633060280 Bytes (982515712)
2023-12-31 15:21:48,925 [INFO] MicroXplorer:468 - Change Database Path : 
2023-12-31 15:21:48,925 [INFO] MicroXplorer:498 - Change Database Version : DB.6.0.100
2023-12-31 15:21:48,925 [INFO] OpenFileManager:312 - Change cursor
2023-12-31 15:21:48,930 [INFO] Mcu:2016 - Initializing MCU STM32F042F4Px STM32F042F4Px STM32F042F4P6
2023-12-31 15:21:49,444 [INFO] Context:659 - Trying to add GPIOservice into a context  which must be forbidden
2023-12-31 15:21:49,524 [INFO] RtosManager:555 - Registered RTOS mode: class=CMSIS, group=RTOS, mode=CMSIS_V1, owner=FREERTOS
2023-12-31 15:21:49,524 [INFO] RtosManager:555 - Registered RTOS mode: class=CMSIS, group=RTOS2, mode=CMSIS_V2, owner=FREERTOS
2023-12-31 15:21:49,524 [INFO] RtosManager:555 - Registered RTOS mode: class=RTOS, group=Core, mode=CMSIS_V1, owner=FREERTOS
2023-12-31 15:21:49,524 [INFO] RtosManager:555 - Registered RTOS mode: class=RTOS, group=Core, mode=CMSIS_V2, owner=FREERTOS
2023-12-31 15:21:49,524 [WARN] ModelIntegratedComponent:184 - Missing modes for component STMicroelectronics:FreeRTOS:0.0.1:STMicroelectronics:RTOS:FreeRTOS:Core:::10.2.0:
2023-12-31 15:21:49,529 [WARN] ModelIntegratedComponent:63 - No mode defined for component null
2023-12-31 15:21:49,529 [WARN] ModelIntegratedComponent:63 - No mode defined for component null
2023-12-31 15:21:49,529 [WARN] ModelIntegratedComponent:63 - No mode defined for component null
2023-12-31 15:21:49,529 [WARN] ModelIntegratedComponent:63 - No mode defined for component null
2023-12-31 15:21:49,529 [WARN] ModelIntegratedComponent:63 - No mode defined for component null
2023-12-31 15:21:49,529 [WARN] ModelIntegratedComponent:63 - No mode defined for component null
2023-12-31 15:21:49,529 [WARN] ModelIntegratedComponent:63 - No mode defined for component null
2023-12-31 15:21:49,529 [WARN] ModelIntegratedComponent:63 - No mode defined for component null
2023-12-31 15:21:49,530 [WARN] ModelIntegratedComponent:63 - No mode defined for component null
2023-12-31 15:21:49,530 [WARN] ModelIntegratedComponent:63 - No mode defined for component null
2023-12-31 15:21:49,530 [WARN] ModelIntegratedComponent:63 - No mode defined for component null
2023-12-31 15:21:49,530 [WARN] ModelIntegratedComponent:63 - No mode defined for component null
2023-12-31 15:21:49,530 [WARN] ModelIntegratedComponent:63 - No mode defined for component null
2023-12-31 15:21:49,530 [WARN] ModelIntegratedComponent:63 - No mode defined for component null
2023-12-31 15:21:49,530 [WARN] ModelIntegratedComponent:63 - No mode defined for component null
2023-12-31 15:21:49,530 [WARN] ModelIntegratedComponent:63 - No mode defined for component null
2023-12-31 15:21:49,530 [WARN] ModelIntegratedComponent:63 - No mode defined for component null
2023-12-31 15:21:49,530 [WARN] ModelIntegratedComponent:63 - No mode defined for component null
2023-12-31 15:21:49,530 [WARN] ModelIntegratedComponent:63 - No mode defined for component null
2023-12-31 15:21:49,530 [WARN] ModelIntegratedComponent:63 - No mode defined for component null
2023-12-31 15:21:49,530 [WARN] ModelIntegratedComponent:63 - No mode defined for component null
2023-12-31 15:21:49,530 [WARN] ModelIntegratedComponent:63 - No mode defined for component null
2023-12-31 15:21:49,530 [WARN] ModelIntegratedComponent:63 - No mode defined for component null
2023-12-31 15:21:49,530 [WARN] ModelIntegratedComponent:63 - No mode defined for component null
2023-12-31 15:21:49,530 [WARN] ModelIntegratedComponent:63 - No mode defined for component null
2023-12-31 15:21:49,530 [WARN] ModelIntegratedComponent:63 - No mode defined for component null
2023-12-31 15:21:49,530 [WARN] ModelIntegratedComponent:63 - No mode defined for component null
2023-12-31 15:21:49,530 [WARN] ModelIntegratedComponent:63 - No mode defined for component null
2023-12-31 15:21:49,530 [WARN] ModelIntegratedComponent:63 - No mode defined for component null
2023-12-31 15:21:49,530 [WARN] ModelIntegratedComponent:63 - No mode defined for component null
2023-12-31 15:21:49,530 [WARN] ModelIntegratedComponent:63 - No mode defined for component null
2023-12-31 15:21:49,530 [WARN] ModelIntegratedComponent:63 - No mode defined for component null
2023-12-31 15:21:49,530 [WARN] ModelIntegratedComponent:63 - No mode defined for component null
2023-12-31 15:21:49,623 [INFO] ThirdPartyModel:298 - Start build external matchings
2023-12-31 15:21:49,860 [INFO] ThirdPartyModel:316 - End build external matchings
2023-12-31 15:21:49,864 [INFO] ImportTextPane:194 - (OptionalMessage_ERROR) IP (DMA) : Parameter (Instance) has Id (ADC) currently not set
2023-12-31 15:21:49,864 [INFO] ImportTextPane:194 - (OptionalMessage_ERROR) IP (DMA) : Parameter (Direction) has Id (ADC) currently not set
2023-12-31 15:21:49,864 [INFO] ImportTextPane:194 - (OptionalMessage_ERROR) IP (DMA) : Parameter (PeriphInc) has Id (ADC) currently not set
2023-12-31 15:21:49,865 [INFO] ImportTextPane:194 - (OptionalMessage_ERROR) IP (DMA) : Parameter (MemInc) has Id (ADC) currently not set
2023-12-31 15:21:49,865 [INFO] ImportTextPane:194 - (OptionalMessage_ERROR) IP (DMA) : Parameter (PeriphDataAlignment) has Id (ADC) currently not set
2023-12-31 15:21:49,865 [INFO] ImportTextPane:194 - (OptionalMessage_ERROR) IP (DMA) : Parameter (MemDataAlignment) has Id (ADC) currently not set
2023-12-31 15:21:49,865 [INFO] ImportTextPane:194 - (OptionalMessage_ERROR) IP (DMA) : Parameter (Mode) has Id (ADC) currently not set
2023-12-31 15:21:49,865 [INFO] ImportTextPane:194 - (OptionalMessage_ERROR) IP (DMA) : Parameter (Priority) has Id (ADC) currently not set
2023-12-31 15:21:49,865 [INFO] ImportTextPane:194 - (OptionalMessage_ERROR) IP (RCC) : Invalid parameter (FamilyName)
2023-12-31 15:21:49,865 [INFO] ImportTextPane:194 - (OptionalMessage_ERROR) IP (RCC) : Invalid parameter (HSICECFreq_Value)
2023-12-31 15:21:50,485 [INFO] UtilMem:75 - End LoadConfig() Used Memory: 316777336 Bytes (982515712)
2023-12-31 15:21:50,564 [INFO] MicroXplorer:468 - Change Database Path : 
2023-12-31 15:21:50,564 [INFO] MicroXplorer:498 - Change Database Version : DB.6.0.100
2023-12-31 15:21:50,564 [WARN] ThirdParty:833 - waiting for thirdparty lock release [change project]
2023-12-31 15:21:50,564 [INFO] ThirdParty:835 - entering critical section [change project]
2023-12-31 15:21:50,564 [INFO] ThirdParty:1030 - CMSIS Pack Vendor :STMicroelectronics X-CUBE-ISPU 1.1.0
2023-12-31 15:21:50,564 [INFO] ThirdParty:1030 - CMSIS Pack Vendor :STMicroelectronics USBPD 4.1
2023-12-31 15:21:50,564 [INFO] ThirdParty:1030 - CMSIS Pack Vendor :STMicroelectronics X-CUBE-GNSS1 6.0.0
2023-12-31 15:21:50,564 [INFO] ThirdParty:1030 - CMSIS Pack Vendor :STMicroelectronics USB_HOST 2.0.0
2023-12-31 15:21:50,564 [INFO] ThirdParty:1030 - CMSIS Pack Vendor :STMicroelectronics X-CUBE-AZRTOS-F4 1.1.0
2023-12-31 15:21:50,564 [INFO] ThirdParty:1030 - CMSIS Pack Vendor :STMicroelectronics LIBJPEG 8.0.0
2023-12-31 15:21:50,564 [INFO] ThirdParty:1030 - CMSIS Pack Vendor :wolfSSL I-CUBE-wolfSSL 5.6.4
2023-12-31 15:21:50,564 [INFO] ThirdParty:1030 - CMSIS Pack Vendor :STMicroelectronics X-CUBE-SMBUS 2.1.0
2023-12-31 15:21:50,564 [INFO] ThirdParty:1030 - CMSIS Pack Vendor :STMicroelectronics USB_DEVICE 3.0.0
2023-12-31 15:21:50,564 [INFO] ThirdParty:1030 - CMSIS Pack Vendor :STMicroelectronics X-CUBE-AZRTOS-WB 2.0.0
2023-12-31 15:21:50,564 [INFO] ThirdParty:1030 - CMSIS Pack Vendor :STMicroelectronics X-CUBE-TOUCHGFX 4.23.0
2023-12-31 15:21:50,564 [INFO] ThirdParty:1030 - CMSIS Pack Vendor :STMicroelectronics X-CUBE-AZRTOS-F7 1.1.0
2023-12-31 15:21:50,564 [INFO] ThirdParty:1030 - CMSIS Pack Vendor :STMicroelectronics X-CUBE-AZRTOS-L5 2.0.0
2023-12-31 15:21:50,565 [INFO] ThirdParty:1030 - CMSIS Pack Vendor :STMicroelectronics USB_DEVICE 2.0.0
2023-12-31 15:21:50,565 [INFO] ThirdParty:1030 - CMSIS Pack Vendor :STMicroelectronics X-CUBE-EEPRMA1 4.2.0
2023-12-31 15:21:50,565 [INFO] ThirdParty:1030 - CMSIS Pack Vendor :ITTIA_DB I-CUBE-ITTIADB 8.8.0
2023-12-31 15:21:50,565 [INFO] ThirdParty:1030 - CMSIS Pack Vendor :STMicroelectronics FP-SNS-MOTENV1 4.3.2
2023-12-31 15:21:50,565 [INFO] ThirdParty:1030 - CMSIS Pack Vendor :STMicroelectronics X-CUBE-ALGOBUILD 1.3.0
2023-12-31 15:21:50,565 [INFO] ThirdParty:1030 - CMSIS Pack Vendor :STMicroelectronics FreeRTOS 0.0.1
2023-12-31 15:21:50,565 [INFO] ThirdParty:1030 - CMSIS Pack Vendor :STMicroelectronics X-CUBE-AZRTOS-G0 1.1.0
2023-12-31 15:21:50,565 [INFO] ThirdParty:1030 - CMSIS Pack Vendor :STMicroelectronics X-CUBE-NFC4 3.0.0
2023-12-31 15:21:50,565 [INFO] ThirdParty:1030 - CMSIS Pack Vendor :STMicroelectronics X-CUBE-SUBG2 5.0.0
2023-12-31 15:21:50,565 [INFO] ThirdParty:1030 - CMSIS Pack Vendor :STMicroelectronics STM32_WPAN 1.0.0
2023-12-31 15:21:50,565 [INFO] ThirdParty:1030 - CMSIS Pack Vendor :STMicroelectronics lwIP 2.0.3
2023-12-31 15:21:50,565 [INFO] ThirdParty:1030 - CMSIS Pack Vendor :STMicroelectronics FP-SNS-FLIGHT1 5.0.2
2023-12-31 15:21:50,565 [INFO] ThirdParty:1030 - CMSIS Pack Vendor :STMicroelectronics USB_HOST 1.0.0
2023-12-31 15:21:50,565 [INFO] ThirdParty:1030 - CMSIS Pack Vendor :STMicroelectronics X-CUBE-AZRTOS-G4 2.0.0
2023-12-31 15:21:50,565 [INFO] ThirdParty:1030 - CMSIS Pack Vendor :STMicroelectronics PDM2PCM 3.1.0
2023-12-31 15:21:50,565 [INFO] ThirdParty:1030 - CMSIS Pack Vendor :STMicroelectronics X-CUBE-AZRTOS-H7 3.1.0
2023-12-31 15:21:50,565 [INFO] ThirdParty:1030 - CMSIS Pack Vendor :Infineon AIROC-Wi-Fi-Bluetooth-STM32 1.5.1
2023-12-31 15:21:50,565 [INFO] ThirdParty:1030 - CMSIS Pack Vendor :STMicroelectronics X-CUBE-BLEMGR 3.0.0
2023-12-31 15:21:50,565 [INFO] ThirdParty:1030 - CMSIS Pack Vendor :STMicroelectronics PDM2PCM 3.3.0
2023-12-31 15:21:50,565 [INFO] ThirdParty:1030 - CMSIS Pack Vendor :STMicroelectronics X-CUBE-DISPLAY 3.0.0
2023-12-31 15:21:50,565 [INFO] ThirdParty:1030 - CMSIS Pack Vendor :STMicroelectronics FP-SNS-MOTENVWB1 1.3.1
2023-12-31 15:21:50,565 [INFO] ThirdParty:1030 - CMSIS Pack Vendor :STMicroelectronics X-CUBE-BLE1 7.0.0
2023-12-31 15:21:50,565 [INFO] ThirdParty:1030 - CMSIS Pack Vendor :STMicroelectronics FP-ATR-SIGFOX1 3.2.0
2023-12-31 15:21:50,565 [INFO] ThirdParty:1030 - CMSIS Pack Vendor :STMicroelectronics X-CUBE-ISPU 2.0.0
2023-12-31 15:21:50,565 [INFO] ThirdParty:1030 - CMSIS Pack Vendor :STMicroelectronics HAL Drivers 0.0.0
2023-12-31 15:21:50,565 [INFO] ThirdParty:1030 - CMSIS Pack Vendor :STMicroelectronics MBEDTLS 2.16.2
2023-12-31 15:21:50,565 [INFO] ThirdParty:1030 - CMSIS Pack Vendor :emotas I-CUBE-CANOPEN 1.3.0
2023-12-31 15:21:50,565 [INFO] ThirdParty:1030 - CMSIS Pack Vendor :STMicroelectronics X-CUBE-MEMS1 10.0.0
2023-12-31 15:21:50,565 [INFO] ThirdParty:1030 - CMSIS Pack Vendor :STMicroelectronics X-CUBE-FREERTOS 1.1.0
2023-12-31 15:21:50,565 [INFO] ThirdParty:1030 - CMSIS Pack Vendor :STMicroelectronics X-CUBE-NFC7 1.0.1
2023-12-31 15:21:50,565 [INFO] ThirdParty:1030 - CMSIS Pack Vendor :STMicroelectronics MBEDTLS 2.14.1
2023-12-31 15:21:50,565 [INFO] ThirdParty:1030 - CMSIS Pack Vendor :STMicroelectronics X-CUBE-TOUCHGFX 4.22.1
2023-12-31 15:21:50,565 [INFO] ThirdParty:1030 - CMSIS Pack Vendor :STMicroelectronics X-CUBE-NFC6 3.0.0
2023-12-31 15:21:50,565 [INFO] ThirdParty:1030 - CMSIS Pack Vendor :portGmbH I-Cube-SoM-uGOAL 1.1.0
2023-12-31 15:21:50,565 [INFO] ThirdParty:1030 - CMSIS Pack Vendor :STMicroelectronics X-CUBE-ALS 1.0.1
2023-12-31 15:21:50,565 [INFO] ThirdParty:1030 - CMSIS Pack Vendor :STMicroelectronics ThreadX 1.0.0
2023-12-31 15:21:50,565 [INFO] ThirdParty:1030 - CMSIS Pack Vendor :STMicroelectronics FP-SNS-SMARTAG2 1.2.0
2023-12-31 15:21:50,565 [INFO] ThirdParty:1030 - CMSIS Pack Vendor :STMicroelectronics X-CUBE-AZRTOS-WL 2.0.0
2023-12-31 15:21:50,565 [INFO] ThirdParty:1030 - CMSIS Pack Vendor :STMicroelectronics USB_DEVICE 1.0.0
2023-12-31 15:21:50,565 [INFO] ThirdParty:1030 - CMSIS Pack Vendor :STMicroelectronics X-CUBE-AI 8.1.0
2023-12-31 15:21:50,565 [INFO] ThirdParty:1030 - CMSIS Pack Vendor :STMicroelectronics X-CUBE-AZRTOS-L4 2.0.0
2023-12-31 15:21:50,565 [INFO] ThirdParty:1030 - CMSIS Pack Vendor :STMicroelectronics ThreadX 0.0.2
2023-12-31 15:21:50,565 [INFO] ThirdParty:1030 - CMSIS Pack Vendor :WES I-CUBE-Cesium 1.3.0
2023-12-31 15:21:50,565 [INFO] ThirdParty:1030 - CMSIS Pack Vendor :STMicroelectronics FP-ATR-ASTRA1 2.0.0
2023-12-31 15:21:50,565 [INFO] ThirdParty:1030 - CMSIS Pack Vendor :STMicroelectronics lwIP 2.1.2
2023-12-31 15:21:50,565 [INFO] ThirdParty:1030 - CMSIS Pack Vendor :STMicroelectronics X-CUBE-SFXS2LP1 4.0.0
2023-12-31 15:21:50,565 [INFO] ThirdParty:1030 - CMSIS Pack Vendor :STMicroelectronics X-CUBE-BLE2 3.3.0
2023-12-31 15:21:50,565 [INFO] ThirdParty:1030 - CMSIS Pack Vendor :STMicroelectronics X-CUBE-TOF1 3.4.0
2023-12-31 15:21:50,565 [INFO] ThirdParty:1030 - CMSIS Pack Vendor :STMicroelectronics X-CUBE-AZRTOS-H7 3.2.0
2023-12-31 15:21:50,565 [INFO] ThirdParty:1030 - CMSIS Pack Vendor :STMicroelectronics PDM2PCM 3.2.0
2023-12-31 15:21:50,565 [INFO] ThirdParty:841 - exiting critical section [change project]
2023-12-31 15:21:50,624 [INFO] PinOutPanel:1499 - setPackage(No Configuration,No Configuration)
2023-12-31 15:21:50,625 [INFO] PinOutPanel:1499 - setPackage(STM32F042F4Px,TSSOP20)
2023-12-31 15:21:51,225 [INFO] UtilMem:75 - Before build in PCC Used Memory: 337784176 Bytes (982515712)
2023-12-31 15:21:51,320 [INFO] UtilMem:75 - After build in PCC Used Memory: 380775792 Bytes (982515712)
2023-12-31 15:21:51,320 [INFO] IPUIPlugin:80 - create IPUIPlugin
2023-12-31 15:21:51,320 [INFO] IPUIPlugin:80 - create IPUIPlugin
2023-12-31 15:21:51,320 [INFO] IPUIPlugin:80 - create IPUIPlugin
2023-12-31 15:21:51,320 [INFO] IPUIPlugin:80 - create IPUIPlugin
2023-12-31 15:21:51,320 [INFO] IPUIPlugin:80 - create IPUIPlugin
2023-12-31 15:21:51,320 [INFO] IPUIPlugin:80 - create IPUIPlugin
2023-12-31 15:21:51,320 [INFO] IPUIPlugin:80 - create IPUIPlugin
2023-12-31 15:21:51,320 [INFO] IPUIPlugin:80 - create IPUIPlugin
2023-12-31 15:21:51,320 [INFO] IPUIPlugin:80 - create IPUIPlugin
2023-12-31 15:21:51,320 [INFO] IPUIPlugin:80 - create IPUIPlugin
2023-12-31 15:21:51,320 [INFO] IPUIPlugin:80 - create IPUIPlugin
2023-12-31 15:21:51,320 [INFO] IPUIPlugin:80 - create IPUIPlugin
2023-12-31 15:21:51,320 [INFO] IPUIPlugin:80 - create IPUIPlugin
2023-12-31 15:21:51,320 [INFO] IPUIPlugin:80 - create IPUIPlugin
2023-12-31 15:21:51,320 [INFO] IPUIPlugin:80 - create IPUIPlugin
2023-12-31 15:21:51,320 [INFO] IPUIPlugin:80 - create IPUIPlugin
2023-12-31 15:21:51,320 [INFO] IPUIPlugin:80 - create IPUIPlugin
2023-12-31 15:21:51,320 [INFO] IPUIPlugin:80 - create IPUIPlugin
2023-12-31 15:21:51,320 [INFO] IPUIPlugin:80 - create IPUIPlugin
2023-12-31 15:21:51,320 [INFO] IPUIPlugin:80 - create IPUIPlugin
2023-12-31 15:21:51,320 [INFO] IPUIPlugin:80 - create IPUIPlugin
2023-12-31 15:21:51,320 [INFO] IPUIPlugin:80 - create IPUIPlugin
2023-12-31 15:21:51,320 [INFO] IPUIPlugin:80 - create IPUIPlugin
2023-12-31 15:21:51,320 [INFO] IPUIPlugin:80 - create IPUIPlugin
2023-12-31 15:21:51,320 [INFO] IPUIPlugin:80 - create IPUIPlugin
2023-12-31 15:21:51,320 [INFO] IPUIPlugin:80 - create IPUIPlugin
2023-12-31 15:21:51,320 [INFO] IPUIPlugin:80 - create IPUIPlugin
2023-12-31 15:21:51,320 [INFO] IPUIPlugin:80 - create IPUIPlugin
2023-12-31 15:21:51,320 [INFO] IPUIPlugin:80 - create IPUIPlugin
2023-12-31 15:21:51,320 [INFO] IPUIPlugin:80 - create IPUIPlugin
2023-12-31 15:21:51,357 [INFO] CADModel:165 - CPN selected for project levelSTM32F042F4P6
2023-12-31 15:21:51,357 [INFO] CADModel:114 - Register for checkConnection events
2023-12-31 15:21:51,413 [INFO] OpenFileManager:343 - Restore cursor
2023-12-31 15:22:15,403 [INFO] NvicIntPanel:101 - NVIC parent = com.st.microxplorer.plugins.ip.nvic.MultiNvicIntPanel[,0,0,0x0,invalid,layout=javax.swing.BoxLayout,alignmentX=0.0,alignmentY=0.0,border=,flags=9,maximumSize=,minimumSize=,preferredSize=]
2023-12-31 15:22:18,702 [INFO] UtilMem:75 - End SaveConfig() Used Memory: 619747512 Bytes (982515712)
2023-12-31 15:22:19,132 [INFO] UtilMem:75 - End SaveConfig() Used Memory: 672211704 Bytes (982515712)
2023-12-31 15:22:19,245 [INFO] BlockDiagram:2759 - set Specific Code input for plugin: ADC
2023-12-31 15:22:19,245 [INFO] BlockDiagram:2759 - set Specific Code input for plugin: NVIC
2023-12-31 15:22:19,245 [INFO] BlockDiagram:2759 - set Specific Code input for plugin: DMA
2023-12-31 15:22:19,245 [INFO] BlockDiagram:2759 - set Specific Code input for plugin: SYS
2023-12-31 15:22:19,245 [INFO] BlockDiagram:2759 - set Specific Code input for plugin: GPIO
2023-12-31 15:22:19,245 [INFO] BlockDiagram:2759 - set Specific Code input for plugin: RCC
2023-12-31 15:22:19,246 [INFO] CodeGenerator:807 - code generatio: config db path: C:\ST\STM32CubeIDE_1.13.2\STM32CubeIDE\plugins\com.st.stm32cube.common.mx_6.10.0.202311202037\\db\
2023-12-31 15:22:19,248 [INFO] Argument:325 - Argument : hdmavalue: null
2023-12-31 15:22:19,248 [INFO] Argument:327 - 	 sub Args: 
2023-12-31 15:22:19,248 [INFO] Argument:325 - Argument : Instancevalue: DMA1_Channel1
2023-12-31 15:22:19,248 [INFO] Argument:335 - Argument : Instancevalue: DMA1_Channel1
2023-12-31 15:22:19,248 [INFO] Argument:325 - Argument : Initvalue: null
2023-12-31 15:22:19,248 [INFO] Argument:327 - 	 sub Args: 
2023-12-31 15:22:19,248 [INFO] Argument:325 - Argument : Directionvalue: DMA_PERIPH_TO_MEMORY
2023-12-31 15:22:19,248 [INFO] Argument:335 - Argument : Directionvalue: DMA_PERIPH_TO_MEMORY
2023-12-31 15:22:19,248 [INFO] Argument:325 - Argument : PeriphIncvalue: DMA_PINC_DISABLE
2023-12-31 15:22:19,248 [INFO] Argument:335 - Argument : PeriphIncvalue: DMA_PINC_DISABLE
2023-12-31 15:22:19,248 [INFO] Argument:325 - Argument : MemIncvalue: DMA_MINC_ENABLE
2023-12-31 15:22:19,248 [INFO] Argument:335 - Argument : MemIncvalue: DMA_MINC_ENABLE
2023-12-31 15:22:19,248 [INFO] Argument:325 - Argument : PeriphDataAlignmentvalue: DMA_PDATAALIGN_HALFWORD
2023-12-31 15:22:19,248 [INFO] Argument:335 - Argument : PeriphDataAlignmentvalue: DMA_PDATAALIGN_HALFWORD
2023-12-31 15:22:19,248 [INFO] Argument:325 - Argument : MemDataAlignmentvalue: DMA_MDATAALIGN_HALFWORD
2023-12-31 15:22:19,248 [INFO] Argument:335 - Argument : MemDataAlignmentvalue: DMA_MDATAALIGN_HALFWORD
2023-12-31 15:22:19,248 [INFO] Argument:325 - Argument : Modevalue: DMA_CIRCULAR
2023-12-31 15:22:19,248 [INFO] Argument:335 - Argument : Modevalue: DMA_CIRCULAR
2023-12-31 15:22:19,248 [INFO] Argument:325 - Argument : Priorityvalue: DMA_PRIORITY_HIGH
2023-12-31 15:22:19,248 [INFO] Argument:335 - Argument : Priorityvalue: DMA_PRIORITY_HIGH
2023-12-31 15:22:19,248 [INFO] Argument:325 - Argument : Lockvalue: null
2023-12-31 15:22:19,248 [INFO] Argument:335 - Argument : Lockvalue: null
2023-12-31 15:22:19,248 [INFO] Argument:325 - Argument : Statevalue: null
2023-12-31 15:22:19,248 [INFO] Argument:335 - Argument : Statevalue: null
2023-12-31 15:22:19,248 [INFO] Argument:325 - Argument : Parentvalue: null
2023-12-31 15:22:19,248 [INFO] Argument:335 - Argument : Parentvalue: null
2023-12-31 15:22:19,248 [INFO] Argument:325 - Argument : XferCpltCallbackvalue: null
2023-12-31 15:22:19,248 [INFO] Argument:335 - Argument : XferCpltCallbackvalue: null
2023-12-31 15:22:19,248 [INFO] Argument:325 - Argument : XferHalfCpltCallbackvalue: null
2023-12-31 15:22:19,248 [INFO] Argument:335 - Argument : XferHalfCpltCallbackvalue: null
2023-12-31 15:22:19,248 [INFO] Argument:325 - Argument : XferErrorCallbackvalue: null
2023-12-31 15:22:19,248 [INFO] Argument:335 - Argument : XferErrorCallbackvalue: null
2023-12-31 15:22:19,248 [INFO] Argument:325 - Argument : ErrorCodevalue: null
2023-12-31 15:22:19,248 [INFO] Argument:335 - Argument : ErrorCodevalue: null
2023-12-31 15:22:19,248 [INFO] Argument:325 - Argument : DMA_Remapvalue: null
2023-12-31 15:22:19,248 [INFO] Argument:335 - Argument : DMA_Remapvalue: null
2023-12-31 15:22:19,325 [INFO] CodeEngine:255 - oldGeneratedFile, C:\Users\aleja\OneDrive\Escritorio\gettingStartedSTM\testingADC\MXTmpFiles\license.tmp_save
2023-12-31 15:22:19,553 [INFO] CodeEngine:279 - Generated code: C:\Users\aleja\OneDrive\Escritorio\gettingStartedSTM\testingADC\MXTmpFiles\license.tmp
2023-12-31 15:22:19,587 [INFO] CodeEngine:255 - oldGeneratedFile, C:\Users\aleja\OneDrive\Escritorio\gettingStartedSTM\testingADC\MXTmpFiles\gpio.tmp_save
2023-12-31 15:22:19,685 [INFO] CodeEngine:279 - Generated code: C:\Users\aleja\OneDrive\Escritorio\gettingStartedSTM\testingADC\MXTmpFiles\gpio.tmp
2023-12-31 15:22:19,738 [INFO] CodeEngine:255 - oldGeneratedFile, C:\Users\aleja\OneDrive\Escritorio\gettingStartedSTM\testingADC\MXTmpFiles\dma.tmp_save
2023-12-31 15:22:19,826 [INFO] CodeEngine:279 - Generated code: C:\Users\aleja\OneDrive\Escritorio\gettingStartedSTM\testingADC\MXTmpFiles\dma.tmp
2023-12-31 15:22:19,831 [INFO] CodeEngine:255 - oldGeneratedFile, C:\Users\aleja\OneDrive\Escritorio\gettingStartedSTM\testingADC\MXTmpFiles\dma_GV.tmp_save
2023-12-31 15:22:19,886 [INFO] CodeEngine:279 - Generated code: C:\Users\aleja\OneDrive\Escritorio\gettingStartedSTM\testingADC\MXTmpFiles\dma_GV.tmp
2023-12-31 15:22:19,909 [INFO] CodeEngine:255 - oldGeneratedFile, C:\Users\aleja\OneDrive\Escritorio\gettingStartedSTM\testingADC\Core\Src\stm32f0xx_it.c_save
2023-12-31 15:22:20,006 [INFO] CodeEngine:279 - Generated code: C:\Users\aleja\OneDrive\Escritorio\gettingStartedSTM\testingADC\Core\Src\stm32f0xx_it.c
2023-12-31 15:22:20,011 [INFO] CodeEngine:255 - oldGeneratedFile, C:\Users\aleja\OneDrive\Escritorio\gettingStartedSTM\testingADC\Core\Inc\stm32f0xx_it.h_save
2023-12-31 15:22:20,060 [INFO] CodeEngine:279 - Generated code: C:\Users\aleja\OneDrive\Escritorio\gettingStartedSTM\testingADC\Core\Inc\stm32f0xx_it.h
2023-12-31 15:22:20,086 [INFO] CodeEngine:255 - oldGeneratedFile, C:\Users\aleja\OneDrive\Escritorio\gettingStartedSTM\testingADC\Core\Src\stm32f0xx_hal_msp.c_save
2023-12-31 15:22:20,173 [INFO] CodeEngine:279 - Generated code: C:\Users\aleja\OneDrive\Escritorio\gettingStartedSTM\testingADC\Core\Src\stm32f0xx_hal_msp.c
2023-12-31 15:22:20,176 [INFO] CodeEngine:255 - oldGeneratedFile, C:\Users\aleja\OneDrive\Escritorio\gettingStartedSTM\testingADC\MXTmpFiles\system.tmp_save
2023-12-31 15:22:20,217 [INFO] CodeEngine:279 - Generated code: C:\Users\aleja\OneDrive\Escritorio\gettingStartedSTM\testingADC\MXTmpFiles\system.tmp
2023-12-31 15:22:20,243 [INFO] CodeEngine:311 - oldGeneratedFile, C:\Users\aleja\OneDrive\Escritorio\gettingStartedSTM\testingADC\Core\Inc\stm32f0xx_hal_conf.h_save
2023-12-31 15:22:20,383 [INFO] CodeEngine:335 - Generated code: C:\Users\aleja\OneDrive\Escritorio\gettingStartedSTM\testingADC\Core\Inc\stm32f0xx_hal_conf.h
2023-12-31 15:22:20,461 [INFO] CodeEngine:255 - oldGeneratedFile, C:\Users\aleja\OneDrive\Escritorio\gettingStartedSTM\testingADC\Core\Inc\main.h_save
2023-12-31 15:22:20,573 [INFO] CodeEngine:279 - Generated code: C:\Users\aleja\OneDrive\Escritorio\gettingStartedSTM\testingADC\Core\Inc\main.h
2023-12-31 15:22:20,590 [INFO] CodeEngine:255 - oldGeneratedFile, C:\Users\aleja\OneDrive\Escritorio\gettingStartedSTM\testingADC\Core\Src\main.c_save
2023-12-31 15:22:20,725 [INFO] CodeEngine:279 - Generated code: C:\Users\aleja\OneDrive\Escritorio\gettingStartedSTM\testingADC\Core\Src\main.c
2023-12-31 15:22:21,186 [INFO] ProjectBuilder:3076 - Time for Copy HAL[1] : 125mS.
2023-12-31 15:22:21,201 [INFO] ProjectBuilder:4485 - Project Generator version: 4.2.0-B44
2023-12-31 15:22:21,329 [INFO] ConfigFileManager:1495 - The Die is : DIE445
2023-12-31 15:22:21,330 [INFO] ApiDbMcu:508 - Load IP Config File for FATFS
2023-12-31 15:22:21,332 [INFO] ApiDbMcu:508 - Load IP Config File for FREERTOS
2023-12-31 15:22:21,340 [INFO] ApiDbMcu:508 - Load IP Config File for TOUCHSENSING
2023-12-31 15:22:21,343 [INFO] ApiDbMcu:508 - Load IP Config File for USB_DEVICE
2023-12-31 15:22:22,472 [INFO] ProjectBuilder:4747 - Time for Generating toolchain IDE Files: 1271mS.
2023-12-31 15:22:22,473 [INFO] ProjectBuilder:2947 - Time for Copy CMSIS : 0mS.
2023-12-31 15:22:22,475 [INFO] ProjectBuilder:2947 - Time for Copy CMSIS : 0mS.
2023-12-31 15:27:26,982 [INFO] NvicIntPanel:101 - NVIC parent = com.st.microxplorer.plugins.ip.nvic.MultiNvicIntPanel[,0,0,0x0,invalid,layout=javax.swing.BoxLayout,alignmentX=0.0,alignmentY=0.0,border=,flags=9,maximumSize=,minimumSize=,preferredSize=]
2023-12-31 15:27:35,905 [INFO] UtilMem:75 - End SaveConfig() Used Memory: 437705112 Bytes (1021313024)
2023-12-31 15:27:36,341 [INFO] UtilMem:75 - End SaveConfig() Used Memory: 486465944 Bytes (1021313024)
2023-12-31 15:27:36,461 [INFO] BlockDiagram:2759 - set Specific Code input for plugin: ADC
2023-12-31 15:27:36,461 [INFO] BlockDiagram:2759 - set Specific Code input for plugin: NVIC
2023-12-31 15:27:36,461 [INFO] BlockDiagram:2759 - set Specific Code input for plugin: DMA
2023-12-31 15:27:36,461 [INFO] BlockDiagram:2759 - set Specific Code input for plugin: SYS
2023-12-31 15:27:36,461 [INFO] BlockDiagram:2759 - set Specific Code input for plugin: GPIO
2023-12-31 15:27:36,461 [INFO] BlockDiagram:2759 - set Specific Code input for plugin: RCC
2023-12-31 15:27:36,462 [INFO] CodeGenerator:807 - code generatio: config db path: C:\ST\STM32CubeIDE_1.13.2\STM32CubeIDE\plugins\com.st.stm32cube.common.mx_6.10.0.202311202037\\db\
2023-12-31 15:27:36,464 [INFO] Argument:325 - Argument : hdmavalue: null
2023-12-31 15:27:36,464 [INFO] Argument:327 - 	 sub Args: 
2023-12-31 15:27:36,464 [INFO] Argument:325 - Argument : Instancevalue: DMA1_Channel1
2023-12-31 15:27:36,464 [INFO] Argument:335 - Argument : Instancevalue: DMA1_Channel1
2023-12-31 15:27:36,464 [INFO] Argument:325 - Argument : Initvalue: null
2023-12-31 15:27:36,464 [INFO] Argument:327 - 	 sub Args: 
2023-12-31 15:27:36,464 [INFO] Argument:325 - Argument : Directionvalue: DMA_PERIPH_TO_MEMORY
2023-12-31 15:27:36,464 [INFO] Argument:335 - Argument : Directionvalue: DMA_PERIPH_TO_MEMORY
2023-12-31 15:27:36,464 [INFO] Argument:325 - Argument : PeriphIncvalue: DMA_PINC_DISABLE
2023-12-31 15:27:36,464 [INFO] Argument:335 - Argument : PeriphIncvalue: DMA_PINC_DISABLE
2023-12-31 15:27:36,464 [INFO] Argument:325 - Argument : MemIncvalue: DMA_MINC_ENABLE
2023-12-31 15:27:36,464 [INFO] Argument:335 - Argument : MemIncvalue: DMA_MINC_ENABLE
2023-12-31 15:27:36,464 [INFO] Argument:325 - Argument : PeriphDataAlignmentvalue: DMA_PDATAALIGN_HALFWORD
2023-12-31 15:27:36,464 [INFO] Argument:335 - Argument : PeriphDataAlignmentvalue: DMA_PDATAALIGN_HALFWORD
2023-12-31 15:27:36,464 [INFO] Argument:325 - Argument : MemDataAlignmentvalue: DMA_MDATAALIGN_HALFWORD
2023-12-31 15:27:36,464 [INFO] Argument:335 - Argument : MemDataAlignmentvalue: DMA_MDATAALIGN_HALFWORD
2023-12-31 15:27:36,464 [INFO] Argument:325 - Argument : Modevalue: DMA_CIRCULAR
2023-12-31 15:27:36,464 [INFO] Argument:335 - Argument : Modevalue: DMA_CIRCULAR
2023-12-31 15:27:36,464 [INFO] Argument:325 - Argument : Priorityvalue: DMA_PRIORITY_HIGH
2023-12-31 15:27:36,464 [INFO] Argument:335 - Argument : Priorityvalue: DMA_PRIORITY_HIGH
2023-12-31 15:27:36,464 [INFO] Argument:325 - Argument : Lockvalue: null
2023-12-31 15:27:36,464 [INFO] Argument:335 - Argument : Lockvalue: null
2023-12-31 15:27:36,464 [INFO] Argument:325 - Argument : Statevalue: null
2023-12-31 15:27:36,464 [INFO] Argument:335 - Argument : Statevalue: null
2023-12-31 15:27:36,464 [INFO] Argument:325 - Argument : Parentvalue: null
2023-12-31 15:27:36,464 [INFO] Argument:335 - Argument : Parentvalue: null
2023-12-31 15:27:36,464 [INFO] Argument:325 - Argument : XferCpltCallbackvalue: null
2023-12-31 15:27:36,464 [INFO] Argument:335 - Argument : XferCpltCallbackvalue: null
2023-12-31 15:27:36,464 [INFO] Argument:325 - Argument : XferHalfCpltCallbackvalue: null
2023-12-31 15:27:36,464 [INFO] Argument:335 - Argument : XferHalfCpltCallbackvalue: null
2023-12-31 15:27:36,464 [INFO] Argument:325 - Argument : XferErrorCallbackvalue: null
2023-12-31 15:27:36,464 [INFO] Argument:335 - Argument : XferErrorCallbackvalue: null
2023-12-31 15:27:36,464 [INFO] Argument:325 - Argument : ErrorCodevalue: null
2023-12-31 15:27:36,464 [INFO] Argument:335 - Argument : ErrorCodevalue: null
2023-12-31 15:27:36,464 [INFO] Argument:325 - Argument : DMA_Remapvalue: null
2023-12-31 15:27:36,464 [INFO] Argument:335 - Argument : DMA_Remapvalue: null
2023-12-31 15:27:36,544 [INFO] CodeEngine:255 - oldGeneratedFile, C:\Users\aleja\OneDrive\Escritorio\gettingStartedSTM\testingADC\MXTmpFiles\license.tmp_save
2023-12-31 15:27:36,684 [INFO] CodeEngine:279 - Generated code: C:\Users\aleja\OneDrive\Escritorio\gettingStartedSTM\testingADC\MXTmpFiles\license.tmp
2023-12-31 15:27:36,708 [INFO] CodeEngine:255 - oldGeneratedFile, C:\Users\aleja\OneDrive\Escritorio\gettingStartedSTM\testingADC\MXTmpFiles\gpio.tmp_save
2023-12-31 15:27:36,823 [INFO] CodeEngine:279 - Generated code: C:\Users\aleja\OneDrive\Escritorio\gettingStartedSTM\testingADC\MXTmpFiles\gpio.tmp
2023-12-31 15:27:36,878 [INFO] CodeEngine:255 - oldGeneratedFile, C:\Users\aleja\OneDrive\Escritorio\gettingStartedSTM\testingADC\MXTmpFiles\dma.tmp_save
2023-12-31 15:27:37,013 [INFO] CodeEngine:279 - Generated code: C:\Users\aleja\OneDrive\Escritorio\gettingStartedSTM\testingADC\MXTmpFiles\dma.tmp
2023-12-31 15:27:37,025 [INFO] CodeEngine:255 - oldGeneratedFile, C:\Users\aleja\OneDrive\Escritorio\gettingStartedSTM\testingADC\MXTmpFiles\dma_GV.tmp_save
2023-12-31 15:27:37,113 [INFO] CodeEngine:279 - Generated code: C:\Users\aleja\OneDrive\Escritorio\gettingStartedSTM\testingADC\MXTmpFiles\dma_GV.tmp
2023-12-31 15:27:37,153 [INFO] CodeEngine:255 - oldGeneratedFile, C:\Users\aleja\OneDrive\Escritorio\gettingStartedSTM\testingADC\Core\Src\stm32f0xx_it.c_save
2023-12-31 15:27:37,292 [INFO] CodeEngine:279 - Generated code: C:\Users\aleja\OneDrive\Escritorio\gettingStartedSTM\testingADC\Core\Src\stm32f0xx_it.c
2023-12-31 15:27:37,305 [INFO] CodeEngine:255 - oldGeneratedFile, C:\Users\aleja\OneDrive\Escritorio\gettingStartedSTM\testingADC\Core\Inc\stm32f0xx_it.h_save
2023-12-31 15:27:37,389 [INFO] CodeEngine:279 - Generated code: C:\Users\aleja\OneDrive\Escritorio\gettingStartedSTM\testingADC\Core\Inc\stm32f0xx_it.h
2023-12-31 15:27:37,428 [INFO] CodeEngine:255 - oldGeneratedFile, C:\Users\aleja\OneDrive\Escritorio\gettingStartedSTM\testingADC\Core\Src\stm32f0xx_hal_msp.c_save
2023-12-31 15:27:37,572 [INFO] CodeEngine:279 - Generated code: C:\Users\aleja\OneDrive\Escritorio\gettingStartedSTM\testingADC\Core\Src\stm32f0xx_hal_msp.c
2023-12-31 15:27:37,583 [INFO] CodeEngine:255 - oldGeneratedFile, C:\Users\aleja\OneDrive\Escritorio\gettingStartedSTM\testingADC\MXTmpFiles\system.tmp_save
2023-12-31 15:27:37,648 [INFO] CodeEngine:279 - Generated code: C:\Users\aleja\OneDrive\Escritorio\gettingStartedSTM\testingADC\MXTmpFiles\system.tmp
2023-12-31 15:27:37,680 [INFO] CodeEngine:311 - oldGeneratedFile, C:\Users\aleja\OneDrive\Escritorio\gettingStartedSTM\testingADC\Core\Inc\stm32f0xx_hal_conf.h_save
2023-12-31 15:27:37,830 [INFO] CodeEngine:335 - Generated code: C:\Users\aleja\OneDrive\Escritorio\gettingStartedSTM\testingADC\Core\Inc\stm32f0xx_hal_conf.h
2023-12-31 15:27:37,892 [INFO] CodeEngine:255 - oldGeneratedFile, C:\Users\aleja\OneDrive\Escritorio\gettingStartedSTM\testingADC\Core\Inc\main.h_save
2023-12-31 15:27:37,982 [INFO] CodeEngine:279 - Generated code: C:\Users\aleja\OneDrive\Escritorio\gettingStartedSTM\testingADC\Core\Inc\main.h
2023-12-31 15:27:38,007 [INFO] CodeEngine:255 - oldGeneratedFile, C:\Users\aleja\OneDrive\Escritorio\gettingStartedSTM\testingADC\Core\Src\main.c_save
2023-12-31 15:27:38,095 [INFO] CodeEngine:279 - Generated code: C:\Users\aleja\OneDrive\Escritorio\gettingStartedSTM\testingADC\Core\Src\main.c
2023-12-31 15:27:38,547 [INFO] ProjectBuilder:3076 - Time for Copy HAL[1] : 112mS.
2023-12-31 15:27:38,563 [INFO] ProjectBuilder:4485 - Project Generator version: 4.2.0-B44
2023-12-31 15:27:38,688 [INFO] ConfigFileManager:1495 - The Die is : DIE445
2023-12-31 15:27:39,762 [INFO] ProjectBuilder:4747 - Time for Generating toolchain IDE Files: 1199mS.
2023-12-31 15:27:39,764 [INFO] ProjectBuilder:2947 - Time for Copy CMSIS : 0mS.
2023-12-31 15:27:39,767 [INFO] ProjectBuilder:2947 - Time for Copy CMSIS : 0mS.
2023-12-31 15:32:43,304 [INFO] NvicIntPanel:101 - NVIC parent = com.st.microxplorer.plugins.ip.nvic.MultiNvicIntPanel[,0,0,0x0,invalid,layout=javax.swing.BoxLayout,alignmentX=0.0,alignmentY=0.0,border=,flags=9,maximumSize=,minimumSize=,preferredSize=]
2023-12-31 15:33:10,138 [INFO] UtilMem:75 - End SaveConfig() Used Memory: 472758048 Bytes (964689920)
2023-12-31 15:33:10,536 [INFO] UtilMem:75 - End SaveConfig() Used Memory: 521756328 Bytes (964689920)
2023-12-31 15:33:10,656 [INFO] BlockDiagram:2759 - set Specific Code input for plugin: ADC
2023-12-31 15:33:10,656 [INFO] BlockDiagram:2759 - set Specific Code input for plugin: NVIC
2023-12-31 15:33:10,656 [INFO] BlockDiagram:2759 - set Specific Code input for plugin: DMA
2023-12-31 15:33:10,656 [INFO] BlockDiagram:2759 - set Specific Code input for plugin: SYS
2023-12-31 15:33:10,656 [INFO] BlockDiagram:2759 - set Specific Code input for plugin: GPIO
2023-12-31 15:33:10,656 [INFO] BlockDiagram:2759 - set Specific Code input for plugin: RCC
2023-12-31 15:33:10,657 [INFO] CodeGenerator:807 - code generatio: config db path: C:\ST\STM32CubeIDE_1.13.2\STM32CubeIDE\plugins\com.st.stm32cube.common.mx_6.10.0.202311202037\\db\
2023-12-31 15:33:10,659 [INFO] Argument:325 - Argument : hdmavalue: null
2023-12-31 15:33:10,659 [INFO] Argument:327 - 	 sub Args: 
2023-12-31 15:33:10,659 [INFO] Argument:325 - Argument : Instancevalue: DMA1_Channel1
2023-12-31 15:33:10,659 [INFO] Argument:335 - Argument : Instancevalue: DMA1_Channel1
2023-12-31 15:33:10,659 [INFO] Argument:325 - Argument : Initvalue: null
2023-12-31 15:33:10,659 [INFO] Argument:327 - 	 sub Args: 
2023-12-31 15:33:10,659 [INFO] Argument:325 - Argument : Directionvalue: DMA_PERIPH_TO_MEMORY
2023-12-31 15:33:10,659 [INFO] Argument:335 - Argument : Directionvalue: DMA_PERIPH_TO_MEMORY
2023-12-31 15:33:10,659 [INFO] Argument:325 - Argument : PeriphIncvalue: DMA_PINC_DISABLE
2023-12-31 15:33:10,659 [INFO] Argument:335 - Argument : PeriphIncvalue: DMA_PINC_DISABLE
2023-12-31 15:33:10,659 [INFO] Argument:325 - Argument : MemIncvalue: DMA_MINC_ENABLE
2023-12-31 15:33:10,659 [INFO] Argument:335 - Argument : MemIncvalue: DMA_MINC_ENABLE
2023-12-31 15:33:10,659 [INFO] Argument:325 - Argument : PeriphDataAlignmentvalue: DMA_PDATAALIGN_HALFWORD
2023-12-31 15:33:10,659 [INFO] Argument:335 - Argument : PeriphDataAlignmentvalue: DMA_PDATAALIGN_HALFWORD
2023-12-31 15:33:10,659 [INFO] Argument:325 - Argument : MemDataAlignmentvalue: DMA_MDATAALIGN_HALFWORD
2023-12-31 15:33:10,659 [INFO] Argument:335 - Argument : MemDataAlignmentvalue: DMA_MDATAALIGN_HALFWORD
2023-12-31 15:33:10,659 [INFO] Argument:325 - Argument : Modevalue: DMA_CIRCULAR
2023-12-31 15:33:10,659 [INFO] Argument:335 - Argument : Modevalue: DMA_CIRCULAR
2023-12-31 15:33:10,659 [INFO] Argument:325 - Argument : Priorityvalue: DMA_PRIORITY_HIGH
2023-12-31 15:33:10,659 [INFO] Argument:335 - Argument : Priorityvalue: DMA_PRIORITY_HIGH
2023-12-31 15:33:10,659 [INFO] Argument:325 - Argument : Lockvalue: null
2023-12-31 15:33:10,659 [INFO] Argument:335 - Argument : Lockvalue: null
2023-12-31 15:33:10,659 [INFO] Argument:325 - Argument : Statevalue: null
2023-12-31 15:33:10,660 [INFO] Argument:335 - Argument : Statevalue: null
2023-12-31 15:33:10,660 [INFO] Argument:325 - Argument : Parentvalue: null
2023-12-31 15:33:10,660 [INFO] Argument:335 - Argument : Parentvalue: null
2023-12-31 15:33:10,660 [INFO] Argument:325 - Argument : XferCpltCallbackvalue: null
2023-12-31 15:33:10,660 [INFO] Argument:335 - Argument : XferCpltCallbackvalue: null
2023-12-31 15:33:10,660 [INFO] Argument:325 - Argument : XferHalfCpltCallbackvalue: null
2023-12-31 15:33:10,660 [INFO] Argument:335 - Argument : XferHalfCpltCallbackvalue: null
2023-12-31 15:33:10,660 [INFO] Argument:325 - Argument : XferErrorCallbackvalue: null
2023-12-31 15:33:10,660 [INFO] Argument:335 - Argument : XferErrorCallbackvalue: null
2023-12-31 15:33:10,660 [INFO] Argument:325 - Argument : ErrorCodevalue: null
2023-12-31 15:33:10,660 [INFO] Argument:335 - Argument : ErrorCodevalue: null
2023-12-31 15:33:10,660 [INFO] Argument:325 - Argument : DMA_Remapvalue: null
2023-12-31 15:33:10,660 [INFO] Argument:335 - Argument : DMA_Remapvalue: null
2023-12-31 15:33:10,740 [INFO] CodeEngine:255 - oldGeneratedFile, C:\Users\aleja\OneDrive\Escritorio\gettingStartedSTM\testingADC\MXTmpFiles\license.tmp_save
2023-12-31 15:33:10,906 [INFO] CodeEngine:279 - Generated code: C:\Users\aleja\OneDrive\Escritorio\gettingStartedSTM\testingADC\MXTmpFiles\license.tmp
2023-12-31 15:33:10,929 [INFO] CodeEngine:255 - oldGeneratedFile, C:\Users\aleja\OneDrive\Escritorio\gettingStartedSTM\testingADC\MXTmpFiles\gpio.tmp_save
2023-12-31 15:33:11,047 [INFO] CodeEngine:279 - Generated code: C:\Users\aleja\OneDrive\Escritorio\gettingStartedSTM\testingADC\MXTmpFiles\gpio.tmp
2023-12-31 15:33:11,099 [INFO] CodeEngine:255 - oldGeneratedFile, C:\Users\aleja\OneDrive\Escritorio\gettingStartedSTM\testingADC\MXTmpFiles\dma.tmp_save
2023-12-31 15:33:11,198 [INFO] CodeEngine:279 - Generated code: C:\Users\aleja\OneDrive\Escritorio\gettingStartedSTM\testingADC\MXTmpFiles\dma.tmp
2023-12-31 15:33:11,201 [INFO] CodeEngine:255 - oldGeneratedFile, C:\Users\aleja\OneDrive\Escritorio\gettingStartedSTM\testingADC\MXTmpFiles\dma_GV.tmp_save
2023-12-31 15:33:11,254 [INFO] CodeEngine:279 - Generated code: C:\Users\aleja\OneDrive\Escritorio\gettingStartedSTM\testingADC\MXTmpFiles\dma_GV.tmp
2023-12-31 15:33:11,279 [INFO] CodeEngine:255 - oldGeneratedFile, C:\Users\aleja\OneDrive\Escritorio\gettingStartedSTM\testingADC\Core\Src\stm32f0xx_it.c_save
2023-12-31 15:33:11,351 [INFO] CodeEngine:279 - Generated code: C:\Users\aleja\OneDrive\Escritorio\gettingStartedSTM\testingADC\Core\Src\stm32f0xx_it.c
2023-12-31 15:33:11,351 [INFO] CodeEngine:255 - oldGeneratedFile, C:\Users\aleja\OneDrive\Escritorio\gettingStartedSTM\testingADC\Core\Inc\stm32f0xx_it.h_save
2023-12-31 15:33:11,429 [INFO] CodeEngine:279 - Generated code: C:\Users\aleja\OneDrive\Escritorio\gettingStartedSTM\testingADC\Core\Inc\stm32f0xx_it.h
2023-12-31 15:33:11,445 [INFO] CodeEngine:255 - oldGeneratedFile, C:\Users\aleja\OneDrive\Escritorio\gettingStartedSTM\testingADC\Core\Src\stm32f0xx_hal_msp.c_save
2023-12-31 15:33:11,570 [INFO] CodeEngine:279 - Generated code: C:\Users\aleja\OneDrive\Escritorio\gettingStartedSTM\testingADC\Core\Src\stm32f0xx_hal_msp.c
2023-12-31 15:33:11,570 [INFO] CodeEngine:255 - oldGeneratedFile, C:\Users\aleja\OneDrive\Escritorio\gettingStartedSTM\testingADC\MXTmpFiles\system.tmp_save
2023-12-31 15:33:11,632 [INFO] CodeEngine:279 - Generated code: C:\Users\aleja\OneDrive\Escritorio\gettingStartedSTM\testingADC\MXTmpFiles\system.tmp
2023-12-31 15:33:11,679 [INFO] CodeEngine:311 - oldGeneratedFile, C:\Users\aleja\OneDrive\Escritorio\gettingStartedSTM\testingADC\Core\Inc\stm32f0xx_hal_conf.h_save
2023-12-31 15:33:11,820 [INFO] CodeEngine:335 - Generated code: C:\Users\aleja\OneDrive\Escritorio\gettingStartedSTM\testingADC\Core\Inc\stm32f0xx_hal_conf.h
2023-12-31 15:33:11,898 [INFO] CodeEngine:255 - oldGeneratedFile, C:\Users\aleja\OneDrive\Escritorio\gettingStartedSTM\testingADC\Core\Inc\main.h_save
2023-12-31 15:33:12,023 [INFO] CodeEngine:279 - Generated code: C:\Users\aleja\OneDrive\Escritorio\gettingStartedSTM\testingADC\Core\Inc\main.h
2023-12-31 15:33:12,070 [INFO] CodeEngine:255 - oldGeneratedFile, C:\Users\aleja\OneDrive\Escritorio\gettingStartedSTM\testingADC\Core\Src\main.c_save
2023-12-31 15:33:12,211 [INFO] CodeEngine:279 - Generated code: C:\Users\aleja\OneDrive\Escritorio\gettingStartedSTM\testingADC\Core\Src\main.c
2023-12-31 15:33:12,652 [INFO] ProjectBuilder:3076 - Time for Copy HAL[1] : 112mS.
2023-12-31 15:33:12,654 [INFO] ProjectBuilder:4485 - Project Generator version: 4.2.0-B44
2023-12-31 15:33:12,779 [INFO] ConfigFileManager:1495 - The Die is : DIE445
2023-12-31 15:33:13,806 [INFO] ProjectBuilder:4747 - Time for Generating toolchain IDE Files: 1152mS.
2023-12-31 15:33:13,807 [INFO] ProjectBuilder:2947 - Time for Copy CMSIS : 1mS.
2023-12-31 15:33:13,811 [INFO] ProjectBuilder:2947 - Time for Copy CMSIS : 0mS.
2023-12-31 15:33:18,414 [INFO] Gpio:277 - dependency for GPIO [ADC, RCC, SYS]
2023-12-31 15:33:24,982 [INFO] UtilMem:75 - End SaveConfig() Used Memory: 471390736 Bytes (1008730112)
2023-12-31 15:33:25,368 [INFO] UtilMem:75 - End SaveConfig() Used Memory: 494465576 Bytes (1008730112)
2023-12-31 15:33:25,488 [INFO] BlockDiagram:2759 - set Specific Code input for plugin: ADC
2023-12-31 15:33:25,488 [INFO] BlockDiagram:2759 - set Specific Code input for plugin: NVIC
2023-12-31 15:33:25,488 [INFO] BlockDiagram:2759 - set Specific Code input for plugin: DMA
2023-12-31 15:33:25,488 [INFO] BlockDiagram:2759 - set Specific Code input for plugin: SYS
2023-12-31 15:33:25,488 [INFO] BlockDiagram:2759 - set Specific Code input for plugin: GPIO
2023-12-31 15:33:25,488 [INFO] BlockDiagram:2759 - set Specific Code input for plugin: RCC
2023-12-31 15:33:25,488 [INFO] CodeGenerator:807 - code generatio: config db path: C:\ST\STM32CubeIDE_1.13.2\STM32CubeIDE\plugins\com.st.stm32cube.common.mx_6.10.0.202311202037\\db\
2023-12-31 15:33:25,489 [INFO] Argument:325 - Argument : hdmavalue: null
2023-12-31 15:33:25,490 [INFO] Argument:327 - 	 sub Args: 
2023-12-31 15:33:25,490 [INFO] Argument:325 - Argument : Instancevalue: DMA1_Channel1
2023-12-31 15:33:25,490 [INFO] Argument:335 - Argument : Instancevalue: DMA1_Channel1
2023-12-31 15:33:25,490 [INFO] Argument:325 - Argument : Initvalue: null
2023-12-31 15:33:25,490 [INFO] Argument:327 - 	 sub Args: 
2023-12-31 15:33:25,490 [INFO] Argument:325 - Argument : Directionvalue: DMA_PERIPH_TO_MEMORY
2023-12-31 15:33:25,490 [INFO] Argument:335 - Argument : Directionvalue: DMA_PERIPH_TO_MEMORY
2023-12-31 15:33:25,490 [INFO] Argument:325 - Argument : PeriphIncvalue: DMA_PINC_DISABLE
2023-12-31 15:33:25,490 [INFO] Argument:335 - Argument : PeriphIncvalue: DMA_PINC_DISABLE
2023-12-31 15:33:25,490 [INFO] Argument:325 - Argument : MemIncvalue: DMA_MINC_ENABLE
2023-12-31 15:33:25,490 [INFO] Argument:335 - Argument : MemIncvalue: DMA_MINC_ENABLE
2023-12-31 15:33:25,490 [INFO] Argument:325 - Argument : PeriphDataAlignmentvalue: DMA_PDATAALIGN_HALFWORD
2023-12-31 15:33:25,490 [INFO] Argument:335 - Argument : PeriphDataAlignmentvalue: DMA_PDATAALIGN_HALFWORD
2023-12-31 15:33:25,490 [INFO] Argument:325 - Argument : MemDataAlignmentvalue: DMA_MDATAALIGN_HALFWORD
2023-12-31 15:33:25,490 [INFO] Argument:335 - Argument : MemDataAlignmentvalue: DMA_MDATAALIGN_HALFWORD
2023-12-31 15:33:25,490 [INFO] Argument:325 - Argument : Modevalue: DMA_CIRCULAR
2023-12-31 15:33:25,490 [INFO] Argument:335 - Argument : Modevalue: DMA_CIRCULAR
2023-12-31 15:33:25,490 [INFO] Argument:325 - Argument : Priorityvalue: DMA_PRIORITY_HIGH
2023-12-31 15:33:25,490 [INFO] Argument:335 - Argument : Priorityvalue: DMA_PRIORITY_HIGH
2023-12-31 15:33:25,490 [INFO] Argument:325 - Argument : Lockvalue: null
2023-12-31 15:33:25,490 [INFO] Argument:335 - Argument : Lockvalue: null
2023-12-31 15:33:25,490 [INFO] Argument:325 - Argument : Statevalue: null
2023-12-31 15:33:25,490 [INFO] Argument:335 - Argument : Statevalue: null
2023-12-31 15:33:25,490 [INFO] Argument:325 - Argument : Parentvalue: null
2023-12-31 15:33:25,490 [INFO] Argument:335 - Argument : Parentvalue: null
2023-12-31 15:33:25,490 [INFO] Argument:325 - Argument : XferCpltCallbackvalue: null
2023-12-31 15:33:25,490 [INFO] Argument:335 - Argument : XferCpltCallbackvalue: null
2023-12-31 15:33:25,490 [INFO] Argument:325 - Argument : XferHalfCpltCallbackvalue: null
2023-12-31 15:33:25,490 [INFO] Argument:335 - Argument : XferHalfCpltCallbackvalue: null
2023-12-31 15:33:25,490 [INFO] Argument:325 - Argument : XferErrorCallbackvalue: null
2023-12-31 15:33:25,490 [INFO] Argument:335 - Argument : XferErrorCallbackvalue: null
2023-12-31 15:33:25,490 [INFO] Argument:325 - Argument : ErrorCodevalue: null
2023-12-31 15:33:25,490 [INFO] Argument:335 - Argument : ErrorCodevalue: null
2023-12-31 15:33:25,490 [INFO] Argument:325 - Argument : DMA_Remapvalue: null
2023-12-31 15:33:25,490 [INFO] Argument:335 - Argument : DMA_Remapvalue: null
2023-12-31 15:33:25,570 [INFO] CodeEngine:255 - oldGeneratedFile, C:\Users\aleja\OneDrive\Escritorio\gettingStartedSTM\testingADC\MXTmpFiles\license.tmp_save
2023-12-31 15:33:25,725 [INFO] CodeEngine:279 - Generated code: C:\Users\aleja\OneDrive\Escritorio\gettingStartedSTM\testingADC\MXTmpFiles\license.tmp
2023-12-31 15:33:25,742 [INFO] CodeEngine:255 - oldGeneratedFile, C:\Users\aleja\OneDrive\Escritorio\gettingStartedSTM\testingADC\MXTmpFiles\gpio.tmp_save
2023-12-31 15:33:25,935 [INFO] CodeEngine:279 - Generated code: C:\Users\aleja\OneDrive\Escritorio\gettingStartedSTM\testingADC\MXTmpFiles\gpio.tmp
2023-12-31 15:33:25,976 [INFO] CodeEngine:255 - oldGeneratedFile, C:\Users\aleja\OneDrive\Escritorio\gettingStartedSTM\testingADC\MXTmpFiles\dma.tmp_save
2023-12-31 15:33:26,082 [INFO] CodeEngine:279 - Generated code: C:\Users\aleja\OneDrive\Escritorio\gettingStartedSTM\testingADC\MXTmpFiles\dma.tmp
2023-12-31 15:33:26,086 [INFO] CodeEngine:255 - oldGeneratedFile, C:\Users\aleja\OneDrive\Escritorio\gettingStartedSTM\testingADC\MXTmpFiles\dma_GV.tmp_save
2023-12-31 15:33:26,152 [INFO] CodeEngine:279 - Generated code: C:\Users\aleja\OneDrive\Escritorio\gettingStartedSTM\testingADC\MXTmpFiles\dma_GV.tmp
2023-12-31 15:33:26,185 [INFO] CodeEngine:255 - oldGeneratedFile, C:\Users\aleja\OneDrive\Escritorio\gettingStartedSTM\testingADC\Core\Src\stm32f0xx_it.c_save
2023-12-31 15:33:26,289 [INFO] CodeEngine:279 - Generated code: C:\Users\aleja\OneDrive\Escritorio\gettingStartedSTM\testingADC\Core\Src\stm32f0xx_it.c
2023-12-31 15:33:26,294 [INFO] CodeEngine:255 - oldGeneratedFile, C:\Users\aleja\OneDrive\Escritorio\gettingStartedSTM\testingADC\Core\Inc\stm32f0xx_it.h_save
2023-12-31 15:33:26,336 [INFO] CodeEngine:279 - Generated code: C:\Users\aleja\OneDrive\Escritorio\gettingStartedSTM\testingADC\Core\Inc\stm32f0xx_it.h
2023-12-31 15:33:26,367 [INFO] CodeEngine:255 - oldGeneratedFile, C:\Users\aleja\OneDrive\Escritorio\gettingStartedSTM\testingADC\Core\Src\stm32f0xx_hal_msp.c_save
2023-12-31 15:33:26,492 [INFO] CodeEngine:279 - Generated code: C:\Users\aleja\OneDrive\Escritorio\gettingStartedSTM\testingADC\Core\Src\stm32f0xx_hal_msp.c
2023-12-31 15:33:26,492 [INFO] CodeEngine:255 - oldGeneratedFile, C:\Users\aleja\OneDrive\Escritorio\gettingStartedSTM\testingADC\MXTmpFiles\system.tmp_save
2023-12-31 15:33:26,571 [INFO] CodeEngine:279 - Generated code: C:\Users\aleja\OneDrive\Escritorio\gettingStartedSTM\testingADC\MXTmpFiles\system.tmp
2023-12-31 15:33:26,617 [INFO] CodeEngine:311 - oldGeneratedFile, C:\Users\aleja\OneDrive\Escritorio\gettingStartedSTM\testingADC\Core\Inc\stm32f0xx_hal_conf.h_save
2023-12-31 15:33:26,774 [INFO] CodeEngine:335 - Generated code: C:\Users\aleja\OneDrive\Escritorio\gettingStartedSTM\testingADC\Core\Inc\stm32f0xx_hal_conf.h
2023-12-31 15:33:26,836 [INFO] CodeEngine:255 - oldGeneratedFile, C:\Users\aleja\OneDrive\Escritorio\gettingStartedSTM\testingADC\Core\Inc\main.h_save
2023-12-31 15:33:26,923 [INFO] CodeEngine:279 - Generated code: C:\Users\aleja\OneDrive\Escritorio\gettingStartedSTM\testingADC\Core\Inc\main.h
2023-12-31 15:33:26,939 [INFO] CodeEngine:255 - oldGeneratedFile, C:\Users\aleja\OneDrive\Escritorio\gettingStartedSTM\testingADC\Core\Src\main.c_save
2023-12-31 15:33:27,079 [INFO] CodeEngine:279 - Generated code: C:\Users\aleja\OneDrive\Escritorio\gettingStartedSTM\testingADC\Core\Src\main.c
2023-12-31 15:33:27,544 [INFO] ProjectBuilder:3076 - Time for Copy HAL[1] : 121mS.
2023-12-31 15:33:27,546 [INFO] ProjectBuilder:4485 - Project Generator version: 4.2.0-B44
2023-12-31 15:33:27,669 [INFO] ConfigFileManager:1495 - The Die is : DIE445
2023-12-31 15:33:28,750 [INFO] ProjectBuilder:4747 - Time for Generating toolchain IDE Files: 1204mS.
2023-12-31 15:33:28,751 [INFO] ProjectBuilder:2947 - Time for Copy CMSIS : 1mS.
2023-12-31 15:33:28,762 [INFO] ProjectBuilder:2947 - Time for Copy CMSIS : 0mS.
2023-12-31 15:42:37,260 [INFO] Gpio:277 - dependency for GPIO [ADC, RCC, SYS]
2023-12-31 15:42:37,291 [INFO] NvicIntPanel:101 - NVIC parent = com.st.microxplorer.plugins.ip.nvic.MultiNvicIntPanel[,0,0,0x0,invalid,layout=javax.swing.BoxLayout,alignmentX=0.0,alignmentY=0.0,border=,flags=9,maximumSize=,minimumSize=,preferredSize=]
2023-12-31 15:42:39,851 [INFO] NvicIntPanel:101 - NVIC parent = com.st.microxplorer.plugins.ip.nvic.MultiNvicIntPanel[,0,0,0x0,invalid,layout=javax.swing.BoxLayout,alignmentX=0.0,alignmentY=0.0,border=,flags=9,maximumSize=,minimumSize=,preferredSize=]
2023-12-31 15:42:57,831 [INFO] Can:71 - Can Add PropertyChangeListener com.st.microxplorer.plugins.ip.can.Can@6f19ea63
2023-12-31 15:43:10,039 [INFO] NvicIntPanel:101 - NVIC parent = com.st.microxplorer.plugins.ip.nvic.MultiNvicIntPanel[,0,0,450x113,layout=javax.swing.BoxLayout,alignmentX=0.0,alignmentY=0.0,border=,flags=9,maximumSize=,minimumSize=,preferredSize=]
2023-12-31 15:45:24,592 [INFO] MainUpdater:2873 - connection check result : 10
2023-12-31 15:45:24,592 [INFO] MainUpdater:2873 - connection check result : 10
2023-12-31 15:45:24,605 [INFO] MicroXplorer:468 - Change Database Path : 
2023-12-31 15:45:24,605 [INFO] MicroXplorer:498 - Change Database Version : DB.6.0.100
2023-12-31 15:45:24,614 [ERROR] ProjectManagerView:394 - 
java.lang.NullPointerException: Cannot invoke "javax.swing.JTextField.getText()" because the return value of "java.util.List.get(int)" is null
	at com.st.microxplorer.plugins.projectmanager.gui.ProjectChoiceTab$10.caretUpdate(ProjectChoiceTab.java:2493) ~[filemanager.jar:?]
	at javax.swing.text.JTextComponent.fireCaretUpdate(JTextComponent.java:412) ~[?:?]
	at javax.swing.text.JTextComponent$MutableCaretEvent.fire(JTextComponent.java:4491) ~[?:?]
	at javax.swing.text.JTextComponent$MutableCaretEvent.stateChanged(JTextComponent.java:4513) ~[?:?]
	at javax.swing.text.DefaultCaret.fireStateChanged(DefaultCaret.java:842) ~[?:?]
	at javax.swing.text.DefaultCaret.changeCaretPosition(DefaultCaret.java:1313) ~[?:?]
	at javax.swing.text.DefaultCaret.handleSetDot(DefaultCaret.java:1212) ~[?:?]
	at javax.swing.text.DefaultCaret.setDot(DefaultCaret.java:1193) ~[?:?]
	at javax.swing.text.DefaultCaret$Handler.insertUpdate(DefaultCaret.java:1789) ~[?:?]
	at javax.swing.text.AbstractDocument.fireInsertUpdate(AbstractDocument.java:226) ~[?:?]
	at javax.swing.text.AbstractDocument.handleInsertString(AbstractDocument.java:780) ~[?:?]
	at javax.swing.text.AbstractDocument.insertString(AbstractDocument.java:739) ~[?:?]
	at javax.swing.text.PlainDocument.insertString(PlainDocument.java:131) ~[?:?]
	at javax.swing.text.AbstractDocument.replace(AbstractDocument.java:698) ~[?:?]
	at javax.swing.text.JTextComponent.setText(JTextComponent.java:1729) ~[?:?]
	at com.st.microxplorer.plugins.projectmanager.gui.ProjectChoiceTab.createHeapStackFields(ProjectChoiceTab.java:933) ~[filemanager.jar:?]
	at com.st.microxplorer.plugins.projectmanager.gui.ProjectChoiceTab.buildLinkSettingsPanel(ProjectChoiceTab.java:3426) ~[filemanager.jar:?]
	at com.st.microxplorer.plugins.projectmanager.gui.ProjectChoiceTab.defineWindowsFields(ProjectChoiceTab.java:1813) ~[filemanager.jar:?]
	at com.st.microxplorer.plugins.projectmanager.gui.ProjectChoiceTab.updateSettings(ProjectChoiceTab.java:533) ~[filemanager.jar:?]
	at com.st.microxplorer.plugins.projectmanager.gui.ProjectSettingsPanel.UpdateDialog(ProjectSettingsPanel.java:244) ~[filemanager.jar:?]
	at com.st.microxplorer.plugins.projectmanager.ProjectManagerView.propertyChange(ProjectManagerView.java:391) ~[filemanager.jar:?]
	at java.beans.PropertyChangeSupport.fire(PropertyChangeSupport.java:343) ~[?:?]
	at java.beans.PropertyChangeSupport.firePropertyChange(PropertyChangeSupport.java:335) ~[?:?]
	at java.beans.PropertyChangeSupport.firePropertyChange(PropertyChangeSupport.java:268) ~[?:?]
	at com.st.microxplorer.util.MXPropertyChangeSupport.firePropertyChange(MXPropertyChangeSupport.java:54) ~[STM32CubeMX.jar:?]
	at com.st.microxplorer.mxsystem.MxSystem.closeConfig(MxSystem.java:900) ~[STM32CubeMX.jar:?]
	at com.st.microxplorer.maingui.MainPanel.closeConfig(MainPanel.java:776) ~[STM32CubeMX.jar:?]
	at com.st.microxplorer.plugins.filemanager.engine.OpenFileManager.loadConfigurationFile(OpenFileManager.java:245) ~[filemanager.jar:?]
	at com.st.microxplorer.plugins.filemanager.engine.MainFileManager.userLoadConfig(MainFileManager.java:290) ~[filemanager.jar:?]
	at com.st.microxplorer.plugins.filemanager.FileManagerView.getSpecificTask(FileManagerView.java:247) ~[filemanager.jar:?]
	at com.st.stm32cube.common.mx.editor.CubeMxEditor.getMxTabbedPaneInstance(CubeMxEditor.java:1184) ~[com.st.stm32cube.common.mx_6.10.0.202311202037/:?]
	at com.st.stm32cube.common.mx.editor.CubeMxEditor$12$1.createSwingComponent(CubeMxEditor.java:1065) ~[com.st.stm32cube.common.mx_6.10.0.202311202037/:?]
	at com.st.stm32cube.common.mx.oss.core.awtswtbridge.EmbeddedSwingComposite.doComponentCreation(EmbeddedSwingComposite.java:492) ~[com.st.stm32cube.common.mx.oss_6.10.0.202311202037/:?]
	at com.st.stm32cube.common.mx.oss.core.awtswtbridge.EmbeddedSwingComposite$4.run(EmbeddedSwingComposite.java:291) ~[com.st.stm32cube.common.mx.oss_6.10.0.202311202037/:?]
	at com.st.stm32cube.common.mx.oss.core.awtswtbridge.AwtEnvironment$2.run(AwtEnvironment.java:166) ~[com.st.stm32cube.common.mx.oss_6.10.0.202311202037/:?]
	at java.awt.event.InvocationEvent.dispatch(InvocationEvent.java:318) ~[?:?]
	at java.awt.EventQueue.dispatchEventImpl(EventQueue.java:773) ~[?:?]
	at java.awt.EventQueue$4.run(EventQueue.java:720) ~[?:?]
	at java.awt.EventQueue$4.run(EventQueue.java:714) ~[?:?]
	at java.security.AccessController.doPrivileged(AccessController.java:399) ~[?:?]
	at java.security.ProtectionDomain$JavaSecurityAccessImpl.doIntersectionPrivilege(ProtectionDomain.java:86) ~[?:?]
	at java.awt.EventQueue.dispatchEvent(EventQueue.java:742) ~[?:?]
	at java.awt.EventDispatchThread.pumpOneEventForFilters(EventDispatchThread.java:203) ~[?:?]
	at java.awt.EventDispatchThread.pumpEventsForFilter(EventDispatchThread.java:124) ~[?:?]
	at java.awt.EventDispatchThread.pumpEventsForHierarchy(EventDispatchThread.java:113) ~[?:?]
	at java.awt.EventDispatchThread.pumpEvents(EventDispatchThread.java:109) ~[?:?]
	at java.awt.EventDispatchThread.pumpEvents(EventDispatchThread.java:101) ~[?:?]
	at java.awt.EventDispatchThread.run(EventDispatchThread.java:90) ~[?:?]
2023-12-31 15:45:24,616 [WARN] ThirdParty:871 - waiting for thirdparty lock release [close project]
2023-12-31 15:45:24,616 [INFO] ThirdParty:873 - entering critical section [close project]
2023-12-31 15:45:24,616 [INFO] ThirdParty:883 - exiting critical section [close project]
2023-12-31 15:45:24,617 [INFO] PinOutPanel:1499 - setPackage(No Configuration,No Configuration)
2023-12-31 15:45:24,619 [INFO] UtilMem:75 - Begin LoadConfig() Used Memory: 404076808 Bytes (951058432)
2023-12-31 15:45:24,620 [INFO] MicroXplorer:468 - Change Database Path : 
2023-12-31 15:45:24,620 [INFO] MicroXplorer:498 - Change Database Version : DB.6.0.100
2023-12-31 15:45:24,620 [INFO] OpenFileManager:312 - Change cursor
2023-12-31 15:45:24,629 [INFO] RulesReader:64 - Compatibility file has been processed (297 Rules)
2023-12-31 15:45:24,631 [INFO] Mcu:2016 - Initializing MCU STM32F042F4Px STM32F042F4Px STM32F042F4P6
2023-12-31 15:45:25,073 [INFO] Context:659 - Trying to add GPIOservice into a context  which must be forbidden
2023-12-31 15:45:25,152 [INFO] RtosManager:555 - Registered RTOS mode: class=CMSIS, group=RTOS, mode=CMSIS_V1, owner=FREERTOS
2023-12-31 15:45:25,152 [INFO] RtosManager:555 - Registered RTOS mode: class=CMSIS, group=RTOS2, mode=CMSIS_V2, owner=FREERTOS
2023-12-31 15:45:25,152 [INFO] RtosManager:555 - Registered RTOS mode: class=RTOS, group=Core, mode=CMSIS_V1, owner=FREERTOS
2023-12-31 15:45:25,152 [INFO] RtosManager:555 - Registered RTOS mode: class=RTOS, group=Core, mode=CMSIS_V2, owner=FREERTOS
2023-12-31 15:45:25,152 [WARN] ModelIntegratedComponent:184 - Missing modes for component STMicroelectronics:FreeRTOS:0.0.1:STMicroelectronics:RTOS:FreeRTOS:Core:::10.2.0:
2023-12-31 15:45:25,157 [WARN] ModelIntegratedComponent:63 - No mode defined for component null
2023-12-31 15:45:25,157 [WARN] ModelIntegratedComponent:63 - No mode defined for component null
2023-12-31 15:45:25,157 [WARN] ModelIntegratedComponent:63 - No mode defined for component null
2023-12-31 15:45:25,157 [WARN] ModelIntegratedComponent:63 - No mode defined for component null
2023-12-31 15:45:25,157 [WARN] ModelIntegratedComponent:63 - No mode defined for component null
2023-12-31 15:45:25,157 [WARN] ModelIntegratedComponent:63 - No mode defined for component null
2023-12-31 15:45:25,157 [WARN] ModelIntegratedComponent:63 - No mode defined for component null
2023-12-31 15:45:25,157 [WARN] ModelIntegratedComponent:63 - No mode defined for component null
2023-12-31 15:45:25,157 [WARN] ModelIntegratedComponent:63 - No mode defined for component null
2023-12-31 15:45:25,157 [WARN] ModelIntegratedComponent:63 - No mode defined for component null
2023-12-31 15:45:25,157 [WARN] ModelIntegratedComponent:63 - No mode defined for component null
2023-12-31 15:45:25,157 [WARN] ModelIntegratedComponent:63 - No mode defined for component null
2023-12-31 15:45:25,157 [WARN] ModelIntegratedComponent:63 - No mode defined for component null
2023-12-31 15:45:25,157 [WARN] ModelIntegratedComponent:63 - No mode defined for component null
2023-12-31 15:45:25,157 [WARN] ModelIntegratedComponent:63 - No mode defined for component null
2023-12-31 15:45:25,157 [WARN] ModelIntegratedComponent:63 - No mode defined for component null
2023-12-31 15:45:25,157 [WARN] ModelIntegratedComponent:63 - No mode defined for component null
2023-12-31 15:45:25,157 [WARN] ModelIntegratedComponent:63 - No mode defined for component null
2023-12-31 15:45:25,157 [WARN] ModelIntegratedComponent:63 - No mode defined for component null
2023-12-31 15:45:25,157 [WARN] ModelIntegratedComponent:63 - No mode defined for component null
2023-12-31 15:45:25,157 [WARN] ModelIntegratedComponent:63 - No mode defined for component null
2023-12-31 15:45:25,157 [WARN] ModelIntegratedComponent:63 - No mode defined for component null
2023-12-31 15:45:25,157 [WARN] ModelIntegratedComponent:63 - No mode defined for component null
2023-12-31 15:45:25,157 [WARN] ModelIntegratedComponent:63 - No mode defined for component null
2023-12-31 15:45:25,157 [WARN] ModelIntegratedComponent:63 - No mode defined for component null
2023-12-31 15:45:25,157 [WARN] ModelIntegratedComponent:63 - No mode defined for component null
2023-12-31 15:45:25,157 [WARN] ModelIntegratedComponent:63 - No mode defined for component null
2023-12-31 15:45:25,157 [WARN] ModelIntegratedComponent:63 - No mode defined for component null
2023-12-31 15:45:25,157 [WARN] ModelIntegratedComponent:63 - No mode defined for component null
2023-12-31 15:45:25,157 [WARN] ModelIntegratedComponent:63 - No mode defined for component null
2023-12-31 15:45:25,157 [WARN] ModelIntegratedComponent:63 - No mode defined for component null
2023-12-31 15:45:25,157 [WARN] ModelIntegratedComponent:63 - No mode defined for component null
2023-12-31 15:45:25,157 [WARN] ModelIntegratedComponent:63 - No mode defined for component null
2023-12-31 15:45:25,207 [INFO] ThirdPartyModel:298 - Start build external matchings
2023-12-31 15:45:25,460 [INFO] ThirdPartyModel:316 - End build external matchings
2023-12-31 15:45:25,467 [INFO] ImportTextPane:194 - (OptionalMessage_ERROR) IP (DMA) : Parameter (Instance) has Id (ADC) currently not set
2023-12-31 15:45:25,467 [INFO] ImportTextPane:194 - (OptionalMessage_ERROR) IP (DMA) : Parameter (Direction) has Id (ADC) currently not set
2023-12-31 15:45:25,467 [INFO] ImportTextPane:194 - (OptionalMessage_ERROR) IP (DMA) : Parameter (PeriphInc) has Id (ADC) currently not set
2023-12-31 15:45:25,467 [INFO] ImportTextPane:194 - (OptionalMessage_ERROR) IP (DMA) : Parameter (MemInc) has Id (ADC) currently not set
2023-12-31 15:45:25,467 [INFO] ImportTextPane:194 - (OptionalMessage_ERROR) IP (DMA) : Parameter (PeriphDataAlignment) has Id (ADC) currently not set
2023-12-31 15:45:25,467 [INFO] ImportTextPane:194 - (OptionalMessage_ERROR) IP (DMA) : Parameter (MemDataAlignment) has Id (ADC) currently not set
2023-12-31 15:45:25,468 [INFO] ImportTextPane:194 - (OptionalMessage_ERROR) IP (DMA) : Parameter (Mode) has Id (ADC) currently not set
2023-12-31 15:45:25,468 [INFO] ImportTextPane:194 - (OptionalMessage_ERROR) IP (DMA) : Parameter (Priority) has Id (ADC) currently not set
2023-12-31 15:45:25,468 [INFO] ImportTextPane:194 - (OptionalMessage_ERROR) IP (RCC) : Invalid parameter (FamilyName)
2023-12-31 15:45:25,468 [INFO] ImportTextPane:194 - (OptionalMessage_ERROR) IP (RCC) : Invalid parameter (HSICECFreq_Value)
2023-12-31 15:45:25,635 [INFO] UtilMem:75 - End LoadConfig() Used Memory: 452973592 Bytes (951058432)
2023-12-31 15:45:25,705 [INFO] MicroXplorer:468 - Change Database Path : 
2023-12-31 15:45:25,705 [INFO] MicroXplorer:498 - Change Database Version : DB.6.0.100
2023-12-31 15:45:25,705 [WARN] ThirdParty:833 - waiting for thirdparty lock release [change project]
2023-12-31 15:45:25,705 [INFO] ThirdParty:835 - entering critical section [change project]
2023-12-31 15:45:25,705 [INFO] ThirdParty:1030 - CMSIS Pack Vendor :STMicroelectronics X-CUBE-ISPU 1.1.0
2023-12-31 15:45:25,705 [INFO] ThirdParty:1030 - CMSIS Pack Vendor :STMicroelectronics USBPD 4.1
2023-12-31 15:45:25,706 [INFO] ThirdParty:1030 - CMSIS Pack Vendor :STMicroelectronics X-CUBE-GNSS1 6.0.0
2023-12-31 15:45:25,706 [INFO] ThirdParty:1030 - CMSIS Pack Vendor :STMicroelectronics USB_HOST 2.0.0
2023-12-31 15:45:25,706 [INFO] ThirdParty:1030 - CMSIS Pack Vendor :STMicroelectronics X-CUBE-AZRTOS-F4 1.1.0
2023-12-31 15:45:25,706 [INFO] ThirdParty:1030 - CMSIS Pack Vendor :STMicroelectronics LIBJPEG 8.0.0
2023-12-31 15:45:25,706 [INFO] ThirdParty:1030 - CMSIS Pack Vendor :wolfSSL I-CUBE-wolfSSL 5.6.4
2023-12-31 15:45:25,706 [INFO] ThirdParty:1030 - CMSIS Pack Vendor :STMicroelectronics X-CUBE-SMBUS 2.1.0
2023-12-31 15:45:25,706 [INFO] ThirdParty:1030 - CMSIS Pack Vendor :STMicroelectronics USB_DEVICE 3.0.0
2023-12-31 15:45:25,706 [INFO] ThirdParty:1030 - CMSIS Pack Vendor :STMicroelectronics X-CUBE-AZRTOS-WB 2.0.0
2023-12-31 15:45:25,706 [INFO] ThirdParty:1030 - CMSIS Pack Vendor :STMicroelectronics X-CUBE-TOUCHGFX 4.23.0
2023-12-31 15:45:25,706 [INFO] ThirdParty:1030 - CMSIS Pack Vendor :STMicroelectronics X-CUBE-AZRTOS-F7 1.1.0
2023-12-31 15:45:25,706 [INFO] ThirdParty:1030 - CMSIS Pack Vendor :STMicroelectronics X-CUBE-AZRTOS-L5 2.0.0
2023-12-31 15:45:25,706 [INFO] ThirdParty:1030 - CMSIS Pack Vendor :STMicroelectronics USB_DEVICE 2.0.0
2023-12-31 15:45:25,706 [INFO] ThirdParty:1030 - CMSIS Pack Vendor :STMicroelectronics X-CUBE-EEPRMA1 4.2.0
2023-12-31 15:45:25,706 [INFO] ThirdParty:1030 - CMSIS Pack Vendor :ITTIA_DB I-CUBE-ITTIADB 8.8.0
2023-12-31 15:45:25,706 [INFO] ThirdParty:1030 - CMSIS Pack Vendor :STMicroelectronics FP-SNS-MOTENV1 4.3.2
2023-12-31 15:45:25,706 [INFO] ThirdParty:1030 - CMSIS Pack Vendor :STMicroelectronics X-CUBE-ALGOBUILD 1.3.0
2023-12-31 15:45:25,706 [INFO] ThirdParty:1030 - CMSIS Pack Vendor :STMicroelectronics FreeRTOS 0.0.1
2023-12-31 15:45:25,706 [INFO] ThirdParty:1030 - CMSIS Pack Vendor :STMicroelectronics X-CUBE-AZRTOS-G0 1.1.0
2023-12-31 15:45:25,706 [INFO] ThirdParty:1030 - CMSIS Pack Vendor :STMicroelectronics X-CUBE-NFC4 3.0.0
2023-12-31 15:45:25,706 [INFO] ThirdParty:1030 - CMSIS Pack Vendor :STMicroelectronics X-CUBE-SUBG2 5.0.0
2023-12-31 15:45:25,706 [INFO] ThirdParty:1030 - CMSIS Pack Vendor :STMicroelectronics STM32_WPAN 1.0.0
2023-12-31 15:45:25,706 [INFO] ThirdParty:1030 - CMSIS Pack Vendor :STMicroelectronics lwIP 2.0.3
2023-12-31 15:45:25,706 [INFO] ThirdParty:1030 - CMSIS Pack Vendor :STMicroelectronics FP-SNS-FLIGHT1 5.0.2
2023-12-31 15:45:25,706 [INFO] ThirdParty:1030 - CMSIS Pack Vendor :STMicroelectronics USB_HOST 1.0.0
2023-12-31 15:45:25,706 [INFO] ThirdParty:1030 - CMSIS Pack Vendor :STMicroelectronics X-CUBE-AZRTOS-G4 2.0.0
2023-12-31 15:45:25,706 [INFO] ThirdParty:1030 - CMSIS Pack Vendor :STMicroelectronics PDM2PCM 3.1.0
2023-12-31 15:45:25,706 [INFO] ThirdParty:1030 - CMSIS Pack Vendor :STMicroelectronics X-CUBE-AZRTOS-H7 3.1.0
2023-12-31 15:45:25,706 [INFO] ThirdParty:1030 - CMSIS Pack Vendor :Infineon AIROC-Wi-Fi-Bluetooth-STM32 1.5.1
2023-12-31 15:45:25,706 [INFO] ThirdParty:1030 - CMSIS Pack Vendor :STMicroelectronics X-CUBE-BLEMGR 3.0.0
2023-12-31 15:45:25,706 [INFO] ThirdParty:1030 - CMSIS Pack Vendor :STMicroelectronics PDM2PCM 3.3.0
2023-12-31 15:45:25,706 [INFO] ThirdParty:1030 - CMSIS Pack Vendor :STMicroelectronics X-CUBE-DISPLAY 3.0.0
2023-12-31 15:45:25,706 [INFO] ThirdParty:1030 - CMSIS Pack Vendor :STMicroelectronics FP-SNS-MOTENVWB1 1.3.1
2023-12-31 15:45:25,706 [INFO] ThirdParty:1030 - CMSIS Pack Vendor :STMicroelectronics X-CUBE-BLE1 7.0.0
2023-12-31 15:45:25,706 [INFO] ThirdParty:1030 - CMSIS Pack Vendor :STMicroelectronics FP-ATR-SIGFOX1 3.2.0
2023-12-31 15:45:25,706 [INFO] ThirdParty:1030 - CMSIS Pack Vendor :STMicroelectronics X-CUBE-ISPU 2.0.0
2023-12-31 15:45:25,706 [INFO] ThirdParty:1030 - CMSIS Pack Vendor :STMicroelectronics HAL Drivers 0.0.0
2023-12-31 15:45:25,706 [INFO] ThirdParty:1030 - CMSIS Pack Vendor :STMicroelectronics MBEDTLS 2.16.2
2023-12-31 15:45:25,706 [INFO] ThirdParty:1030 - CMSIS Pack Vendor :emotas I-CUBE-CANOPEN 1.3.0
2023-12-31 15:45:25,706 [INFO] ThirdParty:1030 - CMSIS Pack Vendor :STMicroelectronics X-CUBE-MEMS1 10.0.0
2023-12-31 15:45:25,706 [INFO] ThirdParty:1030 - CMSIS Pack Vendor :STMicroelectronics X-CUBE-FREERTOS 1.1.0
2023-12-31 15:45:25,706 [INFO] ThirdParty:1030 - CMSIS Pack Vendor :STMicroelectronics X-CUBE-NFC7 1.0.1
2023-12-31 15:45:25,706 [INFO] ThirdParty:1030 - CMSIS Pack Vendor :STMicroelectronics MBEDTLS 2.14.1
2023-12-31 15:45:25,706 [INFO] ThirdParty:1030 - CMSIS Pack Vendor :STMicroelectronics X-CUBE-TOUCHGFX 4.22.1
2023-12-31 15:45:25,706 [INFO] ThirdParty:1030 - CMSIS Pack Vendor :STMicroelectronics X-CUBE-NFC6 3.0.0
2023-12-31 15:45:25,706 [INFO] ThirdParty:1030 - CMSIS Pack Vendor :portGmbH I-Cube-SoM-uGOAL 1.1.0
2023-12-31 15:45:25,706 [INFO] ThirdParty:1030 - CMSIS Pack Vendor :STMicroelectronics X-CUBE-ALS 1.0.1
2023-12-31 15:45:25,706 [INFO] ThirdParty:1030 - CMSIS Pack Vendor :STMicroelectronics ThreadX 1.0.0
2023-12-31 15:45:25,706 [INFO] ThirdParty:1030 - CMSIS Pack Vendor :STMicroelectronics FP-SNS-SMARTAG2 1.2.0
2023-12-31 15:45:25,706 [INFO] ThirdParty:1030 - CMSIS Pack Vendor :STMicroelectronics X-CUBE-AZRTOS-WL 2.0.0
2023-12-31 15:45:25,706 [INFO] ThirdParty:1030 - CMSIS Pack Vendor :STMicroelectronics USB_DEVICE 1.0.0
2023-12-31 15:45:25,706 [INFO] ThirdParty:1030 - CMSIS Pack Vendor :STMicroelectronics X-CUBE-AI 8.1.0
2023-12-31 15:45:25,706 [INFO] ThirdParty:1030 - CMSIS Pack Vendor :STMicroelectronics X-CUBE-AZRTOS-L4 2.0.0
2023-12-31 15:45:25,706 [INFO] ThirdParty:1030 - CMSIS Pack Vendor :STMicroelectronics ThreadX 0.0.2
2023-12-31 15:45:25,706 [INFO] ThirdParty:1030 - CMSIS Pack Vendor :WES I-CUBE-Cesium 1.3.0
2023-12-31 15:45:25,706 [INFO] ThirdParty:1030 - CMSIS Pack Vendor :STMicroelectronics FP-ATR-ASTRA1 2.0.0
2023-12-31 15:45:25,706 [INFO] ThirdParty:1030 - CMSIS Pack Vendor :STMicroelectronics lwIP 2.1.2
2023-12-31 15:45:25,706 [INFO] ThirdParty:1030 - CMSIS Pack Vendor :STMicroelectronics X-CUBE-SFXS2LP1 4.0.0
2023-12-31 15:45:25,706 [INFO] ThirdParty:1030 - CMSIS Pack Vendor :STMicroelectronics X-CUBE-BLE2 3.3.0
2023-12-31 15:45:25,706 [INFO] ThirdParty:1030 - CMSIS Pack Vendor :STMicroelectronics X-CUBE-TOF1 3.4.0
2023-12-31 15:45:25,706 [INFO] ThirdParty:1030 - CMSIS Pack Vendor :STMicroelectronics X-CUBE-AZRTOS-H7 3.2.0
2023-12-31 15:45:25,706 [INFO] ThirdParty:1030 - CMSIS Pack Vendor :STMicroelectronics PDM2PCM 3.2.0
2023-12-31 15:45:25,706 [INFO] ThirdParty:841 - exiting critical section [change project]
2023-12-31 15:45:25,757 [INFO] PinOutPanel:1499 - setPackage(No Configuration,No Configuration)
2023-12-31 15:45:25,758 [INFO] PinOutPanel:1499 - setPackage(STM32F042F4Px,TSSOP20)
2023-12-31 15:45:26,274 [INFO] UtilMem:75 - Before build in PCC Used Memory: 584862688 Bytes (951058432)
2023-12-31 15:45:26,378 [INFO] UtilMem:75 - After build in PCC Used Memory: 627854304 Bytes (951058432)
2023-12-31 15:45:26,390 [INFO] IPUIPlugin:80 - create IPUIPlugin
2023-12-31 15:45:26,390 [INFO] IPUIPlugin:80 - create IPUIPlugin
2023-12-31 15:45:26,390 [INFO] IPUIPlugin:80 - create IPUIPlugin
2023-12-31 15:45:26,390 [INFO] IPUIPlugin:80 - create IPUIPlugin
2023-12-31 15:45:26,390 [INFO] IPUIPlugin:80 - create IPUIPlugin
2023-12-31 15:45:26,390 [INFO] IPUIPlugin:80 - create IPUIPlugin
2023-12-31 15:45:26,390 [INFO] IPUIPlugin:80 - create IPUIPlugin
2023-12-31 15:45:26,390 [INFO] IPUIPlugin:80 - create IPUIPlugin
2023-12-31 15:45:26,390 [INFO] IPUIPlugin:80 - create IPUIPlugin
2023-12-31 15:45:26,390 [INFO] IPUIPlugin:80 - create IPUIPlugin
2023-12-31 15:45:26,390 [INFO] IPUIPlugin:80 - create IPUIPlugin
2023-12-31 15:45:26,391 [INFO] IPUIPlugin:80 - create IPUIPlugin
2023-12-31 15:45:26,391 [INFO] IPUIPlugin:80 - create IPUIPlugin
2023-12-31 15:45:26,391 [INFO] IPUIPlugin:80 - create IPUIPlugin
2023-12-31 15:45:26,391 [INFO] IPUIPlugin:80 - create IPUIPlugin
2023-12-31 15:45:26,391 [INFO] IPUIPlugin:80 - create IPUIPlugin
2023-12-31 15:45:26,391 [INFO] IPUIPlugin:80 - create IPUIPlugin
2023-12-31 15:45:26,391 [INFO] IPUIPlugin:80 - create IPUIPlugin
2023-12-31 15:45:26,391 [INFO] IPUIPlugin:80 - create IPUIPlugin
2023-12-31 15:45:26,391 [INFO] IPUIPlugin:80 - create IPUIPlugin
2023-12-31 15:45:26,391 [INFO] IPUIPlugin:80 - create IPUIPlugin
2023-12-31 15:45:26,391 [INFO] IPUIPlugin:80 - create IPUIPlugin
2023-12-31 15:45:26,391 [INFO] IPUIPlugin:80 - create IPUIPlugin
2023-12-31 15:45:26,391 [INFO] IPUIPlugin:80 - create IPUIPlugin
2023-12-31 15:45:26,392 [INFO] IPUIPlugin:80 - create IPUIPlugin
2023-12-31 15:45:26,392 [INFO] IPUIPlugin:80 - create IPUIPlugin
2023-12-31 15:45:26,392 [INFO] IPUIPlugin:80 - create IPUIPlugin
2023-12-31 15:45:26,392 [INFO] IPUIPlugin:80 - create IPUIPlugin
2023-12-31 15:45:26,392 [INFO] IPUIPlugin:80 - create IPUIPlugin
2023-12-31 15:45:26,392 [INFO] IPUIPlugin:80 - create IPUIPlugin
2023-12-31 15:45:26,393 [INFO] Can:71 - Can Add PropertyChangeListener com.st.microxplorer.plugins.ip.can.Can@787189cd
2023-12-31 15:45:26,414 [INFO] CADModel:165 - CPN selected for project levelSTM32F042F4P6
2023-12-31 15:45:26,414 [INFO] CADModel:114 - Register for checkConnection events
2023-12-31 15:45:26,488 [INFO] OpenFileManager:343 - Restore cursor
2023-12-31 15:45:35,232 [INFO] NvicIntPanel:101 - NVIC parent = com.st.microxplorer.plugins.ip.nvic.MultiNvicIntPanel[,0,0,450x118,layout=javax.swing.BoxLayout,alignmentX=0.0,alignmentY=0.0,border=,flags=9,maximumSize=,minimumSize=,preferredSize=]
2023-12-31 15:56:00,058 [INFO] MainUpdater:2873 - connection check result : 10
2023-12-31 15:56:00,059 [INFO] MainUpdater:2873 - connection check result : 10
2023-12-31 15:56:00,069 [INFO] MicroXplorer:468 - Change Database Path : 
2023-12-31 15:56:00,069 [INFO] MicroXplorer:498 - Change Database Version : DB.6.0.100
2023-12-31 15:56:00,075 [ERROR] ProjectManagerView:394 - 
java.lang.NullPointerException: Cannot invoke "javax.swing.JTextField.getText()" because the return value of "java.util.List.get(int)" is null
	at com.st.microxplorer.plugins.projectmanager.gui.ProjectChoiceTab$10.caretUpdate(ProjectChoiceTab.java:2493) ~[filemanager.jar:?]
	at javax.swing.text.JTextComponent.fireCaretUpdate(JTextComponent.java:412) ~[?:?]
	at javax.swing.text.JTextComponent$MutableCaretEvent.fire(JTextComponent.java:4491) ~[?:?]
	at javax.swing.text.JTextComponent$MutableCaretEvent.stateChanged(JTextComponent.java:4513) ~[?:?]
	at javax.swing.text.DefaultCaret.fireStateChanged(DefaultCaret.java:842) ~[?:?]
	at javax.swing.text.DefaultCaret.changeCaretPosition(DefaultCaret.java:1313) ~[?:?]
	at javax.swing.text.DefaultCaret.handleSetDot(DefaultCaret.java:1212) ~[?:?]
	at javax.swing.text.DefaultCaret.setDot(DefaultCaret.java:1193) ~[?:?]
	at javax.swing.text.DefaultCaret$Handler.insertUpdate(DefaultCaret.java:1789) ~[?:?]
	at javax.swing.text.AbstractDocument.fireInsertUpdate(AbstractDocument.java:226) ~[?:?]
	at javax.swing.text.AbstractDocument.handleInsertString(AbstractDocument.java:780) ~[?:?]
	at javax.swing.text.AbstractDocument.insertString(AbstractDocument.java:739) ~[?:?]
	at javax.swing.text.PlainDocument.insertString(PlainDocument.java:131) ~[?:?]
	at javax.swing.text.AbstractDocument.replace(AbstractDocument.java:698) ~[?:?]
	at javax.swing.text.JTextComponent.setText(JTextComponent.java:1729) ~[?:?]
	at com.st.microxplorer.plugins.projectmanager.gui.ProjectChoiceTab.createHeapStackFields(ProjectChoiceTab.java:933) ~[filemanager.jar:?]
	at com.st.microxplorer.plugins.projectmanager.gui.ProjectChoiceTab.buildLinkSettingsPanel(ProjectChoiceTab.java:3426) ~[filemanager.jar:?]
	at com.st.microxplorer.plugins.projectmanager.gui.ProjectChoiceTab.defineWindowsFields(ProjectChoiceTab.java:1813) ~[filemanager.jar:?]
	at com.st.microxplorer.plugins.projectmanager.gui.ProjectChoiceTab.updateSettings(ProjectChoiceTab.java:533) ~[filemanager.jar:?]
	at com.st.microxplorer.plugins.projectmanager.gui.ProjectSettingsPanel.UpdateDialog(ProjectSettingsPanel.java:244) ~[filemanager.jar:?]
	at com.st.microxplorer.plugins.projectmanager.ProjectManagerView.propertyChange(ProjectManagerView.java:391) ~[filemanager.jar:?]
	at java.beans.PropertyChangeSupport.fire(PropertyChangeSupport.java:343) ~[?:?]
	at java.beans.PropertyChangeSupport.firePropertyChange(PropertyChangeSupport.java:335) ~[?:?]
	at java.beans.PropertyChangeSupport.firePropertyChange(PropertyChangeSupport.java:268) ~[?:?]
	at com.st.microxplorer.util.MXPropertyChangeSupport.firePropertyChange(MXPropertyChangeSupport.java:54) ~[STM32CubeMX.jar:?]
	at com.st.microxplorer.mxsystem.MxSystem.closeConfig(MxSystem.java:900) ~[STM32CubeMX.jar:?]
	at com.st.microxplorer.maingui.MainPanel.closeConfig(MainPanel.java:776) ~[STM32CubeMX.jar:?]
	at com.st.microxplorer.plugins.filemanager.engine.OpenFileManager.loadConfigurationFile(OpenFileManager.java:245) ~[filemanager.jar:?]
	at com.st.microxplorer.plugins.filemanager.engine.MainFileManager.userLoadConfig(MainFileManager.java:290) ~[filemanager.jar:?]
	at com.st.microxplorer.plugins.filemanager.FileManagerView.getSpecificTask(FileManagerView.java:247) ~[filemanager.jar:?]
	at com.st.stm32cube.common.mx.editor.CubeMxEditor.getMxTabbedPaneInstance(CubeMxEditor.java:1184) ~[com.st.stm32cube.common.mx_6.10.0.202311202037/:?]
	at com.st.stm32cube.common.mx.editor.CubeMxEditor$12$1.createSwingComponent(CubeMxEditor.java:1065) ~[com.st.stm32cube.common.mx_6.10.0.202311202037/:?]
	at com.st.stm32cube.common.mx.oss.core.awtswtbridge.EmbeddedSwingComposite.doComponentCreation(EmbeddedSwingComposite.java:492) ~[com.st.stm32cube.common.mx.oss_6.10.0.202311202037/:?]
	at com.st.stm32cube.common.mx.oss.core.awtswtbridge.EmbeddedSwingComposite$4.run(EmbeddedSwingComposite.java:291) ~[com.st.stm32cube.common.mx.oss_6.10.0.202311202037/:?]
	at com.st.stm32cube.common.mx.oss.core.awtswtbridge.AwtEnvironment$2.run(AwtEnvironment.java:166) ~[com.st.stm32cube.common.mx.oss_6.10.0.202311202037/:?]
	at java.awt.event.InvocationEvent.dispatch(InvocationEvent.java:318) ~[?:?]
	at java.awt.EventQueue.dispatchEventImpl(EventQueue.java:773) ~[?:?]
	at java.awt.EventQueue$4.run(EventQueue.java:720) ~[?:?]
	at java.awt.EventQueue$4.run(EventQueue.java:714) ~[?:?]
	at java.security.AccessController.doPrivileged(AccessController.java:399) ~[?:?]
	at java.security.ProtectionDomain$JavaSecurityAccessImpl.doIntersectionPrivilege(ProtectionDomain.java:86) ~[?:?]
	at java.awt.EventQueue.dispatchEvent(EventQueue.java:742) ~[?:?]
	at java.awt.EventDispatchThread.pumpOneEventForFilters(EventDispatchThread.java:203) ~[?:?]
	at java.awt.EventDispatchThread.pumpEventsForFilter(EventDispatchThread.java:124) ~[?:?]
	at java.awt.EventDispatchThread.pumpEventsForHierarchy(EventDispatchThread.java:113) ~[?:?]
	at java.awt.EventDispatchThread.pumpEvents(EventDispatchThread.java:109) ~[?:?]
	at java.awt.EventDispatchThread.pumpEvents(EventDispatchThread.java:101) ~[?:?]
	at java.awt.EventDispatchThread.run(EventDispatchThread.java:90) ~[?:?]
2023-12-31 15:56:00,076 [WARN] ThirdParty:871 - waiting for thirdparty lock release [close project]
2023-12-31 15:56:00,076 [INFO] ThirdParty:873 - entering critical section [close project]
2023-12-31 15:56:00,076 [INFO] ThirdParty:883 - exiting critical section [close project]
2023-12-31 15:56:00,077 [INFO] PinOutPanel:1499 - setPackage(No Configuration,No Configuration)
2023-12-31 15:56:00,079 [INFO] UtilMem:75 - Begin LoadConfig() Used Memory: 370927560 Bytes (951058432)
2023-12-31 15:56:00,079 [INFO] MicroXplorer:468 - Change Database Path : 
2023-12-31 15:56:00,079 [INFO] MicroXplorer:498 - Change Database Version : DB.6.0.100
2023-12-31 15:56:00,079 [INFO] OpenFileManager:312 - Change cursor
2023-12-31 15:56:00,083 [INFO] Mcu:2016 - Initializing MCU STM32F042F4Px STM32F042F4Px STM32F042F4P6
2023-12-31 15:56:00,530 [INFO] Context:659 - Trying to add GPIOservice into a context  which must be forbidden
2023-12-31 15:56:00,689 [INFO] RtosManager:555 - Registered RTOS mode: class=CMSIS, group=RTOS, mode=CMSIS_V1, owner=FREERTOS
2023-12-31 15:56:00,689 [INFO] RtosManager:555 - Registered RTOS mode: class=CMSIS, group=RTOS2, mode=CMSIS_V2, owner=FREERTOS
2023-12-31 15:56:00,689 [INFO] RtosManager:555 - Registered RTOS mode: class=RTOS, group=Core, mode=CMSIS_V1, owner=FREERTOS
2023-12-31 15:56:00,689 [INFO] RtosManager:555 - Registered RTOS mode: class=RTOS, group=Core, mode=CMSIS_V2, owner=FREERTOS
2023-12-31 15:56:00,689 [WARN] ModelIntegratedComponent:184 - Missing modes for component STMicroelectronics:FreeRTOS:0.0.1:STMicroelectronics:RTOS:FreeRTOS:Core:::10.2.0:
2023-12-31 15:56:00,695 [WARN] ModelIntegratedComponent:63 - No mode defined for component null
2023-12-31 15:56:00,695 [WARN] ModelIntegratedComponent:63 - No mode defined for component null
2023-12-31 15:56:00,695 [WARN] ModelIntegratedComponent:63 - No mode defined for component null
2023-12-31 15:56:00,695 [WARN] ModelIntegratedComponent:63 - No mode defined for component null
2023-12-31 15:56:00,695 [WARN] ModelIntegratedComponent:63 - No mode defined for component null
2023-12-31 15:56:00,695 [WARN] ModelIntegratedComponent:63 - No mode defined for component null
2023-12-31 15:56:00,695 [WARN] ModelIntegratedComponent:63 - No mode defined for component null
2023-12-31 15:56:00,695 [WARN] ModelIntegratedComponent:63 - No mode defined for component null
2023-12-31 15:56:00,695 [WARN] ModelIntegratedComponent:63 - No mode defined for component null
2023-12-31 15:56:00,695 [WARN] ModelIntegratedComponent:63 - No mode defined for component null
2023-12-31 15:56:00,695 [WARN] ModelIntegratedComponent:63 - No mode defined for component null
2023-12-31 15:56:00,695 [WARN] ModelIntegratedComponent:63 - No mode defined for component null
2023-12-31 15:56:00,695 [WARN] ModelIntegratedComponent:63 - No mode defined for component null
2023-12-31 15:56:00,695 [WARN] ModelIntegratedComponent:63 - No mode defined for component null
2023-12-31 15:56:00,695 [WARN] ModelIntegratedComponent:63 - No mode defined for component null
2023-12-31 15:56:00,695 [WARN] ModelIntegratedComponent:63 - No mode defined for component null
2023-12-31 15:56:00,695 [WARN] ModelIntegratedComponent:63 - No mode defined for component null
2023-12-31 15:56:00,695 [WARN] ModelIntegratedComponent:63 - No mode defined for component null
2023-12-31 15:56:00,695 [WARN] ModelIntegratedComponent:63 - No mode defined for component null
2023-12-31 15:56:00,695 [WARN] ModelIntegratedComponent:63 - No mode defined for component null
2023-12-31 15:56:00,695 [WARN] ModelIntegratedComponent:63 - No mode defined for component null
2023-12-31 15:56:00,695 [WARN] ModelIntegratedComponent:63 - No mode defined for component null
2023-12-31 15:56:00,695 [WARN] ModelIntegratedComponent:63 - No mode defined for component null
2023-12-31 15:56:00,696 [WARN] ModelIntegratedComponent:63 - No mode defined for component null
2023-12-31 15:56:00,696 [WARN] ModelIntegratedComponent:63 - No mode defined for component null
2023-12-31 15:56:00,696 [WARN] ModelIntegratedComponent:63 - No mode defined for component null
2023-12-31 15:56:00,696 [WARN] ModelIntegratedComponent:63 - No mode defined for component null
2023-12-31 15:56:00,696 [WARN] ModelIntegratedComponent:63 - No mode defined for component null
2023-12-31 15:56:00,696 [WARN] ModelIntegratedComponent:63 - No mode defined for component null
2023-12-31 15:56:00,696 [WARN] ModelIntegratedComponent:63 - No mode defined for component null
2023-12-31 15:56:00,696 [WARN] ModelIntegratedComponent:63 - No mode defined for component null
2023-12-31 15:56:00,696 [WARN] ModelIntegratedComponent:63 - No mode defined for component null
2023-12-31 15:56:00,696 [WARN] ModelIntegratedComponent:63 - No mode defined for component null
2023-12-31 15:56:00,749 [INFO] ThirdPartyModel:298 - Start build external matchings
2023-12-31 15:56:00,997 [INFO] ThirdPartyModel:316 - End build external matchings
2023-12-31 15:56:01,000 [INFO] ImportTextPane:194 - (OptionalMessage_ERROR) IP (DMA) : Parameter (Instance) has Id (ADC) currently not set
2023-12-31 15:56:01,000 [INFO] ImportTextPane:194 - (OptionalMessage_ERROR) IP (DMA) : Parameter (Direction) has Id (ADC) currently not set
2023-12-31 15:56:01,000 [INFO] ImportTextPane:194 - (OptionalMessage_ERROR) IP (DMA) : Parameter (PeriphInc) has Id (ADC) currently not set
2023-12-31 15:56:01,000 [INFO] ImportTextPane:194 - (OptionalMessage_ERROR) IP (DMA) : Parameter (MemInc) has Id (ADC) currently not set
2023-12-31 15:56:01,000 [INFO] ImportTextPane:194 - (OptionalMessage_ERROR) IP (DMA) : Parameter (PeriphDataAlignment) has Id (ADC) currently not set
2023-12-31 15:56:01,000 [INFO] ImportTextPane:194 - (OptionalMessage_ERROR) IP (DMA) : Parameter (MemDataAlignment) has Id (ADC) currently not set
2023-12-31 15:56:01,000 [INFO] ImportTextPane:194 - (OptionalMessage_ERROR) IP (DMA) : Parameter (Mode) has Id (ADC) currently not set
2023-12-31 15:56:01,000 [INFO] ImportTextPane:194 - (OptionalMessage_ERROR) IP (DMA) : Parameter (Priority) has Id (ADC) currently not set
2023-12-31 15:56:01,000 [INFO] ImportTextPane:194 - (OptionalMessage_ERROR) IP (RCC) : Invalid parameter (FamilyName)
2023-12-31 15:56:01,001 [INFO] ImportTextPane:194 - (OptionalMessage_ERROR) IP (RCC) : Invalid parameter (HSICECFreq_Value)
2023-12-31 15:56:01,131 [INFO] UtilMem:75 - End LoadConfig() Used Memory: 477725328 Bytes (951058432)
2023-12-31 15:56:01,200 [INFO] MicroXplorer:468 - Change Database Path : 
2023-12-31 15:56:01,201 [INFO] MicroXplorer:498 - Change Database Version : DB.6.0.100
2023-12-31 15:56:01,201 [WARN] ThirdParty:833 - waiting for thirdparty lock release [change project]
2023-12-31 15:56:01,201 [INFO] ThirdParty:835 - entering critical section [change project]
2023-12-31 15:56:01,201 [INFO] ThirdParty:1030 - CMSIS Pack Vendor :STMicroelectronics X-CUBE-ISPU 1.1.0
2023-12-31 15:56:01,201 [INFO] ThirdParty:1030 - CMSIS Pack Vendor :STMicroelectronics USBPD 4.1
2023-12-31 15:56:01,201 [INFO] ThirdParty:1030 - CMSIS Pack Vendor :STMicroelectronics X-CUBE-GNSS1 6.0.0
2023-12-31 15:56:01,201 [INFO] ThirdParty:1030 - CMSIS Pack Vendor :STMicroelectronics USB_HOST 2.0.0
2023-12-31 15:56:01,201 [INFO] ThirdParty:1030 - CMSIS Pack Vendor :STMicroelectronics X-CUBE-AZRTOS-F4 1.1.0
2023-12-31 15:56:01,201 [INFO] ThirdParty:1030 - CMSIS Pack Vendor :STMicroelectronics LIBJPEG 8.0.0
2023-12-31 15:56:01,201 [INFO] ThirdParty:1030 - CMSIS Pack Vendor :wolfSSL I-CUBE-wolfSSL 5.6.4
2023-12-31 15:56:01,201 [INFO] ThirdParty:1030 - CMSIS Pack Vendor :STMicroelectronics X-CUBE-SMBUS 2.1.0
2023-12-31 15:56:01,201 [INFO] ThirdParty:1030 - CMSIS Pack Vendor :STMicroelectronics USB_DEVICE 3.0.0
2023-12-31 15:56:01,201 [INFO] ThirdParty:1030 - CMSIS Pack Vendor :STMicroelectronics X-CUBE-AZRTOS-WB 2.0.0
2023-12-31 15:56:01,201 [INFO] ThirdParty:1030 - CMSIS Pack Vendor :STMicroelectronics X-CUBE-TOUCHGFX 4.23.0
2023-12-31 15:56:01,201 [INFO] ThirdParty:1030 - CMSIS Pack Vendor :STMicroelectronics X-CUBE-AZRTOS-F7 1.1.0
2023-12-31 15:56:01,201 [INFO] ThirdParty:1030 - CMSIS Pack Vendor :STMicroelectronics X-CUBE-AZRTOS-L5 2.0.0
2023-12-31 15:56:01,201 [INFO] ThirdParty:1030 - CMSIS Pack Vendor :STMicroelectronics USB_DEVICE 2.0.0
2023-12-31 15:56:01,201 [INFO] ThirdParty:1030 - CMSIS Pack Vendor :STMicroelectronics X-CUBE-EEPRMA1 4.2.0
2023-12-31 15:56:01,201 [INFO] ThirdParty:1030 - CMSIS Pack Vendor :ITTIA_DB I-CUBE-ITTIADB 8.8.0
2023-12-31 15:56:01,201 [INFO] ThirdParty:1030 - CMSIS Pack Vendor :STMicroelectronics FP-SNS-MOTENV1 4.3.2
2023-12-31 15:56:01,201 [INFO] ThirdParty:1030 - CMSIS Pack Vendor :STMicroelectronics X-CUBE-ALGOBUILD 1.3.0
2023-12-31 15:56:01,201 [INFO] ThirdParty:1030 - CMSIS Pack Vendor :STMicroelectronics FreeRTOS 0.0.1
2023-12-31 15:56:01,201 [INFO] ThirdParty:1030 - CMSIS Pack Vendor :STMicroelectronics X-CUBE-AZRTOS-G0 1.1.0
2023-12-31 15:56:01,201 [INFO] ThirdParty:1030 - CMSIS Pack Vendor :STMicroelectronics X-CUBE-NFC4 3.0.0
2023-12-31 15:56:01,201 [INFO] ThirdParty:1030 - CMSIS Pack Vendor :STMicroelectronics X-CUBE-SUBG2 5.0.0
2023-12-31 15:56:01,201 [INFO] ThirdParty:1030 - CMSIS Pack Vendor :STMicroelectronics STM32_WPAN 1.0.0
2023-12-31 15:56:01,201 [INFO] ThirdParty:1030 - CMSIS Pack Vendor :STMicroelectronics lwIP 2.0.3
2023-12-31 15:56:01,201 [INFO] ThirdParty:1030 - CMSIS Pack Vendor :STMicroelectronics FP-SNS-FLIGHT1 5.0.2
2023-12-31 15:56:01,201 [INFO] ThirdParty:1030 - CMSIS Pack Vendor :STMicroelectronics USB_HOST 1.0.0
2023-12-31 15:56:01,201 [INFO] ThirdParty:1030 - CMSIS Pack Vendor :STMicroelectronics X-CUBE-AZRTOS-G4 2.0.0
2023-12-31 15:56:01,201 [INFO] ThirdParty:1030 - CMSIS Pack Vendor :STMicroelectronics PDM2PCM 3.1.0
2023-12-31 15:56:01,201 [INFO] ThirdParty:1030 - CMSIS Pack Vendor :STMicroelectronics X-CUBE-AZRTOS-H7 3.1.0
2023-12-31 15:56:01,201 [INFO] ThirdParty:1030 - CMSIS Pack Vendor :Infineon AIROC-Wi-Fi-Bluetooth-STM32 1.5.1
2023-12-31 15:56:01,201 [INFO] ThirdParty:1030 - CMSIS Pack Vendor :STMicroelectronics X-CUBE-BLEMGR 3.0.0
2023-12-31 15:56:01,201 [INFO] ThirdParty:1030 - CMSIS Pack Vendor :STMicroelectronics PDM2PCM 3.3.0
2023-12-31 15:56:01,201 [INFO] ThirdParty:1030 - CMSIS Pack Vendor :STMicroelectronics X-CUBE-DISPLAY 3.0.0
2023-12-31 15:56:01,201 [INFO] ThirdParty:1030 - CMSIS Pack Vendor :STMicroelectronics FP-SNS-MOTENVWB1 1.3.1
2023-12-31 15:56:01,201 [INFO] ThirdParty:1030 - CMSIS Pack Vendor :STMicroelectronics X-CUBE-BLE1 7.0.0
2023-12-31 15:56:01,201 [INFO] ThirdParty:1030 - CMSIS Pack Vendor :STMicroelectronics FP-ATR-SIGFOX1 3.2.0
2023-12-31 15:56:01,201 [INFO] ThirdParty:1030 - CMSIS Pack Vendor :STMicroelectronics X-CUBE-ISPU 2.0.0
2023-12-31 15:56:01,201 [INFO] ThirdParty:1030 - CMSIS Pack Vendor :STMicroelectronics HAL Drivers 0.0.0
2023-12-31 15:56:01,201 [INFO] ThirdParty:1030 - CMSIS Pack Vendor :STMicroelectronics MBEDTLS 2.16.2
2023-12-31 15:56:01,201 [INFO] ThirdParty:1030 - CMSIS Pack Vendor :emotas I-CUBE-CANOPEN 1.3.0
2023-12-31 15:56:01,201 [INFO] ThirdParty:1030 - CMSIS Pack Vendor :STMicroelectronics X-CUBE-MEMS1 10.0.0
2023-12-31 15:56:01,201 [INFO] ThirdParty:1030 - CMSIS Pack Vendor :STMicroelectronics X-CUBE-FREERTOS 1.1.0
2023-12-31 15:56:01,201 [INFO] ThirdParty:1030 - CMSIS Pack Vendor :STMicroelectronics X-CUBE-NFC7 1.0.1
2023-12-31 15:56:01,201 [INFO] ThirdParty:1030 - CMSIS Pack Vendor :STMicroelectronics MBEDTLS 2.14.1
2023-12-31 15:56:01,201 [INFO] ThirdParty:1030 - CMSIS Pack Vendor :STMicroelectronics X-CUBE-TOUCHGFX 4.22.1
2023-12-31 15:56:01,201 [INFO] ThirdParty:1030 - CMSIS Pack Vendor :STMicroelectronics X-CUBE-NFC6 3.0.0
2023-12-31 15:56:01,201 [INFO] ThirdParty:1030 - CMSIS Pack Vendor :portGmbH I-Cube-SoM-uGOAL 1.1.0
2023-12-31 15:56:01,201 [INFO] ThirdParty:1030 - CMSIS Pack Vendor :STMicroelectronics X-CUBE-ALS 1.0.1
2023-12-31 15:56:01,201 [INFO] ThirdParty:1030 - CMSIS Pack Vendor :STMicroelectronics ThreadX 1.0.0
2023-12-31 15:56:01,201 [INFO] ThirdParty:1030 - CMSIS Pack Vendor :STMicroelectronics FP-SNS-SMARTAG2 1.2.0
2023-12-31 15:56:01,201 [INFO] ThirdParty:1030 - CMSIS Pack Vendor :STMicroelectronics X-CUBE-AZRTOS-WL 2.0.0
2023-12-31 15:56:01,201 [INFO] ThirdParty:1030 - CMSIS Pack Vendor :STMicroelectronics USB_DEVICE 1.0.0
2023-12-31 15:56:01,201 [INFO] ThirdParty:1030 - CMSIS Pack Vendor :STMicroelectronics X-CUBE-AI 8.1.0
2023-12-31 15:56:01,201 [INFO] ThirdParty:1030 - CMSIS Pack Vendor :STMicroelectronics X-CUBE-AZRTOS-L4 2.0.0
2023-12-31 15:56:01,201 [INFO] ThirdParty:1030 - CMSIS Pack Vendor :STMicroelectronics ThreadX 0.0.2
2023-12-31 15:56:01,201 [INFO] ThirdParty:1030 - CMSIS Pack Vendor :WES I-CUBE-Cesium 1.3.0
2023-12-31 15:56:01,201 [INFO] ThirdParty:1030 - CMSIS Pack Vendor :STMicroelectronics FP-ATR-ASTRA1 2.0.0
2023-12-31 15:56:01,201 [INFO] ThirdParty:1030 - CMSIS Pack Vendor :STMicroelectronics lwIP 2.1.2
2023-12-31 15:56:01,201 [INFO] ThirdParty:1030 - CMSIS Pack Vendor :STMicroelectronics X-CUBE-SFXS2LP1 4.0.0
2023-12-31 15:56:01,201 [INFO] ThirdParty:1030 - CMSIS Pack Vendor :STMicroelectronics X-CUBE-BLE2 3.3.0
2023-12-31 15:56:01,201 [INFO] ThirdParty:1030 - CMSIS Pack Vendor :STMicroelectronics X-CUBE-TOF1 3.4.0
2023-12-31 15:56:01,201 [INFO] ThirdParty:1030 - CMSIS Pack Vendor :STMicroelectronics X-CUBE-AZRTOS-H7 3.2.0
2023-12-31 15:56:01,201 [INFO] ThirdParty:1030 - CMSIS Pack Vendor :STMicroelectronics PDM2PCM 3.2.0
2023-12-31 15:56:01,202 [INFO] ThirdParty:841 - exiting critical section [change project]
2023-12-31 15:56:01,242 [INFO] PinOutPanel:1499 - setPackage(No Configuration,No Configuration)
2023-12-31 15:56:01,242 [INFO] PinOutPanel:1499 - setPackage(STM32F042F4Px,TSSOP20)
2023-12-31 15:56:01,776 [INFO] UtilMem:75 - Before build in PCC Used Memory: 359294464 Bytes (951058432)
2023-12-31 15:56:01,888 [INFO] UtilMem:75 - After build in PCC Used Memory: 402286080 Bytes (951058432)
2023-12-31 15:56:01,897 [INFO] IPUIPlugin:80 - create IPUIPlugin
2023-12-31 15:56:01,897 [INFO] IPUIPlugin:80 - create IPUIPlugin
2023-12-31 15:56:01,897 [INFO] IPUIPlugin:80 - create IPUIPlugin
2023-12-31 15:56:01,897 [INFO] IPUIPlugin:80 - create IPUIPlugin
2023-12-31 15:56:01,897 [INFO] IPUIPlugin:80 - create IPUIPlugin
2023-12-31 15:56:01,897 [INFO] IPUIPlugin:80 - create IPUIPlugin
2023-12-31 15:56:01,897 [INFO] IPUIPlugin:80 - create IPUIPlugin
2023-12-31 15:56:01,897 [INFO] IPUIPlugin:80 - create IPUIPlugin
2023-12-31 15:56:01,897 [INFO] IPUIPlugin:80 - create IPUIPlugin
2023-12-31 15:56:01,897 [INFO] IPUIPlugin:80 - create IPUIPlugin
2023-12-31 15:56:01,897 [INFO] IPUIPlugin:80 - create IPUIPlugin
2023-12-31 15:56:01,897 [INFO] IPUIPlugin:80 - create IPUIPlugin
2023-12-31 15:56:01,897 [INFO] IPUIPlugin:80 - create IPUIPlugin
2023-12-31 15:56:01,898 [INFO] IPUIPlugin:80 - create IPUIPlugin
2023-12-31 15:56:01,898 [INFO] IPUIPlugin:80 - create IPUIPlugin
2023-12-31 15:56:01,898 [INFO] IPUIPlugin:80 - create IPUIPlugin
2023-12-31 15:56:01,898 [INFO] IPUIPlugin:80 - create IPUIPlugin
2023-12-31 15:56:01,898 [INFO] IPUIPlugin:80 - create IPUIPlugin
2023-12-31 15:56:01,898 [INFO] IPUIPlugin:80 - create IPUIPlugin
2023-12-31 15:56:01,898 [INFO] IPUIPlugin:80 - create IPUIPlugin
2023-12-31 15:56:01,899 [INFO] IPUIPlugin:80 - create IPUIPlugin
2023-12-31 15:56:01,899 [INFO] IPUIPlugin:80 - create IPUIPlugin
2023-12-31 15:56:01,899 [INFO] IPUIPlugin:80 - create IPUIPlugin
2023-12-31 15:56:01,899 [INFO] IPUIPlugin:80 - create IPUIPlugin
2023-12-31 15:56:01,899 [INFO] IPUIPlugin:80 - create IPUIPlugin
2023-12-31 15:56:01,899 [INFO] IPUIPlugin:80 - create IPUIPlugin
2023-12-31 15:56:01,899 [INFO] IPUIPlugin:80 - create IPUIPlugin
2023-12-31 15:56:01,899 [INFO] IPUIPlugin:80 - create IPUIPlugin
2023-12-31 15:56:01,899 [INFO] IPUIPlugin:80 - create IPUIPlugin
2023-12-31 15:56:01,899 [INFO] IPUIPlugin:80 - create IPUIPlugin
2023-12-31 15:56:01,919 [INFO] CADModel:165 - CPN selected for project levelSTM32F042F4P6
2023-12-31 15:56:01,919 [INFO] CADModel:114 - Register for checkConnection events
2023-12-31 15:56:01,987 [INFO] OpenFileManager:343 - Restore cursor
2023-12-31 15:56:13,355 [INFO] Can:71 - Can Add PropertyChangeListener com.st.microxplorer.plugins.ip.can.Can@571a5104
2023-12-31 15:56:17,296 [INFO] NvicIntPanel:101 - NVIC parent = com.st.microxplorer.plugins.ip.nvic.MultiNvicIntPanel[,0,0,0x0,invalid,layout=javax.swing.BoxLayout,alignmentX=0.0,alignmentY=0.0,border=,flags=9,maximumSize=,minimumSize=,preferredSize=]
2023-12-31 15:56:25,617 [INFO] NvicIntPanel:101 - NVIC parent = com.st.microxplorer.plugins.ip.nvic.MultiNvicIntPanel[,0,0,0x0,invalid,layout=javax.swing.BoxLayout,alignmentX=0.0,alignmentY=0.0,border=,flags=9,maximumSize=,minimumSize=,preferredSize=]
2023-12-31 15:56:26,946 [INFO] NvicIntPanel:101 - NVIC parent = com.st.microxplorer.plugins.ip.nvic.MultiNvicIntPanel[,0,0,0x0,invalid,layout=javax.swing.BoxLayout,alignmentX=0.0,alignmentY=0.0,border=,flags=9,maximumSize=,minimumSize=,preferredSize=]
2023-12-31 15:56:29,850 [INFO] NvicIntPanel:101 - NVIC parent = com.st.microxplorer.plugins.ip.nvic.MultiNvicIntPanel[,0,0,0x0,invalid,layout=javax.swing.BoxLayout,alignmentX=0.0,alignmentY=0.0,border=,flags=9,maximumSize=,minimumSize=,preferredSize=]
2023-12-31 15:56:48,192 [INFO] NvicIntPanel:101 - NVIC parent = com.st.microxplorer.plugins.ip.nvic.MultiNvicIntPanel[,0,0,0x0,invalid,layout=javax.swing.BoxLayout,alignmentX=0.0,alignmentY=0.0,border=,flags=9,maximumSize=,minimumSize=,preferredSize=]
2023-12-31 15:57:01,595 [INFO] MainUpdater:2873 - connection check result : 10
2023-12-31 15:57:01,595 [INFO] MainUpdater:2873 - connection check result : 10
2023-12-31 15:57:01,626 [INFO] MicroXplorer:468 - Change Database Path : 
2023-12-31 15:57:01,626 [INFO] MicroXplorer:498 - Change Database Version : DB.6.0.100
2023-12-31 15:57:01,634 [ERROR] ProjectManagerView:394 - 
java.lang.NullPointerException: Cannot invoke "javax.swing.JTextField.getText()" because the return value of "java.util.List.get(int)" is null
	at com.st.microxplorer.plugins.projectmanager.gui.ProjectChoiceTab$10.caretUpdate(ProjectChoiceTab.java:2493) ~[filemanager.jar:?]
	at javax.swing.text.JTextComponent.fireCaretUpdate(JTextComponent.java:412) ~[?:?]
	at javax.swing.text.JTextComponent$MutableCaretEvent.fire(JTextComponent.java:4491) ~[?:?]
	at javax.swing.text.JTextComponent$MutableCaretEvent.stateChanged(JTextComponent.java:4513) ~[?:?]
	at javax.swing.text.DefaultCaret.fireStateChanged(DefaultCaret.java:842) ~[?:?]
	at javax.swing.text.DefaultCaret.changeCaretPosition(DefaultCaret.java:1313) ~[?:?]
	at javax.swing.text.DefaultCaret.handleSetDot(DefaultCaret.java:1212) ~[?:?]
	at javax.swing.text.DefaultCaret.setDot(DefaultCaret.java:1193) ~[?:?]
	at javax.swing.text.DefaultCaret$Handler.insertUpdate(DefaultCaret.java:1789) ~[?:?]
	at javax.swing.text.AbstractDocument.fireInsertUpdate(AbstractDocument.java:226) ~[?:?]
	at javax.swing.text.AbstractDocument.handleInsertString(AbstractDocument.java:780) ~[?:?]
	at javax.swing.text.AbstractDocument.insertString(AbstractDocument.java:739) ~[?:?]
	at javax.swing.text.PlainDocument.insertString(PlainDocument.java:131) ~[?:?]
	at javax.swing.text.AbstractDocument.replace(AbstractDocument.java:698) ~[?:?]
	at javax.swing.text.JTextComponent.setText(JTextComponent.java:1729) ~[?:?]
	at com.st.microxplorer.plugins.projectmanager.gui.ProjectChoiceTab.createHeapStackFields(ProjectChoiceTab.java:933) ~[filemanager.jar:?]
	at com.st.microxplorer.plugins.projectmanager.gui.ProjectChoiceTab.buildLinkSettingsPanel(ProjectChoiceTab.java:3426) ~[filemanager.jar:?]
	at com.st.microxplorer.plugins.projectmanager.gui.ProjectChoiceTab.defineWindowsFields(ProjectChoiceTab.java:1813) ~[filemanager.jar:?]
	at com.st.microxplorer.plugins.projectmanager.gui.ProjectChoiceTab.updateSettings(ProjectChoiceTab.java:533) ~[filemanager.jar:?]
	at com.st.microxplorer.plugins.projectmanager.gui.ProjectSettingsPanel.UpdateDialog(ProjectSettingsPanel.java:244) ~[filemanager.jar:?]
	at com.st.microxplorer.plugins.projectmanager.ProjectManagerView.propertyChange(ProjectManagerView.java:391) ~[filemanager.jar:?]
	at java.beans.PropertyChangeSupport.fire(PropertyChangeSupport.java:343) ~[?:?]
	at java.beans.PropertyChangeSupport.firePropertyChange(PropertyChangeSupport.java:335) ~[?:?]
	at java.beans.PropertyChangeSupport.firePropertyChange(PropertyChangeSupport.java:268) ~[?:?]
	at com.st.microxplorer.util.MXPropertyChangeSupport.firePropertyChange(MXPropertyChangeSupport.java:54) ~[STM32CubeMX.jar:?]
	at com.st.microxplorer.mxsystem.MxSystem.closeConfig(MxSystem.java:900) ~[STM32CubeMX.jar:?]
	at com.st.microxplorer.maingui.MainPanel.closeConfig(MainPanel.java:776) ~[STM32CubeMX.jar:?]
	at com.st.microxplorer.plugins.filemanager.engine.OpenFileManager.loadConfigurationFile(OpenFileManager.java:245) ~[filemanager.jar:?]
	at com.st.microxplorer.plugins.filemanager.engine.MainFileManager.userLoadConfig(MainFileManager.java:290) ~[filemanager.jar:?]
	at com.st.microxplorer.plugins.filemanager.FileManagerView.getSpecificTask(FileManagerView.java:247) ~[filemanager.jar:?]
	at com.st.stm32cube.common.mx.editor.CubeMxEditor.getMxTabbedPaneInstance(CubeMxEditor.java:1184) ~[com.st.stm32cube.common.mx_6.10.0.202311202037/:?]
	at com.st.stm32cube.common.mx.editor.CubeMxEditor$12$1.createSwingComponent(CubeMxEditor.java:1065) ~[com.st.stm32cube.common.mx_6.10.0.202311202037/:?]
	at com.st.stm32cube.common.mx.oss.core.awtswtbridge.EmbeddedSwingComposite.doComponentCreation(EmbeddedSwingComposite.java:492) ~[com.st.stm32cube.common.mx.oss_6.10.0.202311202037/:?]
	at com.st.stm32cube.common.mx.oss.core.awtswtbridge.EmbeddedSwingComposite$4.run(EmbeddedSwingComposite.java:291) ~[com.st.stm32cube.common.mx.oss_6.10.0.202311202037/:?]
	at com.st.stm32cube.common.mx.oss.core.awtswtbridge.AwtEnvironment$2.run(AwtEnvironment.java:166) ~[com.st.stm32cube.common.mx.oss_6.10.0.202311202037/:?]
	at java.awt.event.InvocationEvent.dispatch(InvocationEvent.java:318) ~[?:?]
	at java.awt.EventQueue.dispatchEventImpl(EventQueue.java:773) ~[?:?]
	at java.awt.EventQueue$4.run(EventQueue.java:720) ~[?:?]
	at java.awt.EventQueue$4.run(EventQueue.java:714) ~[?:?]
	at java.security.AccessController.doPrivileged(AccessController.java:399) ~[?:?]
	at java.security.ProtectionDomain$JavaSecurityAccessImpl.doIntersectionPrivilege(ProtectionDomain.java:86) ~[?:?]
	at java.awt.EventQueue.dispatchEvent(EventQueue.java:742) ~[?:?]
	at java.awt.EventDispatchThread.pumpOneEventForFilters(EventDispatchThread.java:203) ~[?:?]
	at java.awt.EventDispatchThread.pumpEventsForFilter(EventDispatchThread.java:124) ~[?:?]
	at java.awt.EventDispatchThread.pumpEventsForHierarchy(EventDispatchThread.java:113) ~[?:?]
	at java.awt.EventDispatchThread.pumpEvents(EventDispatchThread.java:109) ~[?:?]
	at java.awt.EventDispatchThread.pumpEvents(EventDispatchThread.java:101) ~[?:?]
	at java.awt.EventDispatchThread.run(EventDispatchThread.java:90) ~[?:?]
2023-12-31 15:57:01,634 [WARN] ThirdParty:871 - waiting for thirdparty lock release [close project]
2023-12-31 15:57:01,635 [INFO] ThirdParty:873 - entering critical section [close project]
2023-12-31 15:57:01,635 [INFO] ThirdParty:883 - exiting critical section [close project]
2023-12-31 15:57:01,636 [INFO] PinOutPanel:1499 - setPackage(No Configuration,No Configuration)
2023-12-31 15:57:01,637 [INFO] UtilMem:75 - Begin LoadConfig() Used Memory: 465368992 Bytes (951058432)
2023-12-31 15:57:01,638 [INFO] MicroXplorer:468 - Change Database Path : 
2023-12-31 15:57:01,638 [INFO] MicroXplorer:498 - Change Database Version : DB.6.0.100
2023-12-31 15:57:01,638 [INFO] OpenFileManager:312 - Change cursor
2023-12-31 15:57:01,643 [INFO] Mcu:2016 - Initializing MCU STM32F042F4Px STM32F042F4Px STM32F042F4P6
2023-12-31 15:57:02,064 [INFO] Context:659 - Trying to add GPIOservice into a context  which must be forbidden
2023-12-31 15:57:02,139 [INFO] RtosManager:555 - Registered RTOS mode: class=CMSIS, group=RTOS, mode=CMSIS_V1, owner=FREERTOS
2023-12-31 15:57:02,139 [INFO] RtosManager:555 - Registered RTOS mode: class=CMSIS, group=RTOS2, mode=CMSIS_V2, owner=FREERTOS
2023-12-31 15:57:02,139 [INFO] RtosManager:555 - Registered RTOS mode: class=RTOS, group=Core, mode=CMSIS_V1, owner=FREERTOS
2023-12-31 15:57:02,139 [INFO] RtosManager:555 - Registered RTOS mode: class=RTOS, group=Core, mode=CMSIS_V2, owner=FREERTOS
2023-12-31 15:57:02,139 [WARN] ModelIntegratedComponent:184 - Missing modes for component STMicroelectronics:FreeRTOS:0.0.1:STMicroelectronics:RTOS:FreeRTOS:Core:::10.2.0:
2023-12-31 15:57:02,142 [WARN] ModelIntegratedComponent:63 - No mode defined for component null
2023-12-31 15:57:02,142 [WARN] ModelIntegratedComponent:63 - No mode defined for component null
2023-12-31 15:57:02,143 [WARN] ModelIntegratedComponent:63 - No mode defined for component null
2023-12-31 15:57:02,143 [WARN] ModelIntegratedComponent:63 - No mode defined for component null
2023-12-31 15:57:02,143 [WARN] ModelIntegratedComponent:63 - No mode defined for component null
2023-12-31 15:57:02,143 [WARN] ModelIntegratedComponent:63 - No mode defined for component null
2023-12-31 15:57:02,143 [WARN] ModelIntegratedComponent:63 - No mode defined for component null
2023-12-31 15:57:02,143 [WARN] ModelIntegratedComponent:63 - No mode defined for component null
2023-12-31 15:57:02,143 [WARN] ModelIntegratedComponent:63 - No mode defined for component null
2023-12-31 15:57:02,143 [WARN] ModelIntegratedComponent:63 - No mode defined for component null
2023-12-31 15:57:02,143 [WARN] ModelIntegratedComponent:63 - No mode defined for component null
2023-12-31 15:57:02,143 [WARN] ModelIntegratedComponent:63 - No mode defined for component null
2023-12-31 15:57:02,143 [WARN] ModelIntegratedComponent:63 - No mode defined for component null
2023-12-31 15:57:02,143 [WARN] ModelIntegratedComponent:63 - No mode defined for component null
2023-12-31 15:57:02,143 [WARN] ModelIntegratedComponent:63 - No mode defined for component null
2023-12-31 15:57:02,143 [WARN] ModelIntegratedComponent:63 - No mode defined for component null
2023-12-31 15:57:02,143 [WARN] ModelIntegratedComponent:63 - No mode defined for component null
2023-12-31 15:57:02,143 [WARN] ModelIntegratedComponent:63 - No mode defined for component null
2023-12-31 15:57:02,143 [WARN] ModelIntegratedComponent:63 - No mode defined for component null
2023-12-31 15:57:02,143 [WARN] ModelIntegratedComponent:63 - No mode defined for component null
2023-12-31 15:57:02,143 [WARN] ModelIntegratedComponent:63 - No mode defined for component null
2023-12-31 15:57:02,143 [WARN] ModelIntegratedComponent:63 - No mode defined for component null
2023-12-31 15:57:02,143 [WARN] ModelIntegratedComponent:63 - No mode defined for component null
2023-12-31 15:57:02,143 [WARN] ModelIntegratedComponent:63 - No mode defined for component null
2023-12-31 15:57:02,143 [WARN] ModelIntegratedComponent:63 - No mode defined for component null
2023-12-31 15:57:02,143 [WARN] ModelIntegratedComponent:63 - No mode defined for component null
2023-12-31 15:57:02,143 [WARN] ModelIntegratedComponent:63 - No mode defined for component null
2023-12-31 15:57:02,143 [WARN] ModelIntegratedComponent:63 - No mode defined for component null
2023-12-31 15:57:02,143 [WARN] ModelIntegratedComponent:63 - No mode defined for component null
2023-12-31 15:57:02,143 [WARN] ModelIntegratedComponent:63 - No mode defined for component null
2023-12-31 15:57:02,143 [WARN] ModelIntegratedComponent:63 - No mode defined for component null
2023-12-31 15:57:02,143 [WARN] ModelIntegratedComponent:63 - No mode defined for component null
2023-12-31 15:57:02,143 [WARN] ModelIntegratedComponent:63 - No mode defined for component null
2023-12-31 15:57:02,207 [INFO] ThirdPartyModel:298 - Start build external matchings
2023-12-31 15:57:02,469 [INFO] ThirdPartyModel:316 - End build external matchings
2023-12-31 15:57:02,499 [INFO] ImportTextPane:194 - (OptionalMessage_ERROR) IP (DMA) : Parameter (Instance) has Id (ADC) currently not set
2023-12-31 15:57:02,499 [INFO] ImportTextPane:194 - (OptionalMessage_ERROR) IP (DMA) : Parameter (Direction) has Id (ADC) currently not set
2023-12-31 15:57:02,500 [INFO] ImportTextPane:194 - (OptionalMessage_ERROR) IP (DMA) : Parameter (PeriphInc) has Id (ADC) currently not set
2023-12-31 15:57:02,500 [INFO] ImportTextPane:194 - (OptionalMessage_ERROR) IP (DMA) : Parameter (MemInc) has Id (ADC) currently not set
2023-12-31 15:57:02,500 [INFO] ImportTextPane:194 - (OptionalMessage_ERROR) IP (DMA) : Parameter (PeriphDataAlignment) has Id (ADC) currently not set
2023-12-31 15:57:02,500 [INFO] ImportTextPane:194 - (OptionalMessage_ERROR) IP (DMA) : Parameter (MemDataAlignment) has Id (ADC) currently not set
2023-12-31 15:57:02,500 [INFO] ImportTextPane:194 - (OptionalMessage_ERROR) IP (DMA) : Parameter (Mode) has Id (ADC) currently not set
2023-12-31 15:57:02,500 [INFO] ImportTextPane:194 - (OptionalMessage_ERROR) IP (DMA) : Parameter (Priority) has Id (ADC) currently not set
2023-12-31 15:57:02,500 [INFO] ImportTextPane:194 - (OptionalMessage_ERROR) IP (RCC) : Invalid parameter (FamilyName)
2023-12-31 15:57:02,500 [INFO] ImportTextPane:194 - (OptionalMessage_ERROR) IP (RCC) : Invalid parameter (HSICECFreq_Value)
2023-12-31 15:57:02,646 [INFO] UtilMem:75 - End LoadConfig() Used Memory: 468688808 Bytes (951058432)
2023-12-31 15:57:02,725 [INFO] MicroXplorer:468 - Change Database Path : 
2023-12-31 15:57:02,725 [INFO] MicroXplorer:498 - Change Database Version : DB.6.0.100
2023-12-31 15:57:02,725 [WARN] ThirdParty:833 - waiting for thirdparty lock release [change project]
2023-12-31 15:57:02,725 [INFO] ThirdParty:835 - entering critical section [change project]
2023-12-31 15:57:02,725 [INFO] ThirdParty:1030 - CMSIS Pack Vendor :STMicroelectronics X-CUBE-ISPU 1.1.0
2023-12-31 15:57:02,725 [INFO] ThirdParty:1030 - CMSIS Pack Vendor :STMicroelectronics USBPD 4.1
2023-12-31 15:57:02,725 [INFO] ThirdParty:1030 - CMSIS Pack Vendor :STMicroelectronics X-CUBE-GNSS1 6.0.0
2023-12-31 15:57:02,725 [INFO] ThirdParty:1030 - CMSIS Pack Vendor :STMicroelectronics USB_HOST 2.0.0
2023-12-31 15:57:02,725 [INFO] ThirdParty:1030 - CMSIS Pack Vendor :STMicroelectronics X-CUBE-AZRTOS-F4 1.1.0
2023-12-31 15:57:02,725 [INFO] ThirdParty:1030 - CMSIS Pack Vendor :STMicroelectronics LIBJPEG 8.0.0
2023-12-31 15:57:02,725 [INFO] ThirdParty:1030 - CMSIS Pack Vendor :wolfSSL I-CUBE-wolfSSL 5.6.4
2023-12-31 15:57:02,725 [INFO] ThirdParty:1030 - CMSIS Pack Vendor :STMicroelectronics X-CUBE-SMBUS 2.1.0
2023-12-31 15:57:02,725 [INFO] ThirdParty:1030 - CMSIS Pack Vendor :STMicroelectronics USB_DEVICE 3.0.0
2023-12-31 15:57:02,725 [INFO] ThirdParty:1030 - CMSIS Pack Vendor :STMicroelectronics X-CUBE-AZRTOS-WB 2.0.0
2023-12-31 15:57:02,725 [INFO] ThirdParty:1030 - CMSIS Pack Vendor :STMicroelectronics X-CUBE-TOUCHGFX 4.23.0
2023-12-31 15:57:02,725 [INFO] ThirdParty:1030 - CMSIS Pack Vendor :STMicroelectronics X-CUBE-AZRTOS-F7 1.1.0
2023-12-31 15:57:02,725 [INFO] ThirdParty:1030 - CMSIS Pack Vendor :STMicroelectronics X-CUBE-AZRTOS-L5 2.0.0
2023-12-31 15:57:02,725 [INFO] ThirdParty:1030 - CMSIS Pack Vendor :STMicroelectronics USB_DEVICE 2.0.0
2023-12-31 15:57:02,725 [INFO] ThirdParty:1030 - CMSIS Pack Vendor :STMicroelectronics X-CUBE-EEPRMA1 4.2.0
2023-12-31 15:57:02,725 [INFO] ThirdParty:1030 - CMSIS Pack Vendor :ITTIA_DB I-CUBE-ITTIADB 8.8.0
2023-12-31 15:57:02,725 [INFO] ThirdParty:1030 - CMSIS Pack Vendor :STMicroelectronics FP-SNS-MOTENV1 4.3.2
2023-12-31 15:57:02,725 [INFO] ThirdParty:1030 - CMSIS Pack Vendor :STMicroelectronics X-CUBE-ALGOBUILD 1.3.0
2023-12-31 15:57:02,725 [INFO] ThirdParty:1030 - CMSIS Pack Vendor :STMicroelectronics FreeRTOS 0.0.1
2023-12-31 15:57:02,725 [INFO] ThirdParty:1030 - CMSIS Pack Vendor :STMicroelectronics X-CUBE-AZRTOS-G0 1.1.0
2023-12-31 15:57:02,725 [INFO] ThirdParty:1030 - CMSIS Pack Vendor :STMicroelectronics X-CUBE-NFC4 3.0.0
2023-12-31 15:57:02,725 [INFO] ThirdParty:1030 - CMSIS Pack Vendor :STMicroelectronics X-CUBE-SUBG2 5.0.0
2023-12-31 15:57:02,725 [INFO] ThirdParty:1030 - CMSIS Pack Vendor :STMicroelectronics STM32_WPAN 1.0.0
2023-12-31 15:57:02,725 [INFO] ThirdParty:1030 - CMSIS Pack Vendor :STMicroelectronics lwIP 2.0.3
2023-12-31 15:57:02,725 [INFO] ThirdParty:1030 - CMSIS Pack Vendor :STMicroelectronics FP-SNS-FLIGHT1 5.0.2
2023-12-31 15:57:02,725 [INFO] ThirdParty:1030 - CMSIS Pack Vendor :STMicroelectronics USB_HOST 1.0.0
2023-12-31 15:57:02,725 [INFO] ThirdParty:1030 - CMSIS Pack Vendor :STMicroelectronics X-CUBE-AZRTOS-G4 2.0.0
2023-12-31 15:57:02,725 [INFO] ThirdParty:1030 - CMSIS Pack Vendor :STMicroelectronics PDM2PCM 3.1.0
2023-12-31 15:57:02,725 [INFO] ThirdParty:1030 - CMSIS Pack Vendor :STMicroelectronics X-CUBE-AZRTOS-H7 3.1.0
2023-12-31 15:57:02,725 [INFO] ThirdParty:1030 - CMSIS Pack Vendor :Infineon AIROC-Wi-Fi-Bluetooth-STM32 1.5.1
2023-12-31 15:57:02,725 [INFO] ThirdParty:1030 - CMSIS Pack Vendor :STMicroelectronics X-CUBE-BLEMGR 3.0.0
2023-12-31 15:57:02,725 [INFO] ThirdParty:1030 - CMSIS Pack Vendor :STMicroelectronics PDM2PCM 3.3.0
2023-12-31 15:57:02,725 [INFO] ThirdParty:1030 - CMSIS Pack Vendor :STMicroelectronics X-CUBE-DISPLAY 3.0.0
2023-12-31 15:57:02,725 [INFO] ThirdParty:1030 - CMSIS Pack Vendor :STMicroelectronics FP-SNS-MOTENVWB1 1.3.1
2023-12-31 15:57:02,725 [INFO] ThirdParty:1030 - CMSIS Pack Vendor :STMicroelectronics X-CUBE-BLE1 7.0.0
2023-12-31 15:57:02,725 [INFO] ThirdParty:1030 - CMSIS Pack Vendor :STMicroelectronics FP-ATR-SIGFOX1 3.2.0
2023-12-31 15:57:02,725 [INFO] ThirdParty:1030 - CMSIS Pack Vendor :STMicroelectronics X-CUBE-ISPU 2.0.0
2023-12-31 15:57:02,725 [INFO] ThirdParty:1030 - CMSIS Pack Vendor :STMicroelectronics HAL Drivers 0.0.0
2023-12-31 15:57:02,725 [INFO] ThirdParty:1030 - CMSIS Pack Vendor :STMicroelectronics MBEDTLS 2.16.2
2023-12-31 15:57:02,725 [INFO] ThirdParty:1030 - CMSIS Pack Vendor :emotas I-CUBE-CANOPEN 1.3.0
2023-12-31 15:57:02,725 [INFO] ThirdParty:1030 - CMSIS Pack Vendor :STMicroelectronics X-CUBE-MEMS1 10.0.0
2023-12-31 15:57:02,725 [INFO] ThirdParty:1030 - CMSIS Pack Vendor :STMicroelectronics X-CUBE-FREERTOS 1.1.0
2023-12-31 15:57:02,725 [INFO] ThirdParty:1030 - CMSIS Pack Vendor :STMicroelectronics X-CUBE-NFC7 1.0.1
2023-12-31 15:57:02,725 [INFO] ThirdParty:1030 - CMSIS Pack Vendor :STMicroelectronics MBEDTLS 2.14.1
2023-12-31 15:57:02,725 [INFO] ThirdParty:1030 - CMSIS Pack Vendor :STMicroelectronics X-CUBE-TOUCHGFX 4.22.1
2023-12-31 15:57:02,725 [INFO] ThirdParty:1030 - CMSIS Pack Vendor :STMicroelectronics X-CUBE-NFC6 3.0.0
2023-12-31 15:57:02,725 [INFO] ThirdParty:1030 - CMSIS Pack Vendor :portGmbH I-Cube-SoM-uGOAL 1.1.0
2023-12-31 15:57:02,725 [INFO] ThirdParty:1030 - CMSIS Pack Vendor :STMicroelectronics X-CUBE-ALS 1.0.1
2023-12-31 15:57:02,725 [INFO] ThirdParty:1030 - CMSIS Pack Vendor :STMicroelectronics ThreadX 1.0.0
2023-12-31 15:57:02,725 [INFO] ThirdParty:1030 - CMSIS Pack Vendor :STMicroelectronics FP-SNS-SMARTAG2 1.2.0
2023-12-31 15:57:02,725 [INFO] ThirdParty:1030 - CMSIS Pack Vendor :STMicroelectronics X-CUBE-AZRTOS-WL 2.0.0
2023-12-31 15:57:02,725 [INFO] ThirdParty:1030 - CMSIS Pack Vendor :STMicroelectronics USB_DEVICE 1.0.0
2023-12-31 15:57:02,725 [INFO] ThirdParty:1030 - CMSIS Pack Vendor :STMicroelectronics X-CUBE-AI 8.1.0
2023-12-31 15:57:02,725 [INFO] ThirdParty:1030 - CMSIS Pack Vendor :STMicroelectronics X-CUBE-AZRTOS-L4 2.0.0
2023-12-31 15:57:02,725 [INFO] ThirdParty:1030 - CMSIS Pack Vendor :STMicroelectronics ThreadX 0.0.2
2023-12-31 15:57:02,725 [INFO] ThirdParty:1030 - CMSIS Pack Vendor :WES I-CUBE-Cesium 1.3.0
2023-12-31 15:57:02,726 [INFO] ThirdParty:1030 - CMSIS Pack Vendor :STMicroelectronics FP-ATR-ASTRA1 2.0.0
2023-12-31 15:57:02,726 [INFO] ThirdParty:1030 - CMSIS Pack Vendor :STMicroelectronics lwIP 2.1.2
2023-12-31 15:57:02,726 [INFO] ThirdParty:1030 - CMSIS Pack Vendor :STMicroelectronics X-CUBE-SFXS2LP1 4.0.0
2023-12-31 15:57:02,726 [INFO] ThirdParty:1030 - CMSIS Pack Vendor :STMicroelectronics X-CUBE-BLE2 3.3.0
2023-12-31 15:57:02,726 [INFO] ThirdParty:1030 - CMSIS Pack Vendor :STMicroelectronics X-CUBE-TOF1 3.4.0
2023-12-31 15:57:02,726 [INFO] ThirdParty:1030 - CMSIS Pack Vendor :STMicroelectronics X-CUBE-AZRTOS-H7 3.2.0
2023-12-31 15:57:02,726 [INFO] ThirdParty:1030 - CMSIS Pack Vendor :STMicroelectronics PDM2PCM 3.2.0
2023-12-31 15:57:02,726 [INFO] ThirdParty:841 - exiting critical section [change project]
2023-12-31 15:57:02,764 [INFO] PinOutPanel:1499 - setPackage(No Configuration,No Configuration)
2023-12-31 15:57:02,764 [INFO] PinOutPanel:1499 - setPackage(STM32F042F4Px,TSSOP20)
2023-12-31 15:57:03,249 [INFO] UtilMem:75 - Before build in PCC Used Memory: 600523296 Bytes (951058432)
2023-12-31 15:57:03,350 [INFO] UtilMem:75 - After build in PCC Used Memory: 643514888 Bytes (951058432)
2023-12-31 15:57:03,360 [INFO] IPUIPlugin:80 - create IPUIPlugin
2023-12-31 15:57:03,360 [INFO] IPUIPlugin:80 - create IPUIPlugin
2023-12-31 15:57:03,360 [INFO] IPUIPlugin:80 - create IPUIPlugin
2023-12-31 15:57:03,360 [INFO] IPUIPlugin:80 - create IPUIPlugin
2023-12-31 15:57:03,360 [INFO] IPUIPlugin:80 - create IPUIPlugin
2023-12-31 15:57:03,360 [INFO] IPUIPlugin:80 - create IPUIPlugin
2023-12-31 15:57:03,360 [INFO] IPUIPlugin:80 - create IPUIPlugin
2023-12-31 15:57:03,360 [INFO] IPUIPlugin:80 - create IPUIPlugin
2023-12-31 15:57:03,360 [INFO] IPUIPlugin:80 - create IPUIPlugin
2023-12-31 15:57:03,360 [INFO] IPUIPlugin:80 - create IPUIPlugin
2023-12-31 15:57:03,360 [INFO] IPUIPlugin:80 - create IPUIPlugin
2023-12-31 15:57:03,361 [INFO] IPUIPlugin:80 - create IPUIPlugin
2023-12-31 15:57:03,361 [INFO] IPUIPlugin:80 - create IPUIPlugin
2023-12-31 15:57:03,361 [INFO] IPUIPlugin:80 - create IPUIPlugin
2023-12-31 15:57:03,361 [INFO] IPUIPlugin:80 - create IPUIPlugin
2023-12-31 15:57:03,361 [INFO] IPUIPlugin:80 - create IPUIPlugin
2023-12-31 15:57:03,361 [INFO] IPUIPlugin:80 - create IPUIPlugin
2023-12-31 15:57:03,361 [INFO] IPUIPlugin:80 - create IPUIPlugin
2023-12-31 15:57:03,361 [INFO] IPUIPlugin:80 - create IPUIPlugin
2023-12-31 15:57:03,361 [INFO] IPUIPlugin:80 - create IPUIPlugin
2023-12-31 15:57:03,362 [INFO] IPUIPlugin:80 - create IPUIPlugin
2023-12-31 15:57:03,362 [INFO] IPUIPlugin:80 - create IPUIPlugin
2023-12-31 15:57:03,362 [INFO] IPUIPlugin:80 - create IPUIPlugin
2023-12-31 15:57:03,362 [INFO] IPUIPlugin:80 - create IPUIPlugin
2023-12-31 15:57:03,362 [INFO] IPUIPlugin:80 - create IPUIPlugin
2023-12-31 15:57:03,362 [INFO] IPUIPlugin:80 - create IPUIPlugin
2023-12-31 15:57:03,362 [INFO] IPUIPlugin:80 - create IPUIPlugin
2023-12-31 15:57:03,362 [INFO] IPUIPlugin:80 - create IPUIPlugin
2023-12-31 15:57:03,362 [INFO] IPUIPlugin:80 - create IPUIPlugin
2023-12-31 15:57:03,363 [INFO] IPUIPlugin:80 - create IPUIPlugin
2023-12-31 15:57:03,363 [INFO] Can:71 - Can Add PropertyChangeListener com.st.microxplorer.plugins.ip.can.Can@4833021d
2023-12-31 15:57:03,382 [INFO] CADModel:165 - CPN selected for project levelSTM32F042F4P6
2023-12-31 15:57:03,382 [INFO] CADModel:114 - Register for checkConnection events
2023-12-31 15:57:03,449 [INFO] OpenFileManager:343 - Restore cursor
2023-12-31 15:57:43,341 [INFO] NvicIntPanel:101 - NVIC parent = com.st.microxplorer.plugins.ip.nvic.MultiNvicIntPanel[,0,0,450x118,layout=javax.swing.BoxLayout,alignmentX=0.0,alignmentY=0.0,border=,flags=9,maximumSize=,minimumSize=,preferredSize=]
2023-12-31 17:42:31,546 [ERROR] LogOutputStream:75 - [STDERR_REDIRECT] 
