2024-01-04 00:33:59,479 [INFO] LogOutputStream:77 - [STDOUT_REDIRECT] 
2024-01-04 00:34:01,525 [INFO] ProjectBuilder:4747 - Time for Generating toolchain IDE Files: 3870mS.
2024-01-04 00:34:01,527 [INFO] ProjectBuilder:2947 - Time for Copy CMSIS : 1mS.
2024-01-04 00:34:01,531 [INFO] ProjectBuilder:2947 - Time for Copy CMSIS : 0mS.
2024-01-04 00:58:34,924 [ERROR] LogOutputStream:75 - [STDERR_REDIRECT] 
2024-01-04 00:58:34,925 [ERROR] LogOutputStream:75 - [STDERR_REDIRECT] 
2024-01-04 01:06:14,439 [INFO] Activator:176 - 


2024-01-04 01:06:14,441 [INFO] Activator:177 - !SESSION log4j initialized
2024-01-04 01:06:22,414 [INFO] LogOutputStream:77 - [STDOUT_REDIRECT] 
2024-01-04 01:06:23,589 [INFO] ApplicationProperties:184 - Using Application install path: C:\ST\STM32CubeIDE_1.13.2\STM32CubeIDE\plugins\com.st.stm32cube.common.mx_6.10.0.202311202037
2024-01-04 01:06:23,611 [INFO] DbMcusXml:78 - Set database path to: C:\ST\STM32CubeIDE_1.13.2\STM32CubeIDE\plugins\com.st.stm32cube.common.mx_6.10.0.202311202037\\db\/mcu/
2024-01-04 01:06:23,611 [INFO] ApiDb:274 - Set plugin database path to: C:\ST\STM32CubeIDE_1.13.2\STM32CubeIDE\plugins\com.st.stm32cube.common.mx_6.10.0.202311202037\\db\/plugins/boardmanager/
2024-01-04 01:06:23,612 [WARN] ApiDb:259 - Overriding images path with different value:  => C:\ST\STM32CubeIDE_1.13.2\STM32CubeIDE\plugins\com.st.stm32cube.common.mx_6.10.0.202311202037\\db\/plugins/mcufinder/images/
2024-01-04 01:06:23,623 [INFO] ApiDb:250 - Set database path to: C:\Users\aleja\.stmcufinder\plugins\mcufinder//mcu/
2024-01-04 01:06:23,624 [INFO] DbMcusAds:125 - Set database path to: C:\Users\aleja\.stmcufinder\plugins\mcufinder//mcu/
2024-01-04 01:06:23,626 [INFO] CrossReferenceDbSqlite:203 - Set database path to: C:\Users\aleja\.stmcufinder\plugins\mcufinder//mcu/cs/
2024-01-04 01:06:23,795 [INFO] RulesReader:64 - Compatibility file has been processed (297 Rules)
2024-01-04 01:06:23,903 [INFO] DbMcusXml:78 - Set database path to: C:\ST\STM32CubeIDE_1.13.2\STM32CubeIDE\plugins\com.st.stm32cube.common.mx_6.10.0.202311202037\\db\/mcu/
2024-01-04 01:06:23,903 [INFO] ApiDb:274 - Set plugin database path to: C:\ST\STM32CubeIDE_1.13.2\STM32CubeIDE\plugins\com.st.stm32cube.common.mx_6.10.0.202311202037\\db\/plugins/boardmanager/
2024-01-04 01:06:23,904 [INFO] ApiDb:261 - Set plugin images path to: C:\ST\STM32CubeIDE_1.13.2\STM32CubeIDE\plugins\com.st.stm32cube.common.mx_6.10.0.202311202037\\db\/plugins/mcufinder/images/
2024-01-04 01:06:23,904 [WARN] DbFile:41 - Overriding database path with different value: C:\Users\aleja\.stmcufinder\plugins\mcufinder/ => C:\Users\aleja\.stmcufinder\plugins\mcufinder
2024-01-04 01:06:23,904 [INFO] ApiDb:250 - Set database path to: C:\Users\aleja\.stmcufinder\plugins\mcufinder//mcu/
2024-01-04 01:06:23,904 [WARN] DbFile:41 - Overriding database path with different value: C:\Users\aleja\.stmcufinder\plugins\mcufinder/ => C:\Users\aleja\.stmcufinder\plugins\mcufinder
2024-01-04 01:06:23,904 [INFO] DbMcusAds:125 - Set database path to: C:\Users\aleja\.stmcufinder\plugins\mcufinder//mcu/
2024-01-04 01:06:23,905 [WARN] DbFile:41 - Overriding database path with different value: C:\Users\aleja\.stmcufinder\plugins\mcufinder/ => C:\Users\aleja\.stmcufinder\plugins\mcufinder
2024-01-04 01:06:23,905 [WARN] DbFile:41 - Overriding database path with different value: C:\Users\aleja\.stmcufinder\plugins\mcufinder/ => C:\Users\aleja\.stmcufinder\plugins\mcufinder
2024-01-04 01:06:23,905 [INFO] CrossReferenceDbSqlite:203 - Set database path to: C:\Users\aleja\.stmcufinder\plugins\mcufinder//mcu/cs/
2024-01-04 01:06:24,017 [INFO] MainPanel:264 - HeapMemory: 268435456
2024-01-04 01:06:24,176 [INFO] DbMcusXml:78 - Set database path to: C:\ST\STM32CubeIDE_1.13.2\STM32CubeIDE\plugins\com.st.stm32cube.common.mx_6.10.0.202311202037\\db\/mcu/
2024-01-04 01:06:24,176 [INFO] ApiDb:274 - Set plugin database path to: C:\ST\STM32CubeIDE_1.13.2\STM32CubeIDE\plugins\com.st.stm32cube.common.mx_6.10.0.202311202037\\db\/plugins/boardmanager/
2024-01-04 01:06:24,177 [INFO] ApiDb:261 - Set plugin images path to: C:\ST\STM32CubeIDE_1.13.2\STM32CubeIDE\plugins\com.st.stm32cube.common.mx_6.10.0.202311202037\\db\/plugins/mcufinder/images/
2024-01-04 01:06:24,179 [WARN] DbFile:41 - Overriding database path with different value: C:\Users\aleja\.stmcufinder\plugins\mcufinder/ => C:\Users\aleja\.stmcufinder\plugins\mcufinder
2024-01-04 01:06:24,179 [INFO] ApiDb:250 - Set database path to: C:\Users\aleja\.stmcufinder\plugins\mcufinder//mcu/
2024-01-04 01:06:24,179 [WARN] DbFile:41 - Overriding database path with different value: C:\Users\aleja\.stmcufinder\plugins\mcufinder/ => C:\Users\aleja\.stmcufinder\plugins\mcufinder
2024-01-04 01:06:24,179 [INFO] DbMcusAds:125 - Set database path to: C:\Users\aleja\.stmcufinder\plugins\mcufinder//mcu/
2024-01-04 01:06:24,179 [WARN] DbFile:41 - Overriding database path with different value: C:\Users\aleja\.stmcufinder\plugins\mcufinder/ => C:\Users\aleja\.stmcufinder\plugins\mcufinder
2024-01-04 01:06:24,180 [WARN] DbFile:41 - Overriding database path with different value: C:\Users\aleja\.stmcufinder\plugins\mcufinder/ => C:\Users\aleja\.stmcufinder\plugins\mcufinder
2024-01-04 01:06:24,180 [INFO] CrossReferenceDbSqlite:203 - Set database path to: C:\Users\aleja\.stmcufinder\plugins\mcufinder//mcu/cs/
2024-01-04 01:06:24,218 [INFO] ApplicationProperties:184 - Using Application install path: C:\ST\STM32CubeIDE_1.13.2\STM32CubeIDE\plugins\com.st.stm32cube.common.mx_6.10.0.202311202037
2024-01-04 01:06:24,221 [INFO] PluginManage:196 - Search for loadable plugins [exclusion list=, ]
2024-01-04 01:06:24,224 [INFO] PluginManage:310 - Check plugin analytics
2024-01-04 01:06:24,504 [INFO] AnalyticsPlugin:253 - Accepted Software Licenses: 
2024-01-04 01:06:24,505 [INFO] AnalyticsPlugin:255 - Accepted CMSIS Pack Licenses: 
2024-01-04 01:06:24,505 [INFO] AnalyticsPlugin:257 - Accepted Firmware Licenses: 
2024-01-04 01:06:24,506 [INFO] PluginManage:359 - Loaded plugin analytics (category:tool,tabindex:-1)
2024-01-04 01:06:24,506 [INFO] PluginManage:310 - Check plugin cadmodel
2024-01-04 01:06:24,515 [INFO] CADModel:105 - Init CAD model plugin
2024-01-04 01:06:24,515 [INFO] PluginManage:359 - Loaded plugin cadmodel (category:power,tabindex:5)
2024-01-04 01:06:24,516 [INFO] PluginManage:310 - Check plugin clock
2024-01-04 01:06:24,534 [INFO] PluginManage:359 - Loaded plugin clock (category:base,tabindex:2)
2024-01-04 01:06:24,535 [INFO] PluginManage:310 - Check plugin ddr
2024-01-04 01:06:24,540 [INFO] PluginManage:359 - Loaded plugin ddr (category:tool,tabindex:6)
2024-01-04 01:06:24,540 [INFO] PluginManage:310 - Check plugin filemanager
2024-01-04 01:06:24,758 [INFO] PluginManage:359 - Loaded plugin filemanager (category:base,tabindex:10)
2024-01-04 01:06:24,758 [INFO] PluginManage:310 - Check plugin ipmanager
2024-01-04 01:06:24,769 [INFO] PluginManage:359 - Loaded plugin ipmanager (category:base,tabindex:5)
2024-01-04 01:06:24,769 [INFO] PluginManage:310 - Check plugin lpbam
2024-01-04 01:06:24,781 [INFO] PluginManage:359 - Loaded plugin lpbam (category:base,tabindex:0)
2024-01-04 01:06:24,782 [INFO] PluginManage:310 - Check plugin memorymap
2024-01-04 01:06:24,801 [INFO] PluginManage:359 - Loaded plugin memorymap (category:base,tabindex:4)
2024-01-04 01:06:24,801 [INFO] PluginManage:310 - Check plugin pinoutandconfiguration
2024-01-04 01:06:24,813 [INFO] PluginManage:359 - Loaded plugin pinoutandconfiguration (category:base,tabindex:1)
2024-01-04 01:06:24,813 [INFO] PluginManage:310 - Check plugin pinoutconfig
2024-01-04 01:06:24,945 [WARN] SupportedApi:132 - Cannot load RTOS API schema: s4s-elt-must-match.1: The content of 'definitions' must match (annotation?, (simpleType | complexType)?, (unique | key | keyref)*)). A problem was found starting at: attribute.
2024-01-04 01:06:25,157 [INFO] PluginManage:359 - Loaded plugin pinoutconfig (category:base,tabindex:0)
2024-01-04 01:06:25,157 [INFO] PluginManage:310 - Check plugin power
2024-01-04 01:06:25,176 [INFO] PluginManage:359 - Loaded plugin power (category:power,tabindex:4)
2024-01-04 01:06:25,176 [INFO] PluginManage:310 - Check plugin projectmanager
2024-01-04 01:06:25,204 [INFO] PluginManage:359 - Loaded plugin projectmanager (category:projectmanager,tabindex:3)
2024-01-04 01:06:25,206 [INFO] PluginManage:310 - Check plugin thirdparty
2024-01-04 01:06:25,392 [INFO] PluginManage:359 - Loaded plugin thirdparty (category:base,tabindex:-1)
2024-01-04 01:06:25,392 [WARN] IntegrityCheckThread:84 - waiting for thirdparty lock release [integrity check]
2024-01-04 01:06:25,392 [INFO] PluginManage:310 - Check plugin tools
2024-01-04 01:06:25,393 [INFO] IntegrityCheckThread:86 - entering critical section [integrity check]
2024-01-04 01:06:25,394 [INFO] ThirdPartyUpdaterWithRetryManager:70 - Updater plugin not ready yet. [1/15]
2024-01-04 01:06:25,397 [INFO] PluginManage:359 - Loaded plugin tools (category:base,tabindex:7)
2024-01-04 01:06:25,397 [INFO] PluginManage:310 - Check plugin tutovideos
2024-01-04 01:06:25,721 [INFO] PluginManage:359 - Loaded plugin tutovideos (category:base,tabindex:-1)
2024-01-04 01:06:25,722 [INFO] PluginManage:310 - Check plugin updater
2024-01-04 01:06:25,741 [INFO] PluginManage:359 - Loaded plugin updater (category:base,tabindex:12)
2024-01-04 01:06:25,742 [INFO] PluginManage:310 - Check plugin userauth
2024-01-04 01:06:25,751 [INFO] UserAuth:114 - Init User Auth plugin
2024-01-04 01:06:25,752 [INFO] PluginManage:359 - Loaded plugin userauth (category:base,tabindex:14)
2024-01-04 01:06:25,752 [INFO] PluginManage:283 - PluginManage : Loaded plugins [17]
2024-01-04 01:06:26,088 [INFO] PinOutPanel:1499 - setPackage(No Configuration,No Configuration)
2024-01-04 01:06:26,217 [INFO] CADModel:165 - CPN selected for project level
2024-01-04 01:06:26,217 [INFO] CADModel:114 - Register for checkConnection events
2024-01-04 01:06:26,253 [INFO] IPUIPlugin:80 - create IPUIPlugin
2024-01-04 01:06:26,253 [INFO] PluginManager:220 - loadIPPluginJar : add adc
2024-01-04 01:06:26,258 [INFO] IPUIPlugin:80 - create IPUIPlugin
2024-01-04 01:06:26,259 [INFO] PluginManager:220 - loadIPPluginJar : add aes
2024-01-04 01:06:26,264 [INFO] IPUIPlugin:80 - create IPUIPlugin
2024-01-04 01:06:26,264 [INFO] PluginManager:220 - loadIPPluginJar : add can
2024-01-04 01:06:26,268 [INFO] IPUIPlugin:80 - create IPUIPlugin
2024-01-04 01:06:26,269 [INFO] PluginManager:220 - loadIPPluginJar : add comp
2024-01-04 01:06:26,274 [INFO] IPUIPlugin:80 - create IPUIPlugin
2024-01-04 01:06:26,274 [INFO] PluginManager:220 - loadIPPluginJar : add cryp
2024-01-04 01:06:26,280 [INFO] IPUIPlugin:80 - create IPUIPlugin
2024-01-04 01:06:26,280 [INFO] PluginManager:220 - loadIPPluginJar : add dfsdm
2024-01-04 01:06:26,291 [INFO] IPUIPlugin:80 - create IPUIPlugin
2024-01-04 01:06:26,292 [INFO] PluginManager:220 - loadIPPluginJar : add dma
2024-01-04 01:06:26,297 [INFO] IPUIPlugin:80 - create IPUIPlugin
2024-01-04 01:06:26,297 [INFO] PluginManager:220 - loadIPPluginJar : add dma3
2024-01-04 01:06:26,300 [INFO] IPUIPlugin:80 - create IPUIPlugin
2024-01-04 01:06:26,300 [INFO] PluginManager:220 - loadIPPluginJar : add fatfs
2024-01-04 01:06:26,309 [INFO] IPUIPlugin:80 - create IPUIPlugin
2024-01-04 01:06:26,309 [INFO] PluginManager:220 - loadIPPluginJar : add fmc
2024-01-04 01:06:26,320 [INFO] IPUIPlugin:80 - create IPUIPlugin
2024-01-04 01:06:26,320 [INFO] PluginManager:220 - loadIPPluginJar : add freertos
2024-01-04 01:06:26,323 [INFO] IPUIPlugin:80 - create IPUIPlugin
2024-01-04 01:06:26,323 [INFO] PluginManager:220 - loadIPPluginJar : add genericplugin
2024-01-04 01:06:26,328 [INFO] IPUIPlugin:80 - create IPUIPlugin
2024-01-04 01:06:26,328 [INFO] PluginManager:220 - loadIPPluginJar : add gfxmmu
2024-01-04 01:06:26,340 [INFO] IPUIPlugin:80 - create IPUIPlugin
2024-01-04 01:06:26,340 [INFO] PluginManager:220 - loadIPPluginJar : add gic
2024-01-04 01:06:26,340 [INFO] McuFinderGlobals:63 - Set McuFinder mode to 2 (CubeIDE integrated)
2024-01-04 01:06:26,346 [INFO] IPUIPlugin:80 - create IPUIPlugin
2024-01-04 01:06:26,347 [INFO] PluginManager:220 - loadIPPluginJar : add gpio
2024-01-04 01:06:26,354 [INFO] IPUIPlugin:80 - create IPUIPlugin
2024-01-04 01:06:26,354 [INFO] PluginManager:220 - loadIPPluginJar : add gtzc
2024-01-04 01:06:26,360 [INFO] IPUIPlugin:80 - create IPUIPlugin
2024-01-04 01:06:26,360 [INFO] PluginManager:220 - loadIPPluginJar : add hash
2024-01-04 01:06:26,365 [INFO] IPUIPlugin:80 - create IPUIPlugin
2024-01-04 01:06:26,365 [INFO] PluginManager:220 - loadIPPluginJar : add i2c
2024-01-04 01:06:26,370 [INFO] IPUIPlugin:80 - create IPUIPlugin
2024-01-04 01:06:26,371 [INFO] PluginManager:220 - loadIPPluginJar : add i2s
2024-01-04 01:06:26,376 [INFO] IPUIPlugin:80 - create IPUIPlugin
2024-01-04 01:06:26,376 [INFO] PluginManager:220 - loadIPPluginJar : add i3c
2024-01-04 01:06:26,382 [INFO] IPUIPlugin:80 - create IPUIPlugin
2024-01-04 01:06:26,382 [INFO] PluginManager:220 - loadIPPluginJar : add ipddr
2024-01-04 01:06:26,393 [INFO] IPUIPlugin:80 - create IPUIPlugin
2024-01-04 01:06:26,393 [INFO] PluginManager:220 - loadIPPluginJar : add linkedlist
2024-01-04 01:06:26,397 [INFO] IPUIPlugin:80 - create IPUIPlugin
2024-01-04 01:06:26,397 [INFO] PluginManager:220 - loadIPPluginJar : add lorawan
2024-01-04 01:06:26,399 [INFO] IPUIPlugin:80 - create IPUIPlugin
2024-01-04 01:06:26,399 [INFO] PluginManager:220 - loadIPPluginJar : add ltdc
2024-01-04 01:06:26,406 [INFO] IPUIPlugin:80 - create IPUIPlugin
2024-01-04 01:06:26,407 [INFO] PluginManager:220 - loadIPPluginJar : add mdma
2024-01-04 01:06:26,411 [INFO] IPUIPlugin:80 - create IPUIPlugin
2024-01-04 01:06:26,411 [INFO] PluginManager:220 - loadIPPluginJar : add nvic
2024-01-04 01:06:26,415 [INFO] IPUIPlugin:80 - create IPUIPlugin
2024-01-04 01:06:26,415 [INFO] PluginManager:220 - loadIPPluginJar : add opamp
2024-01-04 01:06:26,419 [INFO] IPUIPlugin:80 - create IPUIPlugin
2024-01-04 01:06:26,419 [INFO] PluginManager:220 - loadIPPluginJar : add openamp
2024-01-04 01:06:26,423 [INFO] IPUIPlugin:80 - create IPUIPlugin
2024-01-04 01:06:26,423 [INFO] PluginManager:220 - loadIPPluginJar : add pdm2pcm
2024-01-04 01:06:26,431 [INFO] IPUIPlugin:80 - create IPUIPlugin
2024-01-04 01:06:26,433 [INFO] PluginManager:220 - loadIPPluginJar : add plateformsettings
2024-01-04 01:06:26,436 [INFO] IPUIPlugin:80 - create IPUIPlugin
2024-01-04 01:06:26,436 [INFO] PluginManager:220 - loadIPPluginJar : add quadspi
2024-01-04 01:06:26,442 [INFO] IPUIPlugin:80 - create IPUIPlugin
2024-01-04 01:06:26,442 [INFO] PluginManager:220 - loadIPPluginJar : add resmgrutility
2024-01-04 01:06:26,445 [INFO] IPUIPlugin:80 - create IPUIPlugin
2024-01-04 01:06:26,446 [INFO] PluginManager:220 - loadIPPluginJar : add sai
2024-01-04 01:06:26,448 [INFO] IPUIPlugin:80 - create IPUIPlugin
2024-01-04 01:06:26,448 [INFO] PluginManager:220 - loadIPPluginJar : add spi
2024-01-04 01:06:26,454 [INFO] IPUIPlugin:80 - create IPUIPlugin
2024-01-04 01:06:26,454 [INFO] PluginManager:220 - loadIPPluginJar : add stm32_wpan
2024-01-04 01:06:26,457 [INFO] IPUIPlugin:80 - create IPUIPlugin
2024-01-04 01:06:26,457 [INFO] PluginManager:220 - loadIPPluginJar : add tim
2024-01-04 01:06:26,461 [INFO] IPUIPlugin:80 - create IPUIPlugin
2024-01-04 01:06:26,461 [INFO] PluginManager:220 - loadIPPluginJar : add touchsensing
2024-01-04 01:06:26,464 [INFO] IPUIPlugin:80 - create IPUIPlugin
2024-01-04 01:06:26,464 [INFO] PluginManager:220 - loadIPPluginJar : add tracer_emb
2024-01-04 01:06:26,467 [INFO] IPUIPlugin:80 - create IPUIPlugin
2024-01-04 01:06:26,467 [INFO] PluginManager:220 - loadIPPluginJar : add ts
2024-01-04 01:06:26,469 [INFO] IPUIPlugin:80 - create IPUIPlugin
2024-01-04 01:06:26,469 [INFO] PluginManager:220 - loadIPPluginJar : add tsc
2024-01-04 01:06:26,472 [INFO] IPUIPlugin:80 - create IPUIPlugin
2024-01-04 01:06:26,472 [INFO] PluginManager:220 - loadIPPluginJar : add ucpd
2024-01-04 01:06:26,475 [INFO] IPUIPlugin:80 - create IPUIPlugin
2024-01-04 01:06:26,475 [INFO] PluginManager:220 - loadIPPluginJar : add usart
2024-01-04 01:06:26,479 [INFO] IPUIPlugin:80 - create IPUIPlugin
2024-01-04 01:06:26,479 [INFO] PluginManager:220 - loadIPPluginJar : add usbx
2024-01-04 01:06:26,630 [INFO] CADModel:165 - CPN selected for project level
2024-01-04 01:06:26,631 [INFO] CADModel:114 - Register for checkConnection events
2024-01-04 01:06:26,631 [FATAL] Updater:308 - Updater called before beeing initialized
2024-01-04 01:06:26,631 [ERROR] CADModel:125 - Updater not yet initialized, retry later 
2024-01-04 01:06:26,824 [INFO] CADModel:165 - CPN selected for project level
2024-01-04 01:06:26,825 [INFO] CADModel:114 - Register for checkConnection events
2024-01-04 01:06:26,825 [FATAL] Updater:308 - Updater called before beeing initialized
2024-01-04 01:06:26,825 [ERROR] CADModel:125 - Updater not yet initialized, retry later 
2024-01-04 01:06:26,830 [FATAL] Updater:308 - Updater called before beeing initialized
2024-01-04 01:06:26,993 [FATAL] Updater:308 - Updater called before beeing initialized
2024-01-04 01:06:26,993 [INFO] DbMcusAds:53 - JSON generation date=Wed Nov 29 11:52:27 CET 2023 (1701255147349)
2024-01-04 01:06:26,993 [FATAL] Updater:308 - Updater called before beeing initialized
2024-01-04 01:06:27,040 [WARN] DetailPanel:346 - Failed to get advertising image, set to default
2024-01-04 01:06:27,134 [FATAL] Updater:308 - Updater called before beeing initialized
2024-01-04 01:06:27,134 [FATAL] Updater:308 - Updater called before beeing initialized
2024-01-04 01:06:27,134 [FATAL] Updater:308 - Updater called before beeing initialized
2024-01-04 01:06:27,134 [WARN] DetailPanel:346 - Failed to get advertising image, set to default
2024-01-04 01:06:27,134 [FATAL] Updater:308 - Updater called before beeing initialized
2024-01-04 01:06:27,210 [ERROR] Updater:1120 - MainUpdater not yet initialized. External WinMGr cannot be set.
2024-01-04 01:06:27,210 [INFO] Updater:1056 - Updater Version found : 6.10.0
2024-01-04 01:06:27,241 [INFO] ApplicationProperties:184 - Using Application install path: C:\ST\STM32CubeIDE_1.13.2\STM32CubeIDE\plugins\com.st.stm32cube.common.mx_6.10.0.202311202037
2024-01-04 01:06:28,394 [INFO] ThirdPartyUpdaterWithRetryManager:70 - Updater plugin not ready yet. [2/15]
2024-01-04 01:06:28,865 [ERROR] LogOutputStream:75 - [STDERR_REDIRECT] Jan 04, 2024 1:06:28 AM java.util.prefs.WindowsPreferences <init>
2024-01-04 01:06:28,868 [ERROR] LogOutputStream:75 - [STDERR_REDIRECT] WARNING: Could not open/create prefs root node Software\JavaSoft\Prefs at root 0xffffffff80000002. Windows RegCreateKeyEx(...) returned error code 5.
2024-01-04 01:06:28,868 [ERROR] LogOutputStream:75 - [STDERR_REDIRECT] 
2024-01-04 01:06:29,331 [INFO] MainUpdater:2873 - connection check result : 10
2024-01-04 01:06:29,332 [INFO] MainUpdater:290 - Updater Check For Update Now.
2024-01-04 01:06:29,332 [INFO] MicroXplorer:498 - Change Database Version : DB.6.0.100
2024-01-04 01:06:29,341 [INFO] McuFinderGlobals:63 - Set McuFinder mode to 2 (CubeIDE integrated)
2024-01-04 01:06:29,358 [INFO] UserAuth:404 - Internet connection configuration mode: 1
2024-01-04 01:06:29,409 [INFO] JxBrowserEngine:152 - Initiate JxBrowser Engine with user profile folder
2024-01-04 01:06:29,544 [INFO] CheckServerUpdateThread:120 - End of CheckServer Thread
2024-01-04 01:06:29,559 [INFO] MainUpdater:2873 - connection check result : 10
2024-01-04 01:06:29,574 [INFO] McuFinderGlobals:76 - Set McuFinderConnectedMode to true
2024-01-04 01:06:29,886 [INFO] ServerAccessManage:473 - Download File mcusAds.json._tmp_
2024-01-04 01:06:30,005 [INFO] LoadUrlFilesThread:156 - End of LoadUrlFiles Thread
2024-01-04 01:06:30,214 [INFO] ServerAccessManage:473 - Download File cube-finder-db.zip
2024-01-04 01:06:30,846 [INFO] WebApp:161 - Instantiating new browser for Auth
2024-01-04 01:06:31,397 [WARN] MainUpdater:1194 - Updater busy. Cannot search thirdparties
2024-01-04 01:06:31,397 [INFO] ThirdPartyUpdaterWithRetryManager:96 - Updater plugin is busy. [1/15]
2024-01-04 01:06:31,684 [INFO] FileExtend:240 - Unzip File : cube-finder-db.zip
2024-01-04 01:06:31,685 [INFO] FileExtend:255 - Standard Zip Deflate
2024-01-04 01:06:32,015 [INFO] WebApp:780 - Register for checkConnection events
2024-01-04 01:06:32,015 [INFO] WebApp:414 - Apply proxy settings
2024-01-04 01:06:32,015 [INFO] WebApp:499 - Chromium requires no authentication
2024-01-04 01:06:32,027 [INFO] WebApp:442 - Direct internet connection detected
2024-01-04 01:06:32,539 [INFO] WebApp:192 - Starting web application
2024-01-04 01:06:32,540 [INFO] WebApp:544 - Web application path used C:\ST\STM32CubeIDE_1.13.2\STM32CubeIDE\plugins\com.st.stm32cube.common.mx_6.10.0.202311202037\db\plugins\mcufinder\reactClient1\index.html
2024-01-04 01:06:33,099 [INFO] LoadUrlFilesThread:156 - End of LoadUrlFiles Thread
2024-01-04 01:06:33,745 [INFO] ServerAccessManage:473 - Download File crdb.zip
2024-01-04 01:06:33,977 [INFO] FileExtend:240 - Unzip File : crdb.zip
2024-01-04 01:06:33,979 [INFO] FileExtend:255 - Standard Zip Deflate
2024-01-04 01:06:34,142 [INFO] LoadUrlFilesThread:156 - End of LoadUrlFiles Thread
2024-01-04 01:06:34,399 [WARN] MainUpdater:1194 - Updater busy. Cannot search thirdparties
2024-01-04 01:06:34,399 [INFO] ThirdPartyUpdaterWithRetryManager:96 - Updater plugin is busy. [2/15]
2024-01-04 01:06:34,599 [INFO] ServerAccessManage:473 - Download File tutoVideoDB.zip
2024-01-04 01:06:34,611 [INFO] FileExtend:240 - Unzip File : tutoVideoDB.zip
2024-01-04 01:06:34,611 [INFO] FileExtend:255 - Standard Zip Deflate
2024-01-04 01:06:34,773 [INFO] LoadUrlFilesThread:156 - End of LoadUrlFiles Thread
2024-01-04 01:06:34,779 [WARN] DbFile:41 - Overriding database path with different value: C:\Users\aleja\.stmcufinder\plugins\mcufinder/ => C:\Users\aleja\.stmcufinder\plugins\mcufinder
2024-01-04 01:06:34,914 [INFO] ServerAccessManage:473 - Download File api_config.json
2024-01-04 01:06:35,027 [INFO] LoadUrlFilesThread:156 - End of LoadUrlFiles Thread
2024-01-04 01:06:35,031 [INFO] DbMcusAds:53 - JSON generation date=Wed Nov 29 11:52:27 CET 2023 (1701255147349)
2024-01-04 01:06:35,065 [INFO] LoadUrlFilesThread:185 - End of LoadServerUrlFiles without Thread
2024-01-04 01:06:35,065 [INFO] TargetSelectorAdapter:259 - Refresh data is successful
2024-01-04 01:06:35,251 [INFO] ApiDb:581 - Connected to CubeFinder SQLite database (C:\Users\aleja\.stmcufinder\plugins\mcufinder\mcu\cube-finder-db.db)
2024-01-04 01:06:35,329 [INFO] ApiDb:668 - CubeFinder database Data Model version=2.1
2024-01-04 01:06:35,329 [INFO] ApiDb:669 - CubeFinder database Configuration version=3.0.39
2024-01-04 01:06:35,329 [INFO] ApiDb:670 - CubeFinder database generation date=2023-12-08 (1702028721)
2024-01-04 01:06:35,330 [INFO] ApiDb:671 - CubeFinder database FW Pack versions=[FP-ATR-ASTRA1_V2.0.0, FP-SNS-FLIGHT1_V5.0.1, FP-SNS-FLIGHT1_V5.0.2, FP-SNS-MOTENV1_V4.3.1, FP-SNS-MOTENV1_V4.3.2, FP-SNS-MOTENVWB1_V1.3.1, FP-SNS-SMARTAG2_V1.2.0, STM32Cube_FW_C0_V1.1.0, STM32Cube_FW_F4_V1.28.0, STM32Cube_FW_F7_V1.17.0, STM32Cube_FW_G0_V1.6.1, STM32Cube_FW_G4_V1.5.1, STM32Cube_FW_H5_V0.5.1, STM32Cube_FW_H5_V1.1.1, STM32Cube_FW_H5_V1.2.0RC2, STM32Cube_FW_H7_V1.11.0, STM32Cube_FW_L0_V1.12.2, STM32Cube_FW_L5_V1.5.0, STM32Cube_FW_U5_V1.3.0RC4, STM32Cube_FW_U5_V1.4.0, STM32Cube_FW_WBA_V1.0.0RC1, STM32Cube_FW_WBA_V1.1.0RC1, STM32Cube_FW_WBA_V1.2.0, STM32Cube_FW_WBA_V1.2.0RC2, STM32Cube_FW_WB_V1.15.0RC1, STM32Cube_FW_WB_V1.16.0, STM32Cube_FW_WB_V1.16.0RC2, STM32Cube_FW_WB_V1.18.0, STM32Cube_FW_WL_V1.3.0, X-CUBE-ALGOBUILD_V1.3.0, X-CUBE-ALS_V1.0.1, X-CUBE-AZRTOS-F4_V1.1.0, X-CUBE-AZRTOS-F7_V1.1.0, X-CUBE-AZRTOS-G0_V1.1.0, X-CUBE-AZRTOS-G4_V2.0.0, X-CUBE-AZRTOS-H7_V3.1.0, X-CUBE-AZRTOS-L4_V1.0.0, X-CUBE-AZRTOS-L4_V2.0.0, X-CUBE-AZRTOS-L5_V1.1.0, X-CUBE-AZRTOS-WB_V2.0.0, X-CUBE-AZRTOS-WL_V2.0.0, X-CUBE-BLE1_V7.0.0, X-CUBE-BLE2_V3.3.0, X-CUBE-BLEMGR_V3.0.0, X-CUBE-EEPRMA1_V4.1.0, X-CUBE-EEPRMA1_V4.2.0, X-CUBE-FREERTOS_V1.1.0, X-CUBE-GNSS1_V6.0.0, X-CUBE-MEMS1_V10.0.0, X-CUBE-MEMS1_V9.1.0, X-CUBE-MEMS1_V9.4.0, X-CUBE-MEMS1_V9.6.0, X-CUBE-NFC4_V3.0.0, X-CUBE-NFC7_V1.0.1, X-CUBE-SFXS2LP1_V4.0.0, X-CUBE-SUBG2_V5.0.0, X-CUBE-TOF1_V3.4.0]
2024-01-04 01:06:37,741 [WARN] PackLoader:240 - Cannot read IP mode file for STMicroelectronics.X-CUBE-SMBUS.2.1.0
2024-01-04 01:06:37,750 [WARN] PackLoader:240 - Cannot read IP mode file for STMicroelectronics.X-CUBE-TOUCHGFX.4.23.0
2024-01-04 01:06:37,810 [WARN] PackLoader:240 - Cannot read IP mode file for STMicroelectronics.X-CUBE-AZRTOS-F7.1.1.0
2024-01-04 01:06:37,826 [INFO] ApiDb:240 - Found 371 in-development CPN: [B-G473E-ZEST1S, B-WB1M-WPAN1, B-WL5M-SUBG1, NUCLEO-C031C6, NUCLEO-H503RB, NUCLEO-H563ZI, NUCLEO-U545RE-Q, NUCLEO-U5A5ZJ-Q, NUCLEO-WBA52CG, NUCLEO-WBA55CG, STEVAL-MKBOXPRO, STEVAL-PROTEUS1, STEVAL-STWINBX1, STM320518-EVAL, STM32C0116-DK, STM32C011D6Y3TR, STM32C011D6Y6TR, STM32C011F4P3, STM32C011F4P6, STM32C011F4U3, STM32C011F4U6TR, STM32C011F6P3, STM32C011F6P6, STM32C011F6U3, STM32C011F6U6TR, STM32C011J4M3, STM32C011J4M6, STM32C011J6M3, STM32C011J6M6, STM32C0316-DK, STM32C031C4T3, STM32C031C4T6, STM32C031C4U3, STM32C031C4U6, STM32C031C6T3, STM32C031C6T6, STM32C031C6U3, STM32C031C6U6, STM32C031F4P3, STM32C031F4P6, STM32C031F6P3, STM32C031F6P6, STM32C031G4U3, STM32C031G4U6, STM32C031G6U3, STM32C031G6U6, STM32C031K4T3, STM32C031K4T6, STM32C031K4U3, STM32C031K4U6, STM32C031K6T3, STM32C031K6T6, STM32C031K6U3, STM32C031K6U6, STM32G071K8TXN, STM32G071K8UXN, STM32G081GBU6N, STM32G081KBT6N, STM32G081KBUXN, STM32G0B1CCT6N, STM32G0B1KCT6, STM32G0B1NEY6TR, STM32G0B1RCT6N, STM32G0C1CCT6, STM32G0C1CCT6N, STM32G0C1CCU6N, STM32G0C1CET6N, STM32G0C1CEU6N, STM32G0C1KCT6, STM32G0C1NEY6TR, STM32G0C1RCI6N, STM32G0C1RCT6N, STM32G0C1REI6N, STM32G0C1RET6N, STM32G0C1VCI6, STM32G0C1VEI6, STM32G471CCT6, STM32G471CCU6, STM32G471CET3, STM32G471CET6, STM32G471CEU3, STM32G471CEU6, STM32G471MCT6, STM32G471MET3, STM32G471MET6, STM32G471MEY6TR, STM32G471QCT6, STM32G471QET3, STM32G471RCT6, STM32G471RET3, STM32G471RET6, STM32G471VCH6, STM32G471VCI6, STM32G471VCT6, STM32G471VEH3, STM32G471VEH6, STM32G471VEI3, STM32G471VEI6, STM32G471VET3, STM32G471VET6, STM32G474CCT6, STM32H503CBT6, STM32H503CBU6, STM32H503EBY6TR, STM32H503KBU6, STM32H503RBT6, STM32H562AGI6, STM32H562AII6, STM32H562IGK6, STM32H562IGT6, STM32H562IIK6, STM32H562IIT6, STM32H562RGT6, STM32H562RGV6, STM32H562RIT6, STM32H562RIV6, STM32H562VGT6, STM32H562VIT6, STM32H562ZGT6, STM32H562ZIT6, STM32H563AGI6, STM32H563AII3Q, STM32H563AII6, STM32H563IGK6, STM32H563IGT6, STM32H563IIK3Q, STM32H563IIK6, STM32H563IIT3Q, STM32H563IIT6, STM32H563MIY3QTR, STM32H563RGT6, STM32H563RGV6, STM32H563RIT6, STM32H563RIV6, STM32H563VGT6, STM32H563VIT3Q, STM32H563VIT6, STM32H563ZGT6, STM32H563ZIT3Q, STM32H563ZIT6, STM32H573AII3Q, STM32H573AII6, STM32H573I-DK, STM32H573IIK3Q, STM32H573IIK6, STM32H573IIT3Q, STM32H573IIT6, STM32H573MIY3QTR, STM32H573RIT6, STM32H573RIV6, STM32H573VIT3Q, STM32H573VIT6, STM32H573ZIT3Q, STM32H573ZIT6, STM32L4R5QGI6STR, STM32MP131AAE3, STM32MP131AAF3, STM32MP131AAG3, STM32MP131CAE3, STM32MP131CAF3, STM32MP131CAG3, STM32MP131DAE7, STM32MP131DAF7, STM32MP131DAG7, STM32MP131FAE7, STM32MP131FAF7, STM32MP131FAG7, STM32MP133AAE3, STM32MP133AAF3, STM32MP133AAG3, STM32MP133CAE3, STM32MP133CAF3, STM32MP133CAG3, STM32MP133DAE7, STM32MP133DAF7, STM32MP133DAG7, STM32MP133FAE7, STM32MP133FAF7, STM32MP133FAG7, STM32MP135AAE3, STM32MP135AAF3, STM32MP135AAG3, STM32MP135CAE3, STM32MP135CAF3, STM32MP135CAG3, STM32MP135DAE7, STM32MP135DAF7, STM32MP135DAG7, STM32MP135F-DK, STM32MP135FAE7, STM32MP135FAF7, STM32MP135FAF7T, STM32MP135FAF7U, STM32MP135FAG7, STM32U535CBT6, STM32U535CBT6Q, STM32U535CBU6, STM32U535CBU6Q, STM32U535CCT6, STM32U535CCT6Q, STM32U535CCU6, STM32U535CCU6Q, STM32U535CET6, STM32U535CET6Q, STM32U535CEU6, STM32U535CEU6Q, STM32U535JEY6QTR, STM32U535NCY6QTR, STM32U535NEY6QTR, STM32U535RBI6, STM32U535RBI6Q, STM32U535RBT6, STM32U535RBT6Q, STM32U535RCI6, STM32U535RCI6Q, STM32U535RCT6, STM32U535RCT6Q, STM32U535REI6, STM32U535REI6Q, STM32U535RET6, STM32U535RET6Q, STM32U535VCI6, STM32U535VCI6Q, STM32U535VCT6, STM32U535VCT6Q, STM32U535VEI6, STM32U535VEI6Q, STM32U535VET6, STM32U535VET6Q, STM32U545CET6, STM32U545CET6Q, STM32U545CEU6, STM32U545CEU6Q, STM32U545JEY6QTR, STM32U545NEY6QTR, STM32U545REI6, STM32U545REI6Q, STM32U545RET6, STM32U545RET6Q, STM32U545VEI6, STM32U545VEI6Q, STM32U545VET6, STM32U545VET6Q, STM32U595AIH6, STM32U595AIH6Q, STM32U595AJH6, STM32U595AJH6Q, STM32U595QII6, STM32U595QII6Q, STM32U595QJI6, STM32U595QJI6Q, STM32U595RIT6, STM32U595RIT6Q, STM32U595RJT6, STM32U595RJT6Q, STM32U595VIT6, STM32U595VIT6Q, STM32U595VJT6, STM32U595VJT6Q, STM32U595ZIT6, STM32U595ZIT6Q, STM32U595ZIY6QTR, STM32U595ZJT6, STM32U595ZJT6Q, STM32U595ZJY6QTR, STM32U599BJY6QTR, STM32U599NIH6Q, STM32U599NJH6Q, STM32U599VIT6Q, STM32U599VJT6, STM32U599VJT6Q, STM32U599ZIT6Q, STM32U599ZIY6QTR, STM32U599ZJT6Q, STM32U599ZJY6QTR, STM32U5A5AJH6, STM32U5A5AJH6Q, STM32U5A5QJI6, STM32U5A5QJI6Q, STM32U5A5RJT6, STM32U5A5RJT6Q, STM32U5A5VJT6, STM32U5A5VJT6Q, STM32U5A5ZJT6, STM32U5A5ZJT6Q, STM32U5A5ZJY6QTR, STM32U5A9BJY6QTR, STM32U5A9J-DK, STM32U5A9NJH6Q, STM32U5A9VJT6Q, STM32U5A9ZJT6Q, STM32U5A9ZJY6QTR, STM32U5F7VIT6, STM32U5F7VIT6Q, STM32U5F7VJT6, STM32U5F7VJT6Q, STM32U5F9BJY6QTR, STM32U5F9NJH6Q, STM32U5F9VIT6Q, STM32U5F9VJT6Q, STM32U5F9ZIJ6QTR, STM32U5F9ZIT6Q, STM32U5F9ZJJ6QTR, STM32U5F9ZJT6Q, STM32U5G7VJT6, STM32U5G7VJT6Q, STM32U5G9BJY6QTR, STM32U5G9J-DK1, STM32U5G9J-DK2, STM32U5G9NJH6Q, STM32U5G9VJT6Q, STM32U5G9ZJJ6QTR, STM32U5G9ZJT6Q, STM32WB1MMCH6, STM32WBA50KEU6, STM32WBA50KEU6TR, STM32WBA50KGU6, STM32WBA50KGU6TR, STM32WBA52CEU6, STM32WBA52CEU6TR, STM32WBA52CEU7, STM32WBA52CEU7TR, STM32WBA52CGU6, STM32WBA52CGU6TR, STM32WBA52CGU6U, STM32WBA52CGU7, STM32WBA52CGU7TR, STM32WBA52KEU6, STM32WBA52KEU6TR, STM32WBA52KGU6, STM32WBA52KGU6TR, STM32WBA54CEU6, STM32WBA54CEU6TR, STM32WBA54CEU7, STM32WBA54CEU7TR, STM32WBA54CGU6, STM32WBA54CGU6TR, STM32WBA54CGU7, STM32WBA54CGU7TR, STM32WBA54KEU6, STM32WBA54KEU6TR, STM32WBA54KEU7, STM32WBA54KEU7TR, STM32WBA54KGU6, STM32WBA54KGU6TR, STM32WBA54KGU7, STM32WBA54KGU7TR, STM32WBA55CEU6, STM32WBA55CEU6TR, STM32WBA55CEU7, STM32WBA55CEU7TR, STM32WBA55CGU6, STM32WBA55CGU6TR, STM32WBA55CGU6U, STM32WBA55CGU7, STM32WBA55CGU7TR, STM32WBA55G-DK1, STM32WBA55HEF6, STM32WBA55HEF7, STM32WBA55HGF6, STM32WBA55HGF7, STM32WBA55UEI6, STM32WBA55UEI6TR, STM32WBA55UEI7, STM32WBA55UEI7TR, STM32WBA55UGI6, STM32WBA55UGI6TR, STM32WBA55UGI7, STM32WBA55UGI7TR, STM32WL5MOCH6, STM32WL5MOCH6TR]
2024-01-04 01:06:37,830 [WARN] PackLoader:240 - Cannot read IP mode file for STMicroelectronics.FP-SNS-MOTENV1.4.3.2
2024-01-04 01:06:37,833 [INFO] DbMcus:218 - Found 3930 MCUs, 3930 are supported
2024-01-04 01:06:37,835 [INFO] ApiDb:423 - Load user favorites file C:\Users\aleja/.stm32cubeide/favorites.mcus.txt: 1 item(s)
2024-01-04 01:06:37,835 [INFO] ApiDb:427 - User favorites MCUs=[STM32F042F4P6]
2024-01-04 01:06:37,836 [INFO] DbMcus:224 - Set 1 / 1 favorites MCUs
2024-01-04 01:06:37,841 [WARN] PackLoader:240 - Cannot read IP mode file for STMicroelectronics.FP-SNS-FLIGHT1.5.0.2
2024-01-04 01:06:37,856 [WARN] PackLoader:240 - Cannot read IP mode file for STMicroelectronics.X-CUBE-DISPLAY.3.0.0
2024-01-04 01:06:37,877 [WARN] PackLoader:240 - Cannot read IP mode file for STMicroelectronics.X-CUBE-BLE1.7.0.0
2024-01-04 01:06:37,887 [WARN] PackLoader:240 - Cannot read IP mode file for emotas.I-CUBE-CANOPEN.1.3.0
2024-01-04 01:06:37,894 [WARN] PackLoader:240 - Cannot read IP mode file for STMicroelectronics.X-CUBE-TOUCHGFX.4.22.1
2024-01-04 01:06:37,903 [WARN] PackLoader:240 - Cannot read IP mode file for STMicroelectronics.FP-SNS-SMARTAG2.1.2.0
2024-01-04 01:06:37,926 [INFO] LogOutputStream:77 - [STDOUT_REDIRECT] 1 : Invalid condition id : UX_CORESTACK_Condition cause : null
2024-01-04 01:06:37,928 [INFO] LogOutputStream:77 - [STDOUT_REDIRECT] 1 : Invalid condition id : UX_CORESTACK_Condition cause : null
2024-01-04 01:06:37,930 [INFO] LogOutputStream:77 - [STDOUT_REDIRECT] 1 : Invalid condition id : UX_CORESTACK_Condition cause : null
2024-01-04 01:06:37,932 [INFO] LogOutputStream:77 - [STDOUT_REDIRECT] 1 : Invalid condition id : UX_CORESTACK_Condition cause : null
2024-01-04 01:06:37,934 [INFO] LogOutputStream:77 - [STDOUT_REDIRECT] 1 : Invalid condition id : UX_CORESTACK_Condition cause : null
2024-01-04 01:06:37,942 [WARN] PackLoader:240 - Cannot read IP mode file for STMicroelectronics.X-CUBE-AZRTOS-WL.2.0.0
2024-01-04 01:06:37,958 [WARN] PackLoader:240 - Cannot read IP mode file for WES.I-CUBE-Cesium.1.3.0
2024-01-04 01:06:37,990 [WARN] PackLoader:240 - Cannot read IP mode file for STMicroelectronics.X-CUBE-BLE2.3.3.0
2024-01-04 01:06:38,007 [WARN] PackLoader:240 - Cannot read IP mode file for STMicroelectronics.X-CUBE-ALGOBUILD.1.3.0
2024-01-04 01:06:38,041 [WARN] PackLoader:240 - Cannot read IP mode file for STMicroelectronics.X-CUBE-AZRTOS-G0.1.1.0
2024-01-04 01:06:38,055 [WARN] PackLoader:240 - Cannot read IP mode file for STMicroelectronics.X-CUBE-NFC4.3.0.0
2024-01-04 01:06:38,073 [WARN] PackLoader:240 - Cannot read IP mode file for STMicroelectronics.X-CUBE-BLEMGR.3.0.0
2024-01-04 01:06:38,085 [WARN] PackLoader:240 - Cannot read IP mode file for STMicroelectronics.FP-ATR-SIGFOX1.3.2.0
2024-01-04 01:06:38,095 [WARN] PackLoader:240 - Cannot read IP mode file for STMicroelectronics.X-CUBE-GNSS1.6.0.0
2024-01-04 01:06:38,129 [WARN] PackLoader:240 - Cannot read IP mode file for STMicroelectronics.X-CUBE-AZRTOS-F4.1.1.0
2024-01-04 01:06:38,143 [WARN] PackLoader:240 - Cannot read IP mode file for wolfSSL.I-CUBE-wolfSSL.5.6.4
2024-01-04 01:06:38,173 [WARN] PackLoader:240 - Cannot read IP mode file for STMicroelectronics.X-CUBE-AZRTOS-L5.2.0.0
2024-01-04 01:06:38,190 [WARN] PackLoader:240 - Cannot read IP mode file for STMicroelectronics.X-CUBE-EEPRMA1.4.2.0
2024-01-04 01:06:38,205 [WARN] PackLoader:240 - Cannot read IP mode file for ITTIA_DB.I-CUBE-ITTIADB.8.8.0
2024-01-04 01:06:38,236 [WARN] ConditionMgr:438 - getConditionDescription Invalid condition id : UX DEVICE CLASS RTOS Condition cause : null
2024-01-04 01:06:38,237 [WARN] ConditionMgr:438 - getConditionDescription Invalid condition id : UX DEVICE CLASS RTOS Condition cause : null
2024-01-04 01:06:38,243 [WARN] PackLoader:240 - Cannot read IP mode file for STMicroelectronics.X-CUBE-AZRTOS-H7.3.1.0
2024-01-04 01:06:38,245 [WARN] ConditionMgr:1039 - genDependencies : Invalid condition id : UX DEVICE CLASS RTOS Condition cause : null
2024-01-04 01:06:38,246 [WARN] ConditionMgr:1039 - genDependencies : Invalid condition id : UX DEVICE CLASS RTOS Condition cause : null
2024-01-04 01:06:38,247 [WARN] ConditionMgr:1039 - genDependencies : Invalid condition id : UX DEVICE CLASS RTOS Condition cause : null
2024-01-04 01:06:38,247 [WARN] ConditionMgr:1039 - genDependencies : Invalid condition id : UX DEVICE CLASS RTOS Condition cause : null
2024-01-04 01:06:38,247 [WARN] ConditionMgr:1039 - genDependencies : Invalid condition id : UX DEVICE CLASS RTOS Condition cause : null
2024-01-04 01:06:38,261 [WARN] PackLoader:240 - Cannot read IP mode file for STMicroelectronics.X-CUBE-NFC7.1.0.1
2024-01-04 01:06:38,278 [WARN] PackLoader:240 - Cannot read IP mode file for STMicroelectronics.X-CUBE-NFC6.3.0.0
2024-01-04 01:06:38,292 [WARN] PackLoader:240 - Cannot read IP mode file for STMicroelectronics.X-CUBE-AI.8.1.0
2024-01-04 01:06:38,328 [WARN] ConditionMgr:438 - getConditionDescription Invalid condition id : LAN8742 Phy interface Condition cause : null
2024-01-04 01:06:38,329 [WARN] PackLoader:240 - Cannot read IP mode file for STMicroelectronics.X-CUBE-AZRTOS-L4.2.0.0
2024-01-04 01:06:38,331 [WARN] ConditionMgr:1039 - genDependencies : Invalid condition id : LAN8742 Phy interface Condition cause : null
2024-01-04 01:06:38,331 [WARN] ConditionMgr:1039 - genDependencies : Invalid condition id : LAN8742 Phy interface Condition cause : null
2024-01-04 01:06:38,332 [WARN] ConditionMgr:1039 - genDependencies : Invalid condition id : LAN8742 Phy interface Condition cause : null
2024-01-04 01:06:38,345 [WARN] PackLoader:240 - Cannot read IP mode file for STMicroelectronics.X-CUBE-SFXS2LP1.4.0.0
2024-01-04 01:06:38,356 [WARN] PackLoader:240 - Cannot read IP mode file for STMicroelectronics.X-CUBE-ISPU.1.1.0
2024-01-04 01:06:38,397 [WARN] ConditionMgr:438 - getConditionDescription Invalid condition id : UX DEVICE CLASS RTOS Condition cause : null
2024-01-04 01:06:38,398 [WARN] ConditionMgr:438 - getConditionDescription Invalid condition id : UX DEVICE CLASS RTOS Condition cause : null
2024-01-04 01:06:38,406 [WARN] PackLoader:240 - Cannot read IP mode file for STMicroelectronics.X-CUBE-AZRTOS-WB.2.0.0
2024-01-04 01:06:38,407 [WARN] ConditionMgr:1039 - genDependencies : Invalid condition id : UX DEVICE CLASS RTOS Condition cause : null
2024-01-04 01:06:38,408 [WARN] ConditionMgr:1039 - genDependencies : Invalid condition id : UX DEVICE CLASS RTOS Condition cause : null
2024-01-04 01:06:38,409 [WARN] ConditionMgr:1039 - genDependencies : Invalid condition id : UX DEVICE CLASS RTOS Condition cause : null
2024-01-04 01:06:38,409 [WARN] ConditionMgr:1039 - genDependencies : Invalid condition id : UX DEVICE CLASS RTOS Condition cause : null
2024-01-04 01:06:38,409 [WARN] ConditionMgr:1039 - genDependencies : Invalid condition id : UX DEVICE CLASS RTOS Condition cause : null
2024-01-04 01:06:38,424 [WARN] PackLoader:240 - Cannot read IP mode file for STMicroelectronics.X-CUBE-SUBG2.5.0.0
2024-01-04 01:06:38,449 [WARN] PackLoader:240 - Cannot read IP mode file for STMicroelectronics.X-CUBE-AZRTOS-G4.2.0.0
2024-01-04 01:06:38,467 [WARN] PackLoader:240 - Cannot read IP mode file for Infineon.AIROC-Wi-Fi-Bluetooth-STM32.1.5.1
2024-01-04 01:06:38,478 [WARN] PackLoader:240 - Cannot read IP mode file for STMicroelectronics.FP-SNS-MOTENVWB1.1.3.1
2024-01-04 01:06:38,485 [WARN] PackLoader:240 - Cannot read IP mode file for STMicroelectronics.X-CUBE-ISPU.2.0.0
2024-01-04 01:06:38,534 [INFO] ApiDb:668 - CubeFinder database Data Model version=2.1
2024-01-04 01:06:38,539 [INFO] ApiDb:669 - CubeFinder database Configuration version=3.0.39
2024-01-04 01:06:38,539 [INFO] ApiDb:670 - CubeFinder database generation date=2023-12-08 (1702028721)
2024-01-04 01:06:38,539 [INFO] ApiDb:671 - CubeFinder database FW Pack versions=[FP-ATR-ASTRA1_V2.0.0, FP-SNS-FLIGHT1_V5.0.1, FP-SNS-FLIGHT1_V5.0.2, FP-SNS-MOTENV1_V4.3.1, FP-SNS-MOTENV1_V4.3.2, FP-SNS-MOTENVWB1_V1.3.1, FP-SNS-SMARTAG2_V1.2.0, STM32Cube_FW_C0_V1.1.0, STM32Cube_FW_F4_V1.28.0, STM32Cube_FW_F7_V1.17.0, STM32Cube_FW_G0_V1.6.1, STM32Cube_FW_G4_V1.5.1, STM32Cube_FW_H5_V0.5.1, STM32Cube_FW_H5_V1.1.1, STM32Cube_FW_H5_V1.2.0RC2, STM32Cube_FW_H7_V1.11.0, STM32Cube_FW_L0_V1.12.2, STM32Cube_FW_L5_V1.5.0, STM32Cube_FW_U5_V1.3.0RC4, STM32Cube_FW_U5_V1.4.0, STM32Cube_FW_WBA_V1.0.0RC1, STM32Cube_FW_WBA_V1.1.0RC1, STM32Cube_FW_WBA_V1.2.0, STM32Cube_FW_WBA_V1.2.0RC2, STM32Cube_FW_WB_V1.15.0RC1, STM32Cube_FW_WB_V1.16.0, STM32Cube_FW_WB_V1.16.0RC2, STM32Cube_FW_WB_V1.18.0, STM32Cube_FW_WL_V1.3.0, X-CUBE-ALGOBUILD_V1.3.0, X-CUBE-ALS_V1.0.1, X-CUBE-AZRTOS-F4_V1.1.0, X-CUBE-AZRTOS-F7_V1.1.0, X-CUBE-AZRTOS-G0_V1.1.0, X-CUBE-AZRTOS-G4_V2.0.0, X-CUBE-AZRTOS-H7_V3.1.0, X-CUBE-AZRTOS-L4_V1.0.0, X-CUBE-AZRTOS-L4_V2.0.0, X-CUBE-AZRTOS-L5_V1.1.0, X-CUBE-AZRTOS-WB_V2.0.0, X-CUBE-AZRTOS-WL_V2.0.0, X-CUBE-BLE1_V7.0.0, X-CUBE-BLE2_V3.3.0, X-CUBE-BLEMGR_V3.0.0, X-CUBE-EEPRMA1_V4.1.0, X-CUBE-EEPRMA1_V4.2.0, X-CUBE-FREERTOS_V1.1.0, X-CUBE-GNSS1_V6.0.0, X-CUBE-MEMS1_V10.0.0, X-CUBE-MEMS1_V9.1.0, X-CUBE-MEMS1_V9.4.0, X-CUBE-MEMS1_V9.6.0, X-CUBE-NFC4_V3.0.0, X-CUBE-NFC7_V1.0.1, X-CUBE-SFXS2LP1_V4.0.0, X-CUBE-SUBG2_V5.0.0, X-CUBE-TOF1_V3.4.0]
2024-01-04 01:06:38,540 [WARN] PackLoader:240 - Cannot read IP mode file for STMicroelectronics.X-CUBE-MEMS1.10.0.0
2024-01-04 01:06:38,624 [INFO] DbBoardsSqlite:226 - include board P-NUCLEO-WB55-NUCLEO as a kit item of type 'Nucleo-64'
2024-01-04 01:06:38,625 [INFO] DbBoardsSqlite:226 - include board P-NUCLEO-WB55-USBDONGLE as a kit item of type 'Nucleo USB Dongle'
2024-01-04 01:06:38,625 [INFO] DbBoardsSqlite:226 - include board STEVAL-IDP005V1 as a kit item of type 'Evaluation Board'
2024-01-04 01:06:38,625 [INFO] DbBoardsSqlite:226 - include board STEVAL-IDP005V2 as a kit item of type 'Evaluation Board'
2024-01-04 01:06:38,690 [WARN] PackLoader:240 - Cannot read IP mode file for STMicroelectronics.X-CUBE-FREERTOS.1.1.0
2024-01-04 01:06:38,694 [INFO] ApiDb:240 - Found 371 in-development CPN: [B-G473E-ZEST1S, B-WB1M-WPAN1, B-WL5M-SUBG1, NUCLEO-C031C6, NUCLEO-H503RB, NUCLEO-H563ZI, NUCLEO-U545RE-Q, NUCLEO-U5A5ZJ-Q, NUCLEO-WBA52CG, NUCLEO-WBA55CG, STEVAL-MKBOXPRO, STEVAL-PROTEUS1, STEVAL-STWINBX1, STM320518-EVAL, STM32C0116-DK, STM32C011D6Y3TR, STM32C011D6Y6TR, STM32C011F4P3, STM32C011F4P6, STM32C011F4U3, STM32C011F4U6TR, STM32C011F6P3, STM32C011F6P6, STM32C011F6U3, STM32C011F6U6TR, STM32C011J4M3, STM32C011J4M6, STM32C011J6M3, STM32C011J6M6, STM32C0316-DK, STM32C031C4T3, STM32C031C4T6, STM32C031C4U3, STM32C031C4U6, STM32C031C6T3, STM32C031C6T6, STM32C031C6U3, STM32C031C6U6, STM32C031F4P3, STM32C031F4P6, STM32C031F6P3, STM32C031F6P6, STM32C031G4U3, STM32C031G4U6, STM32C031G6U3, STM32C031G6U6, STM32C031K4T3, STM32C031K4T6, STM32C031K4U3, STM32C031K4U6, STM32C031K6T3, STM32C031K6T6, STM32C031K6U3, STM32C031K6U6, STM32G071K8TXN, STM32G071K8UXN, STM32G081GBU6N, STM32G081KBT6N, STM32G081KBUXN, STM32G0B1CCT6N, STM32G0B1KCT6, STM32G0B1NEY6TR, STM32G0B1RCT6N, STM32G0C1CCT6, STM32G0C1CCT6N, STM32G0C1CCU6N, STM32G0C1CET6N, STM32G0C1CEU6N, STM32G0C1KCT6, STM32G0C1NEY6TR, STM32G0C1RCI6N, STM32G0C1RCT6N, STM32G0C1REI6N, STM32G0C1RET6N, STM32G0C1VCI6, STM32G0C1VEI6, STM32G471CCT6, STM32G471CCU6, STM32G471CET3, STM32G471CET6, STM32G471CEU3, STM32G471CEU6, STM32G471MCT6, STM32G471MET3, STM32G471MET6, STM32G471MEY6TR, STM32G471QCT6, STM32G471QET3, STM32G471RCT6, STM32G471RET3, STM32G471RET6, STM32G471VCH6, STM32G471VCI6, STM32G471VCT6, STM32G471VEH3, STM32G471VEH6, STM32G471VEI3, STM32G471VEI6, STM32G471VET3, STM32G471VET6, STM32G474CCT6, STM32H503CBT6, STM32H503CBU6, STM32H503EBY6TR, STM32H503KBU6, STM32H503RBT6, STM32H562AGI6, STM32H562AII6, STM32H562IGK6, STM32H562IGT6, STM32H562IIK6, STM32H562IIT6, STM32H562RGT6, STM32H562RGV6, STM32H562RIT6, STM32H562RIV6, STM32H562VGT6, STM32H562VIT6, STM32H562ZGT6, STM32H562ZIT6, STM32H563AGI6, STM32H563AII3Q, STM32H563AII6, STM32H563IGK6, STM32H563IGT6, STM32H563IIK3Q, STM32H563IIK6, STM32H563IIT3Q, STM32H563IIT6, STM32H563MIY3QTR, STM32H563RGT6, STM32H563RGV6, STM32H563RIT6, STM32H563RIV6, STM32H563VGT6, STM32H563VIT3Q, STM32H563VIT6, STM32H563ZGT6, STM32H563ZIT3Q, STM32H563ZIT6, STM32H573AII3Q, STM32H573AII6, STM32H573I-DK, STM32H573IIK3Q, STM32H573IIK6, STM32H573IIT3Q, STM32H573IIT6, STM32H573MIY3QTR, STM32H573RIT6, STM32H573RIV6, STM32H573VIT3Q, STM32H573VIT6, STM32H573ZIT3Q, STM32H573ZIT6, STM32L4R5QGI6STR, STM32MP131AAE3, STM32MP131AAF3, STM32MP131AAG3, STM32MP131CAE3, STM32MP131CAF3, STM32MP131CAG3, STM32MP131DAE7, STM32MP131DAF7, STM32MP131DAG7, STM32MP131FAE7, STM32MP131FAF7, STM32MP131FAG7, STM32MP133AAE3, STM32MP133AAF3, STM32MP133AAG3, STM32MP133CAE3, STM32MP133CAF3, STM32MP133CAG3, STM32MP133DAE7, STM32MP133DAF7, STM32MP133DAG7, STM32MP133FAE7, STM32MP133FAF7, STM32MP133FAG7, STM32MP135AAE3, STM32MP135AAF3, STM32MP135AAG3, STM32MP135CAE3, STM32MP135CAF3, STM32MP135CAG3, STM32MP135DAE7, STM32MP135DAF7, STM32MP135DAG7, STM32MP135F-DK, STM32MP135FAE7, STM32MP135FAF7, STM32MP135FAF7T, STM32MP135FAF7U, STM32MP135FAG7, STM32U535CBT6, STM32U535CBT6Q, STM32U535CBU6, STM32U535CBU6Q, STM32U535CCT6, STM32U535CCT6Q, STM32U535CCU6, STM32U535CCU6Q, STM32U535CET6, STM32U535CET6Q, STM32U535CEU6, STM32U535CEU6Q, STM32U535JEY6QTR, STM32U535NCY6QTR, STM32U535NEY6QTR, STM32U535RBI6, STM32U535RBI6Q, STM32U535RBT6, STM32U535RBT6Q, STM32U535RCI6, STM32U535RCI6Q, STM32U535RCT6, STM32U535RCT6Q, STM32U535REI6, STM32U535REI6Q, STM32U535RET6, STM32U535RET6Q, STM32U535VCI6, STM32U535VCI6Q, STM32U535VCT6, STM32U535VCT6Q, STM32U535VEI6, STM32U535VEI6Q, STM32U535VET6, STM32U535VET6Q, STM32U545CET6, STM32U545CET6Q, STM32U545CEU6, STM32U545CEU6Q, STM32U545JEY6QTR, STM32U545NEY6QTR, STM32U545REI6, STM32U545REI6Q, STM32U545RET6, STM32U545RET6Q, STM32U545VEI6, STM32U545VEI6Q, STM32U545VET6, STM32U545VET6Q, STM32U595AIH6, STM32U595AIH6Q, STM32U595AJH6, STM32U595AJH6Q, STM32U595QII6, STM32U595QII6Q, STM32U595QJI6, STM32U595QJI6Q, STM32U595RIT6, STM32U595RIT6Q, STM32U595RJT6, STM32U595RJT6Q, STM32U595VIT6, STM32U595VIT6Q, STM32U595VJT6, STM32U595VJT6Q, STM32U595ZIT6, STM32U595ZIT6Q, STM32U595ZIY6QTR, STM32U595ZJT6, STM32U595ZJT6Q, STM32U595ZJY6QTR, STM32U599BJY6QTR, STM32U599NIH6Q, STM32U599NJH6Q, STM32U599VIT6Q, STM32U599VJT6, STM32U599VJT6Q, STM32U599ZIT6Q, STM32U599ZIY6QTR, STM32U599ZJT6Q, STM32U599ZJY6QTR, STM32U5A5AJH6, STM32U5A5AJH6Q, STM32U5A5QJI6, STM32U5A5QJI6Q, STM32U5A5RJT6, STM32U5A5RJT6Q, STM32U5A5VJT6, STM32U5A5VJT6Q, STM32U5A5ZJT6, STM32U5A5ZJT6Q, STM32U5A5ZJY6QTR, STM32U5A9BJY6QTR, STM32U5A9J-DK, STM32U5A9NJH6Q, STM32U5A9VJT6Q, STM32U5A9ZJT6Q, STM32U5A9ZJY6QTR, STM32U5F7VIT6, STM32U5F7VIT6Q, STM32U5F7VJT6, STM32U5F7VJT6Q, STM32U5F9BJY6QTR, STM32U5F9NJH6Q, STM32U5F9VIT6Q, STM32U5F9VJT6Q, STM32U5F9ZIJ6QTR, STM32U5F9ZIT6Q, STM32U5F9ZJJ6QTR, STM32U5F9ZJT6Q, STM32U5G7VJT6, STM32U5G7VJT6Q, STM32U5G9BJY6QTR, STM32U5G9J-DK1, STM32U5G9J-DK2, STM32U5G9NJH6Q, STM32U5G9VJT6Q, STM32U5G9ZJJ6QTR, STM32U5G9ZJT6Q, STM32WB1MMCH6, STM32WBA50KEU6, STM32WBA50KEU6TR, STM32WBA50KGU6, STM32WBA50KGU6TR, STM32WBA52CEU6, STM32WBA52CEU6TR, STM32WBA52CEU7, STM32WBA52CEU7TR, STM32WBA52CGU6, STM32WBA52CGU6TR, STM32WBA52CGU6U, STM32WBA52CGU7, STM32WBA52CGU7TR, STM32WBA52KEU6, STM32WBA52KEU6TR, STM32WBA52KGU6, STM32WBA52KGU6TR, STM32WBA54CEU6, STM32WBA54CEU6TR, STM32WBA54CEU7, STM32WBA54CEU7TR, STM32WBA54CGU6, STM32WBA54CGU6TR, STM32WBA54CGU7, STM32WBA54CGU7TR, STM32WBA54KEU6, STM32WBA54KEU6TR, STM32WBA54KEU7, STM32WBA54KEU7TR, STM32WBA54KGU6, STM32WBA54KGU6TR, STM32WBA54KGU7, STM32WBA54KGU7TR, STM32WBA55CEU6, STM32WBA55CEU6TR, STM32WBA55CEU7, STM32WBA55CEU7TR, STM32WBA55CGU6, STM32WBA55CGU6TR, STM32WBA55CGU6U, STM32WBA55CGU7, STM32WBA55CGU7TR, STM32WBA55G-DK1, STM32WBA55HEF6, STM32WBA55HEF7, STM32WBA55HGF6, STM32WBA55HGF7, STM32WBA55UEI6, STM32WBA55UEI6TR, STM32WBA55UEI7, STM32WBA55UEI7TR, STM32WBA55UGI6, STM32WBA55UGI6TR, STM32WBA55UGI7, STM32WBA55UGI7TR, STM32WL5MOCH6, STM32WL5MOCH6TR]
2024-01-04 01:06:38,698 [WARN] PackLoader:240 - Cannot read IP mode file for portGmbH.I-Cube-SoM-uGOAL.1.1.0
2024-01-04 01:06:38,706 [WARN] PackLoader:240 - Cannot read IP mode file for STMicroelectronics.X-CUBE-ALS.1.0.1
2024-01-04 01:06:38,713 [WARN] PackLoader:240 - Cannot read IP mode file for STMicroelectronics.FP-ATR-ASTRA1.2.0.0
2024-01-04 01:06:38,725 [WARN] PackLoader:240 - Cannot read IP mode file for STMicroelectronics.X-CUBE-TOF1.3.4.0
2024-01-04 01:06:38,772 [WARN] PackLoader:240 - Cannot read IP mode file for STMicroelectronics.X-CUBE-AZRTOS-H7.3.2.0
2024-01-04 01:06:38,777 [INFO] ThirdParty:978 - Integrity check success = true
2024-01-04 01:06:38,777 [INFO] IntegrityCheckThread:100 - exiting critical section [integrity check]
2024-01-04 01:06:38,777 [INFO] IntegrityCheckThread:103 - End integrity checks thread
2024-01-04 01:06:38,913 [INFO] BoardInfo:889 - No configuration file found for board P-NUCLEO-WB55
2024-01-04 01:06:38,913 [INFO] DbBoards:161 - Kit is not supported: P-NUCLEO-WB55
2024-01-04 01:06:38,920 [INFO] BoardInfo:889 - No configuration file found for board STEVAL-BFA001V1B
2024-01-04 01:06:38,921 [INFO] DbBoards:161 - Kit is not supported: STEVAL-BFA001V1B
2024-01-04 01:06:38,923 [INFO] BoardInfo:889 - No configuration file found for board STEVAL-BFA001V2B
2024-01-04 01:06:38,923 [INFO] DbBoards:161 - Kit is not supported: STEVAL-BFA001V2B
2024-01-04 01:06:39,092 [INFO] DbBoards:168 - Found 193 boards, 190 are supported
2024-01-04 01:06:39,092 [INFO] DbBoards:169 - Found 193 boards, 3 of them is supported for  Bsp
2024-01-04 01:06:39,095 [INFO] ApiDb:423 - Load user favorites file C:\Users\aleja/.stm32cubeide/favorites.boards.txt: 0 item(s)
2024-01-04 01:06:39,095 [INFO] ApiDb:427 - User favorites Boards=[]
2024-01-04 01:06:39,095 [INFO] DbBoards:198 - Set 0 / 0 favorites Boards
2024-01-04 01:06:39,099 [INFO] ApiDb:668 - CubeFinder database Data Model version=2.1
2024-01-04 01:06:39,099 [INFO] ApiDb:669 - CubeFinder database Configuration version=3.0.39
2024-01-04 01:06:39,099 [INFO] ApiDb:670 - CubeFinder database generation date=2023-12-08 (1702028721)
2024-01-04 01:06:39,099 [INFO] ApiDb:671 - CubeFinder database FW Pack versions=[FP-ATR-ASTRA1_V2.0.0, FP-SNS-FLIGHT1_V5.0.1, FP-SNS-FLIGHT1_V5.0.2, FP-SNS-MOTENV1_V4.3.1, FP-SNS-MOTENV1_V4.3.2, FP-SNS-MOTENVWB1_V1.3.1, FP-SNS-SMARTAG2_V1.2.0, STM32Cube_FW_C0_V1.1.0, STM32Cube_FW_F4_V1.28.0, STM32Cube_FW_F7_V1.17.0, STM32Cube_FW_G0_V1.6.1, STM32Cube_FW_G4_V1.5.1, STM32Cube_FW_H5_V0.5.1, STM32Cube_FW_H5_V1.1.1, STM32Cube_FW_H5_V1.2.0RC2, STM32Cube_FW_H7_V1.11.0, STM32Cube_FW_L0_V1.12.2, STM32Cube_FW_L5_V1.5.0, STM32Cube_FW_U5_V1.3.0RC4, STM32Cube_FW_U5_V1.4.0, STM32Cube_FW_WBA_V1.0.0RC1, STM32Cube_FW_WBA_V1.1.0RC1, STM32Cube_FW_WBA_V1.2.0, STM32Cube_FW_WBA_V1.2.0RC2, STM32Cube_FW_WB_V1.15.0RC1, STM32Cube_FW_WB_V1.16.0, STM32Cube_FW_WB_V1.16.0RC2, STM32Cube_FW_WB_V1.18.0, STM32Cube_FW_WL_V1.3.0, X-CUBE-ALGOBUILD_V1.3.0, X-CUBE-ALS_V1.0.1, X-CUBE-AZRTOS-F4_V1.1.0, X-CUBE-AZRTOS-F7_V1.1.0, X-CUBE-AZRTOS-G0_V1.1.0, X-CUBE-AZRTOS-G4_V2.0.0, X-CUBE-AZRTOS-H7_V3.1.0, X-CUBE-AZRTOS-L4_V1.0.0, X-CUBE-AZRTOS-L4_V2.0.0, X-CUBE-AZRTOS-L5_V1.1.0, X-CUBE-AZRTOS-WB_V2.0.0, X-CUBE-AZRTOS-WL_V2.0.0, X-CUBE-BLE1_V7.0.0, X-CUBE-BLE2_V3.3.0, X-CUBE-BLEMGR_V3.0.0, X-CUBE-EEPRMA1_V4.1.0, X-CUBE-EEPRMA1_V4.2.0, X-CUBE-FREERTOS_V1.1.0, X-CUBE-GNSS1_V6.0.0, X-CUBE-MEMS1_V10.0.0, X-CUBE-MEMS1_V9.1.0, X-CUBE-MEMS1_V9.4.0, X-CUBE-MEMS1_V9.6.0, X-CUBE-NFC4_V3.0.0, X-CUBE-NFC7_V1.0.1, X-CUBE-SFXS2LP1_V4.0.0, X-CUBE-SUBG2_V5.0.0, X-CUBE-TOF1_V3.4.0]
2024-01-04 01:06:40,164 [ERROR] DbExamplesSqlite:437 - Missing JSON key: board_cpn
2024-01-04 01:06:40,165 [ERROR] DbExamplesSqlite:437 - Missing JSON key: board_cpn
2024-01-04 01:06:40,165 [ERROR] DbExamplesSqlite:437 - Missing JSON key: board_cpn
2024-01-04 01:06:40,165 [ERROR] DbExamplesSqlite:437 - Missing JSON key: board_cpn
2024-01-04 01:06:40,228 [INFO] DbExamplesSqlite:395 - Ignored 55 examples not supported by CubeIDE
2024-01-04 01:06:40,228 [INFO] DbExamplesSqlite:396 - Found 7560 examples active
2024-01-04 01:06:40,229 [INFO] DbExamplesSqlite:397 - Found 844 examples obsolete
2024-01-04 01:06:40,229 [INFO] DbExamplesSqlite:398 - Found 0 examples under development
2024-01-04 01:06:40,229 [INFO] DbExamplesSqlite:399 - Found 8 examples not building
2024-01-04 01:06:40,231 [INFO] DbExamples:125 - Found 7513 examples
2024-01-04 01:06:40,249 [INFO] DbExamples:222 - Found 95 boards with related examples
2024-01-04 01:06:40,250 [INFO] DbExamples:235 - Found 80 MCUs with related examples
2024-01-04 01:06:40,279 [INFO] ApiDb:423 - Load user favorites file C:\Users\aleja/.stm32cubeide/favorites.examples.txt: 0 item(s)
2024-01-04 01:06:40,279 [INFO] ApiDb:427 - User favorites Examples=[]
2024-01-04 01:06:40,280 [INFO] DbExamples:250 - Set 0 / 0 favorites Examples
2024-01-04 01:06:40,584 [INFO] McuFinderGlobals:76 - Set McuFinderConnectedMode to true
2024-01-04 01:06:40,598 [INFO] MultiScanPanel:200 - Auto-refresh data requested => check proxy status ongoing
2024-01-04 01:06:40,603 [INFO] FinderPluginLoader:95 - Searching for filters in installed packs
2024-01-04 01:06:42,337 [INFO] LoadUrlFilesThread:185 - End of LoadServerUrlFiles without Thread
2024-01-04 01:06:42,357 [INFO] DetailPanel:341 - Set advertising image to C:/Users/aleja/STM32Cube/Repository/\en.prom-stm32wl3-mcu-finder.jpg
2024-01-04 01:06:46,890 [INFO] MultiScanPanel:200 - Auto-refresh data requested => check proxy status ongoing
2024-01-04 01:06:47,109 [INFO] LoadUrlFilesThread:185 - End of LoadServerUrlFiles without Thread
2024-01-04 01:06:47,109 [INFO] DetailPanel:341 - Set advertising image to C:/Users/aleja/STM32Cube/Repository/\en.prom-stm32wl3-mcu-finder.jpg
2024-01-04 01:06:47,136 [INFO] DbBoards:642 - Loading board mini-images...
2024-01-04 01:06:48,377 [ERROR] DbBoards:659 - Image file not found for board NUCLEO-WBA55CG: C:\Users\aleja\.stmcufinder\plugins\mcufinder//mcu//boards_images/NUCLEO-WBA55CG.jpg
2024-01-04 01:06:49,690 [ERROR] DbBoards:659 - Image file not found for board STM32WBA55G-DK1: C:\Users\aleja\.stmcufinder\plugins\mcufinder//mcu//boards_images/STM32WBA55G-DK1.jpg
2024-01-04 01:06:49,691 [INFO] DbBoards:665 - Loaded 191 board mini-images
2024-01-04 01:06:53,576 [ERROR] LogOutputStream:75 - [STDERR_REDIRECT] SLF4J: Failed to load class "org.slf4j.impl.StaticLoggerBinder".
2024-01-04 01:06:53,576 [ERROR] LogOutputStream:75 - [STDERR_REDIRECT] SLF4J: Defaulting to no-operation (NOP) logger implementation
2024-01-04 01:06:53,576 [ERROR] LogOutputStream:75 - [STDERR_REDIRECT] SLF4J: See http://www.slf4j.org/codes.html#StaticLoggerBinder for further details.
2024-01-04 01:08:05,188 [INFO] McuFinderGlobals:76 - Set McuFinderConnectedMode to true
2024-01-04 01:08:05,188 [INFO] ApiDb:448 - Save user favorites file C:\Users\aleja/.stm32cubeide/favorites.mcus.txt: 1 item(s)
2024-01-04 01:08:05,188 [INFO] ApiDb:452 - User favorites MCUs=[STM32F042F4P6]
2024-01-04 01:08:05,205 [INFO] ApiDb:448 - Save user favorites file C:\Users\aleja/.stm32cubeide/favorites.boards.txt: 0 item(s)
2024-01-04 01:08:05,205 [INFO] ApiDb:452 - User favorites Boards=[]
2024-01-04 01:08:28,405 [INFO] Activator:176 - 


2024-01-04 01:08:28,408 [INFO] Activator:177 - !SESSION log4j initialized
2024-01-04 01:08:36,114 [INFO] LogOutputStream:77 - [STDOUT_REDIRECT] 
2024-01-04 01:08:38,450 [INFO] ApplicationProperties:184 - Using Application install path: C:\ST\STM32CubeIDE_1.13.2\STM32CubeIDE\plugins\com.st.stm32cube.common.mx_6.10.0.202311202037
2024-01-04 01:08:38,488 [INFO] DbMcusXml:78 - Set database path to: C:\ST\STM32CubeIDE_1.13.2\STM32CubeIDE\plugins\com.st.stm32cube.common.mx_6.10.0.202311202037\\db\/mcu/
2024-01-04 01:08:38,488 [INFO] ApiDb:274 - Set plugin database path to: C:\ST\STM32CubeIDE_1.13.2\STM32CubeIDE\plugins\com.st.stm32cube.common.mx_6.10.0.202311202037\\db\/plugins/boardmanager/
2024-01-04 01:08:38,489 [WARN] ApiDb:259 - Overriding images path with different value:  => C:\ST\STM32CubeIDE_1.13.2\STM32CubeIDE\plugins\com.st.stm32cube.common.mx_6.10.0.202311202037\\db\/plugins/mcufinder/images/
2024-01-04 01:08:38,501 [INFO] ApiDb:250 - Set database path to: C:\Users\aleja\.stmcufinder\plugins\mcufinder//mcu/
2024-01-04 01:08:38,504 [INFO] DbMcusAds:125 - Set database path to: C:\Users\aleja\.stmcufinder\plugins\mcufinder//mcu/
2024-01-04 01:08:38,508 [INFO] CrossReferenceDbSqlite:203 - Set database path to: C:\Users\aleja\.stmcufinder\plugins\mcufinder//mcu/cs/
2024-01-04 01:08:38,771 [INFO] RulesReader:64 - Compatibility file has been processed (297 Rules)
2024-01-04 01:12:48,517 [INFO] Activator:176 - 


2024-01-04 01:12:48,519 [INFO] Activator:177 - !SESSION log4j initialized
2024-01-04 01:12:55,658 [INFO] LogOutputStream:77 - [STDOUT_REDIRECT] 
2024-01-04 01:13:12,654 [INFO] ApplicationProperties:184 - Using Application install path: C:\ST\STM32CubeIDE_1.13.2\STM32CubeIDE\plugins\com.st.stm32cube.common.mx_6.10.0.202311202037
2024-01-04 01:13:12,679 [INFO] DbMcusXml:78 - Set database path to: C:\ST\STM32CubeIDE_1.13.2\STM32CubeIDE\plugins\com.st.stm32cube.common.mx_6.10.0.202311202037\\db\/mcu/
2024-01-04 01:13:12,680 [INFO] ApiDb:274 - Set plugin database path to: C:\ST\STM32CubeIDE_1.13.2\STM32CubeIDE\plugins\com.st.stm32cube.common.mx_6.10.0.202311202037\\db\/plugins/boardmanager/
2024-01-04 01:13:12,680 [WARN] ApiDb:259 - Overriding images path with different value:  => C:\ST\STM32CubeIDE_1.13.2\STM32CubeIDE\plugins\com.st.stm32cube.common.mx_6.10.0.202311202037\\db\/plugins/mcufinder/images/
2024-01-04 01:13:12,689 [INFO] ApiDb:250 - Set database path to: C:\Users\aleja\.stmcufinder\plugins\mcufinder//mcu/
2024-01-04 01:13:12,690 [INFO] DbMcusAds:125 - Set database path to: C:\Users\aleja\.stmcufinder\plugins\mcufinder//mcu/
2024-01-04 01:13:12,776 [INFO] CrossReferenceDbSqlite:203 - Set database path to: C:\Users\aleja\.stmcufinder\plugins\mcufinder//mcu/cs/
2024-01-04 01:13:12,961 [INFO] RulesReader:64 - Compatibility file has been processed (297 Rules)
2024-01-04 01:13:13,081 [INFO] DbMcusXml:78 - Set database path to: C:\ST\STM32CubeIDE_1.13.2\STM32CubeIDE\plugins\com.st.stm32cube.common.mx_6.10.0.202311202037\\db\/mcu/
2024-01-04 01:13:13,081 [INFO] ApiDb:274 - Set plugin database path to: C:\ST\STM32CubeIDE_1.13.2\STM32CubeIDE\plugins\com.st.stm32cube.common.mx_6.10.0.202311202037\\db\/plugins/boardmanager/
2024-01-04 01:13:13,081 [INFO] ApiDb:261 - Set plugin images path to: C:\ST\STM32CubeIDE_1.13.2\STM32CubeIDE\plugins\com.st.stm32cube.common.mx_6.10.0.202311202037\\db\/plugins/mcufinder/images/
2024-01-04 01:13:13,082 [WARN] DbFile:41 - Overriding database path with different value: C:\Users\aleja\.stmcufinder\plugins\mcufinder/ => C:\Users\aleja\.stmcufinder\plugins\mcufinder
2024-01-04 01:13:13,082 [INFO] ApiDb:250 - Set database path to: C:\Users\aleja\.stmcufinder\plugins\mcufinder//mcu/
2024-01-04 01:13:13,082 [WARN] DbFile:41 - Overriding database path with different value: C:\Users\aleja\.stmcufinder\plugins\mcufinder/ => C:\Users\aleja\.stmcufinder\plugins\mcufinder
2024-01-04 01:13:13,082 [INFO] DbMcusAds:125 - Set database path to: C:\Users\aleja\.stmcufinder\plugins\mcufinder//mcu/
2024-01-04 01:13:13,082 [WARN] DbFile:41 - Overriding database path with different value: C:\Users\aleja\.stmcufinder\plugins\mcufinder/ => C:\Users\aleja\.stmcufinder\plugins\mcufinder
2024-01-04 01:13:13,082 [WARN] DbFile:41 - Overriding database path with different value: C:\Users\aleja\.stmcufinder\plugins\mcufinder/ => C:\Users\aleja\.stmcufinder\plugins\mcufinder
2024-01-04 01:13:13,083 [INFO] CrossReferenceDbSqlite:203 - Set database path to: C:\Users\aleja\.stmcufinder\plugins\mcufinder//mcu/cs/
2024-01-04 01:13:13,191 [INFO] MainPanel:264 - HeapMemory: 268435456
2024-01-04 01:13:13,324 [INFO] DbMcusXml:78 - Set database path to: C:\ST\STM32CubeIDE_1.13.2\STM32CubeIDE\plugins\com.st.stm32cube.common.mx_6.10.0.202311202037\\db\/mcu/
2024-01-04 01:13:13,325 [INFO] ApiDb:274 - Set plugin database path to: C:\ST\STM32CubeIDE_1.13.2\STM32CubeIDE\plugins\com.st.stm32cube.common.mx_6.10.0.202311202037\\db\/plugins/boardmanager/
2024-01-04 01:13:13,325 [INFO] ApiDb:261 - Set plugin images path to: C:\ST\STM32CubeIDE_1.13.2\STM32CubeIDE\plugins\com.st.stm32cube.common.mx_6.10.0.202311202037\\db\/plugins/mcufinder/images/
2024-01-04 01:13:13,326 [WARN] DbFile:41 - Overriding database path with different value: C:\Users\aleja\.stmcufinder\plugins\mcufinder/ => C:\Users\aleja\.stmcufinder\plugins\mcufinder
2024-01-04 01:13:13,326 [INFO] ApiDb:250 - Set database path to: C:\Users\aleja\.stmcufinder\plugins\mcufinder//mcu/
2024-01-04 01:13:13,327 [WARN] DbFile:41 - Overriding database path with different value: C:\Users\aleja\.stmcufinder\plugins\mcufinder/ => C:\Users\aleja\.stmcufinder\plugins\mcufinder
2024-01-04 01:13:13,327 [INFO] DbMcusAds:125 - Set database path to: C:\Users\aleja\.stmcufinder\plugins\mcufinder//mcu/
2024-01-04 01:13:13,327 [WARN] DbFile:41 - Overriding database path with different value: C:\Users\aleja\.stmcufinder\plugins\mcufinder/ => C:\Users\aleja\.stmcufinder\plugins\mcufinder
2024-01-04 01:13:13,327 [WARN] DbFile:41 - Overriding database path with different value: C:\Users\aleja\.stmcufinder\plugins\mcufinder/ => C:\Users\aleja\.stmcufinder\plugins\mcufinder
2024-01-04 01:13:13,327 [INFO] CrossReferenceDbSqlite:203 - Set database path to: C:\Users\aleja\.stmcufinder\plugins\mcufinder//mcu/cs/
2024-01-04 01:13:13,350 [INFO] ApplicationProperties:184 - Using Application install path: C:\ST\STM32CubeIDE_1.13.2\STM32CubeIDE\plugins\com.st.stm32cube.common.mx_6.10.0.202311202037
2024-01-04 01:13:13,353 [INFO] PluginManage:196 - Search for loadable plugins [exclusion list=, ]
2024-01-04 01:13:13,355 [INFO] PluginManage:310 - Check plugin analytics
2024-01-04 01:13:13,659 [INFO] AnalyticsPlugin:253 - Accepted Software Licenses: 
2024-01-04 01:13:13,659 [INFO] AnalyticsPlugin:255 - Accepted CMSIS Pack Licenses: 
2024-01-04 01:13:13,659 [INFO] AnalyticsPlugin:257 - Accepted Firmware Licenses: 
2024-01-04 01:13:13,663 [INFO] PluginManage:359 - Loaded plugin analytics (category:tool,tabindex:-1)
2024-01-04 01:13:13,664 [INFO] PluginManage:310 - Check plugin cadmodel
2024-01-04 01:13:13,672 [INFO] CADModel:105 - Init CAD model plugin
2024-01-04 01:13:13,672 [INFO] PluginManage:359 - Loaded plugin cadmodel (category:power,tabindex:5)
2024-01-04 01:13:13,672 [INFO] PluginManage:310 - Check plugin clock
2024-01-04 01:13:13,687 [INFO] PluginManage:359 - Loaded plugin clock (category:base,tabindex:2)
2024-01-04 01:13:13,687 [INFO] PluginManage:310 - Check plugin ddr
2024-01-04 01:13:13,692 [INFO] PluginManage:359 - Loaded plugin ddr (category:tool,tabindex:6)
2024-01-04 01:13:13,692 [INFO] PluginManage:310 - Check plugin filemanager
2024-01-04 01:13:13,962 [INFO] PluginManage:359 - Loaded plugin filemanager (category:base,tabindex:10)
2024-01-04 01:13:13,962 [INFO] PluginManage:310 - Check plugin ipmanager
2024-01-04 01:13:13,974 [INFO] PluginManage:359 - Loaded plugin ipmanager (category:base,tabindex:5)
2024-01-04 01:13:13,975 [INFO] PluginManage:310 - Check plugin lpbam
2024-01-04 01:13:13,986 [INFO] PluginManage:359 - Loaded plugin lpbam (category:base,tabindex:0)
2024-01-04 01:13:13,987 [INFO] PluginManage:310 - Check plugin memorymap
2024-01-04 01:13:14,015 [INFO] PluginManage:359 - Loaded plugin memorymap (category:base,tabindex:4)
2024-01-04 01:13:14,016 [INFO] PluginManage:310 - Check plugin pinoutandconfiguration
2024-01-04 01:13:14,027 [INFO] PluginManage:359 - Loaded plugin pinoutandconfiguration (category:base,tabindex:1)
2024-01-04 01:13:14,028 [INFO] PluginManage:310 - Check plugin pinoutconfig
2024-01-04 01:13:14,234 [WARN] SupportedApi:132 - Cannot load RTOS API schema: s4s-elt-must-match.1: The content of 'definitions' must match (annotation?, (simpleType | complexType)?, (unique | key | keyref)*)). A problem was found starting at: attribute.
2024-01-04 01:13:14,668 [INFO] PluginManage:359 - Loaded plugin pinoutconfig (category:base,tabindex:0)
2024-01-04 01:13:14,668 [INFO] PluginManage:310 - Check plugin power
2024-01-04 01:13:14,690 [INFO] PluginManage:359 - Loaded plugin power (category:power,tabindex:4)
2024-01-04 01:13:14,691 [INFO] PluginManage:310 - Check plugin projectmanager
2024-01-04 01:13:14,727 [INFO] PluginManage:359 - Loaded plugin projectmanager (category:projectmanager,tabindex:3)
2024-01-04 01:13:14,727 [INFO] PluginManage:310 - Check plugin thirdparty
2024-01-04 01:13:14,982 [INFO] PluginManage:359 - Loaded plugin thirdparty (category:base,tabindex:-1)
2024-01-04 01:13:14,982 [WARN] IntegrityCheckThread:84 - waiting for thirdparty lock release [integrity check]
2024-01-04 01:13:14,982 [INFO] PluginManage:310 - Check plugin tools
2024-01-04 01:13:14,983 [INFO] IntegrityCheckThread:86 - entering critical section [integrity check]
2024-01-04 01:13:14,984 [INFO] ThirdPartyUpdaterWithRetryManager:70 - Updater plugin not ready yet. [1/15]
2024-01-04 01:13:14,986 [INFO] PluginManage:359 - Loaded plugin tools (category:base,tabindex:7)
2024-01-04 01:13:14,986 [INFO] PluginManage:310 - Check plugin tutovideos
2024-01-04 01:13:15,128 [FATAL] PluginManage:371 - Exception caught
java.lang.reflect.InvocationTargetException: null
	at jdk.internal.reflect.NativeConstructorAccessorImpl.newInstance0(Native Method) ~[?:?]
	at jdk.internal.reflect.NativeConstructorAccessorImpl.newInstance(NativeConstructorAccessorImpl.java:77) ~[?:?]
	at jdk.internal.reflect.DelegatingConstructorAccessorImpl.newInstance(DelegatingConstructorAccessorImpl.java:45) ~[?:?]
	at java.lang.reflect.Constructor.newInstanceWithCaller(Constructor.java:499) ~[?:?]
	at java.lang.reflect.Constructor.newInstance(Constructor.java:480) ~[?:?]
	at com.st.microxplorer.plugin.PluginManage.loadPluginJar(PluginManage.java:352) ~[STM32CubeMX.jar:?]
	at com.st.microxplorer.plugin.PluginManage.PluginSearch(PluginManage.java:224) ~[STM32CubeMX.jar:?]
	at com.st.microxplorer.plugin.PluginManage.PluginDiscovery(PluginManage.java:67) ~[STM32CubeMX.jar:?]
	at com.st.microxplorer.maingui.MainPanel.initialization(MainPanel.java:316) ~[STM32CubeMX.jar:?]
	at com.st.microxplorer.maingui.AppletMainFrameCubeIde.init(AppletMainFrameCubeIde.java:242) ~[STM32CubeMX.jar:?]
	at com.st.stm32cube.common.mx.core.CubeMxInstance.<init>(CubeMxInstance.java:117) ~[com.st.stm32cube.common.mx_6.10.0.202311202037/:?]
	at com.st.stm32cube.common.mx.core.CubeMxInstance.getInstance(CubeMxInstance.java:91) ~[com.st.stm32cube.common.mx_6.10.0.202311202037/:?]
	at com.st.stm32cube.common.mx.userauth.UserAuthAdapter.<init>(UserAuthAdapter.java:25) ~[com.st.stm32cube.common.mx_6.10.0.202311202037/:?]
	at com.st.stm32cube.common.mx.userauth.UserAuthProvider.getUserAuthAdapter(UserAuthProvider.java:16) ~[com.st.stm32cube.common.mx_6.10.0.202311202037/:?]
	at com.st.stm32cube.common.ecosystemintegration.ui.core.MCUEcoSystemIntegrationUiHelper.getUserAuth(MCUEcoSystemIntegrationUiHelper.java:100) ~[?:?]
	at com.st.stm32cube.ide.mcu.userauth.UserAuthStartup.earlyStartup(UserAuthStartup.java:41) ~[?:?]
	at org.eclipse.ui.internal.EarlyStartupRunnable.runEarlyStartup(EarlyStartupRunnable.java:79) ~[?:?]
	at org.eclipse.ui.internal.EarlyStartupRunnable.run(EarlyStartupRunnable.java:55) ~[?:?]
	at org.eclipse.core.runtime.SafeRunner.run(SafeRunner.java:45) ~[org.eclipse.equinox.common_3.18.100.v20230730-1117.jar:?]
	at org.eclipse.ui.internal.Workbench$39.run(Workbench.java:2737) ~[?:?]
	at org.eclipse.core.internal.jobs.Worker.run(Worker.java:63) ~[?:?]
Caused by: java.lang.IllegalStateException: Module has been uninstalled. osgi.identity; type="osgi.bundle"; version:Version="6.10.0.202311202037"; osgi.identity="com.st.stm32cube.common.mx"; singleton:="true" [id=433]
	at org.eclipse.osgi.container.Module.checkValid(Module.java:560) ~[?:?]
	at org.eclipse.osgi.container.Module.start(Module.java:421) ~[?:?]
	at org.eclipse.osgi.framework.util.SecureAction.start(SecureAction.java:513) ~[?:?]
	at org.eclipse.osgi.internal.hooks.EclipseLazyStarter.postFindLocalClass(EclipseLazyStarter.java:117) ~[?:?]
	at org.eclipse.osgi.internal.loader.classpath.ClasspathManager.findLocalClass(ClasspathManager.java:570) ~[?:?]
	at org.eclipse.osgi.internal.loader.ModuleClassLoader.findLocalClass(ModuleClassLoader.java:335) ~[?:?]
	at org.eclipse.osgi.internal.loader.BundleLoader.findLocalClass(BundleLoader.java:397) ~[?:?]
	at org.eclipse.osgi.internal.loader.BundleLoader.findClass0(BundleLoader.java:500) ~[?:?]
	at org.eclipse.osgi.internal.loader.BundleLoader.findClass(BundleLoader.java:416) ~[?:?]
	at org.eclipse.osgi.internal.loader.ModuleClassLoader.loadClass(ModuleClassLoader.java:168) ~[?:?]
	at java.lang.ClassLoader.loadClass(ClassLoader.java:525) ~[?:?]
	at com.fasterxml.jackson.databind.ObjectMapper.<init>(ObjectMapper.java:549) ~[STM32CubeMX.jar:?]
	at com.fasterxml.jackson.databind.ObjectMapper.<init>(ObjectMapper.java:480) ~[STM32CubeMX.jar:?]
	at com.st.microxplorer.plugins.tutovideos.TutoVideosMain.loadTutoVideoDB(TutoVideosMain.java:157) ~[?:?]
	at com.st.microxplorer.plugins.tutovideos.TutoVideosPlugin.<init>(TutoVideosPlugin.java:76) ~[?:?]
	... 21 more
2024-01-04 01:13:15,214 [INFO] UserAuth:114 - Init User Auth plugin
2024-01-04 11:15:03,047 [INFO] Activator:176 - 


2024-01-04 11:15:03,051 [INFO] Activator:177 - !SESSION log4j initialized
2024-01-04 11:15:11,989 [INFO] LogOutputStream:77 - [STDOUT_REDIRECT] 
2024-01-04 11:15:13,866 [INFO] ApplicationProperties:184 - Using Application install path: C:\ST\STM32CubeIDE_1.13.2\STM32CubeIDE\plugins\com.st.stm32cube.common.mx_6.10.0.202311202037
2024-01-04 11:15:13,905 [INFO] DbMcusXml:78 - Set database path to: C:\ST\STM32CubeIDE_1.13.2\STM32CubeIDE\plugins\com.st.stm32cube.common.mx_6.10.0.202311202037\\db\/mcu/
2024-01-04 11:15:13,905 [INFO] ApiDb:274 - Set plugin database path to: C:\ST\STM32CubeIDE_1.13.2\STM32CubeIDE\plugins\com.st.stm32cube.common.mx_6.10.0.202311202037\\db\/plugins/boardmanager/
2024-01-04 11:15:13,906 [WARN] ApiDb:259 - Overriding images path with different value:  => C:\ST\STM32CubeIDE_1.13.2\STM32CubeIDE\plugins\com.st.stm32cube.common.mx_6.10.0.202311202037\\db\/plugins/mcufinder/images/
2024-01-04 11:15:13,921 [INFO] ApiDb:250 - Set database path to: C:\Users\aleja\.stmcufinder\plugins\mcufinder//mcu/
2024-01-04 11:15:13,924 [INFO] DbMcusAds:125 - Set database path to: C:\Users\aleja\.stmcufinder\plugins\mcufinder//mcu/
2024-01-04 11:15:13,929 [INFO] CrossReferenceDbSqlite:203 - Set database path to: C:\Users\aleja\.stmcufinder\plugins\mcufinder//mcu/cs/
2024-01-04 11:15:14,195 [INFO] RulesReader:64 - Compatibility file has been processed (297 Rules)
2024-01-04 11:15:14,437 [INFO] DbMcusXml:78 - Set database path to: C:\ST\STM32CubeIDE_1.13.2\STM32CubeIDE\plugins\com.st.stm32cube.common.mx_6.10.0.202311202037\\db\/mcu/
2024-01-04 11:15:14,438 [INFO] ApiDb:274 - Set plugin database path to: C:\ST\STM32CubeIDE_1.13.2\STM32CubeIDE\plugins\com.st.stm32cube.common.mx_6.10.0.202311202037\\db\/plugins/boardmanager/
2024-01-04 11:15:14,438 [INFO] ApiDb:261 - Set plugin images path to: C:\ST\STM32CubeIDE_1.13.2\STM32CubeIDE\plugins\com.st.stm32cube.common.mx_6.10.0.202311202037\\db\/plugins/mcufinder/images/
2024-01-04 11:15:14,438 [WARN] DbFile:41 - Overriding database path with different value: C:\Users\aleja\.stmcufinder\plugins\mcufinder/ => C:\Users\aleja\.stmcufinder\plugins\mcufinder
2024-01-04 11:15:14,439 [INFO] ApiDb:250 - Set database path to: C:\Users\aleja\.stmcufinder\plugins\mcufinder//mcu/
2024-01-04 11:15:14,439 [WARN] DbFile:41 - Overriding database path with different value: C:\Users\aleja\.stmcufinder\plugins\mcufinder/ => C:\Users\aleja\.stmcufinder\plugins\mcufinder
2024-01-04 11:15:14,439 [INFO] DbMcusAds:125 - Set database path to: C:\Users\aleja\.stmcufinder\plugins\mcufinder//mcu/
2024-01-04 11:15:14,439 [WARN] DbFile:41 - Overriding database path with different value: C:\Users\aleja\.stmcufinder\plugins\mcufinder/ => C:\Users\aleja\.stmcufinder\plugins\mcufinder
2024-01-04 11:15:14,439 [WARN] DbFile:41 - Overriding database path with different value: C:\Users\aleja\.stmcufinder\plugins\mcufinder/ => C:\Users\aleja\.stmcufinder\plugins\mcufinder
2024-01-04 11:15:14,440 [INFO] CrossReferenceDbSqlite:203 - Set database path to: C:\Users\aleja\.stmcufinder\plugins\mcufinder//mcu/cs/
2024-01-04 11:15:14,604 [INFO] MainPanel:264 - HeapMemory: 268435456
2024-01-04 11:15:14,858 [INFO] DbMcusXml:78 - Set database path to: C:\ST\STM32CubeIDE_1.13.2\STM32CubeIDE\plugins\com.st.stm32cube.common.mx_6.10.0.202311202037\\db\/mcu/
2024-01-04 11:15:14,858 [INFO] ApiDb:274 - Set plugin database path to: C:\ST\STM32CubeIDE_1.13.2\STM32CubeIDE\plugins\com.st.stm32cube.common.mx_6.10.0.202311202037\\db\/plugins/boardmanager/
2024-01-04 11:15:14,859 [INFO] ApiDb:261 - Set plugin images path to: C:\ST\STM32CubeIDE_1.13.2\STM32CubeIDE\plugins\com.st.stm32cube.common.mx_6.10.0.202311202037\\db\/plugins/mcufinder/images/
2024-01-04 11:15:14,859 [WARN] DbFile:41 - Overriding database path with different value: C:\Users\aleja\.stmcufinder\plugins\mcufinder/ => C:\Users\aleja\.stmcufinder\plugins\mcufinder
2024-01-04 11:15:14,860 [INFO] ApiDb:250 - Set database path to: C:\Users\aleja\.stmcufinder\plugins\mcufinder//mcu/
2024-01-04 11:15:14,860 [WARN] DbFile:41 - Overriding database path with different value: C:\Users\aleja\.stmcufinder\plugins\mcufinder/ => C:\Users\aleja\.stmcufinder\plugins\mcufinder
2024-01-04 11:15:14,860 [INFO] DbMcusAds:125 - Set database path to: C:\Users\aleja\.stmcufinder\plugins\mcufinder//mcu/
2024-01-04 11:15:14,860 [WARN] DbFile:41 - Overriding database path with different value: C:\Users\aleja\.stmcufinder\plugins\mcufinder/ => C:\Users\aleja\.stmcufinder\plugins\mcufinder
2024-01-04 11:15:14,860 [WARN] DbFile:41 - Overriding database path with different value: C:\Users\aleja\.stmcufinder\plugins\mcufinder/ => C:\Users\aleja\.stmcufinder\plugins\mcufinder
2024-01-04 11:15:14,860 [INFO] CrossReferenceDbSqlite:203 - Set database path to: C:\Users\aleja\.stmcufinder\plugins\mcufinder//mcu/cs/
2024-01-04 11:15:14,902 [INFO] ApplicationProperties:184 - Using Application install path: C:\ST\STM32CubeIDE_1.13.2\STM32CubeIDE\plugins\com.st.stm32cube.common.mx_6.10.0.202311202037
2024-01-04 11:15:14,906 [INFO] PluginManage:196 - Search for loadable plugins [exclusion list=, ]
2024-01-04 11:15:14,910 [INFO] PluginManage:310 - Check plugin analytics
2024-01-04 11:15:15,291 [INFO] AnalyticsPlugin:253 - Accepted Software Licenses: 
2024-01-04 11:15:15,291 [INFO] AnalyticsPlugin:255 - Accepted CMSIS Pack Licenses: 
2024-01-04 11:15:15,292 [INFO] AnalyticsPlugin:257 - Accepted Firmware Licenses: 
2024-01-04 11:15:15,297 [INFO] PluginManage:359 - Loaded plugin analytics (category:tool,tabindex:-1)
2024-01-04 11:15:15,297 [INFO] PluginManage:310 - Check plugin cadmodel
2024-01-04 11:15:15,313 [INFO] CADModel:105 - Init CAD model plugin
2024-01-04 11:15:15,313 [INFO] PluginManage:359 - Loaded plugin cadmodel (category:power,tabindex:5)
2024-01-04 11:15:15,314 [INFO] PluginManage:310 - Check plugin clock
2024-01-04 11:15:15,338 [INFO] PluginManage:359 - Loaded plugin clock (category:base,tabindex:2)
2024-01-04 11:15:15,339 [INFO] PluginManage:310 - Check plugin ddr
2024-01-04 11:15:15,344 [INFO] PluginManage:359 - Loaded plugin ddr (category:tool,tabindex:6)
2024-01-04 11:15:15,344 [INFO] PluginManage:310 - Check plugin filemanager
2024-01-04 11:15:15,666 [INFO] PluginManage:359 - Loaded plugin filemanager (category:base,tabindex:10)
2024-01-04 11:15:15,667 [INFO] PluginManage:310 - Check plugin ipmanager
2024-01-04 11:15:15,683 [INFO] PluginManage:359 - Loaded plugin ipmanager (category:base,tabindex:5)
2024-01-04 11:15:15,684 [INFO] PluginManage:310 - Check plugin lpbam
2024-01-04 11:15:15,700 [INFO] PluginManage:359 - Loaded plugin lpbam (category:base,tabindex:0)
2024-01-04 11:15:15,700 [INFO] PluginManage:310 - Check plugin memorymap
2024-01-04 11:15:15,733 [INFO] PluginManage:359 - Loaded plugin memorymap (category:base,tabindex:4)
2024-01-04 11:15:15,733 [INFO] PluginManage:310 - Check plugin pinoutandconfiguration
2024-01-04 11:15:15,759 [INFO] PluginManage:359 - Loaded plugin pinoutandconfiguration (category:base,tabindex:1)
2024-01-04 11:15:15,759 [INFO] PluginManage:310 - Check plugin pinoutconfig
2024-01-04 11:15:15,954 [WARN] SupportedApi:132 - Cannot load RTOS API schema: s4s-elt-must-match.1: The content of 'definitions' must match (annotation?, (simpleType | complexType)?, (unique | key | keyref)*)). A problem was found starting at: attribute.
2024-01-04 11:15:16,295 [INFO] PluginManage:359 - Loaded plugin pinoutconfig (category:base,tabindex:0)
2024-01-04 11:15:16,296 [INFO] PluginManage:310 - Check plugin power
2024-01-04 11:15:16,320 [INFO] PluginManage:359 - Loaded plugin power (category:power,tabindex:4)
2024-01-04 11:15:16,321 [INFO] PluginManage:310 - Check plugin projectmanager
2024-01-04 11:15:16,354 [INFO] PluginManage:359 - Loaded plugin projectmanager (category:projectmanager,tabindex:3)
2024-01-04 11:15:16,354 [INFO] PluginManage:310 - Check plugin thirdparty
2024-01-04 11:15:16,709 [INFO] PluginManage:359 - Loaded plugin thirdparty (category:base,tabindex:-1)
2024-01-04 11:15:16,709 [WARN] IntegrityCheckThread:84 - waiting for thirdparty lock release [integrity check]
2024-01-04 11:15:16,709 [INFO] PluginManage:310 - Check plugin tools
2024-01-04 11:15:16,710 [INFO] IntegrityCheckThread:86 - entering critical section [integrity check]
2024-01-04 11:15:16,711 [INFO] ThirdPartyUpdaterWithRetryManager:70 - Updater plugin not ready yet. [1/15]
2024-01-04 11:15:16,718 [INFO] PluginManage:359 - Loaded plugin tools (category:base,tabindex:7)
2024-01-04 11:15:16,718 [INFO] PluginManage:310 - Check plugin tutovideos
2024-01-04 11:15:17,246 [INFO] PluginManage:359 - Loaded plugin tutovideos (category:base,tabindex:-1)
2024-01-04 11:15:17,246 [INFO] PluginManage:310 - Check plugin updater
2024-01-04 11:15:17,276 [INFO] PluginManage:359 - Loaded plugin updater (category:base,tabindex:12)
2024-01-04 11:15:17,277 [INFO] PluginManage:310 - Check plugin userauth
2024-01-04 11:15:17,290 [INFO] UserAuth:114 - Init User Auth plugin
2024-01-04 11:15:17,290 [INFO] PluginManage:359 - Loaded plugin userauth (category:base,tabindex:14)
2024-01-04 11:15:17,292 [INFO] PluginManage:283 - PluginManage : Loaded plugins [17]
2024-01-04 11:15:17,841 [INFO] PinOutPanel:1499 - setPackage(No Configuration,No Configuration)
2024-01-04 11:15:17,968 [INFO] CADModel:165 - CPN selected for project level
2024-01-04 11:15:17,969 [INFO] CADModel:114 - Register for checkConnection events
2024-01-04 11:15:18,000 [INFO] IPUIPlugin:80 - create IPUIPlugin
2024-01-04 11:15:18,001 [INFO] PluginManager:220 - loadIPPluginJar : add adc
2024-01-04 11:15:18,005 [INFO] IPUIPlugin:80 - create IPUIPlugin
2024-01-04 11:15:18,005 [INFO] PluginManager:220 - loadIPPluginJar : add aes
2024-01-04 11:15:18,012 [INFO] IPUIPlugin:80 - create IPUIPlugin
2024-01-04 11:15:18,012 [INFO] PluginManager:220 - loadIPPluginJar : add can
2024-01-04 11:15:18,016 [INFO] IPUIPlugin:80 - create IPUIPlugin
2024-01-04 11:15:18,016 [INFO] PluginManager:220 - loadIPPluginJar : add comp
2024-01-04 11:15:18,022 [INFO] IPUIPlugin:80 - create IPUIPlugin
2024-01-04 11:15:18,022 [INFO] PluginManager:220 - loadIPPluginJar : add cryp
2024-01-04 11:15:18,027 [INFO] IPUIPlugin:80 - create IPUIPlugin
2024-01-04 11:15:18,027 [INFO] PluginManager:220 - loadIPPluginJar : add dfsdm
2024-01-04 11:15:18,036 [INFO] IPUIPlugin:80 - create IPUIPlugin
2024-01-04 11:15:18,037 [INFO] PluginManager:220 - loadIPPluginJar : add dma
2024-01-04 11:15:18,043 [INFO] IPUIPlugin:80 - create IPUIPlugin
2024-01-04 11:15:18,043 [INFO] PluginManager:220 - loadIPPluginJar : add dma3
2024-01-04 11:15:18,046 [INFO] IPUIPlugin:80 - create IPUIPlugin
2024-01-04 11:15:18,046 [INFO] PluginManager:220 - loadIPPluginJar : add fatfs
2024-01-04 11:15:18,052 [INFO] IPUIPlugin:80 - create IPUIPlugin
2024-01-04 11:15:18,052 [INFO] PluginManager:220 - loadIPPluginJar : add fmc
2024-01-04 11:15:18,060 [INFO] IPUIPlugin:80 - create IPUIPlugin
2024-01-04 11:15:18,061 [INFO] PluginManager:220 - loadIPPluginJar : add freertos
2024-01-04 11:15:18,064 [INFO] IPUIPlugin:80 - create IPUIPlugin
2024-01-04 11:15:18,064 [INFO] PluginManager:220 - loadIPPluginJar : add genericplugin
2024-01-04 11:15:18,070 [INFO] IPUIPlugin:80 - create IPUIPlugin
2024-01-04 11:15:18,070 [INFO] PluginManager:220 - loadIPPluginJar : add gfxmmu
2024-01-04 11:15:18,079 [INFO] IPUIPlugin:80 - create IPUIPlugin
2024-01-04 11:15:18,079 [INFO] PluginManager:220 - loadIPPluginJar : add gic
2024-01-04 11:15:18,087 [INFO] IPUIPlugin:80 - create IPUIPlugin
2024-01-04 11:15:18,087 [INFO] PluginManager:220 - loadIPPluginJar : add gpio
2024-01-04 11:15:18,094 [INFO] IPUIPlugin:80 - create IPUIPlugin
2024-01-04 11:15:18,094 [INFO] PluginManager:220 - loadIPPluginJar : add gtzc
2024-01-04 11:15:18,104 [INFO] IPUIPlugin:80 - create IPUIPlugin
2024-01-04 11:15:18,105 [INFO] PluginManager:220 - loadIPPluginJar : add hash
2024-01-04 11:15:18,109 [INFO] IPUIPlugin:80 - create IPUIPlugin
2024-01-04 11:15:18,109 [INFO] PluginManager:220 - loadIPPluginJar : add i2c
2024-01-04 11:15:18,114 [INFO] IPUIPlugin:80 - create IPUIPlugin
2024-01-04 11:15:18,114 [INFO] PluginManager:220 - loadIPPluginJar : add i2s
2024-01-04 11:15:18,120 [INFO] IPUIPlugin:80 - create IPUIPlugin
2024-01-04 11:15:18,120 [INFO] PluginManager:220 - loadIPPluginJar : add i3c
2024-01-04 11:15:18,125 [INFO] IPUIPlugin:80 - create IPUIPlugin
2024-01-04 11:15:18,125 [INFO] PluginManager:220 - loadIPPluginJar : add ipddr
2024-01-04 11:15:18,139 [INFO] IPUIPlugin:80 - create IPUIPlugin
2024-01-04 11:15:18,139 [INFO] PluginManager:220 - loadIPPluginJar : add linkedlist
2024-01-04 11:15:18,145 [INFO] IPUIPlugin:80 - create IPUIPlugin
2024-01-04 11:15:18,145 [INFO] PluginManager:220 - loadIPPluginJar : add lorawan
2024-01-04 11:15:18,148 [INFO] IPUIPlugin:80 - create IPUIPlugin
2024-01-04 11:15:18,148 [INFO] PluginManager:220 - loadIPPluginJar : add ltdc
2024-01-04 11:15:18,158 [INFO] IPUIPlugin:80 - create IPUIPlugin
2024-01-04 11:15:18,158 [INFO] PluginManager:220 - loadIPPluginJar : add mdma
2024-01-04 11:15:18,164 [INFO] IPUIPlugin:80 - create IPUIPlugin
2024-01-04 11:15:18,164 [INFO] PluginManager:220 - loadIPPluginJar : add nvic
2024-01-04 11:15:18,169 [INFO] IPUIPlugin:80 - create IPUIPlugin
2024-01-04 11:15:18,169 [INFO] PluginManager:220 - loadIPPluginJar : add opamp
2024-01-04 11:15:18,173 [INFO] IPUIPlugin:80 - create IPUIPlugin
2024-01-04 11:15:18,173 [INFO] PluginManager:220 - loadIPPluginJar : add openamp
2024-01-04 11:15:18,178 [INFO] IPUIPlugin:80 - create IPUIPlugin
2024-01-04 11:15:18,178 [INFO] PluginManager:220 - loadIPPluginJar : add pdm2pcm
2024-01-04 11:15:18,184 [INFO] IPUIPlugin:80 - create IPUIPlugin
2024-01-04 11:15:18,186 [INFO] PluginManager:220 - loadIPPluginJar : add plateformsettings
2024-01-04 11:15:18,188 [INFO] IPUIPlugin:80 - create IPUIPlugin
2024-01-04 11:15:18,188 [INFO] PluginManager:220 - loadIPPluginJar : add quadspi
2024-01-04 11:15:18,192 [INFO] IPUIPlugin:80 - create IPUIPlugin
2024-01-04 11:15:18,193 [INFO] PluginManager:220 - loadIPPluginJar : add resmgrutility
2024-01-04 11:15:18,196 [INFO] IPUIPlugin:80 - create IPUIPlugin
2024-01-04 11:15:18,196 [INFO] PluginManager:220 - loadIPPluginJar : add sai
2024-01-04 11:15:18,199 [INFO] IPUIPlugin:80 - create IPUIPlugin
2024-01-04 11:15:18,199 [INFO] PluginManager:220 - loadIPPluginJar : add spi
2024-01-04 11:15:18,205 [INFO] IPUIPlugin:80 - create IPUIPlugin
2024-01-04 11:15:18,205 [INFO] PluginManager:220 - loadIPPluginJar : add stm32_wpan
2024-01-04 11:15:18,208 [INFO] IPUIPlugin:80 - create IPUIPlugin
2024-01-04 11:15:18,208 [INFO] PluginManager:220 - loadIPPluginJar : add tim
2024-01-04 11:15:18,215 [INFO] IPUIPlugin:80 - create IPUIPlugin
2024-01-04 11:15:18,215 [INFO] PluginManager:220 - loadIPPluginJar : add touchsensing
2024-01-04 11:15:18,218 [INFO] IPUIPlugin:80 - create IPUIPlugin
2024-01-04 11:15:18,218 [INFO] PluginManager:220 - loadIPPluginJar : add tracer_emb
2024-01-04 11:15:18,222 [INFO] IPUIPlugin:80 - create IPUIPlugin
2024-01-04 11:15:18,222 [INFO] PluginManager:220 - loadIPPluginJar : add ts
2024-01-04 11:15:18,225 [INFO] IPUIPlugin:80 - create IPUIPlugin
2024-01-04 11:15:18,225 [INFO] PluginManager:220 - loadIPPluginJar : add tsc
2024-01-04 11:15:18,228 [INFO] IPUIPlugin:80 - create IPUIPlugin
2024-01-04 11:15:18,229 [INFO] PluginManager:220 - loadIPPluginJar : add ucpd
2024-01-04 11:15:18,232 [INFO] IPUIPlugin:80 - create IPUIPlugin
2024-01-04 11:15:18,232 [INFO] PluginManager:220 - loadIPPluginJar : add usart
2024-01-04 11:15:18,235 [INFO] IPUIPlugin:80 - create IPUIPlugin
2024-01-04 11:15:18,236 [INFO] PluginManager:220 - loadIPPluginJar : add usbx
2024-01-04 11:15:18,395 [INFO] CADModel:165 - CPN selected for project level
2024-01-04 11:15:18,395 [INFO] CADModel:114 - Register for checkConnection events
2024-01-04 11:15:18,396 [FATAL] Updater:308 - Updater called before beeing initialized
2024-01-04 11:15:18,396 [ERROR] CADModel:125 - Updater not yet initialized, retry later 
2024-01-04 11:15:18,648 [INFO] CADModel:165 - CPN selected for project level
2024-01-04 11:15:18,649 [INFO] CADModel:114 - Register for checkConnection events
2024-01-04 11:15:18,649 [FATAL] Updater:308 - Updater called before beeing initialized
2024-01-04 11:15:18,649 [ERROR] CADModel:125 - Updater not yet initialized, retry later 
2024-01-04 11:15:18,655 [FATAL] Updater:308 - Updater called before beeing initialized
2024-01-04 11:15:18,861 [FATAL] Updater:308 - Updater called before beeing initialized
2024-01-04 11:15:18,867 [INFO] DbMcusAds:53 - JSON generation date=Wed Nov 29 11:52:27 CET 2023 (1701255147349)
2024-01-04 11:15:18,867 [FATAL] Updater:308 - Updater called before beeing initialized
2024-01-04 11:15:18,945 [WARN] DetailPanel:346 - Failed to get advertising image, set to default
2024-01-04 11:15:19,138 [FATAL] Updater:308 - Updater called before beeing initialized
2024-01-04 11:15:19,140 [FATAL] Updater:308 - Updater called before beeing initialized
2024-01-04 11:15:19,141 [FATAL] Updater:308 - Updater called before beeing initialized
2024-01-04 11:15:19,141 [WARN] DetailPanel:346 - Failed to get advertising image, set to default
2024-01-04 11:15:19,142 [FATAL] Updater:308 - Updater called before beeing initialized
2024-01-04 11:15:19,228 [ERROR] Updater:1120 - MainUpdater not yet initialized. External WinMGr cannot be set.
2024-01-04 11:15:19,231 [INFO] Updater:1056 - Updater Version found : 6.10.0
2024-01-04 11:15:19,262 [INFO] ApplicationProperties:184 - Using Application install path: C:\ST\STM32CubeIDE_1.13.2\STM32CubeIDE\plugins\com.st.stm32cube.common.mx_6.10.0.202311202037
2024-01-04 11:15:19,712 [INFO] ThirdPartyUpdaterWithRetryManager:70 - Updater plugin not ready yet. [2/15]
2024-01-04 11:15:20,846 [ERROR] LogOutputStream:75 - [STDERR_REDIRECT] Jan 04, 2024 11:15:20 AM java.util.prefs.WindowsPreferences <init>
2024-01-04 11:15:20,847 [ERROR] LogOutputStream:75 - [STDERR_REDIRECT] WARNING: Could not open/create prefs root node Software\JavaSoft\Prefs at root 0xffffffff80000002. Windows RegCreateKeyEx(...) returned error code 5.
2024-01-04 11:15:20,848 [ERROR] LogOutputStream:75 - [STDERR_REDIRECT] 
2024-01-04 11:15:21,481 [INFO] MainUpdater:2873 - connection check result : 10
2024-01-04 11:15:21,482 [INFO] MainUpdater:290 - Updater Check For Update Now.
2024-01-04 11:15:21,483 [INFO] MicroXplorer:498 - Change Database Version : DB.6.0.100
2024-01-04 11:15:21,516 [INFO] McuFinderGlobals:63 - Set McuFinder mode to 2 (CubeIDE integrated)
2024-01-04 11:15:21,538 [INFO] UserAuth:404 - Internet connection configuration mode: 1
2024-01-04 11:15:21,592 [INFO] JxBrowserEngine:152 - Initiate JxBrowser Engine with user profile folder
2024-01-04 11:15:21,690 [INFO] CheckServerUpdateThread:120 - End of CheckServer Thread
2024-01-04 11:15:22,799 [INFO] WebApp:161 - Instantiating new browser for Auth
2024-01-04 11:15:23,114 [WARN] PackLoader:240 - Cannot read IP mode file for STMicroelectronics.X-CUBE-SMBUS.2.1.0
2024-01-04 11:15:23,140 [WARN] PackLoader:240 - Cannot read IP mode file for STMicroelectronics.X-CUBE-TOUCHGFX.4.23.0
2024-01-04 11:15:23,182 [WARN] PackLoader:240 - Cannot read IP mode file for STMicroelectronics.X-CUBE-AZRTOS-F7.1.1.0
2024-01-04 11:15:23,193 [WARN] PackLoader:240 - Cannot read IP mode file for STMicroelectronics.FP-SNS-MOTENV1.4.3.2
2024-01-04 11:15:23,201 [WARN] PackLoader:240 - Cannot read IP mode file for STMicroelectronics.FP-SNS-FLIGHT1.5.0.2
2024-01-04 11:15:23,212 [WARN] PackLoader:240 - Cannot read IP mode file for STMicroelectronics.X-CUBE-DISPLAY.3.0.0
2024-01-04 11:15:23,232 [WARN] PackLoader:240 - Cannot read IP mode file for STMicroelectronics.X-CUBE-BLE1.7.0.0
2024-01-04 11:15:23,242 [WARN] PackLoader:240 - Cannot read IP mode file for emotas.I-CUBE-CANOPEN.1.3.0
2024-01-04 11:15:23,247 [WARN] PackLoader:240 - Cannot read IP mode file for STMicroelectronics.X-CUBE-TOUCHGFX.4.22.1
2024-01-04 11:15:23,253 [WARN] PackLoader:240 - Cannot read IP mode file for STMicroelectronics.FP-SNS-SMARTAG2.1.2.0
2024-01-04 11:15:23,272 [INFO] LogOutputStream:77 - [STDOUT_REDIRECT] 1 : Invalid condition id : UX_CORESTACK_Condition cause : null
2024-01-04 11:15:23,274 [INFO] LogOutputStream:77 - [STDOUT_REDIRECT] 1 : Invalid condition id : UX_CORESTACK_Condition cause : null
2024-01-04 11:15:23,277 [INFO] LogOutputStream:77 - [STDOUT_REDIRECT] 1 : Invalid condition id : UX_CORESTACK_Condition cause : null
2024-01-04 11:15:23,280 [INFO] LogOutputStream:77 - [STDOUT_REDIRECT] 1 : Invalid condition id : UX_CORESTACK_Condition cause : null
2024-01-04 11:15:23,283 [INFO] LogOutputStream:77 - [STDOUT_REDIRECT] 1 : Invalid condition id : UX_CORESTACK_Condition cause : null
2024-01-04 11:15:23,289 [WARN] PackLoader:240 - Cannot read IP mode file for STMicroelectronics.X-CUBE-AZRTOS-WL.2.0.0
2024-01-04 11:15:23,313 [WARN] PackLoader:240 - Cannot read IP mode file for WES.I-CUBE-Cesium.1.3.0
2024-01-04 11:15:23,320 [WARN] PackLoader:240 - Cannot read IP mode file for STMicroelectronics.X-CUBE-BLE2.3.3.0
2024-01-04 11:15:23,330 [WARN] PackLoader:240 - Cannot read IP mode file for STMicroelectronics.X-CUBE-ALGOBUILD.1.3.0
2024-01-04 11:15:23,370 [WARN] PackLoader:240 - Cannot read IP mode file for STMicroelectronics.X-CUBE-AZRTOS-G0.1.1.0
2024-01-04 11:15:23,385 [WARN] PackLoader:240 - Cannot read IP mode file for STMicroelectronics.X-CUBE-NFC4.3.0.0
2024-01-04 11:15:23,397 [WARN] PackLoader:240 - Cannot read IP mode file for STMicroelectronics.X-CUBE-BLEMGR.3.0.0
2024-01-04 11:15:23,404 [WARN] PackLoader:240 - Cannot read IP mode file for STMicroelectronics.FP-ATR-SIGFOX1.3.2.0
2024-01-04 11:15:23,412 [WARN] PackLoader:240 - Cannot read IP mode file for STMicroelectronics.X-CUBE-GNSS1.6.0.0
2024-01-04 11:15:23,431 [WARN] PackLoader:240 - Cannot read IP mode file for STMicroelectronics.X-CUBE-AZRTOS-F4.1.1.0
2024-01-04 11:15:23,439 [WARN] PackLoader:240 - Cannot read IP mode file for wolfSSL.I-CUBE-wolfSSL.5.6.4
2024-01-04 11:15:23,461 [WARN] PackLoader:240 - Cannot read IP mode file for STMicroelectronics.X-CUBE-AZRTOS-L5.2.0.0
2024-01-04 11:15:23,470 [WARN] PackLoader:240 - Cannot read IP mode file for STMicroelectronics.X-CUBE-EEPRMA1.4.2.0
2024-01-04 11:15:23,477 [WARN] PackLoader:240 - Cannot read IP mode file for ITTIA_DB.I-CUBE-ITTIADB.8.8.0
2024-01-04 11:15:23,493 [WARN] ConditionMgr:438 - getConditionDescription Invalid condition id : UX DEVICE CLASS RTOS Condition cause : null
2024-01-04 11:15:23,495 [WARN] ConditionMgr:438 - getConditionDescription Invalid condition id : UX DEVICE CLASS RTOS Condition cause : null
2024-01-04 11:15:23,496 [WARN] PackLoader:240 - Cannot read IP mode file for STMicroelectronics.X-CUBE-AZRTOS-H7.3.1.0
2024-01-04 11:15:23,497 [WARN] ConditionMgr:1039 - genDependencies : Invalid condition id : UX DEVICE CLASS RTOS Condition cause : null
2024-01-04 11:15:23,498 [WARN] ConditionMgr:1039 - genDependencies : Invalid condition id : UX DEVICE CLASS RTOS Condition cause : null
2024-01-04 11:15:23,498 [WARN] ConditionMgr:1039 - genDependencies : Invalid condition id : UX DEVICE CLASS RTOS Condition cause : null
2024-01-04 11:15:23,498 [WARN] ConditionMgr:1039 - genDependencies : Invalid condition id : UX DEVICE CLASS RTOS Condition cause : null
2024-01-04 11:15:23,498 [WARN] ConditionMgr:1039 - genDependencies : Invalid condition id : UX DEVICE CLASS RTOS Condition cause : null
2024-01-04 11:15:23,505 [WARN] PackLoader:240 - Cannot read IP mode file for STMicroelectronics.X-CUBE-NFC7.1.0.1
2024-01-04 11:15:23,514 [WARN] PackLoader:240 - Cannot read IP mode file for STMicroelectronics.X-CUBE-NFC6.3.0.0
2024-01-04 11:15:23,520 [WARN] PackLoader:240 - Cannot read IP mode file for STMicroelectronics.X-CUBE-AI.8.1.0
2024-01-04 11:15:23,537 [WARN] ConditionMgr:438 - getConditionDescription Invalid condition id : LAN8742 Phy interface Condition cause : null
2024-01-04 11:15:23,538 [WARN] PackLoader:240 - Cannot read IP mode file for STMicroelectronics.X-CUBE-AZRTOS-L4.2.0.0
2024-01-04 11:15:23,539 [WARN] ConditionMgr:1039 - genDependencies : Invalid condition id : LAN8742 Phy interface Condition cause : null
2024-01-04 11:15:23,539 [WARN] ConditionMgr:1039 - genDependencies : Invalid condition id : LAN8742 Phy interface Condition cause : null
2024-01-04 11:15:23,539 [WARN] ConditionMgr:1039 - genDependencies : Invalid condition id : LAN8742 Phy interface Condition cause : null
2024-01-04 11:15:23,546 [WARN] PackLoader:240 - Cannot read IP mode file for STMicroelectronics.X-CUBE-SFXS2LP1.4.0.0
2024-01-04 11:15:23,553 [WARN] PackLoader:240 - Cannot read IP mode file for STMicroelectronics.X-CUBE-ISPU.1.1.0
2024-01-04 11:15:23,567 [WARN] ConditionMgr:438 - getConditionDescription Invalid condition id : UX DEVICE CLASS RTOS Condition cause : null
2024-01-04 11:15:23,567 [WARN] ConditionMgr:438 - getConditionDescription Invalid condition id : UX DEVICE CLASS RTOS Condition cause : null
2024-01-04 11:15:23,569 [WARN] PackLoader:240 - Cannot read IP mode file for STMicroelectronics.X-CUBE-AZRTOS-WB.2.0.0
2024-01-04 11:15:23,570 [WARN] ConditionMgr:1039 - genDependencies : Invalid condition id : UX DEVICE CLASS RTOS Condition cause : null
2024-01-04 11:15:23,570 [WARN] ConditionMgr:1039 - genDependencies : Invalid condition id : UX DEVICE CLASS RTOS Condition cause : null
2024-01-04 11:15:23,571 [WARN] ConditionMgr:1039 - genDependencies : Invalid condition id : UX DEVICE CLASS RTOS Condition cause : null
2024-01-04 11:15:23,571 [WARN] ConditionMgr:1039 - genDependencies : Invalid condition id : UX DEVICE CLASS RTOS Condition cause : null
2024-01-04 11:15:23,571 [WARN] ConditionMgr:1039 - genDependencies : Invalid condition id : UX DEVICE CLASS RTOS Condition cause : null
2024-01-04 11:15:23,588 [WARN] PackLoader:240 - Cannot read IP mode file for STMicroelectronics.X-CUBE-SUBG2.5.0.0
2024-01-04 11:15:23,619 [WARN] PackLoader:240 - Cannot read IP mode file for STMicroelectronics.X-CUBE-AZRTOS-G4.2.0.0
2024-01-04 11:15:23,716 [WARN] PackLoader:240 - Cannot read IP mode file for Infineon.AIROC-Wi-Fi-Bluetooth-STM32.1.5.1
2024-01-04 11:15:23,724 [WARN] PackLoader:240 - Cannot read IP mode file for STMicroelectronics.FP-SNS-MOTENVWB1.1.3.1
2024-01-04 11:15:23,731 [WARN] PackLoader:240 - Cannot read IP mode file for STMicroelectronics.X-CUBE-ISPU.2.0.0
2024-01-04 11:15:23,795 [WARN] PackLoader:240 - Cannot read IP mode file for STMicroelectronics.X-CUBE-MEMS1.10.0.0
2024-01-04 11:15:24,010 [WARN] PackLoader:240 - Cannot read IP mode file for STMicroelectronics.X-CUBE-FREERTOS.1.1.0
2024-01-04 11:15:24,022 [WARN] PackLoader:240 - Cannot read IP mode file for portGmbH.I-Cube-SoM-uGOAL.1.1.0
2024-01-04 11:15:24,031 [WARN] PackLoader:240 - Cannot read IP mode file for STMicroelectronics.X-CUBE-ALS.1.0.1
2024-01-04 11:15:24,038 [WARN] PackLoader:240 - Cannot read IP mode file for STMicroelectronics.FP-ATR-ASTRA1.2.0.0
2024-01-04 11:15:24,055 [WARN] PackLoader:240 - Cannot read IP mode file for STMicroelectronics.X-CUBE-TOF1.3.4.0
2024-01-04 11:15:24,113 [WARN] PackLoader:240 - Cannot read IP mode file for STMicroelectronics.X-CUBE-AZRTOS-H7.3.2.0
2024-01-04 11:15:24,120 [INFO] ThirdParty:978 - Integrity check success = true
2024-01-04 11:15:24,120 [INFO] IntegrityCheckThread:100 - exiting critical section [integrity check]
2024-01-04 11:15:24,122 [INFO] IntegrityCheckThread:103 - End integrity checks thread
2024-01-04 11:15:24,498 [INFO] WebApp:780 - Register for checkConnection events
2024-01-04 11:15:24,498 [INFO] WebApp:414 - Apply proxy settings
2024-01-04 11:15:24,498 [INFO] WebApp:499 - Chromium requires no authentication
2024-01-04 11:15:24,516 [INFO] WebApp:442 - Direct internet connection detected
2024-01-04 11:15:24,797 [INFO] WebApp:192 - Starting web application
2024-01-04 11:15:24,798 [INFO] WebApp:544 - Web application path used C:\ST\STM32CubeIDE_1.13.2\STM32CubeIDE\plugins\com.st.stm32cube.common.mx_6.10.0.202311202037\db\plugins\mcufinder\reactClient1\index.html
2024-01-04 11:15:45,710 [ERROR] LogOutputStream:75 - [STDERR_REDIRECT] SLF4J: Failed to load class "org.slf4j.impl.StaticLoggerBinder".
2024-01-04 11:15:45,712 [ERROR] LogOutputStream:75 - [STDERR_REDIRECT] SLF4J: Defaulting to no-operation (NOP) logger implementation
2024-01-04 11:15:45,714 [ERROR] LogOutputStream:75 - [STDERR_REDIRECT] SLF4J: See http://www.slf4j.org/codes.html#StaticLoggerBinder for further details.
2024-01-04 11:18:45,667 [INFO] McuFinderGlobals:63 - Set McuFinder mode to 2 (CubeIDE integrated)
2024-01-04 11:18:45,680 [INFO] MainUpdater:2873 - connection check result : 10
2024-01-04 11:18:45,681 [INFO] MainUpdater:2873 - connection check result : 10
2024-01-04 11:18:45,782 [INFO] MicroXplorer:468 - Change Database Path : 
2024-01-04 11:18:45,782 [INFO] MicroXplorer:498 - Change Database Version : DB.6.0.100
2024-01-04 11:18:45,789 [WARN] ThirdParty:871 - waiting for thirdparty lock release [close project]
2024-01-04 11:18:45,789 [INFO] ThirdParty:873 - entering critical section [close project]
2024-01-04 11:18:45,792 [INFO] ThirdParty:883 - exiting critical section [close project]
2024-01-04 11:18:45,795 [INFO] PinOutPanel:1499 - setPackage(No Configuration,No Configuration)
2024-01-04 11:18:45,802 [INFO] UtilMem:75 - Begin LoadConfig() Used Memory: 537873496 Bytes (840957952)
2024-01-04 11:18:45,805 [INFO] MicroXplorer:468 - Change Database Path : 
2024-01-04 11:18:45,805 [INFO] MicroXplorer:498 - Change Database Version : DB.6.0.100
2024-01-04 11:18:45,806 [INFO] OpenFileManager:312 - Change cursor
2024-01-04 11:18:45,907 [INFO] Mcu:2016 - Initializing MCU STM32F042F4Px STM32F042F4Px STM32F042F4P6
2024-01-04 11:18:47,176 [INFO] Context:659 - Trying to add GPIOservice into a context  which must be forbidden
2024-01-04 11:18:47,808 [INFO] RtosManager:555 - Registered RTOS mode: class=CMSIS, group=RTOS, mode=CMSIS_V1, owner=FREERTOS
2024-01-04 11:18:47,808 [INFO] RtosManager:555 - Registered RTOS mode: class=CMSIS, group=RTOS2, mode=CMSIS_V2, owner=FREERTOS
2024-01-04 11:18:47,808 [INFO] RtosManager:555 - Registered RTOS mode: class=RTOS, group=Core, mode=CMSIS_V1, owner=FREERTOS
2024-01-04 11:18:47,809 [INFO] RtosManager:555 - Registered RTOS mode: class=RTOS, group=Core, mode=CMSIS_V2, owner=FREERTOS
2024-01-04 11:18:47,809 [WARN] ModelIntegratedComponent:184 - Missing modes for component STMicroelectronics:FreeRTOS:0.0.1:STMicroelectronics:RTOS:FreeRTOS:Core:::10.2.0:
2024-01-04 11:18:47,834 [WARN] ModelIntegratedComponent:63 - No mode defined for component null
2024-01-04 11:18:47,834 [WARN] ModelIntegratedComponent:63 - No mode defined for component null
2024-01-04 11:18:47,835 [WARN] ModelIntegratedComponent:63 - No mode defined for component null
2024-01-04 11:18:47,835 [WARN] ModelIntegratedComponent:63 - No mode defined for component null
2024-01-04 11:18:47,835 [WARN] ModelIntegratedComponent:63 - No mode defined for component null
2024-01-04 11:18:47,835 [WARN] ModelIntegratedComponent:63 - No mode defined for component null
2024-01-04 11:18:47,835 [WARN] ModelIntegratedComponent:63 - No mode defined for component null
2024-01-04 11:18:47,835 [WARN] ModelIntegratedComponent:63 - No mode defined for component null
2024-01-04 11:18:47,835 [WARN] ModelIntegratedComponent:63 - No mode defined for component null
2024-01-04 11:18:47,835 [WARN] ModelIntegratedComponent:63 - No mode defined for component null
2024-01-04 11:18:47,835 [WARN] ModelIntegratedComponent:63 - No mode defined for component null
2024-01-04 11:18:47,836 [WARN] ModelIntegratedComponent:63 - No mode defined for component null
2024-01-04 11:18:47,836 [WARN] ModelIntegratedComponent:63 - No mode defined for component null
2024-01-04 11:18:47,836 [WARN] ModelIntegratedComponent:63 - No mode defined for component null
2024-01-04 11:18:47,836 [WARN] ModelIntegratedComponent:63 - No mode defined for component null
2024-01-04 11:18:47,836 [WARN] ModelIntegratedComponent:63 - No mode defined for component null
2024-01-04 11:18:47,836 [WARN] ModelIntegratedComponent:63 - No mode defined for component null
2024-01-04 11:18:47,836 [WARN] ModelIntegratedComponent:63 - No mode defined for component null
2024-01-04 11:18:47,836 [WARN] ModelIntegratedComponent:63 - No mode defined for component null
2024-01-04 11:18:47,837 [WARN] ModelIntegratedComponent:63 - No mode defined for component null
2024-01-04 11:18:47,837 [WARN] ModelIntegratedComponent:63 - No mode defined for component null
2024-01-04 11:18:47,837 [WARN] ModelIntegratedComponent:63 - No mode defined for component null
2024-01-04 11:18:47,837 [WARN] ModelIntegratedComponent:63 - No mode defined for component null
2024-01-04 11:18:47,837 [WARN] ModelIntegratedComponent:63 - No mode defined for component null
2024-01-04 11:18:47,837 [WARN] ModelIntegratedComponent:63 - No mode defined for component null
2024-01-04 11:18:47,837 [WARN] ModelIntegratedComponent:63 - No mode defined for component null
2024-01-04 11:18:47,837 [WARN] ModelIntegratedComponent:63 - No mode defined for component null
2024-01-04 11:18:47,838 [WARN] ModelIntegratedComponent:63 - No mode defined for component null
2024-01-04 11:18:47,838 [WARN] ModelIntegratedComponent:63 - No mode defined for component null
2024-01-04 11:18:47,838 [WARN] ModelIntegratedComponent:63 - No mode defined for component null
2024-01-04 11:18:47,838 [WARN] ModelIntegratedComponent:63 - No mode defined for component null
2024-01-04 11:18:47,838 [WARN] ModelIntegratedComponent:63 - No mode defined for component null
2024-01-04 11:18:47,838 [WARN] ModelIntegratedComponent:63 - No mode defined for component null
2024-01-04 11:18:47,967 [INFO] ThirdPartyModel:298 - Start build external matchings
2024-01-04 11:18:48,160 [INFO] ThirdPartyModel:316 - End build external matchings
2024-01-04 11:18:48,177 [INFO] ImportTextPane:194 - (OptionalMessage_ERROR) IP (DMA) : Parameter (Instance) has Id (ADC) currently not set
2024-01-04 11:18:48,177 [INFO] ImportTextPane:194 - (OptionalMessage_ERROR) IP (DMA) : Parameter (Direction) has Id (ADC) currently not set
2024-01-04 11:18:48,177 [INFO] ImportTextPane:194 - (OptionalMessage_ERROR) IP (DMA) : Parameter (PeriphInc) has Id (ADC) currently not set
2024-01-04 11:18:48,177 [INFO] ImportTextPane:194 - (OptionalMessage_ERROR) IP (DMA) : Parameter (MemInc) has Id (ADC) currently not set
2024-01-04 11:18:48,177 [INFO] ImportTextPane:194 - (OptionalMessage_ERROR) IP (DMA) : Parameter (PeriphDataAlignment) has Id (ADC) currently not set
2024-01-04 11:18:48,177 [INFO] ImportTextPane:194 - (OptionalMessage_ERROR) IP (DMA) : Parameter (MemDataAlignment) has Id (ADC) currently not set
2024-01-04 11:18:48,178 [INFO] ImportTextPane:194 - (OptionalMessage_ERROR) IP (DMA) : Parameter (Mode) has Id (ADC) currently not set
2024-01-04 11:18:48,178 [INFO] ImportTextPane:194 - (OptionalMessage_ERROR) IP (DMA) : Parameter (Priority) has Id (ADC) currently not set
2024-01-04 11:18:48,179 [INFO] ImportTextPane:194 - (OptionalMessage_ERROR) IP (RCC) : Invalid parameter (FamilyName)
2024-01-04 11:18:48,179 [INFO] ImportTextPane:194 - (OptionalMessage_ERROR) IP (RCC) : Invalid parameter (HSICECFreq_Value)
2024-01-04 11:18:48,435 [INFO] UtilMem:75 - End LoadConfig() Used Memory: 547762272 Bytes (1071644672)
2024-01-04 11:18:48,707 [INFO] ApiDb:581 - Connected to CubeFinder SQLite database (C:\Users\aleja\.stmcufinder\plugins\mcufinder\mcu\cube-finder-db.db)
2024-01-04 11:18:48,816 [INFO] ApiDb:668 - CubeFinder database Data Model version=2.1
2024-01-04 11:18:48,816 [INFO] ApiDb:669 - CubeFinder database Configuration version=3.0.39
2024-01-04 11:18:48,816 [INFO] ApiDb:670 - CubeFinder database generation date=2023-12-08 (1702028721)
2024-01-04 11:18:48,816 [INFO] ApiDb:671 - CubeFinder database FW Pack versions=[FP-ATR-ASTRA1_V2.0.0, FP-SNS-FLIGHT1_V5.0.1, FP-SNS-FLIGHT1_V5.0.2, FP-SNS-MOTENV1_V4.3.1, FP-SNS-MOTENV1_V4.3.2, FP-SNS-MOTENVWB1_V1.3.1, FP-SNS-SMARTAG2_V1.2.0, STM32Cube_FW_C0_V1.1.0, STM32Cube_FW_F4_V1.28.0, STM32Cube_FW_F7_V1.17.0, STM32Cube_FW_G0_V1.6.1, STM32Cube_FW_G4_V1.5.1, STM32Cube_FW_H5_V0.5.1, STM32Cube_FW_H5_V1.1.1, STM32Cube_FW_H5_V1.2.0RC2, STM32Cube_FW_H7_V1.11.0, STM32Cube_FW_L0_V1.12.2, STM32Cube_FW_L5_V1.5.0, STM32Cube_FW_U5_V1.3.0RC4, STM32Cube_FW_U5_V1.4.0, STM32Cube_FW_WBA_V1.0.0RC1, STM32Cube_FW_WBA_V1.1.0RC1, STM32Cube_FW_WBA_V1.2.0, STM32Cube_FW_WBA_V1.2.0RC2, STM32Cube_FW_WB_V1.15.0RC1, STM32Cube_FW_WB_V1.16.0, STM32Cube_FW_WB_V1.16.0RC2, STM32Cube_FW_WB_V1.18.0, STM32Cube_FW_WL_V1.3.0, X-CUBE-ALGOBUILD_V1.3.0, X-CUBE-ALS_V1.0.1, X-CUBE-AZRTOS-F4_V1.1.0, X-CUBE-AZRTOS-F7_V1.1.0, X-CUBE-AZRTOS-G0_V1.1.0, X-CUBE-AZRTOS-G4_V2.0.0, X-CUBE-AZRTOS-H7_V3.1.0, X-CUBE-AZRTOS-L4_V1.0.0, X-CUBE-AZRTOS-L4_V2.0.0, X-CUBE-AZRTOS-L5_V1.1.0, X-CUBE-AZRTOS-WB_V2.0.0, X-CUBE-AZRTOS-WL_V2.0.0, X-CUBE-BLE1_V7.0.0, X-CUBE-BLE2_V3.3.0, X-CUBE-BLEMGR_V3.0.0, X-CUBE-EEPRMA1_V4.1.0, X-CUBE-EEPRMA1_V4.2.0, X-CUBE-FREERTOS_V1.1.0, X-CUBE-GNSS1_V6.0.0, X-CUBE-MEMS1_V10.0.0, X-CUBE-MEMS1_V9.1.0, X-CUBE-MEMS1_V9.4.0, X-CUBE-MEMS1_V9.6.0, X-CUBE-NFC4_V3.0.0, X-CUBE-NFC7_V1.0.1, X-CUBE-SFXS2LP1_V4.0.0, X-CUBE-SUBG2_V5.0.0, X-CUBE-TOF1_V3.4.0]
2024-01-04 11:18:51,685 [INFO] ApiDb:240 - Found 371 in-development CPN: [B-G473E-ZEST1S, B-WB1M-WPAN1, B-WL5M-SUBG1, NUCLEO-C031C6, NUCLEO-H503RB, NUCLEO-H563ZI, NUCLEO-U545RE-Q, NUCLEO-U5A5ZJ-Q, NUCLEO-WBA52CG, NUCLEO-WBA55CG, STEVAL-MKBOXPRO, STEVAL-PROTEUS1, STEVAL-STWINBX1, STM320518-EVAL, STM32C0116-DK, STM32C011D6Y3TR, STM32C011D6Y6TR, STM32C011F4P3, STM32C011F4P6, STM32C011F4U3, STM32C011F4U6TR, STM32C011F6P3, STM32C011F6P6, STM32C011F6U3, STM32C011F6U6TR, STM32C011J4M3, STM32C011J4M6, STM32C011J6M3, STM32C011J6M6, STM32C0316-DK, STM32C031C4T3, STM32C031C4T6, STM32C031C4U3, STM32C031C4U6, STM32C031C6T3, STM32C031C6T6, STM32C031C6U3, STM32C031C6U6, STM32C031F4P3, STM32C031F4P6, STM32C031F6P3, STM32C031F6P6, STM32C031G4U3, STM32C031G4U6, STM32C031G6U3, STM32C031G6U6, STM32C031K4T3, STM32C031K4T6, STM32C031K4U3, STM32C031K4U6, STM32C031K6T3, STM32C031K6T6, STM32C031K6U3, STM32C031K6U6, STM32G071K8TXN, STM32G071K8UXN, STM32G081GBU6N, STM32G081KBT6N, STM32G081KBUXN, STM32G0B1CCT6N, STM32G0B1KCT6, STM32G0B1NEY6TR, STM32G0B1RCT6N, STM32G0C1CCT6, STM32G0C1CCT6N, STM32G0C1CCU6N, STM32G0C1CET6N, STM32G0C1CEU6N, STM32G0C1KCT6, STM32G0C1NEY6TR, STM32G0C1RCI6N, STM32G0C1RCT6N, STM32G0C1REI6N, STM32G0C1RET6N, STM32G0C1VCI6, STM32G0C1VEI6, STM32G471CCT6, STM32G471CCU6, STM32G471CET3, STM32G471CET6, STM32G471CEU3, STM32G471CEU6, STM32G471MCT6, STM32G471MET3, STM32G471MET6, STM32G471MEY6TR, STM32G471QCT6, STM32G471QET3, STM32G471RCT6, STM32G471RET3, STM32G471RET6, STM32G471VCH6, STM32G471VCI6, STM32G471VCT6, STM32G471VEH3, STM32G471VEH6, STM32G471VEI3, STM32G471VEI6, STM32G471VET3, STM32G471VET6, STM32G474CCT6, STM32H503CBT6, STM32H503CBU6, STM32H503EBY6TR, STM32H503KBU6, STM32H503RBT6, STM32H562AGI6, STM32H562AII6, STM32H562IGK6, STM32H562IGT6, STM32H562IIK6, STM32H562IIT6, STM32H562RGT6, STM32H562RGV6, STM32H562RIT6, STM32H562RIV6, STM32H562VGT6, STM32H562VIT6, STM32H562ZGT6, STM32H562ZIT6, STM32H563AGI6, STM32H563AII3Q, STM32H563AII6, STM32H563IGK6, STM32H563IGT6, STM32H563IIK3Q, STM32H563IIK6, STM32H563IIT3Q, STM32H563IIT6, STM32H563MIY3QTR, STM32H563RGT6, STM32H563RGV6, STM32H563RIT6, STM32H563RIV6, STM32H563VGT6, STM32H563VIT3Q, STM32H563VIT6, STM32H563ZGT6, STM32H563ZIT3Q, STM32H563ZIT6, STM32H573AII3Q, STM32H573AII6, STM32H573I-DK, STM32H573IIK3Q, STM32H573IIK6, STM32H573IIT3Q, STM32H573IIT6, STM32H573MIY3QTR, STM32H573RIT6, STM32H573RIV6, STM32H573VIT3Q, STM32H573VIT6, STM32H573ZIT3Q, STM32H573ZIT6, STM32L4R5QGI6STR, STM32MP131AAE3, STM32MP131AAF3, STM32MP131AAG3, STM32MP131CAE3, STM32MP131CAF3, STM32MP131CAG3, STM32MP131DAE7, STM32MP131DAF7, STM32MP131DAG7, STM32MP131FAE7, STM32MP131FAF7, STM32MP131FAG7, STM32MP133AAE3, STM32MP133AAF3, STM32MP133AAG3, STM32MP133CAE3, STM32MP133CAF3, STM32MP133CAG3, STM32MP133DAE7, STM32MP133DAF7, STM32MP133DAG7, STM32MP133FAE7, STM32MP133FAF7, STM32MP133FAG7, STM32MP135AAE3, STM32MP135AAF3, STM32MP135AAG3, STM32MP135CAE3, STM32MP135CAF3, STM32MP135CAG3, STM32MP135DAE7, STM32MP135DAF7, STM32MP135DAG7, STM32MP135F-DK, STM32MP135FAE7, STM32MP135FAF7, STM32MP135FAF7T, STM32MP135FAF7U, STM32MP135FAG7, STM32U535CBT6, STM32U535CBT6Q, STM32U535CBU6, STM32U535CBU6Q, STM32U535CCT6, STM32U535CCT6Q, STM32U535CCU6, STM32U535CCU6Q, STM32U535CET6, STM32U535CET6Q, STM32U535CEU6, STM32U535CEU6Q, STM32U535JEY6QTR, STM32U535NCY6QTR, STM32U535NEY6QTR, STM32U535RBI6, STM32U535RBI6Q, STM32U535RBT6, STM32U535RBT6Q, STM32U535RCI6, STM32U535RCI6Q, STM32U535RCT6, STM32U535RCT6Q, STM32U535REI6, STM32U535REI6Q, STM32U535RET6, STM32U535RET6Q, STM32U535VCI6, STM32U535VCI6Q, STM32U535VCT6, STM32U535VCT6Q, STM32U535VEI6, STM32U535VEI6Q, STM32U535VET6, STM32U535VET6Q, STM32U545CET6, STM32U545CET6Q, STM32U545CEU6, STM32U545CEU6Q, STM32U545JEY6QTR, STM32U545NEY6QTR, STM32U545REI6, STM32U545REI6Q, STM32U545RET6, STM32U545RET6Q, STM32U545VEI6, STM32U545VEI6Q, STM32U545VET6, STM32U545VET6Q, STM32U595AIH6, STM32U595AIH6Q, STM32U595AJH6, STM32U595AJH6Q, STM32U595QII6, STM32U595QII6Q, STM32U595QJI6, STM32U595QJI6Q, STM32U595RIT6, STM32U595RIT6Q, STM32U595RJT6, STM32U595RJT6Q, STM32U595VIT6, STM32U595VIT6Q, STM32U595VJT6, STM32U595VJT6Q, STM32U595ZIT6, STM32U595ZIT6Q, STM32U595ZIY6QTR, STM32U595ZJT6, STM32U595ZJT6Q, STM32U595ZJY6QTR, STM32U599BJY6QTR, STM32U599NIH6Q, STM32U599NJH6Q, STM32U599VIT6Q, STM32U599VJT6, STM32U599VJT6Q, STM32U599ZIT6Q, STM32U599ZIY6QTR, STM32U599ZJT6Q, STM32U599ZJY6QTR, STM32U5A5AJH6, STM32U5A5AJH6Q, STM32U5A5QJI6, STM32U5A5QJI6Q, STM32U5A5RJT6, STM32U5A5RJT6Q, STM32U5A5VJT6, STM32U5A5VJT6Q, STM32U5A5ZJT6, STM32U5A5ZJT6Q, STM32U5A5ZJY6QTR, STM32U5A9BJY6QTR, STM32U5A9J-DK, STM32U5A9NJH6Q, STM32U5A9VJT6Q, STM32U5A9ZJT6Q, STM32U5A9ZJY6QTR, STM32U5F7VIT6, STM32U5F7VIT6Q, STM32U5F7VJT6, STM32U5F7VJT6Q, STM32U5F9BJY6QTR, STM32U5F9NJH6Q, STM32U5F9VIT6Q, STM32U5F9VJT6Q, STM32U5F9ZIJ6QTR, STM32U5F9ZIT6Q, STM32U5F9ZJJ6QTR, STM32U5F9ZJT6Q, STM32U5G7VJT6, STM32U5G7VJT6Q, STM32U5G9BJY6QTR, STM32U5G9J-DK1, STM32U5G9J-DK2, STM32U5G9NJH6Q, STM32U5G9VJT6Q, STM32U5G9ZJJ6QTR, STM32U5G9ZJT6Q, STM32WB1MMCH6, STM32WBA50KEU6, STM32WBA50KEU6TR, STM32WBA50KGU6, STM32WBA50KGU6TR, STM32WBA52CEU6, STM32WBA52CEU6TR, STM32WBA52CEU7, STM32WBA52CEU7TR, STM32WBA52CGU6, STM32WBA52CGU6TR, STM32WBA52CGU6U, STM32WBA52CGU7, STM32WBA52CGU7TR, STM32WBA52KEU6, STM32WBA52KEU6TR, STM32WBA52KGU6, STM32WBA52KGU6TR, STM32WBA54CEU6, STM32WBA54CEU6TR, STM32WBA54CEU7, STM32WBA54CEU7TR, STM32WBA54CGU6, STM32WBA54CGU6TR, STM32WBA54CGU7, STM32WBA54CGU7TR, STM32WBA54KEU6, STM32WBA54KEU6TR, STM32WBA54KEU7, STM32WBA54KEU7TR, STM32WBA54KGU6, STM32WBA54KGU6TR, STM32WBA54KGU7, STM32WBA54KGU7TR, STM32WBA55CEU6, STM32WBA55CEU6TR, STM32WBA55CEU7, STM32WBA55CEU7TR, STM32WBA55CGU6, STM32WBA55CGU6TR, STM32WBA55CGU6U, STM32WBA55CGU7, STM32WBA55CGU7TR, STM32WBA55G-DK1, STM32WBA55HEF6, STM32WBA55HEF7, STM32WBA55HGF6, STM32WBA55HGF7, STM32WBA55UEI6, STM32WBA55UEI6TR, STM32WBA55UEI7, STM32WBA55UEI7TR, STM32WBA55UGI6, STM32WBA55UGI6TR, STM32WBA55UGI7, STM32WBA55UGI7TR, STM32WL5MOCH6, STM32WL5MOCH6TR]
2024-01-04 11:18:51,691 [INFO] DbMcus:218 - Found 3930 MCUs, 3930 are supported
2024-01-04 11:18:51,692 [INFO] ApiDb:423 - Load user favorites file C:\Users\aleja/.stm32cubeide/favorites.mcus.txt: 1 item(s)
2024-01-04 11:18:51,692 [INFO] ApiDb:427 - User favorites MCUs=[STM32F042F4P6]
2024-01-04 11:18:51,693 [INFO] DbMcus:224 - Set 1 / 1 favorites MCUs
2024-01-04 11:18:52,182 [INFO] MicroXplorer:468 - Change Database Path : 
2024-01-04 11:18:52,182 [INFO] MicroXplorer:498 - Change Database Version : DB.6.0.100
2024-01-04 11:18:52,183 [WARN] ThirdParty:833 - waiting for thirdparty lock release [change project]
2024-01-04 11:18:52,183 [INFO] ThirdParty:835 - entering critical section [change project]
2024-01-04 11:18:52,183 [INFO] ThirdParty:1030 - CMSIS Pack Vendor :STMicroelectronics X-CUBE-ISPU 1.1.0
2024-01-04 11:18:52,183 [INFO] ThirdParty:1030 - CMSIS Pack Vendor :STMicroelectronics USBPD 4.1
2024-01-04 11:18:52,183 [INFO] ThirdParty:1030 - CMSIS Pack Vendor :STMicroelectronics X-CUBE-GNSS1 6.0.0
2024-01-04 11:18:52,183 [INFO] ThirdParty:1030 - CMSIS Pack Vendor :STMicroelectronics USB_HOST 2.0.0
2024-01-04 11:18:52,183 [INFO] ThirdParty:1030 - CMSIS Pack Vendor :STMicroelectronics X-CUBE-AZRTOS-F4 1.1.0
2024-01-04 11:18:52,184 [INFO] ThirdParty:1030 - CMSIS Pack Vendor :STMicroelectronics LIBJPEG 8.0.0
2024-01-04 11:18:52,184 [INFO] ThirdParty:1030 - CMSIS Pack Vendor :wolfSSL I-CUBE-wolfSSL 5.6.4
2024-01-04 11:18:52,184 [INFO] ThirdParty:1030 - CMSIS Pack Vendor :STMicroelectronics X-CUBE-SMBUS 2.1.0
2024-01-04 11:18:52,184 [INFO] ThirdParty:1030 - CMSIS Pack Vendor :STMicroelectronics USB_DEVICE 3.0.0
2024-01-04 11:18:52,184 [INFO] ThirdParty:1030 - CMSIS Pack Vendor :STMicroelectronics X-CUBE-AZRTOS-WB 2.0.0
2024-01-04 11:18:52,184 [INFO] ThirdParty:1030 - CMSIS Pack Vendor :STMicroelectronics X-CUBE-TOUCHGFX 4.23.0
2024-01-04 11:18:52,184 [INFO] ThirdParty:1030 - CMSIS Pack Vendor :STMicroelectronics X-CUBE-AZRTOS-F7 1.1.0
2024-01-04 11:18:52,184 [INFO] ThirdParty:1030 - CMSIS Pack Vendor :STMicroelectronics X-CUBE-AZRTOS-L5 2.0.0
2024-01-04 11:18:52,184 [INFO] ThirdParty:1030 - CMSIS Pack Vendor :STMicroelectronics USB_DEVICE 2.0.0
2024-01-04 11:18:52,184 [INFO] ThirdParty:1030 - CMSIS Pack Vendor :STMicroelectronics X-CUBE-EEPRMA1 4.2.0
2024-01-04 11:18:52,184 [INFO] ThirdParty:1030 - CMSIS Pack Vendor :ITTIA_DB I-CUBE-ITTIADB 8.8.0
2024-01-04 11:18:52,184 [INFO] ThirdParty:1030 - CMSIS Pack Vendor :STMicroelectronics FP-SNS-MOTENV1 4.3.2
2024-01-04 11:18:52,184 [INFO] ThirdParty:1030 - CMSIS Pack Vendor :STMicroelectronics X-CUBE-ALGOBUILD 1.3.0
2024-01-04 11:18:52,185 [INFO] ThirdParty:1030 - CMSIS Pack Vendor :STMicroelectronics FreeRTOS 0.0.1
2024-01-04 11:18:52,185 [INFO] ThirdParty:1030 - CMSIS Pack Vendor :STMicroelectronics X-CUBE-AZRTOS-G0 1.1.0
2024-01-04 11:18:52,185 [INFO] ThirdParty:1030 - CMSIS Pack Vendor :STMicroelectronics X-CUBE-NFC4 3.0.0
2024-01-04 11:18:52,185 [INFO] ThirdParty:1030 - CMSIS Pack Vendor :STMicroelectronics X-CUBE-SUBG2 5.0.0
2024-01-04 11:18:52,185 [INFO] ThirdParty:1030 - CMSIS Pack Vendor :STMicroelectronics STM32_WPAN 1.0.0
2024-01-04 11:18:52,185 [INFO] ThirdParty:1030 - CMSIS Pack Vendor :STMicroelectronics lwIP 2.0.3
2024-01-04 11:18:52,185 [INFO] ThirdParty:1030 - CMSIS Pack Vendor :STMicroelectronics FP-SNS-FLIGHT1 5.0.2
2024-01-04 11:18:52,185 [INFO] ThirdParty:1030 - CMSIS Pack Vendor :STMicroelectronics USB_HOST 1.0.0
2024-01-04 11:18:52,185 [INFO] ThirdParty:1030 - CMSIS Pack Vendor :STMicroelectronics X-CUBE-AZRTOS-G4 2.0.0
2024-01-04 11:18:52,185 [INFO] ThirdParty:1030 - CMSIS Pack Vendor :STMicroelectronics PDM2PCM 3.1.0
2024-01-04 11:18:52,185 [INFO] ThirdParty:1030 - CMSIS Pack Vendor :STMicroelectronics X-CUBE-AZRTOS-H7 3.1.0
2024-01-04 11:18:52,185 [INFO] ThirdParty:1030 - CMSIS Pack Vendor :Infineon AIROC-Wi-Fi-Bluetooth-STM32 1.5.1
2024-01-04 11:18:52,185 [INFO] ThirdParty:1030 - CMSIS Pack Vendor :STMicroelectronics X-CUBE-BLEMGR 3.0.0
2024-01-04 11:18:52,185 [INFO] ThirdParty:1030 - CMSIS Pack Vendor :STMicroelectronics PDM2PCM 3.3.0
2024-01-04 11:18:52,186 [INFO] ThirdParty:1030 - CMSIS Pack Vendor :STMicroelectronics X-CUBE-DISPLAY 3.0.0
2024-01-04 11:18:52,186 [INFO] ThirdParty:1030 - CMSIS Pack Vendor :STMicroelectronics FP-SNS-MOTENVWB1 1.3.1
2024-01-04 11:18:52,186 [INFO] ThirdParty:1030 - CMSIS Pack Vendor :STMicroelectronics X-CUBE-BLE1 7.0.0
2024-01-04 11:18:52,186 [INFO] ThirdParty:1030 - CMSIS Pack Vendor :STMicroelectronics FP-ATR-SIGFOX1 3.2.0
2024-01-04 11:18:52,186 [INFO] ThirdParty:1030 - CMSIS Pack Vendor :STMicroelectronics X-CUBE-ISPU 2.0.0
2024-01-04 11:18:52,186 [INFO] ThirdParty:1030 - CMSIS Pack Vendor :STMicroelectronics HAL Drivers 0.0.0
2024-01-04 11:18:52,186 [INFO] ThirdParty:1030 - CMSIS Pack Vendor :STMicroelectronics MBEDTLS 2.16.2
2024-01-04 11:18:52,186 [INFO] ThirdParty:1030 - CMSIS Pack Vendor :emotas I-CUBE-CANOPEN 1.3.0
2024-01-04 11:18:52,187 [INFO] ThirdParty:1030 - CMSIS Pack Vendor :STMicroelectronics X-CUBE-MEMS1 10.0.0
2024-01-04 11:18:52,187 [INFO] ThirdParty:1030 - CMSIS Pack Vendor :STMicroelectronics X-CUBE-FREERTOS 1.1.0
2024-01-04 11:18:52,187 [INFO] ThirdParty:1030 - CMSIS Pack Vendor :STMicroelectronics X-CUBE-NFC7 1.0.1
2024-01-04 11:18:52,187 [INFO] ThirdParty:1030 - CMSIS Pack Vendor :STMicroelectronics MBEDTLS 2.14.1
2024-01-04 11:18:52,187 [INFO] ThirdParty:1030 - CMSIS Pack Vendor :STMicroelectronics X-CUBE-TOUCHGFX 4.22.1
2024-01-04 11:18:52,187 [INFO] ThirdParty:1030 - CMSIS Pack Vendor :STMicroelectronics X-CUBE-NFC6 3.0.0
2024-01-04 11:18:52,187 [INFO] ThirdParty:1030 - CMSIS Pack Vendor :portGmbH I-Cube-SoM-uGOAL 1.1.0
2024-01-04 11:18:52,187 [INFO] ThirdParty:1030 - CMSIS Pack Vendor :STMicroelectronics X-CUBE-ALS 1.0.1
2024-01-04 11:18:52,187 [INFO] ThirdParty:1030 - CMSIS Pack Vendor :STMicroelectronics ThreadX 1.0.0
2024-01-04 11:18:52,187 [INFO] ThirdParty:1030 - CMSIS Pack Vendor :STMicroelectronics FP-SNS-SMARTAG2 1.2.0
2024-01-04 11:18:52,187 [INFO] ThirdParty:1030 - CMSIS Pack Vendor :STMicroelectronics X-CUBE-AZRTOS-WL 2.0.0
2024-01-04 11:18:52,187 [INFO] ThirdParty:1030 - CMSIS Pack Vendor :STMicroelectronics USB_DEVICE 1.0.0
2024-01-04 11:18:52,187 [INFO] ThirdParty:1030 - CMSIS Pack Vendor :STMicroelectronics X-CUBE-AI 8.1.0
2024-01-04 11:18:52,187 [INFO] ThirdParty:1030 - CMSIS Pack Vendor :STMicroelectronics X-CUBE-AZRTOS-L4 2.0.0
2024-01-04 11:18:52,187 [INFO] ThirdParty:1030 - CMSIS Pack Vendor :STMicroelectronics ThreadX 0.0.2
2024-01-04 11:18:52,187 [INFO] ThirdParty:1030 - CMSIS Pack Vendor :WES I-CUBE-Cesium 1.3.0
2024-01-04 11:18:52,187 [INFO] ThirdParty:1030 - CMSIS Pack Vendor :STMicroelectronics FP-ATR-ASTRA1 2.0.0
2024-01-04 11:18:52,187 [INFO] ThirdParty:1030 - CMSIS Pack Vendor :STMicroelectronics lwIP 2.1.2
2024-01-04 11:18:52,188 [INFO] ThirdParty:1030 - CMSIS Pack Vendor :STMicroelectronics X-CUBE-SFXS2LP1 4.0.0
2024-01-04 11:18:52,188 [INFO] ThirdParty:1030 - CMSIS Pack Vendor :STMicroelectronics X-CUBE-BLE2 3.3.0
2024-01-04 11:18:52,188 [INFO] ThirdParty:1030 - CMSIS Pack Vendor :STMicroelectronics X-CUBE-TOF1 3.4.0
2024-01-04 11:18:52,188 [INFO] ThirdParty:1030 - CMSIS Pack Vendor :STMicroelectronics X-CUBE-AZRTOS-H7 3.2.0
2024-01-04 11:18:52,188 [INFO] ThirdParty:1030 - CMSIS Pack Vendor :STMicroelectronics PDM2PCM 3.2.0
2024-01-04 11:18:52,188 [INFO] ThirdParty:841 - exiting critical section [change project]
2024-01-04 11:18:52,672 [INFO] PinOutPanel:1499 - setPackage(No Configuration,No Configuration)
2024-01-04 11:18:52,677 [INFO] PinOutPanel:1499 - setPackage(STM32F042F4Px,TSSOP20)
2024-01-04 11:18:54,091 [INFO] UtilMem:75 - Before build in PCC Used Memory: 626655128 Bytes (1071644672)
2024-01-04 11:18:55,182 [INFO] UtilMem:75 - After build in PCC Used Memory: 704320000 Bytes (1071644672)
2024-01-04 11:18:55,216 [INFO] IPUIPlugin:80 - create IPUIPlugin
2024-01-04 11:18:55,217 [INFO] IPUIPlugin:80 - create IPUIPlugin
2024-01-04 11:18:55,217 [INFO] IPUIPlugin:80 - create IPUIPlugin
2024-01-04 11:18:55,217 [INFO] IPUIPlugin:80 - create IPUIPlugin
2024-01-04 11:18:55,218 [INFO] IPUIPlugin:80 - create IPUIPlugin
2024-01-04 11:18:55,218 [INFO] IPUIPlugin:80 - create IPUIPlugin
2024-01-04 11:18:55,218 [INFO] IPUIPlugin:80 - create IPUIPlugin
2024-01-04 11:18:55,219 [INFO] IPUIPlugin:80 - create IPUIPlugin
2024-01-04 11:18:55,219 [INFO] IPUIPlugin:80 - create IPUIPlugin
2024-01-04 11:18:55,219 [INFO] IPUIPlugin:80 - create IPUIPlugin
2024-01-04 11:18:55,219 [INFO] IPUIPlugin:80 - create IPUIPlugin
2024-01-04 11:18:55,220 [INFO] IPUIPlugin:80 - create IPUIPlugin
2024-01-04 11:18:55,220 [INFO] IPUIPlugin:80 - create IPUIPlugin
2024-01-04 11:18:55,220 [INFO] IPUIPlugin:80 - create IPUIPlugin
2024-01-04 11:18:55,221 [INFO] IPUIPlugin:80 - create IPUIPlugin
2024-01-04 11:18:55,221 [INFO] IPUIPlugin:80 - create IPUIPlugin
2024-01-04 11:18:55,221 [INFO] IPUIPlugin:80 - create IPUIPlugin
2024-01-04 11:18:55,221 [INFO] IPUIPlugin:80 - create IPUIPlugin
2024-01-04 11:18:55,222 [INFO] IPUIPlugin:80 - create IPUIPlugin
2024-01-04 11:18:55,222 [INFO] IPUIPlugin:80 - create IPUIPlugin
2024-01-04 11:18:55,222 [INFO] IPUIPlugin:80 - create IPUIPlugin
2024-01-04 11:18:55,222 [INFO] IPUIPlugin:80 - create IPUIPlugin
2024-01-04 11:18:55,223 [INFO] IPUIPlugin:80 - create IPUIPlugin
2024-01-04 11:18:55,223 [INFO] IPUIPlugin:80 - create IPUIPlugin
2024-01-04 11:18:55,223 [INFO] IPUIPlugin:80 - create IPUIPlugin
2024-01-04 11:18:55,224 [INFO] IPUIPlugin:80 - create IPUIPlugin
2024-01-04 11:18:55,224 [INFO] IPUIPlugin:80 - create IPUIPlugin
2024-01-04 11:18:55,224 [INFO] IPUIPlugin:80 - create IPUIPlugin
2024-01-04 11:18:55,224 [INFO] IPUIPlugin:80 - create IPUIPlugin
2024-01-04 11:18:55,224 [INFO] IPUIPlugin:80 - create IPUIPlugin
2024-01-04 11:18:55,248 [INFO] Can:71 - Can Add PropertyChangeListener com.st.microxplorer.plugins.ip.can.Can@1ce7a696
2024-01-04 11:18:55,526 [INFO] CADModel:165 - CPN selected for project levelSTM32F042F4P6
2024-01-04 11:18:55,526 [INFO] CADModel:114 - Register for checkConnection events
2024-01-04 11:18:55,593 [INFO] OpenFileManager:343 - Restore cursor
2024-01-04 11:19:32,632 [ERROR] LogOutputStream:75 - [STDERR_REDIRECT] 
2024-01-04 11:19:32,633 [ERROR] LogOutputStream:75 - [STDERR_REDIRECT] 
2024-01-04 11:27:21,083 [INFO] Activator:176 - 


2024-01-04 11:27:21,083 [INFO] Activator:177 - !SESSION log4j initialized
2024-01-04 11:27:28,929 [INFO] LogOutputStream:77 - [STDOUT_REDIRECT] 
2024-01-04 11:27:30,697 [INFO] ApplicationProperties:184 - Using Application install path: C:\ST\STM32CubeIDE_1.13.2\STM32CubeIDE\plugins\com.st.stm32cube.common.mx_6.10.0.202311202037
2024-01-04 11:27:30,717 [INFO] DbMcusXml:78 - Set database path to: C:\ST\STM32CubeIDE_1.13.2\STM32CubeIDE\plugins\com.st.stm32cube.common.mx_6.10.0.202311202037\\db\/mcu/
2024-01-04 11:27:30,718 [INFO] ApiDb:274 - Set plugin database path to: C:\ST\STM32CubeIDE_1.13.2\STM32CubeIDE\plugins\com.st.stm32cube.common.mx_6.10.0.202311202037\\db\/plugins/boardmanager/
2024-01-04 11:27:30,718 [WARN] ApiDb:259 - Overriding images path with different value:  => C:\ST\STM32CubeIDE_1.13.2\STM32CubeIDE\plugins\com.st.stm32cube.common.mx_6.10.0.202311202037\\db\/plugins/mcufinder/images/
2024-01-04 11:27:30,723 [INFO] ApiDb:250 - Set database path to: C:\Users\aleja\.stmcufinder\plugins\mcufinder//mcu/
2024-01-04 11:27:30,724 [INFO] DbMcusAds:125 - Set database path to: C:\Users\aleja\.stmcufinder\plugins\mcufinder//mcu/
2024-01-04 11:27:30,726 [INFO] CrossReferenceDbSqlite:203 - Set database path to: C:\Users\aleja\.stmcufinder\plugins\mcufinder//mcu/cs/
2024-01-04 11:27:30,940 [INFO] RulesReader:64 - Compatibility file has been processed (297 Rules)
2024-01-04 11:27:31,113 [INFO] DbMcusXml:78 - Set database path to: C:\ST\STM32CubeIDE_1.13.2\STM32CubeIDE\plugins\com.st.stm32cube.common.mx_6.10.0.202311202037\\db\/mcu/
2024-01-04 11:27:31,114 [INFO] ApiDb:274 - Set plugin database path to: C:\ST\STM32CubeIDE_1.13.2\STM32CubeIDE\plugins\com.st.stm32cube.common.mx_6.10.0.202311202037\\db\/plugins/boardmanager/
2024-01-04 11:27:31,114 [INFO] ApiDb:261 - Set plugin images path to: C:\ST\STM32CubeIDE_1.13.2\STM32CubeIDE\plugins\com.st.stm32cube.common.mx_6.10.0.202311202037\\db\/plugins/mcufinder/images/
2024-01-04 11:27:31,114 [WARN] DbFile:41 - Overriding database path with different value: C:\Users\aleja\.stmcufinder\plugins\mcufinder/ => C:\Users\aleja\.stmcufinder\plugins\mcufinder
2024-01-04 11:27:31,115 [INFO] ApiDb:250 - Set database path to: C:\Users\aleja\.stmcufinder\plugins\mcufinder//mcu/
2024-01-04 11:27:31,115 [WARN] DbFile:41 - Overriding database path with different value: C:\Users\aleja\.stmcufinder\plugins\mcufinder/ => C:\Users\aleja\.stmcufinder\plugins\mcufinder
2024-01-04 11:27:31,115 [INFO] DbMcusAds:125 - Set database path to: C:\Users\aleja\.stmcufinder\plugins\mcufinder//mcu/
2024-01-04 11:27:31,115 [WARN] DbFile:41 - Overriding database path with different value: C:\Users\aleja\.stmcufinder\plugins\mcufinder/ => C:\Users\aleja\.stmcufinder\plugins\mcufinder
2024-01-04 11:27:31,115 [WARN] DbFile:41 - Overriding database path with different value: C:\Users\aleja\.stmcufinder\plugins\mcufinder/ => C:\Users\aleja\.stmcufinder\plugins\mcufinder
2024-01-04 11:27:31,115 [INFO] CrossReferenceDbSqlite:203 - Set database path to: C:\Users\aleja\.stmcufinder\plugins\mcufinder//mcu/cs/
2024-01-04 11:27:31,237 [INFO] MainPanel:264 - HeapMemory: 268435456
2024-01-04 11:27:31,365 [INFO] DbMcusXml:78 - Set database path to: C:\ST\STM32CubeIDE_1.13.2\STM32CubeIDE\plugins\com.st.stm32cube.common.mx_6.10.0.202311202037\\db\/mcu/
2024-01-04 11:27:31,365 [INFO] ApiDb:274 - Set plugin database path to: C:\ST\STM32CubeIDE_1.13.2\STM32CubeIDE\plugins\com.st.stm32cube.common.mx_6.10.0.202311202037\\db\/plugins/boardmanager/
2024-01-04 11:27:31,365 [INFO] ApiDb:261 - Set plugin images path to: C:\ST\STM32CubeIDE_1.13.2\STM32CubeIDE\plugins\com.st.stm32cube.common.mx_6.10.0.202311202037\\db\/plugins/mcufinder/images/
2024-01-04 11:27:31,365 [WARN] DbFile:41 - Overriding database path with different value: C:\Users\aleja\.stmcufinder\plugins\mcufinder/ => C:\Users\aleja\.stmcufinder\plugins\mcufinder
2024-01-04 11:27:31,365 [INFO] ApiDb:250 - Set database path to: C:\Users\aleja\.stmcufinder\plugins\mcufinder//mcu/
2024-01-04 11:27:31,365 [WARN] DbFile:41 - Overriding database path with different value: C:\Users\aleja\.stmcufinder\plugins\mcufinder/ => C:\Users\aleja\.stmcufinder\plugins\mcufinder
2024-01-04 11:27:31,365 [INFO] DbMcusAds:125 - Set database path to: C:\Users\aleja\.stmcufinder\plugins\mcufinder//mcu/
2024-01-04 11:27:31,366 [WARN] DbFile:41 - Overriding database path with different value: C:\Users\aleja\.stmcufinder\plugins\mcufinder/ => C:\Users\aleja\.stmcufinder\plugins\mcufinder
2024-01-04 11:27:31,366 [WARN] DbFile:41 - Overriding database path with different value: C:\Users\aleja\.stmcufinder\plugins\mcufinder/ => C:\Users\aleja\.stmcufinder\plugins\mcufinder
2024-01-04 11:27:31,366 [INFO] CrossReferenceDbSqlite:203 - Set database path to: C:\Users\aleja\.stmcufinder\plugins\mcufinder//mcu/cs/
2024-01-04 11:27:31,388 [INFO] ApplicationProperties:184 - Using Application install path: C:\ST\STM32CubeIDE_1.13.2\STM32CubeIDE\plugins\com.st.stm32cube.common.mx_6.10.0.202311202037
2024-01-04 11:27:31,390 [INFO] PluginManage:196 - Search for loadable plugins [exclusion list=, ]
2024-01-04 11:27:31,391 [INFO] PluginManage:310 - Check plugin analytics
2024-01-04 11:27:31,640 [INFO] AnalyticsPlugin:253 - Accepted Software Licenses: 
2024-01-04 11:27:31,641 [INFO] AnalyticsPlugin:255 - Accepted CMSIS Pack Licenses: 
2024-01-04 11:27:31,641 [INFO] AnalyticsPlugin:257 - Accepted Firmware Licenses: 
2024-01-04 11:27:31,646 [INFO] PluginManage:359 - Loaded plugin analytics (category:tool,tabindex:-1)
2024-01-04 11:27:31,646 [INFO] PluginManage:310 - Check plugin cadmodel
2024-01-04 11:27:31,652 [INFO] CADModel:105 - Init CAD model plugin
2024-01-04 11:27:31,653 [INFO] PluginManage:359 - Loaded plugin cadmodel (category:power,tabindex:5)
2024-01-04 11:27:31,653 [INFO] PluginManage:310 - Check plugin clock
2024-01-04 11:27:31,667 [INFO] PluginManage:359 - Loaded plugin clock (category:base,tabindex:2)
2024-01-04 11:27:31,667 [INFO] PluginManage:310 - Check plugin ddr
2024-01-04 11:27:31,670 [INFO] PluginManage:359 - Loaded plugin ddr (category:tool,tabindex:6)
2024-01-04 11:27:31,671 [INFO] PluginManage:310 - Check plugin filemanager
2024-01-04 11:27:31,856 [INFO] PluginManage:359 - Loaded plugin filemanager (category:base,tabindex:10)
2024-01-04 11:27:31,856 [INFO] PluginManage:310 - Check plugin ipmanager
2024-01-04 11:27:31,867 [INFO] PluginManage:359 - Loaded plugin ipmanager (category:base,tabindex:5)
2024-01-04 11:27:31,867 [INFO] PluginManage:310 - Check plugin lpbam
2024-01-04 11:27:31,876 [INFO] PluginManage:359 - Loaded plugin lpbam (category:base,tabindex:0)
2024-01-04 11:27:31,876 [INFO] PluginManage:310 - Check plugin memorymap
2024-01-04 11:27:31,893 [INFO] PluginManage:359 - Loaded plugin memorymap (category:base,tabindex:4)
2024-01-04 11:27:31,893 [INFO] PluginManage:310 - Check plugin pinoutandconfiguration
2024-01-04 11:27:31,900 [INFO] PluginManage:359 - Loaded plugin pinoutandconfiguration (category:base,tabindex:1)
2024-01-04 11:27:31,900 [INFO] PluginManage:310 - Check plugin pinoutconfig
2024-01-04 11:27:32,009 [WARN] SupportedApi:132 - Cannot load RTOS API schema: s4s-elt-must-match.1: The content of 'definitions' must match (annotation?, (simpleType | complexType)?, (unique | key | keyref)*)). A problem was found starting at: attribute.
2024-01-04 11:27:32,223 [INFO] PluginManage:359 - Loaded plugin pinoutconfig (category:base,tabindex:0)
2024-01-04 11:27:32,224 [INFO] PluginManage:310 - Check plugin power
2024-01-04 11:27:32,244 [INFO] PluginManage:359 - Loaded plugin power (category:power,tabindex:4)
2024-01-04 11:27:32,245 [INFO] PluginManage:310 - Check plugin projectmanager
2024-01-04 11:27:32,276 [INFO] PluginManage:359 - Loaded plugin projectmanager (category:projectmanager,tabindex:3)
2024-01-04 11:27:32,277 [INFO] PluginManage:310 - Check plugin thirdparty
2024-01-04 11:27:32,471 [INFO] PluginManage:359 - Loaded plugin thirdparty (category:base,tabindex:-1)
2024-01-04 11:27:32,471 [INFO] PluginManage:310 - Check plugin tools
2024-01-04 11:27:32,471 [WARN] IntegrityCheckThread:84 - waiting for thirdparty lock release [integrity check]
2024-01-04 11:27:32,471 [INFO] IntegrityCheckThread:86 - entering critical section [integrity check]
2024-01-04 11:27:32,472 [INFO] ThirdPartyUpdaterWithRetryManager:70 - Updater plugin not ready yet. [1/15]
2024-01-04 11:27:32,474 [INFO] PluginManage:359 - Loaded plugin tools (category:base,tabindex:7)
2024-01-04 11:27:32,474 [INFO] PluginManage:310 - Check plugin tutovideos
2024-01-04 11:27:32,704 [INFO] PluginManage:359 - Loaded plugin tutovideos (category:base,tabindex:-1)
2024-01-04 11:27:32,705 [INFO] PluginManage:310 - Check plugin updater
2024-01-04 11:27:32,716 [INFO] PluginManage:359 - Loaded plugin updater (category:base,tabindex:12)
2024-01-04 11:27:32,717 [INFO] PluginManage:310 - Check plugin userauth
2024-01-04 11:27:32,722 [INFO] UserAuth:114 - Init User Auth plugin
2024-01-04 11:27:32,722 [INFO] PluginManage:359 - Loaded plugin userauth (category:base,tabindex:14)
2024-01-04 11:27:32,723 [INFO] PluginManage:283 - PluginManage : Loaded plugins [17]
2024-01-04 11:27:32,994 [INFO] PinOutPanel:1499 - setPackage(No Configuration,No Configuration)
2024-01-04 11:27:33,089 [INFO] CADModel:165 - CPN selected for project level
2024-01-04 11:27:33,089 [INFO] CADModel:114 - Register for checkConnection events
2024-01-04 11:27:33,105 [INFO] IPUIPlugin:80 - create IPUIPlugin
2024-01-04 11:27:33,106 [INFO] PluginManager:220 - loadIPPluginJar : add adc
2024-01-04 11:27:33,108 [INFO] IPUIPlugin:80 - create IPUIPlugin
2024-01-04 11:27:33,108 [INFO] PluginManager:220 - loadIPPluginJar : add aes
2024-01-04 11:27:33,112 [INFO] IPUIPlugin:80 - create IPUIPlugin
2024-01-04 11:27:33,113 [INFO] PluginManager:220 - loadIPPluginJar : add can
2024-01-04 11:27:33,115 [INFO] IPUIPlugin:80 - create IPUIPlugin
2024-01-04 11:27:33,116 [INFO] PluginManager:220 - loadIPPluginJar : add comp
2024-01-04 11:27:33,118 [INFO] IPUIPlugin:80 - create IPUIPlugin
2024-01-04 11:27:33,118 [INFO] PluginManager:220 - loadIPPluginJar : add cryp
2024-01-04 11:27:33,120 [INFO] IPUIPlugin:80 - create IPUIPlugin
2024-01-04 11:27:33,120 [INFO] PluginManager:220 - loadIPPluginJar : add dfsdm
2024-01-04 11:27:33,125 [INFO] IPUIPlugin:80 - create IPUIPlugin
2024-01-04 11:27:33,126 [INFO] PluginManager:220 - loadIPPluginJar : add dma
2024-01-04 11:27:33,128 [INFO] IPUIPlugin:80 - create IPUIPlugin
2024-01-04 11:27:33,128 [INFO] PluginManager:220 - loadIPPluginJar : add dma3
2024-01-04 11:27:33,129 [INFO] IPUIPlugin:80 - create IPUIPlugin
2024-01-04 11:27:33,129 [INFO] PluginManager:220 - loadIPPluginJar : add fatfs
2024-01-04 11:27:33,133 [INFO] IPUIPlugin:80 - create IPUIPlugin
2024-01-04 11:27:33,133 [INFO] PluginManager:220 - loadIPPluginJar : add fmc
2024-01-04 11:27:33,137 [INFO] IPUIPlugin:80 - create IPUIPlugin
2024-01-04 11:27:33,138 [INFO] PluginManager:220 - loadIPPluginJar : add freertos
2024-01-04 11:27:33,139 [INFO] IPUIPlugin:80 - create IPUIPlugin
2024-01-04 11:27:33,139 [INFO] PluginManager:220 - loadIPPluginJar : add genericplugin
2024-01-04 11:27:33,140 [INFO] IPUIPlugin:80 - create IPUIPlugin
2024-01-04 11:27:33,140 [INFO] PluginManager:220 - loadIPPluginJar : add gfxmmu
2024-01-04 11:27:33,145 [INFO] IPUIPlugin:80 - create IPUIPlugin
2024-01-04 11:27:33,145 [INFO] PluginManager:220 - loadIPPluginJar : add gic
2024-01-04 11:27:33,148 [INFO] IPUIPlugin:80 - create IPUIPlugin
2024-01-04 11:27:33,148 [INFO] PluginManager:220 - loadIPPluginJar : add gpio
2024-01-04 11:27:33,168 [INFO] IPUIPlugin:80 - create IPUIPlugin
2024-01-04 11:27:33,168 [INFO] PluginManager:220 - loadIPPluginJar : add gtzc
2024-01-04 11:27:33,171 [INFO] IPUIPlugin:80 - create IPUIPlugin
2024-01-04 11:27:33,171 [INFO] PluginManager:220 - loadIPPluginJar : add hash
2024-01-04 11:27:33,173 [INFO] IPUIPlugin:80 - create IPUIPlugin
2024-01-04 11:27:33,173 [INFO] PluginManager:220 - loadIPPluginJar : add i2c
2024-01-04 11:27:33,175 [INFO] IPUIPlugin:80 - create IPUIPlugin
2024-01-04 11:27:33,176 [INFO] PluginManager:220 - loadIPPluginJar : add i2s
2024-01-04 11:27:33,179 [INFO] IPUIPlugin:80 - create IPUIPlugin
2024-01-04 11:27:33,179 [INFO] PluginManager:220 - loadIPPluginJar : add i3c
2024-01-04 11:27:33,182 [INFO] IPUIPlugin:80 - create IPUIPlugin
2024-01-04 11:27:33,183 [INFO] PluginManager:220 - loadIPPluginJar : add ipddr
2024-01-04 11:27:33,190 [INFO] IPUIPlugin:80 - create IPUIPlugin
2024-01-04 11:27:33,190 [INFO] PluginManager:220 - loadIPPluginJar : add linkedlist
2024-01-04 11:27:33,192 [INFO] IPUIPlugin:80 - create IPUIPlugin
2024-01-04 11:27:33,193 [INFO] PluginManager:220 - loadIPPluginJar : add lorawan
2024-01-04 11:27:33,194 [INFO] IPUIPlugin:80 - create IPUIPlugin
2024-01-04 11:27:33,194 [INFO] PluginManager:220 - loadIPPluginJar : add ltdc
2024-01-04 11:27:33,200 [INFO] IPUIPlugin:80 - create IPUIPlugin
2024-01-04 11:27:33,200 [INFO] PluginManager:220 - loadIPPluginJar : add mdma
2024-01-04 11:27:33,203 [INFO] IPUIPlugin:80 - create IPUIPlugin
2024-01-04 11:27:33,204 [INFO] PluginManager:220 - loadIPPluginJar : add nvic
2024-01-04 11:27:33,207 [INFO] IPUIPlugin:80 - create IPUIPlugin
2024-01-04 11:27:33,207 [INFO] PluginManager:220 - loadIPPluginJar : add opamp
2024-01-04 11:27:33,211 [INFO] IPUIPlugin:80 - create IPUIPlugin
2024-01-04 11:27:33,211 [INFO] PluginManager:220 - loadIPPluginJar : add openamp
2024-01-04 11:27:33,215 [INFO] IPUIPlugin:80 - create IPUIPlugin
2024-01-04 11:27:33,216 [INFO] PluginManager:220 - loadIPPluginJar : add pdm2pcm
2024-01-04 11:27:33,223 [INFO] IPUIPlugin:80 - create IPUIPlugin
2024-01-04 11:27:33,227 [INFO] PluginManager:220 - loadIPPluginJar : add plateformsettings
2024-01-04 11:27:33,229 [INFO] IPUIPlugin:80 - create IPUIPlugin
2024-01-04 11:27:33,229 [INFO] PluginManager:220 - loadIPPluginJar : add quadspi
2024-01-04 11:27:33,232 [INFO] IPUIPlugin:80 - create IPUIPlugin
2024-01-04 11:27:33,232 [INFO] PluginManager:220 - loadIPPluginJar : add resmgrutility
2024-01-04 11:27:33,236 [INFO] IPUIPlugin:80 - create IPUIPlugin
2024-01-04 11:27:33,236 [INFO] PluginManager:220 - loadIPPluginJar : add sai
2024-01-04 11:27:33,238 [INFO] IPUIPlugin:80 - create IPUIPlugin
2024-01-04 11:27:33,239 [INFO] PluginManager:220 - loadIPPluginJar : add spi
2024-01-04 11:27:33,244 [INFO] IPUIPlugin:80 - create IPUIPlugin
2024-01-04 11:27:33,244 [INFO] PluginManager:220 - loadIPPluginJar : add stm32_wpan
2024-01-04 11:27:33,246 [INFO] IPUIPlugin:80 - create IPUIPlugin
2024-01-04 11:27:33,246 [INFO] PluginManager:220 - loadIPPluginJar : add tim
2024-01-04 11:27:33,249 [INFO] IPUIPlugin:80 - create IPUIPlugin
2024-01-04 11:27:33,249 [INFO] PluginManager:220 - loadIPPluginJar : add touchsensing
2024-01-04 11:27:33,251 [INFO] IPUIPlugin:80 - create IPUIPlugin
2024-01-04 11:27:33,251 [INFO] PluginManager:220 - loadIPPluginJar : add tracer_emb
2024-01-04 11:27:33,254 [INFO] IPUIPlugin:80 - create IPUIPlugin
2024-01-04 11:27:33,254 [INFO] PluginManager:220 - loadIPPluginJar : add ts
2024-01-04 11:27:33,256 [INFO] IPUIPlugin:80 - create IPUIPlugin
2024-01-04 11:27:33,256 [INFO] PluginManager:220 - loadIPPluginJar : add tsc
2024-01-04 11:27:33,258 [INFO] IPUIPlugin:80 - create IPUIPlugin
2024-01-04 11:27:33,258 [INFO] PluginManager:220 - loadIPPluginJar : add ucpd
2024-01-04 11:27:33,261 [INFO] IPUIPlugin:80 - create IPUIPlugin
2024-01-04 11:27:33,261 [INFO] PluginManager:220 - loadIPPluginJar : add usart
2024-01-04 11:27:33,265 [INFO] IPUIPlugin:80 - create IPUIPlugin
2024-01-04 11:27:33,265 [INFO] PluginManager:220 - loadIPPluginJar : add usbx
2024-01-04 11:27:33,410 [INFO] CADModel:165 - CPN selected for project level
2024-01-04 11:27:33,410 [INFO] CADModel:114 - Register for checkConnection events
2024-01-04 11:27:33,410 [FATAL] Updater:308 - Updater called before beeing initialized
2024-01-04 11:27:33,411 [ERROR] CADModel:125 - Updater not yet initialized, retry later 
2024-01-04 11:27:33,600 [INFO] CADModel:165 - CPN selected for project level
2024-01-04 11:27:33,600 [INFO] CADModel:114 - Register for checkConnection events
2024-01-04 11:27:33,600 [FATAL] Updater:308 - Updater called before beeing initialized
2024-01-04 11:27:33,601 [ERROR] CADModel:125 - Updater not yet initialized, retry later 
2024-01-04 11:27:33,604 [FATAL] Updater:308 - Updater called before beeing initialized
2024-01-04 11:27:33,764 [FATAL] Updater:308 - Updater called before beeing initialized
2024-01-04 11:27:33,769 [INFO] DbMcusAds:53 - JSON generation date=Wed Nov 29 11:52:27 CET 2023 (1701255147349)
2024-01-04 11:27:33,769 [FATAL] Updater:308 - Updater called before beeing initialized
2024-01-04 11:27:33,814 [WARN] DetailPanel:346 - Failed to get advertising image, set to default
2024-01-04 11:27:33,919 [FATAL] Updater:308 - Updater called before beeing initialized
2024-01-04 11:27:33,921 [FATAL] Updater:308 - Updater called before beeing initialized
2024-01-04 11:27:33,921 [FATAL] Updater:308 - Updater called before beeing initialized
2024-01-04 11:27:33,921 [WARN] DetailPanel:346 - Failed to get advertising image, set to default
2024-01-04 11:27:33,922 [FATAL] Updater:308 - Updater called before beeing initialized
2024-01-04 11:27:33,980 [ERROR] Updater:1120 - MainUpdater not yet initialized. External WinMGr cannot be set.
2024-01-04 11:27:33,983 [INFO] Updater:1056 - Updater Version found : 6.10.0
2024-01-04 11:27:34,004 [INFO] ApplicationProperties:184 - Using Application install path: C:\ST\STM32CubeIDE_1.13.2\STM32CubeIDE\plugins\com.st.stm32cube.common.mx_6.10.0.202311202037
2024-01-04 11:27:35,473 [INFO] ThirdPartyUpdaterWithRetryManager:70 - Updater plugin not ready yet. [2/15]
2024-01-04 11:27:35,596 [ERROR] LogOutputStream:75 - [STDERR_REDIRECT] Jan 04, 2024 11:27:35 AM java.util.prefs.WindowsPreferences <init>
2024-01-04 11:27:35,599 [ERROR] LogOutputStream:75 - [STDERR_REDIRECT] WARNING: Could not open/create prefs root node Software\JavaSoft\Prefs at root 0xffffffff80000002. Windows RegCreateKeyEx(...) returned error code 5.
2024-01-04 11:27:35,599 [ERROR] LogOutputStream:75 - [STDERR_REDIRECT] 
2024-01-04 11:27:36,257 [INFO] MainUpdater:2873 - connection check result : 10
2024-01-04 11:27:36,258 [INFO] MainUpdater:290 - Updater Check For Update Now.
2024-01-04 11:27:36,259 [INFO] MicroXplorer:498 - Change Database Version : DB.6.0.100
2024-01-04 11:27:36,276 [INFO] McuFinderGlobals:63 - Set McuFinder mode to 2 (CubeIDE integrated)
2024-01-04 11:27:36,289 [INFO] UserAuth:404 - Internet connection configuration mode: 1
2024-01-04 11:27:36,320 [INFO] JxBrowserEngine:152 - Initiate JxBrowser Engine with user profile folder
2024-01-04 11:27:36,493 [INFO] CheckServerUpdateThread:120 - End of CheckServer Thread
2024-01-04 11:27:37,440 [INFO] WebApp:161 - Instantiating new browser for Auth
2024-01-04 11:27:38,349 [INFO] WebApp:780 - Register for checkConnection events
2024-01-04 11:27:38,350 [INFO] WebApp:414 - Apply proxy settings
2024-01-04 11:27:38,350 [INFO] WebApp:499 - Chromium requires no authentication
2024-01-04 11:27:38,360 [INFO] WebApp:442 - Direct internet connection detected
2024-01-04 11:27:38,642 [INFO] WebApp:192 - Starting web application
2024-01-04 11:27:38,642 [INFO] WebApp:544 - Web application path used C:\ST\STM32CubeIDE_1.13.2\STM32CubeIDE\plugins\com.st.stm32cube.common.mx_6.10.0.202311202037\db\plugins\mcufinder\reactClient1\index.html
2024-01-04 11:27:38,707 [WARN] PackLoader:240 - Cannot read IP mode file for STMicroelectronics.X-CUBE-SMBUS.2.1.0
2024-01-04 11:27:38,719 [WARN] PackLoader:240 - Cannot read IP mode file for STMicroelectronics.X-CUBE-TOUCHGFX.4.23.0
2024-01-04 11:27:38,770 [WARN] PackLoader:240 - Cannot read IP mode file for STMicroelectronics.X-CUBE-AZRTOS-F7.1.1.0
2024-01-04 11:27:38,788 [WARN] PackLoader:240 - Cannot read IP mode file for STMicroelectronics.FP-SNS-MOTENV1.4.3.2
2024-01-04 11:27:38,799 [WARN] PackLoader:240 - Cannot read IP mode file for STMicroelectronics.FP-SNS-FLIGHT1.5.0.2
2024-01-04 11:27:38,814 [WARN] PackLoader:240 - Cannot read IP mode file for STMicroelectronics.X-CUBE-DISPLAY.3.0.0
2024-01-04 11:27:38,837 [WARN] PackLoader:240 - Cannot read IP mode file for STMicroelectronics.X-CUBE-BLE1.7.0.0
2024-01-04 11:27:38,850 [WARN] PackLoader:240 - Cannot read IP mode file for emotas.I-CUBE-CANOPEN.1.3.0
2024-01-04 11:27:38,855 [WARN] PackLoader:240 - Cannot read IP mode file for STMicroelectronics.X-CUBE-TOUCHGFX.4.22.1
2024-01-04 11:27:38,865 [WARN] PackLoader:240 - Cannot read IP mode file for STMicroelectronics.FP-SNS-SMARTAG2.1.2.0
2024-01-04 11:27:38,886 [INFO] LogOutputStream:77 - [STDOUT_REDIRECT] 1 : Invalid condition id : UX_CORESTACK_Condition cause : null
2024-01-04 11:27:38,887 [INFO] LogOutputStream:77 - [STDOUT_REDIRECT] 1 : Invalid condition id : UX_CORESTACK_Condition cause : null
2024-01-04 11:27:38,889 [INFO] LogOutputStream:77 - [STDOUT_REDIRECT] 1 : Invalid condition id : UX_CORESTACK_Condition cause : null
2024-01-04 11:27:38,893 [INFO] LogOutputStream:77 - [STDOUT_REDIRECT] 1 : Invalid condition id : UX_CORESTACK_Condition cause : null
2024-01-04 11:27:38,895 [INFO] LogOutputStream:77 - [STDOUT_REDIRECT] 1 : Invalid condition id : UX_CORESTACK_Condition cause : null
2024-01-04 11:27:38,901 [WARN] PackLoader:240 - Cannot read IP mode file for STMicroelectronics.X-CUBE-AZRTOS-WL.2.0.0
2024-01-04 11:27:38,920 [WARN] PackLoader:240 - Cannot read IP mode file for WES.I-CUBE-Cesium.1.3.0
2024-01-04 11:27:38,930 [WARN] PackLoader:240 - Cannot read IP mode file for STMicroelectronics.X-CUBE-BLE2.3.3.0
2024-01-04 11:27:38,940 [WARN] PackLoader:240 - Cannot read IP mode file for STMicroelectronics.X-CUBE-ALGOBUILD.1.3.0
2024-01-04 11:27:38,961 [WARN] PackLoader:240 - Cannot read IP mode file for STMicroelectronics.X-CUBE-AZRTOS-G0.1.1.0
2024-01-04 11:27:38,972 [WARN] PackLoader:240 - Cannot read IP mode file for STMicroelectronics.X-CUBE-NFC4.3.0.0
2024-01-04 11:27:38,986 [WARN] PackLoader:240 - Cannot read IP mode file for STMicroelectronics.X-CUBE-BLEMGR.3.0.0
2024-01-04 11:27:38,995 [WARN] PackLoader:240 - Cannot read IP mode file for STMicroelectronics.FP-ATR-SIGFOX1.3.2.0
2024-01-04 11:27:39,004 [WARN] PackLoader:240 - Cannot read IP mode file for STMicroelectronics.X-CUBE-GNSS1.6.0.0
2024-01-04 11:27:39,025 [WARN] PackLoader:240 - Cannot read IP mode file for STMicroelectronics.X-CUBE-AZRTOS-F4.1.1.0
2024-01-04 11:27:39,032 [WARN] PackLoader:240 - Cannot read IP mode file for wolfSSL.I-CUBE-wolfSSL.5.6.4
2024-01-04 11:27:39,060 [WARN] PackLoader:240 - Cannot read IP mode file for STMicroelectronics.X-CUBE-AZRTOS-L5.2.0.0
2024-01-04 11:27:39,076 [WARN] PackLoader:240 - Cannot read IP mode file for STMicroelectronics.X-CUBE-EEPRMA1.4.2.0
2024-01-04 11:27:39,087 [WARN] PackLoader:240 - Cannot read IP mode file for ITTIA_DB.I-CUBE-ITTIADB.8.8.0
2024-01-04 11:27:39,110 [WARN] ConditionMgr:438 - getConditionDescription Invalid condition id : UX DEVICE CLASS RTOS Condition cause : null
2024-01-04 11:27:39,110 [WARN] ConditionMgr:438 - getConditionDescription Invalid condition id : UX DEVICE CLASS RTOS Condition cause : null
2024-01-04 11:27:39,117 [WARN] PackLoader:240 - Cannot read IP mode file for STMicroelectronics.X-CUBE-AZRTOS-H7.3.1.0
2024-01-04 11:27:39,119 [WARN] ConditionMgr:1039 - genDependencies : Invalid condition id : UX DEVICE CLASS RTOS Condition cause : null
2024-01-04 11:27:39,119 [WARN] ConditionMgr:1039 - genDependencies : Invalid condition id : UX DEVICE CLASS RTOS Condition cause : null
2024-01-04 11:27:39,153 [WARN] ConditionMgr:1039 - genDependencies : Invalid condition id : UX DEVICE CLASS RTOS Condition cause : null
2024-01-04 11:27:39,154 [WARN] ConditionMgr:1039 - genDependencies : Invalid condition id : UX DEVICE CLASS RTOS Condition cause : null
2024-01-04 11:27:39,159 [WARN] ConditionMgr:1039 - genDependencies : Invalid condition id : UX DEVICE CLASS RTOS Condition cause : null
2024-01-04 11:27:39,190 [WARN] PackLoader:240 - Cannot read IP mode file for STMicroelectronics.X-CUBE-NFC7.1.0.1
2024-01-04 11:27:39,205 [WARN] PackLoader:240 - Cannot read IP mode file for STMicroelectronics.X-CUBE-NFC6.3.0.0
2024-01-04 11:27:39,216 [WARN] PackLoader:240 - Cannot read IP mode file for STMicroelectronics.X-CUBE-AI.8.1.0
2024-01-04 11:27:39,239 [WARN] ConditionMgr:438 - getConditionDescription Invalid condition id : LAN8742 Phy interface Condition cause : null
2024-01-04 11:27:39,240 [WARN] PackLoader:240 - Cannot read IP mode file for STMicroelectronics.X-CUBE-AZRTOS-L4.2.0.0
2024-01-04 11:27:39,242 [WARN] ConditionMgr:1039 - genDependencies : Invalid condition id : LAN8742 Phy interface Condition cause : null
2024-01-04 11:27:39,242 [WARN] ConditionMgr:1039 - genDependencies : Invalid condition id : LAN8742 Phy interface Condition cause : null
2024-01-04 11:27:39,243 [WARN] ConditionMgr:1039 - genDependencies : Invalid condition id : LAN8742 Phy interface Condition cause : null
2024-01-04 11:27:39,253 [WARN] PackLoader:240 - Cannot read IP mode file for STMicroelectronics.X-CUBE-SFXS2LP1.4.0.0
2024-01-04 11:27:39,261 [WARN] PackLoader:240 - Cannot read IP mode file for STMicroelectronics.X-CUBE-ISPU.1.1.0
2024-01-04 11:27:39,275 [WARN] ConditionMgr:438 - getConditionDescription Invalid condition id : UX DEVICE CLASS RTOS Condition cause : null
2024-01-04 11:27:39,276 [WARN] ConditionMgr:438 - getConditionDescription Invalid condition id : UX DEVICE CLASS RTOS Condition cause : null
2024-01-04 11:27:39,278 [WARN] PackLoader:240 - Cannot read IP mode file for STMicroelectronics.X-CUBE-AZRTOS-WB.2.0.0
2024-01-04 11:27:39,278 [WARN] ConditionMgr:1039 - genDependencies : Invalid condition id : UX DEVICE CLASS RTOS Condition cause : null
2024-01-04 11:27:39,278 [WARN] ConditionMgr:1039 - genDependencies : Invalid condition id : UX DEVICE CLASS RTOS Condition cause : null
2024-01-04 11:27:39,279 [WARN] ConditionMgr:1039 - genDependencies : Invalid condition id : UX DEVICE CLASS RTOS Condition cause : null
2024-01-04 11:27:39,279 [WARN] ConditionMgr:1039 - genDependencies : Invalid condition id : UX DEVICE CLASS RTOS Condition cause : null
2024-01-04 11:27:39,280 [WARN] ConditionMgr:1039 - genDependencies : Invalid condition id : UX DEVICE CLASS RTOS Condition cause : null
2024-01-04 11:27:39,289 [WARN] PackLoader:240 - Cannot read IP mode file for STMicroelectronics.X-CUBE-SUBG2.5.0.0
2024-01-04 11:27:39,308 [WARN] PackLoader:240 - Cannot read IP mode file for STMicroelectronics.X-CUBE-AZRTOS-G4.2.0.0
2024-01-04 11:27:39,325 [WARN] PackLoader:240 - Cannot read IP mode file for Infineon.AIROC-Wi-Fi-Bluetooth-STM32.1.5.1
2024-01-04 11:27:39,339 [WARN] PackLoader:240 - Cannot read IP mode file for STMicroelectronics.FP-SNS-MOTENVWB1.1.3.1
2024-01-04 11:27:39,346 [WARN] PackLoader:240 - Cannot read IP mode file for STMicroelectronics.X-CUBE-ISPU.2.0.0
2024-01-04 11:27:39,398 [WARN] PackLoader:240 - Cannot read IP mode file for STMicroelectronics.X-CUBE-MEMS1.10.0.0
2024-01-04 11:27:39,531 [WARN] PackLoader:240 - Cannot read IP mode file for STMicroelectronics.X-CUBE-FREERTOS.1.1.0
2024-01-04 11:27:39,537 [WARN] PackLoader:240 - Cannot read IP mode file for portGmbH.I-Cube-SoM-uGOAL.1.1.0
2024-01-04 11:27:39,542 [WARN] PackLoader:240 - Cannot read IP mode file for STMicroelectronics.X-CUBE-ALS.1.0.1
2024-01-04 11:27:39,549 [WARN] PackLoader:240 - Cannot read IP mode file for STMicroelectronics.FP-ATR-ASTRA1.2.0.0
2024-01-04 11:27:39,559 [WARN] PackLoader:240 - Cannot read IP mode file for STMicroelectronics.X-CUBE-TOF1.3.4.0
2024-01-04 11:27:39,586 [WARN] PackLoader:240 - Cannot read IP mode file for STMicroelectronics.X-CUBE-AZRTOS-H7.3.2.0
2024-01-04 11:27:39,588 [INFO] ThirdParty:978 - Integrity check success = true
2024-01-04 11:27:39,589 [INFO] IntegrityCheckThread:100 - exiting critical section [integrity check]
2024-01-04 11:27:39,589 [INFO] IntegrityCheckThread:103 - End integrity checks thread
2024-01-04 11:27:59,660 [ERROR] LogOutputStream:75 - [STDERR_REDIRECT] SLF4J: Failed to load class "org.slf4j.impl.StaticLoggerBinder".
2024-01-04 11:27:59,662 [ERROR] LogOutputStream:75 - [STDERR_REDIRECT] SLF4J: Defaulting to no-operation (NOP) logger implementation
2024-01-04 11:27:59,665 [ERROR] LogOutputStream:75 - [STDERR_REDIRECT] SLF4J: See http://www.slf4j.org/codes.html#StaticLoggerBinder for further details.
2024-01-04 12:01:42,151 [INFO] McuFinderGlobals:63 - Set McuFinder mode to 2 (CubeIDE integrated)
2024-01-04 12:01:42,159 [INFO] MainUpdater:2873 - connection check result : 10
2024-01-04 12:01:42,160 [INFO] MainUpdater:2873 - connection check result : 10
2024-01-04 12:01:42,222 [INFO] MicroXplorer:468 - Change Database Path : 
2024-01-04 12:01:42,223 [INFO] MicroXplorer:498 - Change Database Version : DB.6.0.100
2024-01-04 12:01:42,230 [WARN] ThirdParty:871 - waiting for thirdparty lock release [close project]
2024-01-04 12:01:42,231 [INFO] ThirdParty:873 - entering critical section [close project]
2024-01-04 12:01:42,232 [INFO] ThirdParty:883 - exiting critical section [close project]
2024-01-04 12:01:42,234 [INFO] PinOutPanel:1499 - setPackage(No Configuration,No Configuration)
2024-01-04 12:01:42,239 [INFO] UtilMem:75 - Begin LoadConfig() Used Memory: 228166088 Bytes (552599552)
2024-01-04 12:01:42,241 [INFO] MicroXplorer:468 - Change Database Path : 
2024-01-04 12:01:42,241 [INFO] MicroXplorer:498 - Change Database Version : DB.6.0.100
2024-01-04 12:01:42,241 [INFO] OpenFileManager:312 - Change cursor
2024-01-04 12:01:42,283 [INFO] Mcu:2016 - Initializing MCU STM32F042F4Px STM32F042F4Px STM32F042F4P6
2024-01-04 12:01:43,504 [INFO] Context:659 - Trying to add GPIOservice into a context  which must be forbidden
2024-01-04 12:01:44,011 [INFO] RtosManager:555 - Registered RTOS mode: class=CMSIS, group=RTOS, mode=CMSIS_V1, owner=FREERTOS
2024-01-04 12:01:44,012 [INFO] RtosManager:555 - Registered RTOS mode: class=CMSIS, group=RTOS2, mode=CMSIS_V2, owner=FREERTOS
2024-01-04 12:01:44,012 [INFO] RtosManager:555 - Registered RTOS mode: class=RTOS, group=Core, mode=CMSIS_V1, owner=FREERTOS
2024-01-04 12:01:44,012 [INFO] RtosManager:555 - Registered RTOS mode: class=RTOS, group=Core, mode=CMSIS_V2, owner=FREERTOS
2024-01-04 12:01:44,012 [WARN] ModelIntegratedComponent:184 - Missing modes for component STMicroelectronics:FreeRTOS:0.0.1:STMicroelectronics:RTOS:FreeRTOS:Core:::10.2.0:
2024-01-04 12:01:44,027 [WARN] ModelIntegratedComponent:63 - No mode defined for component null
2024-01-04 12:01:44,027 [WARN] ModelIntegratedComponent:63 - No mode defined for component null
2024-01-04 12:01:44,027 [WARN] ModelIntegratedComponent:63 - No mode defined for component null
2024-01-04 12:01:44,027 [WARN] ModelIntegratedComponent:63 - No mode defined for component null
2024-01-04 12:01:44,027 [WARN] ModelIntegratedComponent:63 - No mode defined for component null
2024-01-04 12:01:44,027 [WARN] ModelIntegratedComponent:63 - No mode defined for component null
2024-01-04 12:01:44,027 [WARN] ModelIntegratedComponent:63 - No mode defined for component null
2024-01-04 12:01:44,027 [WARN] ModelIntegratedComponent:63 - No mode defined for component null
2024-01-04 12:01:44,027 [WARN] ModelIntegratedComponent:63 - No mode defined for component null
2024-01-04 12:01:44,027 [WARN] ModelIntegratedComponent:63 - No mode defined for component null
2024-01-04 12:01:44,027 [WARN] ModelIntegratedComponent:63 - No mode defined for component null
2024-01-04 12:01:44,027 [WARN] ModelIntegratedComponent:63 - No mode defined for component null
2024-01-04 12:01:44,027 [WARN] ModelIntegratedComponent:63 - No mode defined for component null
2024-01-04 12:01:44,027 [WARN] ModelIntegratedComponent:63 - No mode defined for component null
2024-01-04 12:01:44,027 [WARN] ModelIntegratedComponent:63 - No mode defined for component null
2024-01-04 12:01:44,027 [WARN] ModelIntegratedComponent:63 - No mode defined for component null
2024-01-04 12:01:44,027 [WARN] ModelIntegratedComponent:63 - No mode defined for component null
2024-01-04 12:01:44,028 [WARN] ModelIntegratedComponent:63 - No mode defined for component null
2024-01-04 12:01:44,028 [WARN] ModelIntegratedComponent:63 - No mode defined for component null
2024-01-04 12:01:44,028 [WARN] ModelIntegratedComponent:63 - No mode defined for component null
2024-01-04 12:01:44,028 [WARN] ModelIntegratedComponent:63 - No mode defined for component null
2024-01-04 12:01:44,028 [WARN] ModelIntegratedComponent:63 - No mode defined for component null
2024-01-04 12:01:44,028 [WARN] ModelIntegratedComponent:63 - No mode defined for component null
2024-01-04 12:01:44,028 [WARN] ModelIntegratedComponent:63 - No mode defined for component null
2024-01-04 12:01:44,028 [WARN] ModelIntegratedComponent:63 - No mode defined for component null
2024-01-04 12:01:44,028 [WARN] ModelIntegratedComponent:63 - No mode defined for component null
2024-01-04 12:01:44,028 [WARN] ModelIntegratedComponent:63 - No mode defined for component null
2024-01-04 12:01:44,028 [WARN] ModelIntegratedComponent:63 - No mode defined for component null
2024-01-04 12:01:44,028 [WARN] ModelIntegratedComponent:63 - No mode defined for component null
2024-01-04 12:01:44,028 [WARN] ModelIntegratedComponent:63 - No mode defined for component null
2024-01-04 12:01:44,029 [WARN] ModelIntegratedComponent:63 - No mode defined for component null
2024-01-04 12:01:44,029 [WARN] ModelIntegratedComponent:63 - No mode defined for component null
2024-01-04 12:01:44,029 [WARN] ModelIntegratedComponent:63 - No mode defined for component null
2024-01-04 12:01:44,155 [INFO] ThirdPartyModel:298 - Start build external matchings
2024-01-04 12:01:44,354 [INFO] ThirdPartyModel:316 - End build external matchings
2024-01-04 12:01:44,371 [INFO] ImportTextPane:194 - (OptionalMessage_ERROR) IP (DMA) : Parameter (Instance) has Id (ADC) currently not set
2024-01-04 12:01:44,371 [INFO] ImportTextPane:194 - (OptionalMessage_ERROR) IP (DMA) : Parameter (Direction) has Id (ADC) currently not set
2024-01-04 12:01:44,372 [INFO] ImportTextPane:194 - (OptionalMessage_ERROR) IP (DMA) : Parameter (PeriphInc) has Id (ADC) currently not set
2024-01-04 12:01:44,372 [INFO] ImportTextPane:194 - (OptionalMessage_ERROR) IP (DMA) : Parameter (MemInc) has Id (ADC) currently not set
2024-01-04 12:01:44,372 [INFO] ImportTextPane:194 - (OptionalMessage_ERROR) IP (DMA) : Parameter (PeriphDataAlignment) has Id (ADC) currently not set
2024-01-04 12:01:44,372 [INFO] ImportTextPane:194 - (OptionalMessage_ERROR) IP (DMA) : Parameter (MemDataAlignment) has Id (ADC) currently not set
2024-01-04 12:01:44,372 [INFO] ImportTextPane:194 - (OptionalMessage_ERROR) IP (DMA) : Parameter (Mode) has Id (ADC) currently not set
2024-01-04 12:01:44,373 [INFO] ImportTextPane:194 - (OptionalMessage_ERROR) IP (DMA) : Parameter (Priority) has Id (ADC) currently not set
2024-01-04 12:01:44,374 [INFO] ImportTextPane:194 - (OptionalMessage_ERROR) IP (RCC) : Invalid parameter (FamilyName)
2024-01-04 12:01:44,374 [INFO] ImportTextPane:194 - (OptionalMessage_ERROR) IP (RCC) : Invalid parameter (HSICECFreq_Value)
2024-01-04 12:01:44,611 [INFO] UtilMem:75 - End LoadConfig() Used Memory: 371770200 Bytes (552599552)
2024-01-04 12:01:44,795 [INFO] ApiDb:581 - Connected to CubeFinder SQLite database (C:\Users\aleja\.stmcufinder\plugins\mcufinder\mcu\cube-finder-db.db)
2024-01-04 12:01:44,905 [INFO] ApiDb:668 - CubeFinder database Data Model version=2.1
2024-01-04 12:01:44,905 [INFO] ApiDb:669 - CubeFinder database Configuration version=3.0.39
2024-01-04 12:01:44,907 [INFO] ApiDb:670 - CubeFinder database generation date=2023-12-08 (1702028721)
2024-01-04 12:01:44,908 [INFO] ApiDb:671 - CubeFinder database FW Pack versions=[FP-ATR-ASTRA1_V2.0.0, FP-SNS-FLIGHT1_V5.0.1, FP-SNS-FLIGHT1_V5.0.2, FP-SNS-MOTENV1_V4.3.1, FP-SNS-MOTENV1_V4.3.2, FP-SNS-MOTENVWB1_V1.3.1, FP-SNS-SMARTAG2_V1.2.0, STM32Cube_FW_C0_V1.1.0, STM32Cube_FW_F4_V1.28.0, STM32Cube_FW_F7_V1.17.0, STM32Cube_FW_G0_V1.6.1, STM32Cube_FW_G4_V1.5.1, STM32Cube_FW_H5_V0.5.1, STM32Cube_FW_H5_V1.1.1, STM32Cube_FW_H5_V1.2.0RC2, STM32Cube_FW_H7_V1.11.0, STM32Cube_FW_L0_V1.12.2, STM32Cube_FW_L5_V1.5.0, STM32Cube_FW_U5_V1.3.0RC4, STM32Cube_FW_U5_V1.4.0, STM32Cube_FW_WBA_V1.0.0RC1, STM32Cube_FW_WBA_V1.1.0RC1, STM32Cube_FW_WBA_V1.2.0, STM32Cube_FW_WBA_V1.2.0RC2, STM32Cube_FW_WB_V1.15.0RC1, STM32Cube_FW_WB_V1.16.0, STM32Cube_FW_WB_V1.16.0RC2, STM32Cube_FW_WB_V1.18.0, STM32Cube_FW_WL_V1.3.0, X-CUBE-ALGOBUILD_V1.3.0, X-CUBE-ALS_V1.0.1, X-CUBE-AZRTOS-F4_V1.1.0, X-CUBE-AZRTOS-F7_V1.1.0, X-CUBE-AZRTOS-G0_V1.1.0, X-CUBE-AZRTOS-G4_V2.0.0, X-CUBE-AZRTOS-H7_V3.1.0, X-CUBE-AZRTOS-L4_V1.0.0, X-CUBE-AZRTOS-L4_V2.0.0, X-CUBE-AZRTOS-L5_V1.1.0, X-CUBE-AZRTOS-WB_V2.0.0, X-CUBE-AZRTOS-WL_V2.0.0, X-CUBE-BLE1_V7.0.0, X-CUBE-BLE2_V3.3.0, X-CUBE-BLEMGR_V3.0.0, X-CUBE-EEPRMA1_V4.1.0, X-CUBE-EEPRMA1_V4.2.0, X-CUBE-FREERTOS_V1.1.0, X-CUBE-GNSS1_V6.0.0, X-CUBE-MEMS1_V10.0.0, X-CUBE-MEMS1_V9.1.0, X-CUBE-MEMS1_V9.4.0, X-CUBE-MEMS1_V9.6.0, X-CUBE-NFC4_V3.0.0, X-CUBE-NFC7_V1.0.1, X-CUBE-SFXS2LP1_V4.0.0, X-CUBE-SUBG2_V5.0.0, X-CUBE-TOF1_V3.4.0]
2024-01-04 12:01:47,961 [INFO] ApiDb:240 - Found 371 in-development CPN: [B-G473E-ZEST1S, B-WB1M-WPAN1, B-WL5M-SUBG1, NUCLEO-C031C6, NUCLEO-H503RB, NUCLEO-H563ZI, NUCLEO-U545RE-Q, NUCLEO-U5A5ZJ-Q, NUCLEO-WBA52CG, NUCLEO-WBA55CG, STEVAL-MKBOXPRO, STEVAL-PROTEUS1, STEVAL-STWINBX1, STM320518-EVAL, STM32C0116-DK, STM32C011D6Y3TR, STM32C011D6Y6TR, STM32C011F4P3, STM32C011F4P6, STM32C011F4U3, STM32C011F4U6TR, STM32C011F6P3, STM32C011F6P6, STM32C011F6U3, STM32C011F6U6TR, STM32C011J4M3, STM32C011J4M6, STM32C011J6M3, STM32C011J6M6, STM32C0316-DK, STM32C031C4T3, STM32C031C4T6, STM32C031C4U3, STM32C031C4U6, STM32C031C6T3, STM32C031C6T6, STM32C031C6U3, STM32C031C6U6, STM32C031F4P3, STM32C031F4P6, STM32C031F6P3, STM32C031F6P6, STM32C031G4U3, STM32C031G4U6, STM32C031G6U3, STM32C031G6U6, STM32C031K4T3, STM32C031K4T6, STM32C031K4U3, STM32C031K4U6, STM32C031K6T3, STM32C031K6T6, STM32C031K6U3, STM32C031K6U6, STM32G071K8TXN, STM32G071K8UXN, STM32G081GBU6N, STM32G081KBT6N, STM32G081KBUXN, STM32G0B1CCT6N, STM32G0B1KCT6, STM32G0B1NEY6TR, STM32G0B1RCT6N, STM32G0C1CCT6, STM32G0C1CCT6N, STM32G0C1CCU6N, STM32G0C1CET6N, STM32G0C1CEU6N, STM32G0C1KCT6, STM32G0C1NEY6TR, STM32G0C1RCI6N, STM32G0C1RCT6N, STM32G0C1REI6N, STM32G0C1RET6N, STM32G0C1VCI6, STM32G0C1VEI6, STM32G471CCT6, STM32G471CCU6, STM32G471CET3, STM32G471CET6, STM32G471CEU3, STM32G471CEU6, STM32G471MCT6, STM32G471MET3, STM32G471MET6, STM32G471MEY6TR, STM32G471QCT6, STM32G471QET3, STM32G471RCT6, STM32G471RET3, STM32G471RET6, STM32G471VCH6, STM32G471VCI6, STM32G471VCT6, STM32G471VEH3, STM32G471VEH6, STM32G471VEI3, STM32G471VEI6, STM32G471VET3, STM32G471VET6, STM32G474CCT6, STM32H503CBT6, STM32H503CBU6, STM32H503EBY6TR, STM32H503KBU6, STM32H503RBT6, STM32H562AGI6, STM32H562AII6, STM32H562IGK6, STM32H562IGT6, STM32H562IIK6, STM32H562IIT6, STM32H562RGT6, STM32H562RGV6, STM32H562RIT6, STM32H562RIV6, STM32H562VGT6, STM32H562VIT6, STM32H562ZGT6, STM32H562ZIT6, STM32H563AGI6, STM32H563AII3Q, STM32H563AII6, STM32H563IGK6, STM32H563IGT6, STM32H563IIK3Q, STM32H563IIK6, STM32H563IIT3Q, STM32H563IIT6, STM32H563MIY3QTR, STM32H563RGT6, STM32H563RGV6, STM32H563RIT6, STM32H563RIV6, STM32H563VGT6, STM32H563VIT3Q, STM32H563VIT6, STM32H563ZGT6, STM32H563ZIT3Q, STM32H563ZIT6, STM32H573AII3Q, STM32H573AII6, STM32H573I-DK, STM32H573IIK3Q, STM32H573IIK6, STM32H573IIT3Q, STM32H573IIT6, STM32H573MIY3QTR, STM32H573RIT6, STM32H573RIV6, STM32H573VIT3Q, STM32H573VIT6, STM32H573ZIT3Q, STM32H573ZIT6, STM32L4R5QGI6STR, STM32MP131AAE3, STM32MP131AAF3, STM32MP131AAG3, STM32MP131CAE3, STM32MP131CAF3, STM32MP131CAG3, STM32MP131DAE7, STM32MP131DAF7, STM32MP131DAG7, STM32MP131FAE7, STM32MP131FAF7, STM32MP131FAG7, STM32MP133AAE3, STM32MP133AAF3, STM32MP133AAG3, STM32MP133CAE3, STM32MP133CAF3, STM32MP133CAG3, STM32MP133DAE7, STM32MP133DAF7, STM32MP133DAG7, STM32MP133FAE7, STM32MP133FAF7, STM32MP133FAG7, STM32MP135AAE3, STM32MP135AAF3, STM32MP135AAG3, STM32MP135CAE3, STM32MP135CAF3, STM32MP135CAG3, STM32MP135DAE7, STM32MP135DAF7, STM32MP135DAG7, STM32MP135F-DK, STM32MP135FAE7, STM32MP135FAF7, STM32MP135FAF7T, STM32MP135FAF7U, STM32MP135FAG7, STM32U535CBT6, STM32U535CBT6Q, STM32U535CBU6, STM32U535CBU6Q, STM32U535CCT6, STM32U535CCT6Q, STM32U535CCU6, STM32U535CCU6Q, STM32U535CET6, STM32U535CET6Q, STM32U535CEU6, STM32U535CEU6Q, STM32U535JEY6QTR, STM32U535NCY6QTR, STM32U535NEY6QTR, STM32U535RBI6, STM32U535RBI6Q, STM32U535RBT6, STM32U535RBT6Q, STM32U535RCI6, STM32U535RCI6Q, STM32U535RCT6, STM32U535RCT6Q, STM32U535REI6, STM32U535REI6Q, STM32U535RET6, STM32U535RET6Q, STM32U535VCI6, STM32U535VCI6Q, STM32U535VCT6, STM32U535VCT6Q, STM32U535VEI6, STM32U535VEI6Q, STM32U535VET6, STM32U535VET6Q, STM32U545CET6, STM32U545CET6Q, STM32U545CEU6, STM32U545CEU6Q, STM32U545JEY6QTR, STM32U545NEY6QTR, STM32U545REI6, STM32U545REI6Q, STM32U545RET6, STM32U545RET6Q, STM32U545VEI6, STM32U545VEI6Q, STM32U545VET6, STM32U545VET6Q, STM32U595AIH6, STM32U595AIH6Q, STM32U595AJH6, STM32U595AJH6Q, STM32U595QII6, STM32U595QII6Q, STM32U595QJI6, STM32U595QJI6Q, STM32U595RIT6, STM32U595RIT6Q, STM32U595RJT6, STM32U595RJT6Q, STM32U595VIT6, STM32U595VIT6Q, STM32U595VJT6, STM32U595VJT6Q, STM32U595ZIT6, STM32U595ZIT6Q, STM32U595ZIY6QTR, STM32U595ZJT6, STM32U595ZJT6Q, STM32U595ZJY6QTR, STM32U599BJY6QTR, STM32U599NIH6Q, STM32U599NJH6Q, STM32U599VIT6Q, STM32U599VJT6, STM32U599VJT6Q, STM32U599ZIT6Q, STM32U599ZIY6QTR, STM32U599ZJT6Q, STM32U599ZJY6QTR, STM32U5A5AJH6, STM32U5A5AJH6Q, STM32U5A5QJI6, STM32U5A5QJI6Q, STM32U5A5RJT6, STM32U5A5RJT6Q, STM32U5A5VJT6, STM32U5A5VJT6Q, STM32U5A5ZJT6, STM32U5A5ZJT6Q, STM32U5A5ZJY6QTR, STM32U5A9BJY6QTR, STM32U5A9J-DK, STM32U5A9NJH6Q, STM32U5A9VJT6Q, STM32U5A9ZJT6Q, STM32U5A9ZJY6QTR, STM32U5F7VIT6, STM32U5F7VIT6Q, STM32U5F7VJT6, STM32U5F7VJT6Q, STM32U5F9BJY6QTR, STM32U5F9NJH6Q, STM32U5F9VIT6Q, STM32U5F9VJT6Q, STM32U5F9ZIJ6QTR, STM32U5F9ZIT6Q, STM32U5F9ZJJ6QTR, STM32U5F9ZJT6Q, STM32U5G7VJT6, STM32U5G7VJT6Q, STM32U5G9BJY6QTR, STM32U5G9J-DK1, STM32U5G9J-DK2, STM32U5G9NJH6Q, STM32U5G9VJT6Q, STM32U5G9ZJJ6QTR, STM32U5G9ZJT6Q, STM32WB1MMCH6, STM32WBA50KEU6, STM32WBA50KEU6TR, STM32WBA50KGU6, STM32WBA50KGU6TR, STM32WBA52CEU6, STM32WBA52CEU6TR, STM32WBA52CEU7, STM32WBA52CEU7TR, STM32WBA52CGU6, STM32WBA52CGU6TR, STM32WBA52CGU6U, STM32WBA52CGU7, STM32WBA52CGU7TR, STM32WBA52KEU6, STM32WBA52KEU6TR, STM32WBA52KGU6, STM32WBA52KGU6TR, STM32WBA54CEU6, STM32WBA54CEU6TR, STM32WBA54CEU7, STM32WBA54CEU7TR, STM32WBA54CGU6, STM32WBA54CGU6TR, STM32WBA54CGU7, STM32WBA54CGU7TR, STM32WBA54KEU6, STM32WBA54KEU6TR, STM32WBA54KEU7, STM32WBA54KEU7TR, STM32WBA54KGU6, STM32WBA54KGU6TR, STM32WBA54KGU7, STM32WBA54KGU7TR, STM32WBA55CEU6, STM32WBA55CEU6TR, STM32WBA55CEU7, STM32WBA55CEU7TR, STM32WBA55CGU6, STM32WBA55CGU6TR, STM32WBA55CGU6U, STM32WBA55CGU7, STM32WBA55CGU7TR, STM32WBA55G-DK1, STM32WBA55HEF6, STM32WBA55HEF7, STM32WBA55HGF6, STM32WBA55HGF7, STM32WBA55UEI6, STM32WBA55UEI6TR, STM32WBA55UEI7, STM32WBA55UEI7TR, STM32WBA55UGI6, STM32WBA55UGI6TR, STM32WBA55UGI7, STM32WBA55UGI7TR, STM32WL5MOCH6, STM32WL5MOCH6TR]
2024-01-04 12:01:47,966 [INFO] DbMcus:218 - Found 3930 MCUs, 3930 are supported
2024-01-04 12:01:47,966 [INFO] ApiDb:423 - Load user favorites file C:\Users\aleja/.stm32cubeide/favorites.mcus.txt: 1 item(s)
2024-01-04 12:01:47,967 [INFO] ApiDb:427 - User favorites MCUs=[STM32F042F4P6]
2024-01-04 12:01:47,967 [INFO] DbMcus:224 - Set 1 / 1 favorites MCUs
2024-01-04 12:01:48,551 [INFO] MicroXplorer:468 - Change Database Path : 
2024-01-04 12:01:48,551 [INFO] MicroXplorer:498 - Change Database Version : DB.6.0.100
2024-01-04 12:01:48,551 [WARN] ThirdParty:833 - waiting for thirdparty lock release [change project]
2024-01-04 12:01:48,552 [INFO] ThirdParty:835 - entering critical section [change project]
2024-01-04 12:01:48,552 [INFO] ThirdParty:1030 - CMSIS Pack Vendor :STMicroelectronics X-CUBE-ISPU 1.1.0
2024-01-04 12:01:48,552 [INFO] ThirdParty:1030 - CMSIS Pack Vendor :STMicroelectronics USBPD 4.1
2024-01-04 12:01:48,552 [INFO] ThirdParty:1030 - CMSIS Pack Vendor :STMicroelectronics X-CUBE-GNSS1 6.0.0
2024-01-04 12:01:48,552 [INFO] ThirdParty:1030 - CMSIS Pack Vendor :STMicroelectronics USB_HOST 2.0.0
2024-01-04 12:01:48,552 [INFO] ThirdParty:1030 - CMSIS Pack Vendor :STMicroelectronics X-CUBE-AZRTOS-F4 1.1.0
2024-01-04 12:01:48,552 [INFO] ThirdParty:1030 - CMSIS Pack Vendor :STMicroelectronics LIBJPEG 8.0.0
2024-01-04 12:01:48,552 [INFO] ThirdParty:1030 - CMSIS Pack Vendor :wolfSSL I-CUBE-wolfSSL 5.6.4
2024-01-04 12:01:48,552 [INFO] ThirdParty:1030 - CMSIS Pack Vendor :STMicroelectronics X-CUBE-SMBUS 2.1.0
2024-01-04 12:01:48,552 [INFO] ThirdParty:1030 - CMSIS Pack Vendor :STMicroelectronics USB_DEVICE 3.0.0
2024-01-04 12:01:48,552 [INFO] ThirdParty:1030 - CMSIS Pack Vendor :STMicroelectronics X-CUBE-AZRTOS-WB 2.0.0
2024-01-04 12:01:48,552 [INFO] ThirdParty:1030 - CMSIS Pack Vendor :STMicroelectronics X-CUBE-TOUCHGFX 4.23.0
2024-01-04 12:01:48,552 [INFO] ThirdParty:1030 - CMSIS Pack Vendor :STMicroelectronics X-CUBE-AZRTOS-F7 1.1.0
2024-01-04 12:01:48,553 [INFO] ThirdParty:1030 - CMSIS Pack Vendor :STMicroelectronics X-CUBE-AZRTOS-L5 2.0.0
2024-01-04 12:01:48,553 [INFO] ThirdParty:1030 - CMSIS Pack Vendor :STMicroelectronics USB_DEVICE 2.0.0
2024-01-04 12:01:48,553 [INFO] ThirdParty:1030 - CMSIS Pack Vendor :STMicroelectronics X-CUBE-EEPRMA1 4.2.0
2024-01-04 12:01:48,553 [INFO] ThirdParty:1030 - CMSIS Pack Vendor :ITTIA_DB I-CUBE-ITTIADB 8.8.0
2024-01-04 12:01:48,553 [INFO] ThirdParty:1030 - CMSIS Pack Vendor :STMicroelectronics FP-SNS-MOTENV1 4.3.2
2024-01-04 12:01:48,553 [INFO] ThirdParty:1030 - CMSIS Pack Vendor :STMicroelectronics X-CUBE-ALGOBUILD 1.3.0
2024-01-04 12:01:48,553 [INFO] ThirdParty:1030 - CMSIS Pack Vendor :STMicroelectronics FreeRTOS 0.0.1
2024-01-04 12:01:48,553 [INFO] ThirdParty:1030 - CMSIS Pack Vendor :STMicroelectronics X-CUBE-AZRTOS-G0 1.1.0
2024-01-04 12:01:48,553 [INFO] ThirdParty:1030 - CMSIS Pack Vendor :STMicroelectronics X-CUBE-NFC4 3.0.0
2024-01-04 12:01:48,553 [INFO] ThirdParty:1030 - CMSIS Pack Vendor :STMicroelectronics X-CUBE-SUBG2 5.0.0
2024-01-04 12:01:48,553 [INFO] ThirdParty:1030 - CMSIS Pack Vendor :STMicroelectronics STM32_WPAN 1.0.0
2024-01-04 12:01:48,553 [INFO] ThirdParty:1030 - CMSIS Pack Vendor :STMicroelectronics lwIP 2.0.3
2024-01-04 12:01:48,553 [INFO] ThirdParty:1030 - CMSIS Pack Vendor :STMicroelectronics FP-SNS-FLIGHT1 5.0.2
2024-01-04 12:01:48,553 [INFO] ThirdParty:1030 - CMSIS Pack Vendor :STMicroelectronics USB_HOST 1.0.0
2024-01-04 12:01:48,553 [INFO] ThirdParty:1030 - CMSIS Pack Vendor :STMicroelectronics X-CUBE-AZRTOS-G4 2.0.0
2024-01-04 12:01:48,553 [INFO] ThirdParty:1030 - CMSIS Pack Vendor :STMicroelectronics PDM2PCM 3.1.0
2024-01-04 12:01:48,554 [INFO] ThirdParty:1030 - CMSIS Pack Vendor :STMicroelectronics X-CUBE-AZRTOS-H7 3.1.0
2024-01-04 12:01:48,554 [INFO] ThirdParty:1030 - CMSIS Pack Vendor :Infineon AIROC-Wi-Fi-Bluetooth-STM32 1.5.1
2024-01-04 12:01:48,554 [INFO] ThirdParty:1030 - CMSIS Pack Vendor :STMicroelectronics X-CUBE-BLEMGR 3.0.0
2024-01-04 12:01:48,554 [INFO] ThirdParty:1030 - CMSIS Pack Vendor :STMicroelectronics PDM2PCM 3.3.0
2024-01-04 12:01:48,554 [INFO] ThirdParty:1030 - CMSIS Pack Vendor :STMicroelectronics X-CUBE-DISPLAY 3.0.0
2024-01-04 12:01:48,554 [INFO] ThirdParty:1030 - CMSIS Pack Vendor :STMicroelectronics FP-SNS-MOTENVWB1 1.3.1
2024-01-04 12:01:48,554 [INFO] ThirdParty:1030 - CMSIS Pack Vendor :STMicroelectronics X-CUBE-BLE1 7.0.0
2024-01-04 12:01:48,554 [INFO] ThirdParty:1030 - CMSIS Pack Vendor :STMicroelectronics FP-ATR-SIGFOX1 3.2.0
2024-01-04 12:01:48,554 [INFO] ThirdParty:1030 - CMSIS Pack Vendor :STMicroelectronics X-CUBE-ISPU 2.0.0
2024-01-04 12:01:48,554 [INFO] ThirdParty:1030 - CMSIS Pack Vendor :STMicroelectronics HAL Drivers 0.0.0
2024-01-04 12:01:48,554 [INFO] ThirdParty:1030 - CMSIS Pack Vendor :STMicroelectronics MBEDTLS 2.16.2
2024-01-04 12:01:48,554 [INFO] ThirdParty:1030 - CMSIS Pack Vendor :emotas I-CUBE-CANOPEN 1.3.0
2024-01-04 12:01:48,554 [INFO] ThirdParty:1030 - CMSIS Pack Vendor :STMicroelectronics X-CUBE-MEMS1 10.0.0
2024-01-04 12:01:48,554 [INFO] ThirdParty:1030 - CMSIS Pack Vendor :STMicroelectronics X-CUBE-FREERTOS 1.1.0
2024-01-04 12:01:48,554 [INFO] ThirdParty:1030 - CMSIS Pack Vendor :STMicroelectronics X-CUBE-NFC7 1.0.1
2024-01-04 12:01:48,555 [INFO] ThirdParty:1030 - CMSIS Pack Vendor :STMicroelectronics MBEDTLS 2.14.1
2024-01-04 12:01:48,555 [INFO] ThirdParty:1030 - CMSIS Pack Vendor :STMicroelectronics X-CUBE-TOUCHGFX 4.22.1
2024-01-04 12:01:48,555 [INFO] ThirdParty:1030 - CMSIS Pack Vendor :STMicroelectronics X-CUBE-NFC6 3.0.0
2024-01-04 12:01:48,555 [INFO] ThirdParty:1030 - CMSIS Pack Vendor :portGmbH I-Cube-SoM-uGOAL 1.1.0
2024-01-04 12:01:48,555 [INFO] ThirdParty:1030 - CMSIS Pack Vendor :STMicroelectronics X-CUBE-ALS 1.0.1
2024-01-04 12:01:48,555 [INFO] ThirdParty:1030 - CMSIS Pack Vendor :STMicroelectronics ThreadX 1.0.0
2024-01-04 12:01:48,555 [INFO] ThirdParty:1030 - CMSIS Pack Vendor :STMicroelectronics FP-SNS-SMARTAG2 1.2.0
2024-01-04 12:01:48,555 [INFO] ThirdParty:1030 - CMSIS Pack Vendor :STMicroelectronics X-CUBE-AZRTOS-WL 2.0.0
2024-01-04 12:01:48,555 [INFO] ThirdParty:1030 - CMSIS Pack Vendor :STMicroelectronics USB_DEVICE 1.0.0
2024-01-04 12:01:48,555 [INFO] ThirdParty:1030 - CMSIS Pack Vendor :STMicroelectronics X-CUBE-AI 8.1.0
2024-01-04 12:01:48,555 [INFO] ThirdParty:1030 - CMSIS Pack Vendor :STMicroelectronics X-CUBE-AZRTOS-L4 2.0.0
2024-01-04 12:01:48,555 [INFO] ThirdParty:1030 - CMSIS Pack Vendor :STMicroelectronics ThreadX 0.0.2
2024-01-04 12:01:48,555 [INFO] ThirdParty:1030 - CMSIS Pack Vendor :WES I-CUBE-Cesium 1.3.0
2024-01-04 12:01:48,555 [INFO] ThirdParty:1030 - CMSIS Pack Vendor :STMicroelectronics FP-ATR-ASTRA1 2.0.0
2024-01-04 12:01:48,555 [INFO] ThirdParty:1030 - CMSIS Pack Vendor :STMicroelectronics lwIP 2.1.2
2024-01-04 12:01:48,555 [INFO] ThirdParty:1030 - CMSIS Pack Vendor :STMicroelectronics X-CUBE-SFXS2LP1 4.0.0
2024-01-04 12:01:48,556 [INFO] ThirdParty:1030 - CMSIS Pack Vendor :STMicroelectronics X-CUBE-BLE2 3.3.0
2024-01-04 12:01:48,556 [INFO] ThirdParty:1030 - CMSIS Pack Vendor :STMicroelectronics X-CUBE-TOF1 3.4.0
2024-01-04 12:01:48,556 [INFO] ThirdParty:1030 - CMSIS Pack Vendor :STMicroelectronics X-CUBE-AZRTOS-H7 3.2.0
2024-01-04 12:01:48,557 [INFO] ThirdParty:1030 - CMSIS Pack Vendor :STMicroelectronics PDM2PCM 3.2.0
2024-01-04 12:01:48,557 [INFO] ThirdParty:841 - exiting critical section [change project]
2024-01-04 12:01:48,942 [INFO] PinOutPanel:1499 - setPackage(No Configuration,No Configuration)
2024-01-04 12:01:48,946 [INFO] PinOutPanel:1499 - setPackage(STM32F042F4Px,TSSOP20)
2024-01-04 12:01:50,103 [INFO] UtilMem:75 - Before build in PCC Used Memory: 268162632 Bytes (552599552)
2024-01-04 12:01:51,273 [INFO] UtilMem:75 - After build in PCC Used Memory: 340575432 Bytes (552599552)
2024-01-04 12:01:51,306 [INFO] IPUIPlugin:80 - create IPUIPlugin
2024-01-04 12:01:51,306 [INFO] IPUIPlugin:80 - create IPUIPlugin
2024-01-04 12:01:51,307 [INFO] IPUIPlugin:80 - create IPUIPlugin
2024-01-04 12:01:51,307 [INFO] IPUIPlugin:80 - create IPUIPlugin
2024-01-04 12:01:51,307 [INFO] IPUIPlugin:80 - create IPUIPlugin
2024-01-04 12:01:51,307 [INFO] IPUIPlugin:80 - create IPUIPlugin
2024-01-04 12:01:51,307 [INFO] IPUIPlugin:80 - create IPUIPlugin
2024-01-04 12:01:51,307 [INFO] IPUIPlugin:80 - create IPUIPlugin
2024-01-04 12:01:51,307 [INFO] IPUIPlugin:80 - create IPUIPlugin
2024-01-04 12:01:51,307 [INFO] IPUIPlugin:80 - create IPUIPlugin
2024-01-04 12:01:51,308 [INFO] IPUIPlugin:80 - create IPUIPlugin
2024-01-04 12:01:51,308 [INFO] IPUIPlugin:80 - create IPUIPlugin
2024-01-04 12:01:51,308 [INFO] IPUIPlugin:80 - create IPUIPlugin
2024-01-04 12:01:51,308 [INFO] IPUIPlugin:80 - create IPUIPlugin
2024-01-04 12:01:51,308 [INFO] IPUIPlugin:80 - create IPUIPlugin
2024-01-04 12:01:51,308 [INFO] IPUIPlugin:80 - create IPUIPlugin
2024-01-04 12:01:51,309 [INFO] IPUIPlugin:80 - create IPUIPlugin
2024-01-04 12:01:51,309 [INFO] IPUIPlugin:80 - create IPUIPlugin
2024-01-04 12:01:51,309 [INFO] IPUIPlugin:80 - create IPUIPlugin
2024-01-04 12:01:51,309 [INFO] IPUIPlugin:80 - create IPUIPlugin
2024-01-04 12:01:51,309 [INFO] IPUIPlugin:80 - create IPUIPlugin
2024-01-04 12:01:51,309 [INFO] IPUIPlugin:80 - create IPUIPlugin
2024-01-04 12:01:51,310 [INFO] IPUIPlugin:80 - create IPUIPlugin
2024-01-04 12:01:51,310 [INFO] IPUIPlugin:80 - create IPUIPlugin
2024-01-04 12:01:51,310 [INFO] IPUIPlugin:80 - create IPUIPlugin
2024-01-04 12:01:51,310 [INFO] IPUIPlugin:80 - create IPUIPlugin
2024-01-04 12:01:51,311 [INFO] IPUIPlugin:80 - create IPUIPlugin
2024-01-04 12:01:51,311 [INFO] IPUIPlugin:80 - create IPUIPlugin
2024-01-04 12:01:51,311 [INFO] IPUIPlugin:80 - create IPUIPlugin
2024-01-04 12:01:51,312 [INFO] IPUIPlugin:80 - create IPUIPlugin
2024-01-04 12:01:51,338 [INFO] Can:71 - Can Add PropertyChangeListener com.st.microxplorer.plugins.ip.can.Can@13078962
2024-01-04 12:01:51,649 [INFO] CADModel:165 - CPN selected for project levelSTM32F042F4P6
2024-01-04 12:01:51,649 [INFO] CADModel:114 - Register for checkConnection events
2024-01-04 12:01:51,728 [INFO] OpenFileManager:343 - Restore cursor
2024-01-04 14:14:36,236 [ERROR] LogOutputStream:75 - [STDERR_REDIRECT] 
